frame_idx,t,numPts,centroid_z,centroid_z_min,centroid_z_max,z_variance,bbox_height,bbox_width,aspect_ratio,doppler_mean,doppler_max,doppler_std,point_count,delta_z,delta_z_rate,doppler_post,window_z_std,label
0,1774286222.1582468,23,0.28924320055090863,0.0,1.6865730285644531,0.3299248869264706,1.6865730285644531,5.992770195007324,0.28143462433609834,0.033623088961062225,0.7733310461044312,0.1577062663569114,23,nan,nan,nan,nan,0
1,1774286222.2624307,21,0.11154583522251674,-0.2810955047607422,1.6865730285644531,0.16858058299884737,1.9676685333251953,5.992770195007324,0.32834039505878143,0.04603160988716852,0.9666638076305389,0.20585961764292052,21,-0.1776973653283919,-1.705612329623015,0.03954533758488568,0.08884868266419595,0
2,1774286222.3524904,21,0.0044618334089006695,-1.639723777770996,1.405477523803711,0.2727688778883689,3.045201301574707,5.992770195007324,0.5081458494957332,0.04603160988716852,0.9666638076305389,0.20585961764292052,21,-0.28478136714200797,-1.4661037235373664,0.041640902482546295,0.11744680316369319,0
3,1774286222.467646,24,-0.09369850158691406,-1.639723777770996,1.405477523803711,0.3736736040593769,3.045201301574707,5.992770195007324,0.5081458494957332,0.016111063460508983,0.1933327615261078,0.05343435247211316,24,-0.3829417021378227,-1.237694833409733,0.041640902482546295,0.14198344986198835,0
4,1774286222.5675838,23,0.06721849026887314,-0.6558895111083984,1.405477523803711,0.21849775390882312,2.0613670349121094,5.992770195007324,0.34397565196634244,0.008405772240265556,0.1933327615261078,0.03942656658922785,23,-0.2220247102820355,-0.5424007273844841,0.041640902482546295,0.1270655519470175,0
5,1774286222.667677,24,0.09760260581970215,-0.6558895111083984,1.405477523803711,0.15417313203869298,2.0613670349121094,5.992770195007324,0.34397565196634244,0.024166595190763474,0.5799982845783234,0.11589891902700103,24,-0.19164059473120648,-0.3761861899716986,0.041640902482546295,0.11627988327297964,0
6,1774286222.767699,24,0.10541081428527832,-0.4216432571411133,1.405477523803711,0.13649237740054332,1.8271207809448242,5.992770195007324,0.3048875096974399,0.11277744422356288,1.5466620922088623,0.3390986583017494,24,-0.1838323862656303,-0.3016354226005968,0.041640902482546295,0.10803846896185879,0
7,1774286222.867702,27,0.34356117248535156,-0.4684925079345703,4.778623580932617,1.037758683726982,5.2471160888671875,6.043910980224609,0.8681656804733728,0.08592567178938124,0.7733310461044312,0.2430345008011244,27,0.05431797193444293,0.07656292881723878,0.041640902482546295,0.13278775703515042,0
8,1774286222.9676166,24,0.07808208465576172,-0.5153417587280273,1.546025276184082,0.25911450762805543,2.0613670349121094,6.043910980224609,0.34106508875739644,0.0966663807630539,0.5799982845783234,0.2161525985250665,24,-0.2111611158951469,-0.26089571818646606,0.041640902482546295,0.12574951014402236,0
9,1774286223.0674686,23,0.04277540289837381,-0.37479400634765625,0.8432865142822266,0.07079124752558469,1.2180805206298828,6.043910980224609,0.20153846153846153,0.058840405681858894,0.5799982845783234,0.15544998031098273,23,-0.24646779765253482,-0.2710755218467443,0.041640902482546295,0.12106453690884648,0
10,1774286223.1671538,21,0.029001917157854353,-0.37479400634765625,0.8432865142822266,0.055284397613108084,1.2180805206298828,6.043910980224609,0.20153846153846153,0.12888850768407187,0.9666638076305389,0.3175847502306949,21,-0.2602412833930543,-0.25794375778520673,0.041640902482546295,0.11745967549752813,0
11,1774286223.2673054,23,0.18943392712136972,0.0,1.6865730285644531,0.15640293439951006,1.6865730285644531,6.043910980224609,0.2790532544378698,0.18492698928584222,1.1599965691566467,0.40904253137046603,23,-0.09980927342953891,-0.08999458798709227,0.041640902482546295,0.11527888871145267,0
12,1774286223.3671348,23,-0.016295391580332882,-0.6090402603149414,0.8432865142822266,0.06290803510625452,1.452326774597168,6.043910980224609,0.2402958579881657,0.16811544480531113,1.1599965691566467,0.37516497418441974,23,-0.3055385921312415,-0.252743495269928,0.041640902482546295,0.11540504033891347,0
13,1774286223.467518,23,0.07536618605903957,-0.6558895111083984,1.546025276184082,0.1478641706316251,2.2019147872924805,6.043910980224609,0.36431952662721895,0.16811544480531113,1.1599965691566467,0.37516497418441974,23,-0.21387701449186908,-0.16335576031958302,0.041640902482546295,0.11133429694826937,0
14,1774286223.5671425,23,-0.014258467632791271,-0.6558895111083984,1.546025276184082,0.20086425244453207,2.2019147872924805,5.992770195007324,0.36742853732768394,0.14289812808451446,0.9666638076305389,0.3133899163466406,23,-0.3035016681836999,-0.21541811896487967,0.041640902482546295,0.11093081794095816,0
15,1774286223.6671517,21,0.040156500680106025,0.0,0.8432865142822266,0.03225089093742711,0.8432865142822266,5.992770195007324,0.14071731216804917,0.14730115163893925,0.7733310461044312,0.30366910349123527,21,-0.24908669987080262,-0.16507779534005418,0.041640902482546295,0.10801273365832632,0
16,1774286223.7673733,21,-0.06692750113351005,-0.7027387619018555,0.0,0.04255325887577189,0.7027387619018555,5.992770195007324,0.11726442680670765,0.17492011757124037,0.9666638076305389,0.3624532587050049,21,-0.35617070168441867,-0.2213441184818634,0.041640902482546295,0.11066825315315891,0
17,1774286223.867598,22,0.0,0.0,0.0,0.0,0.0,5.992770195007324,0.0,0.17575705593282526,0.9666638076305389,0.37283701827445226,22,-0.28924320055090863,-0.1692122621891698,0.041640902482546295,0.10893003667379698,0
18,1774286223.967372,20,-0.0726163387298584,-0.7495880126953125,0.0,0.0475130651622635,0.7495880126953125,5.811095237731934,0.1289925533879008,0.17399948537349702,0.9666638076305389,0.3559633648886691,20,-0.36185953928076703,-0.20001907124973406,0.041640902482546295,0.11078534477620333,0
19,1774286224.0677874,21,-0.07138933454241071,-0.7495880126953125,0.0,0.04841615232087823,0.7495880126953125,5.992770195007324,0.12508205526048816,0.10126954175177075,0.9666638076305389,0.28375790056766687,21,-0.36063253509331933,-0.18885826519772772,0.041640902482546295,0.11192138771232599,0
20,1774286224.1671898,17,-0.08543098674100988,-0.7495880126953125,0.0,0.0548029556959786,0.7495880126953125,5.811095237731934,0.1289925533879008,0.1819602461422191,0.7733310461044312,0.32803349878090976,17,-0.19697682196352662,-0.1034129800806955,0.035151411186565056,0.10242287818553729,0
21,1774286224.2672505,16,0.0,0.0,0.0,0.0,0.0,5.811095237731934,0.0,0.18124946393072605,0.7733310461044312,0.316711505150775,16,-0.0044618334089006695,-0.0023302310191032336,0.022745030767777386,0.10130805177071545,0
22,1774286224.367667,17,0.0,0.0,0.0,0.0,0.0,5.811095237731934,0.0,0.1933327615261078,0.9666638076305389,0.35089324453636794,17,0.09369850158691406,0.04931445380289728,0.016337979847276713,0.10137471035866032,0
23,1774286224.467261,16,-0.05270540714263916,-0.8432865142822266,0.0,0.041667899131070385,0.8432865142822266,5.811095237731934,0.14511662256138838,0.27791584469377995,1.1599965691566467,0.48318083898775865,16,-0.1199238974115123,-0.0631285634081144,0.04901393954183014,0.09919544973381507,0
24,1774286224.5671997,17,-0.05236092735739315,-0.8901357650756836,0.0,0.04386666741961925,0.8901357650756836,5.992770195007324,0.14853494062182968,0.22745030767777386,0.9666638076305389,0.4100418734761372,17,-0.1499635331770953,-0.07894800454500107,0.07475533445676168,0.10063348720622609,0
25,1774286224.6671388,17,0.0,0.0,0.0,0.0,0.0,5.992770195007324,0.0,0.12509766922277563,0.9666638076305389,0.28088041006029385,17,-0.10541081428527832,-0.05549573807794018,0.09795526583989461,0.09952309940116862,0
26,1774286224.7673163,17,-0.05236092735739315,-0.8901357650756836,0.0,0.04386666741961925,0.8901357650756836,5.992770195007324,0.14853494062182968,0.10235263845499824,0.5799982845783234,0.22110696987491085,17,-0.39592209984274473,-0.20842235854625804,0.08099075145012624,0.0989763369386089,0
27,1774286224.8675573,15,-0.12180805206298828,-0.9369850158691406,0.0,0.09651497180129809,0.9369850158691406,5.860805511474609,0.15987307786185012,0.0902219553788503,0.5799982845783234,0.1849898096405197,15,-0.19989013671875,-0.10520861711780843,0.09382325191708173,0.06946757539161326,0
28,1774286224.96712,18,-0.10671218236287434,-0.9838342666625977,0.0,0.09116088703662069,0.9838342666625977,5.860805511474609,0.16786673175494263,0.26851772434181637,1.73999485373497,0.4785344460698807,18,-0.14948758526124817,-0.07869211898412459,0.12407923500929306,0.06975008446131804,0
29,1774286225.0675445,20,-0.04684925079345703,-0.9369850158691406,0.0,0.04170219369825645,0.9369850158691406,5.860805511474609,0.15987307786185012,0.13533293306827546,0.7733310461044312,0.28083205763115066,20,-0.07585116795131139,-0.039913461450227575,0.1615915618725677,0.06864852739020205,0
30,1774286225.1671395,19,0.0,0.0,0.0,0.0,0.0,5.860805511474609,0.0,0.2035081700274819,0.9666638076305389,0.39409187666679235,19,-0.18943392712136972,-0.09971077028985816,0.17371929296548816,0.06787284611252482,0
31,1774286225.2675521,17,-0.11850104612462661,-1.0306835174560547,0.0,0.10538328897414069,1.0306835174560547,5.860805511474609,0.17586038564803516,0.14784269999055302,0.7733310461044312,0.2930492219544445,17,-0.10220565454429373,-0.05378063704473925,0.15970967256504556,0.05076758739757511,0
32,1774286225.3671148,19,0.0,0.0,0.0,0.0,0.0,5.992770195007324,0.0,0.040701634005496375,0.7733310461044312,0.17268240846395677,19,-0.07536618605903957,-0.03967483540632188,0.15293487105796585,0.05124011131088312,0
33,1774286225.4674952,18,-0.17178058624267578,-1.0775327682495117,0.0,0.14778672152715444,1.0775327682495117,5.992770195007324,0.17980545443695173,0.10740708973672655,0.7733310461044312,0.24303450080112443,18,-0.15752211860988452,-0.08289099031283281,0.15466620922088622,0.052363361469177756,0
34,1774286225.5672915,18,0.0,0.0,0.0,0.0,0.0,5.992770195007324,0.0,0.2148141794734531,1.5466620922088623,0.43177115707226876,18,-0.040156500680106025,-0.021133445285026184,0.16614534193649888,0.052934679376139104,0
35,1774286225.667018,19,0.0,0.0,0.0,0.0,0.0,5.992770195007324,0.0,0.12210490201648913,0.5799982845783234,0.23645512600007546,19,0.06692750113351005,0.03523159051231377,0.17492011757124037,0.050207551118386894,0
36,1774286225.767739,20,0.0,0.0,0.0,0.0,0.0,6.043910980224609,0.0,0.11599965691566468,0.7733310461044312,0.27613441586624826,20,0.0,0.0,0.15036992563141716,0.05125211363291665,0
37,1774286225.86754,19,0.0,0.0,0.0,0.0,0.0,6.043910980224609,0.0,0.23403439553160416,1.1599965691566467,0.454830516196234,19,0.0726163387298584,0.0382157477362902,0.14999955635646295,0.05125211363291665,0
38,1774286225.9670005,19,0.0,0.0,0.0,0.0,0.0,6.043910980224609,0.0,0.21368357852885597,1.73999485373497,0.46048642257055145,19,0.07138933454241071,0.037588902192259736,0.15036992563141716,0.051920905822618206,0
39,1774286226.0671988,20,0.0,0.0,0.0,0.0,0.0,6.043910980224609,0.0,0.11599965691566468,0.5799982845783234,0.23199931383132935,20,0.08543098674100988,0.044963466214898794,0.18559945106506348,0.052366921123482964,0
40,1774286226.1674364,19,0.0,0.0,0.0,0.0,0.0,6.043910980224609,0.0,0.020350817002748187,0.1933327615261078,0.05933231748191226,19,0.0,0.0,0.2170061608966516,0.052004657331337044,0
41,1774286226.2673492,20,0.0,0.0,0.0,0.0,0.0,6.043910980224609,0.0,0.009666638076305389,0.1933327615261078,0.042135898498397606,20,0.0,0.0,0.23199931383132935,0.05200465733133705,0
42,1774286226.3675103,19,-0.06410950108578331,-1.2180805206298828,0.0,0.07398050633042494,1.2180805206298828,6.043910980224609,0.20153846153846153,0.10175408501374095,0.7733310461044312,0.23776513672262922,19,-0.01140409394314415,-0.006001367445064621,0.2087993824481964,0.05165200624892655,0
43,1774286226.4672318,21,-0.058003834315708706,-1.2180805206298828,0.0,0.06728889590648375,1.2180805206298828,6.043910980224609,0.20153846153846153,0.14730115163893925,0.7733310461044312,0.30366910349123527,21,-0.005642906958315555,-0.002969900943380152,0.15163353845184924,0.05173330185280046,0
44,1774286226.5676603,19,-0.18986275321558901,-1.2180805206298828,0.0,0.19233229267395316,1.2180805206298828,6.043910980224609,0.20153846153846153,0.040701634005496375,0.3866655230522156,0.10073140493730813,19,-0.18986275321558901,-0.09990034395152622,0.10653029716744715,0.06123345479529268,0
45,1774286226.668103,20,0.0,0.0,0.0,0.0,0.0,6.043910980224609,0.0,0.0966663807630539,0.5799982845783234,0.19810712888050344,20,0.05236092735739315,0.0275469778161572,0.15853286445140838,0.06123345479529268,0
46,1774286226.7682805,23,-0.10795696921970534,-1.2649297714233398,0.0,0.12242213981302907,1.2649297714233398,6.043910980224609,0.20928994082840235,0.10086926688318668,1.73999485373497,0.3599790976652279,23,0.013851082843282944,0.007287269764173706,0.16779824585284828,0.0626812764303232,0
47,1774286226.8677528,23,0.0,0.0,0.0,0.0,0.0,5.992770195007324,0.0,0.033623088961062225,0.3866655230522156,0.10895126051807201,23,0.10671218236287434,0.05614560534307965,0.20011636719369053,0.061239282951871,0
48,1774286226.9676979,22,-0.11499361558393999,-1.2649297714233398,0.0,0.1322353162506697,1.2649297714233398,6.043910980224609,0.20928994082840235,0.0,0.0,0.0,22,-0.06814436479048296,-0.03586255975111383,0.16226142485226905,0.06169371027683462,0
49,1774286227.0681653,24,0.0,0.0,0.0,0.0,0.0,6.043910980224609,0.0,0.04833319038152695,0.3866655230522156,0.12787760181985938,24,0.0,0.0,0.1300602213902907,0.06241121980741847,0
50,1774286227.1680996,22,0.0,0.0,0.0,0.0,0.0,6.043910980224609,0.0,0.035151411186565056,0.3866655230522156,0.09464807122150211,22,0.11850104612462661,0.0623510045651163,0.0966663807630539,0.062411219807418476,0
51,1774286227.268089,23,0.0,0.0,0.0,0.0,0.0,6.043910980224609,0.0,0.0,0.0,0.0,23,0.0,0.0,0.11951479803432118,0.06038931572654093,0
52,1774286227.3683114,26,0.0,0.0,0.0,0.0,0.0,6.043910980224609,0.0,0.029743501773247354,0.3866655230522156,0.10303451253255881,26,0.17178058624267578,0.09037201284750108,0.14763592698357322,0.060389315726540924,0
53,1774286227.468239,25,-0.06184101104736328,-1.546025276184082,0.0,0.09178345553664258,1.546025276184082,6.043910980224609,0.2557988165680473,0.007733310461044311,0.1933327615261078,0.03788532930417179,25,-0.06184101104736328,-0.03253167630568187,0.14923932468682005,0.05216239258203994,0
54,1774286227.567766,24,-0.06441771984100342,-1.546025276184082,0.0,0.09544178047882212,1.546025276184082,6.043910980224609,0.2557988165680473,0.016111063460508983,0.1933327615261078,0.05343435247211316,24,-0.06441771984100342,-0.033890720574889475,0.15666620330563907,0.052209301443742966,0
55,1774286227.6676764,22,-0.07027387619018555,-1.546025276184082,0.0,0.10370677117066407,1.546025276184082,5.992770195007324,0.2579817389747568,0.035151411186565056,0.3866655230522156,0.09464807122150211,22,-0.07027387619018555,-0.03698746943592698,0.18666611457693166,0.05223088828069497,0
56,1774286227.767658,23,0.0,0.0,0.0,0.0,0.0,5.992770195007324,0.0,0.04202886120132778,0.3866655230522156,0.09802730714402895,23,0.0,0.0,0.18666611457693166,0.05223088828069497,0
57,1774286227.8681667,24,0.0,0.0,0.0,0.0,0.0,5.992770195007324,0.0,0.04833319038152695,0.3866655230522156,0.11505600661093679,24,0.0,0.0,0.11666632161058228,0.05223088828069497,0
58,1774286227.967963,26,-0.04865114505474384,-1.2649297714233398,0.0,0.05917334787844316,1.2649297714233398,5.992770195007324,0.21107596825207375,0.06692287898980655,0.5799982845783234,0.16907421431302772,26,-0.04865114505474384,-0.02559557064778402,0.049152396998163,0.05160003288539104,0
59,1774286228.067708,26,-0.05045303931603065,-1.3117790222167969,0.0,0.06363772940562337,1.3117790222167969,6.043910980224609,0.2170414201183432,0.04461525265987103,0.5799982845783234,0.12353404079820127,26,-0.05045303931603065,-0.026550435147734353,0.043333205169644846,0.05085941770987463,0
60,1774286228.1678858,24,-0.05270540714263916,-1.2649297714233398,0.0,0.06389077866764126,1.2649297714233398,6.043910980224609,0.20928994082840235,0.04833319038152695,0.3866655230522156,0.12787760181985938,24,-0.05270540714263916,-0.027731856826656402,0.08699974268674851,0.0499975278305539,0
61,1774286228.2678516,25,-0.050597190856933594,-1.2649297714233398,0.0,0.06144181734271115,1.2649297714233398,6.043910980224609,0.20928994082840235,0.04639986276626587,0.3866655230522156,0.12565142236099405,25,0.013512310228849717,0.00711046506510422,0.098304793996326,0.04896837517740459,0
62,1774286228.3682117,26,0.0,0.0,0.0,0.0,0.0,6.043910980224609,0.0,0.05948700354649471,0.3866655230522156,0.1395093894695755,26,0.058003834315708706,0.030512595843234847,0.0966663807630539,0.04981439277533717,0
63,1774286228.467644,26,-0.05045303931603065,-1.3117790222167969,0.0,0.06363772940562336,1.3117790222167969,6.043910980224609,0.2170414201183432,0.11897400709298941,0.7733310461044312,0.25758628133139705,26,0.13940971389955836,0.07337416524830734,0.08107502902707746,0.04973149080659111,0
64,1774286228.5678585,26,-0.1459534351642315,-1.3117790222167969,0.0,0.16348727493680376,1.3117790222167969,5.992770195007324,0.21889359670585426,0.10410225620636573,0.7733310461044312,0.25281976507260245,26,-0.1459534351642315,-0.0768274848325028,0.07616139090422427,0.04382262489166657,0
65,1774286228.6676364,24,-0.0546574592590332,-1.3117790222167969,0.0,0.06871107061101611,1.3117790222167969,5.992770195007324,0.21889359670585426,0.03222212692101797,0.3866655230522156,0.09113793780042166,24,0.053299509960672134,0.028061886814958956,0.04549006153555477,0.042880015465885754,0
66,1774286228.7680116,23,-0.10795696921970534,-1.2649297714233398,0.0,0.12242213981302906,1.2649297714233398,5.992770195007324,0.21107596825207375,0.08405772240265556,0.7733310461044312,0.2195178324042477,23,-0.10795696921970534,-0.056811719742006876,0.028019240800885185,0.042880015465885754,0
67,1774286228.86773,24,-0.10345876216888428,-1.2649297714233398,0.0,0.11778659625427679,1.2649297714233398,5.992770195007324,0.21107596825207375,0.08861084903279941,0.7733310461044312,0.2366462411015843,24,0.01153485341505571,0.00607087309647079,0.028431288459721732,0.043537897944205636,0
68,1774286228.9680831,23,-0.054996946583623474,-1.2649297714233398,0.0,0.06654261093748252,1.2649297714233398,5.992770195007324,0.21107596825207375,0.10086926688318668,0.7733310461044312,0.26044332718848884,23,-0.054996946583623474,-0.02894701307499834,0.028019240800885185,0.04085968331976793,0
69,1774286229.0677645,24,-0.048801302909851074,-1.1712312698364258,0.0,0.054776044811077895,1.1712312698364258,5.992770195007324,0.19544071134451274,0.0966663807630539,1.1599965691566467,0.25575520363971876,24,-0.048801302909851074,-0.025689427358112155,0.021783973129702285,0.039484511989413114,0
70,1774286229.1678562,22,0.0,0.0,0.0,0.0,0.0,5.992770195007324,0.0,0.07909067516977136,0.5799982845783234,0.19904050096851772,22,0.0,0.0,0.013063024427439715,0.039484511989413114,0
71,1774286229.2677252,25,0.0,0.0,0.0,0.0,0.0,5.992770195007324,0.0,0.07733310461044311,0.5799982845783234,0.18136220631044814,25,0.0,0.0,0.01804439107577006,0.039484511989413114,0
72,1774286229.3684943,22,0.0,0.0,0.0,0.0,0.0,5.992770195007324,0.0,0.05272711677984758,0.5799982845783234,0.16673778347800128,22,0.06184101104736328,0.03254352938578574,0.0190609764884895,0.039484511989413114,0
73,1774286229.4678843,23,0.0,0.0,0.0,0.0,0.0,5.992770195007324,0.0,0.10086926688318668,0.7733310461044312,0.26044332718848884,23,0.06441771984100342,0.033901951321973774,0.030821164880973705,0.04070258527263689,0
74,1774286229.5677712,21,0.0,0.0,0.0,0.0,0.0,5.992770195007324,0.0,0.09206321977433704,0.7733310461044312,0.23579689356526584,21,0.07027387619018555,0.03698440632028684,0.04202886120132778,0.04159100160613541,0
75,1774286229.667699,21,-0.04684925079345703,-0.9838342666625977,0.0,0.043897045998164685,0.9838342666625977,5.992770195007324,0.16417019752939072,0.08285689779690333,0.9666638076305389,0.2571185800262196,21,-0.04684925079345703,-0.024656967004837282,0.05296787987016652,0.04110380535510854,0
76,1774286229.7680895,22,0.0,0.0,0.0,0.0,0.0,5.992770195007324,0.0,0.12302993915297768,0.9666638076305389,0.2887983125253167,22,0.0,0.0,0.05342089463221399,0.04110380535510854,0
77,1774286229.8680727,21,0.0,0.0,0.0,0.0,0.0,5.992770195007324,0.0,0.11968218570663816,0.9666638076305389,0.2890843739312942,21,0.04865114505474384,0.02560438658665454,0.05342089463221399,0.04110380535510853,0
78,1774286229.9676063,17,0.0,0.0,0.0,0.0,0.0,5.992770195007324,0.0,0.13647018460666432,0.7733310461044312,0.2948092931665478,17,0.05045303931603065,0.026555652776123213,0.04639986276626587,0.04199573890384283,0
79,1774286230.067658,19,0.0,0.0,0.0,0.0,0.0,5.992770195007324,0.0,0.12210490201648913,0.7733310461044312,0.2819891921943715,19,0.05270540714263916,0.02774301469010276,0.05155540307362874,0.042701998727374076,0
80,1774286230.16751,16,0.0,0.0,0.0,0.0,0.0,5.992770195007324,0.0,0.10874967835843563,0.5799982845783234,0.22638050789163336,16,0.050597190856933594,0.0266348885412372,0.07532445254263939,0.043202102497485136,0
81,1774286230.2675438,18,-0.1405477523803711,-0.8901357650756836,0.0,0.09901222597363812,0.8901357650756836,5.992770195007324,0.14853494062182968,0.10740708973672655,0.9666638076305389,0.3037931260014055,18,-0.1405477523803711,-0.07399851576174662,0.09418775561528328,0.0490648729491699,0
82,1774286230.3680515,20,-0.14289021492004395,-1.452326774597168,0.0,0.18381339298656485,1.452326774597168,5.992770195007324,0.2423464820671958,0.02899991422891617,0.1933327615261078,0.06903360396656207,20,-0.0924371756040133,-0.04864071155250543,0.0864909722616798,0.05327977613311881,0
83,1774286230.467549,18,-0.08328755696614583,-1.499176025390625,0.0,0.11792589147161281,1.499176025390625,5.992770195007324,0.2501641105209763,0.16111063460508981,0.7733310461044312,0.30398293740761667,18,0.06266587819808568,0.032987412409542255,0.07415503181823313,0.05392970666531655,0
84,1774286230.5676067,16,-0.10248273611068726,-0.8901357650756836,0.0,0.07413628061447852,0.8901357650756836,5.992770195007324,0.14853494062182968,0.16916616633534431,1.5466620922088623,0.3859095780025798,16,-0.04782527685165405,-0.025171591906842632,0.06807491603031965,0.05065286336969261,0
85,1774286230.6681187,18,-0.1275340716044108,-1.546025276184082,0.0,0.14773930187869963,1.546025276184082,5.992770195007324,0.2579817389747568,0.18259205255243513,2.1266603767871857,0.4927867242390601,18,-0.01957710238470546,-0.01030315707881682,0.09114258757659367,0.05379119482403436,0
86,1774286230.7679248,18,0.0,0.0,0.0,0.0,0.0,5.992770195007324,0.0,0.0966663807630539,0.5799982845783234,0.2161525985250665,18,0.10345876216888428,0.054446395512167824,0.0953048824424475,0.05290717556297389,0
87,1774286230.867889,17,-0.17361781176398783,-1.499176025390625,0.0,0.2261381386922754,1.499176025390625,5.992770195007324,0.2501641105209763,0.11372515383888693,0.5799982845783234,0.2205212550185382,17,-0.11862086518036435,-0.06243841668727478,0.09246349464292111,0.05882483579565432,0
88,1774286230.9681044,17,-0.13779191409840302,-1.499176025390625,0.0,0.15505226489593954,1.499176025390625,5.992770195007324,0.2501641105209763,0.1705877307583304,0.9666638076305389,0.36851161645818475,17,-0.08899061118855195,-0.04682878779316799,0.08441289587759636,0.06212927790339706,0
89,1774286231.0680285,17,0.0,0.0,0.0,0.0,0.0,5.860805511474609,0.0,0.1705877307583304,0.7733310461044312,0.31020086231448174,17,0.0,0.0,0.07004810200221297,0.06308683914365543,0
90,1774286231.167729,19,-0.04191775070993524,-0.7964372634887695,0.0,0.031627760842444966,0.7964372634887695,5.992770195007324,0.13289968371426866,0.11192949351511504,0.7733310461044312,0.2610145998134054,19,-0.04191775070993524,-0.022061931424384403,0.07733310461044311,0.062155079324938294,0
91,1774286231.2676198,20,0.0,0.0,0.0,0.0,0.0,6.043910980224609,0.0,0.21266603767871856,0.9666638076305389,0.3861818886877663,20,0.0,0.0,0.08201995943531845,0.062155079324938294,0
92,1774286231.36801,18,0.0,0.0,0.0,0.0,0.0,6.043910980224609,0.0,0.06444425384203593,0.5799982845783234,0.18227587560084332,18,0.0,0.0,0.09220485549706679,0.062155079324938294,0
93,1774286231.467461,19,-0.11095875187924034,-0.7495880126953125,0.0,0.06589420838339458,0.7495880126953125,6.043910980224609,0.12402366863905326,0.08140326801099275,0.7733310461044312,0.20146280987461626,19,-0.11095875187924034,-0.05840887564430341,0.09968720516189933,0.06240979115911,0
94,1774286231.5679224,20,0.0,0.0,0.0,0.0,0.0,5.992770195007324,0.0,0.05799982845783234,0.5799982845783234,0.15099771380514218,20,0.04684925079345703,0.024654603434781486,0.10874967835843563,0.06240979115911,0
95,1774286231.6676202,23,0.09573542553445567,0.0,1.546025276184082,0.11346017201000107,1.546025276184082,6.043910980224609,0.2557988165680473,0.10086926688318668,0.5799982845783234,0.19641467816217198,23,0.09573542553445567,0.05039951609915964,0.12566629499197007,0.07058688988371567,0
96,1774286231.7677646,22,0.0,0.0,0.0,0.0,0.0,6.043910980224609,0.0,0.035151411186565056,0.3866655230522156,0.11115852231866752,22,0.0,0.0,0.1254967048502805,0.07058688988371567,0
97,1774286231.8679097,20,-0.0679314136505127,-0.7027387619018555,0.0,0.04158696395251127,0.7027387619018555,6.043910980224609,0.11627218934911243,0.17399948537349702,1.73999485373497,0.4142016237993724,20,-0.0679314136505127,-0.03574766794848472,0.12269194481464532,0.06981287519418047,0
98,1774286231.9680076,21,0.04908016749790737,-0.5153417587280273,1.546025276184082,0.12405643634356607,2.0613670349121094,6.043910980224609,0.34106508875739644,0.14730115163893925,0.7733310461044312,0.2792415714108566,21,0.04908016749790737,0.025826914720710505,0.11308142655300644,0.07240036393129554,0
99,1774286232.0674014,19,0.10356150175395765,0.0,1.9676685333251953,0.19304972361962952,1.9676685333251953,6.043910980224609,0.3255621301775148,0.11192949351511504,0.5799982845783234,0.22012774260297893,19,0.10356150175395765,0.05450916985843295,0.07876519914026614,0.07912551306796657,0
100,1774286232.1677914,22,0.0,0.0,0.0,0.0,0.0,6.043910980224609,0.0,0.11424208635633643,0.7733310461044312,0.24495893373076544,22,0.1405477523803711,0.07396286374171039,0.0966663807630539,0.07912551306796657,0
101,1774286232.2677147,23,-0.00611077184262483,-0.5621910095214844,1.405477523803711,0.1206795349624403,1.9676685333251953,6.043910980224609,0.3255621301775148,0.12608658360398334,0.7733310461044312,0.27700813986843037,23,0.13677944307741913,0.07200194348319652,0.11456756238584165,0.07630046934734742,0
102,1774286232.3679566,21,0.10708400181361608,-0.5621910095214844,1.405477523803711,0.19171362946137227,1.9676685333251953,6.043910980224609,0.3255621301775148,0.11968218570663816,0.9666638076305389,0.2951771375869748,21,0.19037155877976192,0.10017406977117986,0.17102513519617227,0.07842575169757703,0
103,1774286232.4678593,22,0.12777068398215555,0.0,1.405477523803711,0.16325347685267858,1.405477523803711,6.043910980224609,0.23254437869822486,0.0966663807630539,0.9666638076305389,0.25241185459430077,22,0.2302534200928428,0.12116990258998458,0.14871750886623675,0.08385861145837867,0
104,1774286232.5674164,21,0.0,-0.4216432571411133,0.4216432571411133,0.016931717742149237,0.8432865142822266,6.043910980224609,0.1395266272189349,0.036825287909734813,0.1933327615261078,0.07591727587280882,21,0.1275340716044108,0.06714801510509193,0.13132036631962038,0.08140620618482804,0
105,1774286232.6680288,21,0.020078250340053012,-0.4216432571411133,0.4216432571411133,0.024994440476506015,0.8432865142822266,6.043910980224609,0.1395266272189349,0.12888850768407187,1.1599965691566467,0.3444690263188411,21,0.020078250340053012,0.01056692152396411,0.12640988253630125,0.07690383254013268,0
106,1774286232.7680793,19,0.0,0.0,0.0,0.0,0.0,5.992770195007324,0.0,0.12210490201648913,0.5799982845783234,0.23645512600007546,19,0.17361781176398783,0.09136864180681864,0.15163353845184924,0.07690383254013268,0
107,1774286232.8680418,21,0.0,0.0,0.0,0.0,0.0,6.043910980224609,0.0,0.14730115163893925,0.7733310461044312,0.30366910349123527,21,0.13779191409840302,0.07252444987436661,0.14955930608623433,0.06604607062520945,0
108,1774286232.9679933,20,0.007027387619018555,-0.7495880126953125,0.4684925079345703,0.047908138576246984,1.2180805206298828,6.043910980224609,0.20153846153846153,0.05799982845783234,0.7733310461044312,0.18442770013794807,20,0.007027387619018555,0.00369869356747308,0.16571379559380667,0.057117695476129174,0
109,1774286233.0674615,21,0.0044618334089006695,-0.37479400634765625,0.8432865142822266,0.04722167487875132,1.2180805206298828,5.992770195007324,0.20325833979829325,0.11047586372920445,0.7733310461044312,0.2706094950297984,21,0.04637958411883591,0.024413743476196695,0.13228031051786324,0.05707060476880805,0
110,1774286233.1681004,27,-0.041643778483072914,-0.4684925079345703,0.8432865142822266,0.07467917208082832,1.3117790222167969,5.992770195007324,0.21889359670585426,0.06444425384203593,0.7733310461044312,0.1745158643902695,27,-0.041643778483072914,-0.02191223655814966,0.12210490201648913,0.05705711794086804,0
111,1774286233.26753,26,0.04504735653217022,-0.4216432571411133,1.405477523803711,0.1272137691755984,1.8271207809448242,6.043910980224609,0.30230769230769233,0.07435875443311837,0.5799982845783234,0.1784610106394841,26,0.04504735653217022,0.02371512720113552,0.06783605667582729,0.0573323797064061,0
112,1774286233.367809,25,-0.02810955047607422,-0.37479400634765625,0.37479400634765625,0.028972050358788692,0.7495880126953125,6.043910980224609,0.12402366863905326,0.030933241844177246,0.3866655230522156,0.10489972681751426,25,0.08284920140316612,0.04359685892634494,0.08107502902707746,0.058063452482827245,0
113,1774286233.4677947,26,0.13153828107393706,-0.4216432571411133,1.405477523803711,0.1614093082623344,1.8271207809448242,6.043910980224609,0.30230769230769233,0.08923050531974205,0.5799982845783234,0.20926408420436327,26,0.13153828107393706,0.0692353274825922,0.06543570390114417,0.055713160801293175,0
114,1774286233.5676103,25,0.19676685333251953,-0.4684925079345703,1.546025276184082,0.21930964180683077,2.0145177841186523,6.043910980224609,0.33331360946745564,0.038666552305221556,0.1933327615261078,0.07733310461044311,25,0.10103142779806386,0.053174713261152834,0.101127906029041,0.06636479365805559,0
115,1774286233.66756,23,0.0998092734295389,-0.4216432571411133,1.405477523803711,0.16705771834310992,1.8271207809448242,5.992770195007324,0.3048875096974399,0.033623088961062225,0.1933327615261078,0.07327982347547411,23,0.0998092734295389,0.052536850274914754,0.11661341171416026,0.066550081475728,0
116,1774286233.768032,21,0.10039125170026507,-0.37479400634765625,1.405477523803711,0.18421828351202585,1.7802715301513672,5.992770195007324,0.29706988124365935,0.009206321977433703,0.1933327615261078,0.04117192352858409,21,0.16832266535077778,0.08858516955945075,0.14499957114458084,0.0673198213449297,0
117,1774286233.8680737,22,0.04897876219315962,-0.4684925079345703,1.405477523803711,0.14096484244348648,1.8739700317382812,6.043910980224609,0.31005917159763313,0.008787852796641264,0.1933327615261078,0.04027100063673795,22,-0.00010140530474774673,-5.336935528523507e-05,0.12473081388781147,0.062376447707001945,0
118,1774286233.9677234,27,0.01735157436794705,-1.2649297714233398,1.405477523803711,0.258041167648745,2.670407295227051,6.043910980224609,0.4418343195266272,0.028641890596460412,0.1933327615261078,0.0686808409048895,27,-0.0862099273860106,-0.04536595860084223,0.11781215155497193,0.06273851842255092,0
119,1774286234.0675101,22,0.09156899018721147,-0.3279447555541992,1.405477523803711,0.12619947242592203,1.7334222793579102,5.992770195007324,0.28925225278987887,0.0,0.0,0.0,22,0.09156899018721147,0.0482013401381604,0.1201006548874306,0.06224758720218435,0
120,1774286234.1680238,23,0.08555080579674762,-1.499176025390625,1.405477523803711,0.2656061717030729,2.904653549194336,6.043910980224609,0.4805917159763314,0.02521731672079667,0.3866655230522156,0.08654272203514987,23,0.09166157763937245,0.04823508887164433,0.11424208635633643,0.06187097960411166,0
121,1774286234.268088,22,0.12777068398215555,0.0,1.405477523803711,0.16325347685267858,1.405477523803711,5.992770195007324,0.2345288536134153,0.035151411186565056,0.3866655230522156,0.09464807122150211,22,0.020686682168539472,0.010886974170167365,0.08458308316767216,0.0626349663486964,0
122,1774286234.3675895,22,-0.012777068398215553,-1.499176025390625,0.9369850158691406,0.14549512642614826,2.4361610412597656,6.0138702392578125,0.40509039010466225,0.035151411186565056,0.3866655230522156,0.09464807122150211,22,-0.1405477523803711,-0.07398300662420874,0.08760390756651759,0.06329382683396552,0
123,1774286234.4675949,23,-0.02648001131804093,-1.546025276184082,0.9369850158691406,0.14139163832943819,2.4830102920532227,5.992770195007324,0.41433430805036703,0.016811544480531113,0.1933327615261078,0.054475630259036005,23,-0.02648001131804093,-0.013935539350215341,0.09508168599644645,0.06287539933681564,0
124,1774286234.567942,25,-0.07308483123779297,-1.546025276184082,1.0306835174560547,0.22617162803726387,2.5767087936401367,5.992770195007324,0.42996956495792804,0.015466620922088623,0.3866655230522156,0.07577065860834357,25,-0.09316308157784597,-0.049035444264319626,0.13311436039502503,0.06726050586169825,0
125,1774286234.6674986,22,-0.04897876219315962,-1.546025276184082,0.4684925079345703,0.1162228710627027,2.0145177841186523,6.043910980224609,0.33331360946745564,0.017575705593282528,0.3866655230522156,0.0805420012734759,22,-0.04897876219315962,-0.025786176856463807,0.10955523153146109,0.06990052878041948,0
126,1774286234.7671309,24,-0.181540846824646,-1.546025276184082,0.0,0.23124826653564412,1.546025276184082,6.043910980224609,0.2557988165680473,0.03222212692101797,0.3866655230522156,0.10686870494422632,24,-0.181540846824646,-0.09559364382538033,0.10602119180463976,0.08431964392720237,0
127,1774286234.867567,24,0.10345876216888428,0.0,1.0306835174560547,0.057428158006800345,1.0306835174560547,6.043910980224609,0.17053254437869822,0.0,0.0,0.0,24,0.09643137454986572,0.050764742280721795,0.07676447884124868,0.08565630732904694,0
128,1774286234.9670393,21,-0.12493133544921875,-1.546025276184082,0.5153417587280273,0.1415853928067788,2.0613670349121094,5.860805511474609,0.3517207712960703,0.027618965932301114,0.1933327615261078,0.0676523737574496,21,-0.1293931688581194,-0.06811680208056219,0.08099075145012624,0.09218649569736605,0
129,1774286235.0675964,20,-0.037479400634765625,-1.546025276184082,0.5153417587280273,0.13533459281234173,2.0613670349121094,5.860805511474609,0.3517207712960703,0.0966663807630539,0.7733310461044312,0.23280347330957232,20,0.004164377848307289,0.002192359276474578,0.057008378398724094,0.09311939627277943,0
130,1774286235.1674473,19,-0.07890400133634869,-0.5153417587280273,0.0,0.0332814999714617,0.5153417587280273,5.860805511474609,0.08793019282401758,0.09157867651236684,1.3533293306827545,0.30964020531137154,19,-0.12395135786851891,-0.06524039424519862,0.06528119220362082,0.09476545785206339,0
131,1774286235.267231,18,-0.02863009770711263,-0.5153417587280273,0.0,0.01393460241021987,0.5153417587280273,5.860805511474609,0.08793019282401758,0.06444425384203593,0.3866655230522156,0.1441017323500443,18,-0.0005205472310384103,-0.00027405560751454555,0.05342089463221399,0.09522100209078842,0
132,1774286235.3677046,22,0.004259022799405185,-0.5153417587280273,1.0306835174560547,0.09675489394802082,1.546025276184082,5.860805511474609,0.26379057847205273,0.12302993915297768,0.9666638076305389,0.2705745483653498,22,-0.12727925827453188,-0.06699225756674809,0.054864702595246805,0.0946952419237541,0
133,1774286235.4674,19,-0.02712325045936986,-0.5153417587280273,0.0,0.013242072878670729,0.5153417587280273,5.860805511474609,0.08793019282401758,0.09157867651236684,0.5799982845783234,0.18145352666180922,19,-0.2238901037918894,-0.11784993402538471,0.028019240800885185,0.09159144052906132,0
134,1774286235.5675673,17,0.0,0.0,0.0,0.0,0.0,5.860805511474609,0.0,0.14784269999055302,0.9666638076305389,0.32842753315573087,17,-0.0998092734295389,-0.052530996152015196,0.017575705593282528,0.08116958116499222,0
135,1774286235.6670322,18,-0.08328755696614583,-0.5153417587280273,0.0,0.03476537655286746,0.5153417587280273,5.860805511474609,0.08793019282401758,0.27925843331548905,1.3533293306827545,0.5283730186168292,18,-0.1836788086664109,-0.09672395599347869,0.016571379559380667,0.079933295831799,0
136,1774286235.767105,19,0.0,0.0,0.0,0.0,0.0,5.860805511474609,0.0,0.12210490201648913,0.7733310461044312,0.2819891921943715,19,-0.04897876219315962,-0.02579144408860615,0.013614983206063929,0.07607884375866332,0
137,1774286235.867317,18,0.0546574592590332,0.0,0.5153417587280273,0.02396047094066489,0.5153417587280273,5.860805511474609,0.08793019282401758,0.08592567178938124,0.5799982845783234,0.19570503139512768,18,0.037305884891086154,0.01963887699678709,0.018796240703927145,0.07631691623570094,0
138,1774286235.9670324,18,0.0,0.0,0.0,0.0,0.0,5.860805511474609,0.0,0.10740708973672655,0.7733310461044312,0.21588557853613438,18,-0.09156899018721147,-0.04820632533168998,0.020198945234070963,0.07607736021855215,0
139,1774286236.067405,17,-0.12401272268856273,-1.405477523803711,0.0,0.12986842328176748,1.405477523803711,5.811095237731934,0.24186103760231398,0.27294036921332865,1.1599965691566467,0.43513806017577134,17,-0.20956352848531035,-0.1103325297825405,0.03174119965354009,0.07579840086902205,0
140,1774286236.167194,16,-0.08784234523773193,-1.405477523803711,0.0,0.11574416425297329,1.405477523803711,5.860805511474609,0.2398096167927752,0.14499957114458084,0.7733310461044312,0.3018406771888445,16,-0.21561302921988748,-0.11353397512890281,0.028855636048672806,0.07267254213202722,0
141,1774286236.266954,15,-0.015616416931152344,-1.405477523803711,0.6090402603149414,0.1772465168414783,2.0145177841186523,5.811095237731934,0.34666748722998336,0.2706658661365509,1.1599965691566467,0.4509256128625332,15,-0.0028393485329367904,-0.0014948939898779933,0.02209517274584089,0.06295597194770017,0
142,1774286236.3671372,14,0.0,0.0,0.0,0.0,0.0,5.860805511474609,0.0,0.16571379559380667,0.9666638076305389,0.3337212351031366,14,0.02648001131804093,0.013940205951822365,0.016571379559380667,0.06328700710020618,0
143,1774286236.4670246,17,-0.1267685609705308,-1.405477523803711,0.0,0.13317968834322075,1.405477523803711,5.992770195007324,0.2345288536134153,0.12509766922277563,0.7733310461044312,0.2729403692133286,17,-0.05368372973273783,-0.02826824279131451,0.021783973129702285,0.06602777874653994,0
144,1774286236.567457,14,0.03681012562343052,0.0,0.5153417587280273,0.017614809529365578,0.5153417587280273,5.992770195007324,0.08599391299158561,0.0,0.0,0.0,14,0.08578888781659014,0.0451530354957421,0.016571379559380667,0.0679072797376076,0
145,1774286236.6671987,16,-0.23424625396728516,-0.8432865142822266,0.0,0.12208865918239553,0.8432865142822266,5.992770195007324,0.14071731216804917,0.3987488206475973,1.73999485373497,0.6713574095542617,16,-0.05270540714263916,-0.027738698045112708,0.01961346856061963,0.08024773122911213,0
146,1774286236.7675412,17,0.0,0.0,0.0,0.0,0.0,5.811095237731934,0.0,0.21607779229388518,0.7733310461044312,0.3373633255378699,17,-0.10345876216888428,-0.054452722143577874,0.038666552305221556,0.07465157494300166,0
147,1774286236.8673124,14,0.0,0.0,0.0,0.0,0.0,5.811095237731934,0.0,0.20714224449225835,0.9666638076305389,0.3966472000767583,14,0.12493133544921875,0.06574388515998661,0.07088867922623952,0.06791740570643315,0
148,1774286236.9672937,14,0.0,0.0,0.0,0.0,0.0,5.811095237731934,0.0,0.27618965932301115,0.9666638076305389,0.4366941948233368,14,0.037479400634765625,0.019729143458985722,0.08479507084478412,0.06586926291069652,0
149,1774286237.0668702,15,-0.10306835174560547,-1.546025276184082,0.0,0.14872319184178195,1.546025276184082,5.811095237731934,0.26604714136254537,0.25777701536814374,1.5466620922088623,0.4611255435201418,15,-0.024164350409256782,-0.01272194339289467,0.09502796752978179,0.06740594175869671,0
150,1774286237.167379,14,-0.22086075374058314,-1.546025276184082,0.0,0.292676835257151,1.546025276184082,5.677700042724609,0.27229780801209374,0.08285689779690333,0.7733310461044312,0.20295712127234888,14,-0.1922306560334705,-0.10116615371227847,0.09502796752978179,0.07773841016625989,0
151,1774286237.2670171,14,-0.1706651278904506,-1.546025276184082,0.0,0.19239672124858861,1.546025276184082,5.836844444274902,0.26487347588995774,0.05523793186460223,0.3866655230522156,0.1353047475148992,14,-0.17492415068985578,-0.09209866782911412,0.11999964508517035,0.08203313491488393,0
152,1774286237.3669274,15,-0.10306835174560547,-1.546025276184082,0.0,0.14872319184178195,1.546025276184082,5.860805511474609,0.26379057847205273,0.21911046306292217,0.9666638076305389,0.36591626658157467,15,-0.0759451012862356,-0.03998105256683979,0.17185134357876247,0.08149713841727561,0
153,1774286237.4674234,17,-0.11298936956069049,-0.9838342666625977,0.0,0.09581403673232625,0.9838342666625977,5.992770195007324,0.16417019752939072,0.10235263845499824,0.5799982845783234,0.18893441533842548,17,-0.11298936956069049,-0.05947259380484919,0.18259205255243513,0.08189941714051727,0
154,1774286237.5669708,16,0.0,0.0,0.0,0.0,0.0,5.992770195007324,0.0,0.18124946393072605,0.9666638076305389,0.3773008464860556,16,0.08328755696614583,0.04383697330796812,0.16169649145819925,0.08189941714051727,0
155,1774286237.666942,16,-0.09662657976150513,-1.546025276184082,0.0,0.14005043874609768,1.546025276184082,5.992770195007324,0.2579817389747568,0.20541605912148952,0.9666638076305389,0.3582448115525925,16,-0.09662657976150513,-0.050860463829233454,0.10545423355969516,0.0821033679980588,0
156,1774286237.7671926,16,-0.09662657976150513,-1.546025276184082,0.0,0.14005043874609768,1.546025276184082,5.992770195007324,0.2579817389747568,0.1933327615261078,0.9666638076305389,0.37438728283345274,16,-0.15128403902053833,-0.0796283902831293,0.15320709403955712,0.08095867576526514,0
157,1774286237.8673701,17,0.0,0.0,0.0,0.0,0.0,5.992770195007324,0.0,0.14784269999055302,0.9666638076305389,0.3216633098838411,17,0.0,0.0,0.17437856921962663,0.07755392968009887,0
158,1774286237.967017,16,-0.09662657976150513,-1.546025276184082,0.0,0.14005043874609768,1.546025276184082,5.992770195007324,0.2579817389747568,0.21749935671687126,1.1599965691566467,0.3859095780025798,16,0.0273861429270576,0.014416703857965046,0.229582654312253,0.07586083217017252,0
159,1774286238.0673604,17,-0.090942663304946,-1.546025276184082,0.0,0.13232908814394834,1.546025276184082,5.992770195007324,0.2579817389747568,0.2615678538294399,1.3533293306827545,0.4243030470904548,17,-0.0031003180672140723,-0.001631603361280433,0.1933327615261078,0.0751888319391632,0
160,1774286238.166977,18,-0.08589029312133789,-1.546025276184082,0.0,0.12541142169197883,1.546025276184082,5.992770195007324,0.2579817389747568,0.1933327615261078,0.9666638076305389,0.3645517512016866,18,-0.07027387619018555,-0.036985803223731545,0.18492698928584222,0.07517460571736088,0
161,1774286238.2672744,18,-0.39301315943400067,-4.356980323791504,0.0,1.1091659000644287,4.356980323791504,5.992770195007324,0.7270394462015874,0.26851772434181637,0.9666638076305389,0.4329718207260606,18,-0.39301315943400067,-0.2068340972005866,0.09881452255778843,0.10071255795838345,0
162,1774286238.3669248,16,-0.3777220845222473,-4.497528076171875,0.0,1.2709480862738154,4.497528076171875,5.677700042724609,0.7921390778533636,0.14499957114458084,0.7733310461044312,0.2691078149481445,16,-0.2509535235517165,-0.13208774009190877,0.18099237249252645,0.11550716341463892,0
163,1774286238.4671407,20,-0.1546025276184082,-1.546025276184082,0.0,0.21511747391400604,1.546025276184082,5.677700042724609,0.27229780801209374,0.14499957114458084,1.1599965691566467,0.36104602050029105,20,-0.19141265324183873,-0.10076027490258756,0.21390007658207671,0.11582450259182259,0
164,1774286238.5674236,22,-0.1341592181812633,-1.546025276184082,0.0,0.18043590529142303,1.546025276184082,5.677700042724609,0.27229780801209374,0.08787852796641263,0.9666638076305389,0.2311723142779028,22,0.10008703578602185,0.05267115198695912,0.27560202174998344,0.11049053688002666,0
165,1774286238.6669965,19,-0.22191750375848068,-1.546025276184082,0.0,0.26565616729138614,1.546025276184082,5.677700042724609,0.27229780801209374,0.08140326801099275,0.3866655230522156,0.15763675066671695,19,-0.22191750375848068,-0.11683217958170275,0.23199931383132935,0.10990409752822955,0
166,1774286238.7670736,17,-0.090942663304946,-1.546025276184082,0.0,0.13232908814394836,1.546025276184082,5.677700042724609,0.27229780801209374,0.056862576919443464,0.3866655230522156,0.12866532395353644,17,-0.090942663304946,-0.047870576210990855,0.24728609032409135,0.10655385030487463,0
167,1774286238.8675833,22,-0.07027387619018555,-1.546025276184082,0.0,0.10370677117066407,1.546025276184082,5.811095237731934,0.26604714136254537,0.07909067516977136,0.5799982845783234,0.19904050096851772,22,-0.07027387619018555,-0.036980615257066404,0.20682109372560367,0.10340407961656436,0
168,1774286238.9676492,26,-0.19100079169640174,-1.546025276184082,1.0775327682495117,0.35960512030863373,2.6235580444335938,5.677700042724609,0.4620811287477954,0.05948700354649471,0.3866655230522156,0.1395093894695755,26,-0.08793243995079628,-0.046261264218866935,0.13488332199495892,0.0996150555782301,0
169,1774286239.0674841,24,0.0,0.0,0.0,0.0,0.0,5.860805511474609,0.0,0.05638872211178144,0.3866655230522156,0.1306387712481521,24,0.22086075374058314,0.11623606383907974,0.12139498979546302,0.10399072648896793,0
170,1774286239.167114,25,0.0,0.0,0.0,0.0,0.0,6.043910980224609,0.0,0.10053303599357605,1.73999485373497,0.3506525494734938,25,0.1706651278904506,0.08981917105979792,0.12608658360398334,0.10603548518868469,0
171,1774286239.2671666,26,0.0,0.0,0.0,0.0,0.0,6.043910980224609,0.0,0.04461525265987103,0.3866655230522156,0.12353404079820127,26,0.10306835174560547,0.05423967159591482,0.16513840047021708,0.10879640028120495,0
172,1774286239.367674,23,-0.054996946583623474,-1.2649297714233398,0.0,0.06654261093748251,1.2649297714233398,6.043910980224609,0.20928994082840235,0.02521731672079667,0.1933327615261078,0.06511083179712221,23,0.05799242297706701,0.03051830150205271,0.16176822903204938,0.1095797520879693,0
173,1774286239.467238,26,0.0,0.0,0.0,0.0,0.0,6.043910980224609,0.0,0.05948700354649471,0.3866655230522156,0.1395093894695755,26,0.0,0.0,0.1933327615261078,0.11233415352323141,0
174,1774286239.567272,27,0.045114093356662326,0.0,1.2180805206298828,0.052917316904234735,1.2180805206298828,6.043910980224609,0.20153846153846153,0.02148141794734531,0.1933327615261078,0.0607586252002811,27,0.14174067311816746,0.07458739700189551,0.1814960618408359,0.11489917012751147,0
175,1774286239.6671278,26,0.0,0.0,0.0,0.0,0.0,6.043910980224609,0.0,0.007435875443311838,0.1933327615261078,0.037179377216559194,26,0.09662657976150513,0.05085782791263945,0.18544162840259318,0.11718004535137776,0
176,1774286239.7671468,24,0.0,0.0,0.0,0.0,0.0,6.043910980224609,0.0,0.024166595190763474,0.1933327615261078,0.06393880090992969,24,0.0,0.0,0.2087993824481964,0.11922173997022958,0
177,1774286239.8681197,26,-0.09189660732562725,-1.2180805206298828,0.0,0.10138204595360151,1.2180805206298828,6.043910980224609,0.20153846153846153,0.022307626329935513,0.1933327615261078,0.06176702039910063,26,0.004729972435877874,0.0024880151049245024,0.22365946921647764,0.11719276003358808,0
178,1774286239.9676766,25,0.0,0.0,0.0,0.0,0.0,6.043910980224609,0.0,0.038666552305221556,0.3866655230522156,0.09471332326042946,25,0.090942663304946,0.04785659432208907,0.24075400491930404,0.11922465370876123,0
179,1774286240.0680678,25,-0.04872322082519531,-1.2180805206298828,0.0,0.05697485394193791,1.2180805206298828,6.043910980224609,0.20153846153846153,0.015466620922088623,0.3866655230522156,0.07577065860834357,25,0.03716707229614258,0.0195503923936445,0.20448657469107553,0.11966160825193772,0
180,1774286240.1679635,24,0.0,0.0,0.0,0.0,0.0,6.043910980224609,0.0,0.04833319038152695,0.3866655230522156,0.12787760181985938,24,0.39301315943400067,0.20677403487610327,0.1861722888769927,0.12138651243620534,0
181,1774286240.267577,27,-0.04684925079345703,-1.2649297714233398,0.0,0.05706615979761409,1.2649297714233398,6.043910980224609,0.20928994082840235,0.08592567178938124,0.7733310461044312,0.219068338586312,27,0.3308728337287903,0.17408384286180745,0.12333296855975842,0.0995484911172664,0
182,1774286240.368154,23,-0.054996946583623474,-1.2649297714233398,0.0,0.06654261093748251,1.2649297714233398,6.043910980224609,0.20928994082840235,0.07565195016239,0.5799982845783234,0.16853520936587127,23,0.09960558103478473,0.05239604433081,0.1045898545960911,0.0706215558029054,0
183,1774286240.4678702,21,0.0,0.0,0.0,0.0,0.0,6.043910980224609,0.0,0.05523793186460223,0.3866655230522156,0.13530474751489924,21,0.1341592181812633,0.07059351965688658,0.0766664399155255,0.06778385536121141,0
184,1774286240.5678866,23,0.0,0.0,0.0,0.0,0.0,6.043910980224609,0.0,0.08405772240265556,0.7733310461044312,0.1960546142880579,23,0.22191750375848068,0.11674399396709816,0.07333311644093744,0.06552949748310088,0
185,1774286240.667478,23,0.0,0.0,0.0,0.0,0.0,6.043910980224609,0.0,0.10086926688318668,0.7733310461044312,0.26044332718848884,23,0.090942663304946,0.047854372866838475,0.06543570390114417,0.05124142546508732,0
186,1774286240.768127,24,0.0,0.0,0.0,0.0,0.0,6.043910980224609,0.0,0.08055531730254491,0.7733310461044312,0.19266029770941992,24,0.07027387619018555,0.036975669946451455,0.06444425384203593,0.04966269394228712,0
187,1774286240.868065,23,0.0,0.0,0.0,0.0,0.0,6.043910980224609,0.0,0.06724617792212445,0.3866655230522156,0.14655964695094822,23,0.19100079169640174,0.10050473265393697,0.07217756430308024,0.04886294945358752,0
188,1774286240.9676242,23,0.0,0.0,0.0,0.0,0.0,6.043910980224609,0.0,0.06724617792212445,0.3866655230522156,0.14655964695094822,23,0.0,0.0,0.06702202399571737,0.029928584030526045,0
189,1774286241.0674694,24,0.0,0.0,0.0,0.0,0.0,6.043910980224609,0.0,0.06444425384203593,0.3866655230522156,0.1441017323500443,24,0.0,0.0,0.05747730748073475,0.029928584030526045,0
190,1774286241.1673827,21,-0.05354200090680804,-1.1243820190429688,0.0,0.05733491722209268,1.1243820190429688,6.043910980224609,0.18603550295857987,0.036825287909734813,0.1933327615261078,0.07591727587280882,21,-0.05354200090680804,-0.028176795698944778,0.043822092612584435,0.03105373167590497,0
191,1774286241.2678478,21,0.0,0.0,0.0,0.0,0.0,6.043910980224609,0.0,0.07365057581946963,0.3866655230522156,0.15183455174561764,21,0.054996946583623474,0.02894311589665904,0.03561392975480933,0.03105373167590497,0
192,1774286241.3679304,21,0.0,0.0,0.0,0.0,0.0,6.043910980224609,0.0,0.07365057581946963,0.3866655230522156,0.15183455174561764,21,0.0,0.0,0.029367001750801182,0.02982708007557989,0
193,1774286241.4674363,21,0.0,0.0,0.0,0.0,0.0,6.043910980224609,0.0,0.07365057581946963,0.3866655230522156,0.15183455174561764,21,-0.045114093356662326,-0.023742205763561956,0.017575705593282528,0.029827080075579892,0
194,1774286241.5678797,22,0.0,0.0,0.0,0.0,0.0,6.043910980224609,0.0,0.043939263983206314,0.3866655230522156,0.09981082117702071,22,0.0,0.0,0.017806964877404664,0.02694824984520093,0
195,1774286241.6679099,17,-0.12401272268856273,-1.0775327682495117,0.0,0.11540821989413677,1.0775327682495117,6.043910980224609,0.17828402366863905,0.10235263845499824,0.5799982845783234,0.22110696987491085,17,-0.12401272268856273,-0.06524365237367438,0.02835547169049581,0.035681567289009765,0
196,1774286241.7675335,20,0.0,0.0,0.0,0.0,0.0,6.043910980224609,0.0,0.02899991422891617,0.1933327615261078,0.06903360396656207,20,0.09189660732562725,0.048381561806348096,0.025438521253435237,0.035681567289009765,0
197,1774286241.8677914,21,0.0,0.0,0.0,0.0,0.0,6.043910980224609,0.0,0.036825287909734813,0.1933327615261078,0.07591727587280882,21,0.0,0.0,0.03396386351134326,0.03198132057093937,0
198,1774286241.9675903,20,-0.053876638412475586,-1.0775327682495117,0.0,0.05515115116594416,1.0775327682495117,6.043910980224609,0.17828402366863905,0.0,0.0,0.0,20,-0.0051534175872802734,-0.0027130068060510783,0.050877042506870473,0.032745864084886694,0
199,1774286242.067906,21,0.0,0.0,0.0,0.0,0.0,6.043910980224609,0.0,0.04603160988716852,0.3866655230522156,0.10168714988122056,21,0.0,0.0,0.07054033190817446,0.032260202471710506,0
200,1774286242.1675067,21,-0.10039125170026507,-1.0775327682495117,0.0,0.09579709085857982,1.0775327682495117,6.043910980224609,0.17828402366863905,0.009206321977433703,0.1933327615261078,0.04117192352858409,21,-0.05354200090680804,-0.02818104225792104,0.07352090931274521,0.03677164762581192,0
201,1774286242.2676308,24,0.0,0.0,0.0,0.0,0.0,6.043910980224609,0.0,0.04833319038152695,0.5799982845783234,0.12787760181985938,24,0.054996946583623474,0.02895373481322582,0.07213909012168201,0.03658564770276521,0
202,1774286242.3678367,23,0.0,0.0,0.0,0.0,0.0,6.043910980224609,0.0,0.008405772240265556,0.1933327615261078,0.03942656658922785,23,0.0,0.0,0.08079578093628385,0.03586201645606774,0
203,1774286242.4675014,21,0.0,0.0,0.0,0.0,0.0,6.043910980224609,0.0,0.009206321977433703,0.1933327615261078,0.04117192352858409,21,0.0,0.0,0.08838069098336356,0.03586201645606774,0
204,1774286242.5673592,19,0.0,0.0,0.0,0.0,0.0,6.043910980224609,0.0,0.0,0.0,0.0,19,0.0,0.0,0.08285689779690333,0.03586201645606774,0
205,1774286242.6675792,23,-0.37072015845257306,-4.497528076171875,0.0,0.9189585188988186,4.497528076171875,6.043910980224609,0.7441420118343195,0.016811544480531113,0.1933327615261078,0.054475630259036005,23,-0.37072015845257306,-0.19517214310724662,0.07180931142398289,0.08484754427255085,0
206,1774286242.7679353,19,-0.23671200400904605,-1.546025276184082,0.0,0.2990714255747536,1.546025276184082,6.043910980224609,0.2557988165680473,0.0,0.0,0.0,19,-0.23671200400904605,-0.12459377979424549,0.06628551823752267,0.09502184718040019,0
207,1774286242.8674107,19,0.0,0.0,0.0,0.0,0.0,6.043910980224609,0.0,0.0,0.0,0.0,19,0.0,0.0,0.056862576919443464,0.0950218471804002,0
208,1774286242.96795,22,-0.15758384357799182,-1.405477523803711,0.0,0.1617297777353869,1.405477523803711,6.043910980224609,0.23254437869822486,0.008787852796641264,0.1933327615261078,0.04027100063673795,22,-0.15758384357799182,-0.082917884755351,0.05858568531094176,0.09730696928475824,0
209,1774286243.0679185,19,-0.20958875354967618,-1.499176025390625,0.0,0.24128783483146318,1.499176025390625,6.043910980224609,0.24804733727810652,0.0,0.0,0.0,19,-0.15604675264286816,-0.08210671477144833,0.061375479849558025,0.10200869934610282,0
210,1774286243.1680055,22,0.0,0.0,0.0,0.0,0.0,6.043910980224609,0.0,0.035151411186565056,0.1933327615261078,0.07456740365489042,22,0.0,0.0,0.07365057581946963,0.10298064994262003,0
211,1774286243.2676444,22,0.0,0.0,0.0,0.0,0.0,5.992770195007324,0.0,0.0,0.0,0.0,22,0.0,0.0,0.06343731237575412,0.10298064994262005,0
212,1774286243.367498,23,-0.09166157763937245,-1.0775327682495117,0.0,0.08826708474148917,1.0775327682495117,6.043910980224609,0.17828402366863905,0.0,0.0,0.0,23,-0.09166157763937245,-0.04824137137673613,0.07088867922623952,0.10212685563631128,0
213,1774286243.4675007,24,0.0,0.0,0.0,0.0,0.0,6.043910980224609,0.0,0.008055531730254492,0.1933327615261078,0.03863297300900034,24,0.0,0.0,0.055706049931251396,0.10212685563631128,0
214,1774286243.5674465,20,0.0,0.0,0.0,0.0,0.0,5.992770195007324,0.0,0.02899991422891617,0.1933327615261078,0.06903360396656207,20,0.12401272268856273,0.06528577657233732,0.05333317559340905,0.10212685563631127,0
215,1774286243.667826,19,0.0,0.0,0.0,0.0,0.0,6.043910980224609,0.0,0.020350817002748187,0.1933327615261078,0.05933231748191226,19,0.0,0.0,0.02218572673250417,0.10225553102172988,0
216,1774286243.767806,21,-0.0513110842023577,-1.0775327682495117,0.0,0.05265654724042886,1.0775327682495117,5.992770195007324,0.17980545443695173,0.027618965932301114,0.5799982845783234,0.12351577058575229,21,-0.0513110842023577,-0.027005625720885735,0.028064433124757582,0.10133172381676488,0
217,1774286243.8681204,21,-0.0513110842023577,-1.0775327682495117,0.0,0.05265654724042886,1.0775327682495117,5.992770195007324,0.17980545443695173,0.0,0.0,0.0,21,0.002565554210117886,0.0013499150633262949,0.01870962208317172,0.10033383647607695,0
218,1774286243.968187,21,0.0,0.0,0.0,0.0,0.0,5.992770195007324,0.0,0.027618965932301114,0.1933327615261078,0.06765237375744962,21,0.0,0.0,0.035151411186565056,0.10134556476108854,0
219,1774286244.067989,19,-0.056712250960500615,-1.0775327682495117,0.0,0.057893029362122435,1.0775327682495117,5.992770195007324,0.17980545443695173,0.020350817002748187,0.1933327615261078,0.05933231748191226,19,0.043679000739764454,0.022983112271136683,0.022745030767777386,0.10031838419744843,0
220,1774286244.1680498,18,0.05986293156941732,0.0,1.0775327682495117,0.060920699793440586,1.0775327682495117,5.992770195007324,0.17980545443695173,0.02148141794734531,0.1933327615261078,0.06075862520028111,18,0.05986293156941732,0.03149985959405432,0.022745030767777386,0.10362100119817286,0
221,1774286244.2678928,20,0.0,0.0,0.0,0.0,0.0,5.992770195007324,0.0,0.05799982845783234,0.3866655230522156,0.13806720793312413,20,0.0,0.0,0.006137547984955803,0.10362100119817286,0
222,1774286244.367338,18,0.0,0.0,0.0,0.0,0.0,6.043910980224609,0.0,0.0,0.0,0.0,18,0.0,0.0,0.009206321977433703,0.10362100119817286,0
223,1774286244.467722,16,0.0,0.0,0.0,0.0,0.0,5.992770195007324,0.0,0.012083297595381737,0.1933327615261078,0.046798410354181585,16,0.0,0.0,0.006338779066429764,0.10362100119817286,0
224,1774286244.5678673,17,0.0,0.0,0.0,0.0,0.0,5.992770195007324,0.0,0.04549006153555477,0.3866655230522156,0.12457966422660721,17,0.37072015845257306,0.19508629111290984,0.006338779066429764,0.10362100119817286,0
225,1774286244.6675737,16,0.0,0.0,0.0,0.0,0.0,5.860805511474609,0.0,0.03624989278614521,0.5799982845783234,0.14039523106254476,16,0.23671200400904605,0.12460897938091968,0.0032222126921017964,0.07538480656926215,0
226,1774286244.7677164,17,0.0,0.0,0.0,0.0,0.0,5.860805511474609,0.0,0.0,0.0,0.0,17,0.0,0.0,0.0032222126921017964,0.0606803931485725,0
227,1774286244.8677816,14,0.07696662630353655,0.0,1.0775327682495117,0.07701020033912719,1.0775327682495117,5.860805511474609,0.18385403954112767,0.0,0.0,0.0,14,0.2345504698815284,0.12345856237990627,0.015343869962389506,0.06464014274001471,0
228,1774286244.9678428,12,0.0,0.0,0.0,0.0,0.0,5.860805511474609,0.0,0.0,0.0,0.0,12,0.20958875354967618,0.11031426670419872,0.012275095969911606,0.05704287223839743,0
229,1774286245.067862,14,0.0,0.0,0.0,0.0,0.0,5.992770195007324,0.0,0.0,0.0,0.0,14,0.0,0.0,0.011542254419469121,0.035874442363485956,0
230,1774286245.1676004,14,0.0,0.0,0.0,0.0,0.0,6.043910980224609,0.0,0.04142844889845167,0.5799982845783234,0.14937239676630715,14,0.0,0.0,0.0028019240800885186,0.035874442363485956,0
231,1774286245.2672737,12,0.0,0.0,0.0,0.0,0.0,5.860805511474609,0.0,0.0,0.0,0.0,12,0.09166157763937245,0.04824863037320933,0.011542254419469121,0.035874442363485956,0
232,1774286245.367332,15,0.0,0.0,0.0,0.0,0.0,5.992770195007324,0.0,0.0,0.0,0.0,15,0.0,0.0,0.018412643954867407,0.029970020715828154,0
233,1774286245.467877,14,0.0,0.0,0.0,0.0,0.0,5.860805511474609,0.0,0.06904741483075279,0.9666638076305389,0.24895399461051185,14,0.0,0.0,0.02577770153681437,0.029970020715828154,0
234,1774286245.5673292,16,0.0,0.0,0.0,0.0,0.0,5.992770195007324,0.0,0.08458308316767216,0.9666638076305389,0.24615548647775778,16,0.0,0.0,0.015846947666074408,0.029970020715828157,0
235,1774286245.6674953,16,0.0,0.0,0.0,0.0,0.0,5.860805511474609,0.0,0.18124946393072605,0.9666638076305389,0.3773008464860556,16,0.0513110842023577,0.027010252134294005,0.018412643954867407,0.029970020715828157,0
236,1774286245.7677636,16,0.0,0.0,0.0,0.0,0.0,5.860805511474609,0.0,0.25374924950301647,1.3533293306827545,0.5282211850804779,16,0.0513110842023577,0.027010906399777514,0.015846947666074408,0.02767223246172962,0
237,1774286245.8677132,16,0.0,0.0,0.0,0.0,0.0,5.860805511474609,0.0,0.0966663807630539,0.7733310461044312,0.25575520363971876,16,0.0,0.0,0.023333264322116458,0.024902582603311026,0
238,1774286245.9673645,17,0.0,0.0,0.0,0.0,0.0,5.860805511474609,0.0,0.15921521537444172,1.1599965691566467,0.35236450149030846,17,0.056712250960500615,0.029858368074723307,0.033918028337913644,0.024902582603311026,0
239,1774286246.0678148,15,0.0,0.0,0.0,0.0,0.0,5.860805511474609,0.0,0.0,0.0,0.0,15,-0.05986293156941732,-0.03151070322268004,0.027618965932301114,0.020701830529264297,0
240,1774286246.1679416,17,0.0,0.0,0.0,0.0,0.0,5.860805511474609,0.0,0.09098012307110954,0.7733310461044312,0.24915932845321442,17,0.0,0.0,0.02506165427190286,0.016774487304118766,0
241,1774286246.2674623,18,-0.1093149185180664,-0.7027387619018555,0.0,0.05999262953082507,0.7027387619018555,5.860805511474609,0.1199048083963876,0.13962921665774453,0.9666638076305389,0.31442955438915465,18,-0.1093149185180664,-0.057530403594916193,0.018954192306481155,0.029850705498111692,0
242,1774286246.3678882,16,0.0,0.0,0.0,0.0,0.0,5.860805511474609,0.0,0.1329162735491991,0.7733310461044312,0.2794874831124438,16,0.0,0.0,0.03156453249405841,0.029850705498111692,0
243,1774286246.477689,19,0.0,0.0,0.0,0.0,0.0,5.860805511474609,0.0,0.11192949351511504,0.5799982845783234,0.22012774260297893,19,0.0,0.0,0.02706658661365509,0.02985070549811169,0
244,1774286246.5776994,19,0.02712325045936986,0.0,0.5153417587280273,0.013242072878670729,0.5153417587280273,5.860805511474609,0.08793019282401758,0.09157867651236684,0.5799982845783234,0.21149189414577863,19,0.02712325045936986,0.014199719944602764,0.012340389033581348,0.030502392232064596,0
245,1774286246.677377,19,0.11589025196276213,0.0,1.6865730285644531,0.15025922365632158,1.6865730285644531,5.860805511474609,0.2877715401513302,0.09157867651236684,0.5799982845783234,0.21149189414577863,19,0.11589025196276213,0.06068630902872119,0.0,0.03964056934071413,0
246,1774286246.7772043,19,0.056712250960500615,0.0,0.6090402603149414,0.027858208416009788,0.6090402603149414,5.860805511474609,0.10391750061020259,0.12210490201648913,0.7733310461044312,0.2819891921943715,19,-0.020254375343035938,-0.010607591510031406,0.0,0.0411432575729528,0
247,1774286246.8772416,19,0.024657500417608964,0.0,0.4684925079345703,0.010943861883198952,0.4684925079345703,5.860805511474609,0.07993653893092506,0.12210490201648913,0.7733310461044312,0.2819891921943715,19,0.024657500417608964,0.012913750910936975,0.014499957114458084,0.03826108223293373,0
248,1774286246.977725,22,0.0,0.0,0.0,0.0,0.0,5.860805511474609,0.0,0.14060564474626022,0.7733310461044312,0.2982696146195617,22,0.0,0.0,0.014499957114458084,0.03826108223293373,0
249,1774286247.0773792,19,0.0,0.0,0.0,0.0,0.0,5.860805511474609,0.0,0.15263112752061142,0.9666638076305389,0.3524864902429644,19,0.0,0.0,0.014146299623861545,0.03826108223293373,0
250,1774286247.177526,20,-0.053876638412475586,-0.5621910095214844,0.0,0.026179100807155464,0.5621910095214844,6.043910980224609,0.09301775147928994,0.10633301883935928,0.7733310461044312,0.25557245606108603,20,-0.053876638412475586,-0.028203938029841818,0.023577166039769244,0.04040774389908192,0
251,1774286247.277274,21,-0.02677100045340402,-0.5621910095214844,0.0,0.01433372930552317,0.5621910095214844,5.992770195007324,0.09381154144536612,0.08285689779690333,0.5799982845783234,0.17467767792933472,21,-0.02677100045340402,-0.014016656888592135,0.05155540307362874,0.04092699828765392,0
252,1774286247.3772416,19,0.0,0.0,0.0,0.0,0.0,6.043910980224609,0.0,0.061052451008244565,0.5799982845783234,0.17799695244573677,19,0.0,0.0,0.113477925243585,0.040926998287653914,0
253,1774286247.4776216,19,-0.20219150342439351,-1.499176025390625,0.5153417587280273,0.3063673334968863,2.0145177841186523,6.043910980224609,0.33331360946745564,0.030526225504122283,0.5799982845783234,0.1295118063479676,19,-0.20219150342439351,-0.10584322316281951,0.17319393220047155,0.06042916302028797,0
254,1774286247.577693,20,-0.04450678825378418,-1.405477523803711,0.5153417587280273,0.11006635570964818,1.9208192825317383,6.043910980224609,0.317810650887574,0.038666552305221556,0.3866655230522156,0.11599965691566468,20,-0.04450678825378418,-0.023299571265422276,0.17722169806559881,0.0608969590287631,0
255,1774286247.67721,20,0.025767087936401367,0.0,0.5153417587280273,0.012614913593722576,0.5153417587280273,6.043910980224609,0.08526627218934911,0.07733310461044311,0.7733310461044312,0.1971615047276808,20,0.025767087936401367,0.013494532700845658,0.169659362155564,0.06137854495062067,0
256,1774286247.777213,20,-0.07027387619018555,-1.405477523803711,0.0,0.09382993582107702,1.405477523803711,5.992770195007324,0.2345288536134153,0.06766646653413773,0.3866655230522156,0.1404160288155753,20,-0.07027387619018555,-0.03680224167167456,0.08861084903279941,0.06274046970104907,0
257,1774286247.8772428,20,-0.07495880126953125,-1.499176025390625,0.0,0.10675761586753651,1.499176025390625,6.043910980224609,0.24804733727810652,0.05799982845783234,0.3866655230522156,0.12379336912176456,20,-0.07495880126953125,-0.039247947409747824,0.08680246435866064,0.06408603069399561,0
258,1774286247.9777706,23,-0.0203692394754161,-0.4684925079345703,0.0,0.00912793016975069,0.4684925079345703,6.043910980224609,0.07751479289940828,0.0,0.0,0.0,23,-0.0203692394754161,-0.010664770418021823,0.08119975984096527,0.06397609381076605,0
259,1774286248.0772471,23,-0.10795696921970534,-1.405477523803711,0.5153417587280273,0.11383358733512729,1.9208192825317383,6.043910980224609,0.317810650887574,0.04202886120132778,0.1933327615261078,0.07974415731556585,23,-0.10795696921970534,-0.056542530841617374,0.1213068307614794,0.06675682901915357,0
260,1774286248.1771743,23,0.06518156632133153,-0.4216432571411133,0.5153417587280273,0.03697641530582644,0.9369850158691406,6.043910980224609,0.15502958579881657,0.0,0.0,0.0,23,0.17449648483939795,0.09137319023912321,0.12767257836629758,0.0693413633918826,0
261,1774286248.277259,24,0.0,-0.9838342666625977,1.1243820190429688,0.10663324090387505,2.1082162857055664,5.992770195007324,0.3517932804201229,0.016111063460508983,0.3866655230522156,0.07726594601800069,24,0.0,0.0,0.1109873260612841,0.06630760424895712,0
262,1774286248.377603,24,0.05270540714263916,-0.37479400634765625,0.9369850158691406,0.06791467455080635,1.3117790222167969,5.992770195007324,0.21889359670585426,0.008055531730254492,0.1933327615261078,0.03863297300900034,24,0.05270540714263916,0.027740943229089085,0.09836228217994958,0.0678520663692628,0
263,1774286248.4772096,22,0.05110827359286221,-0.37479400634765625,0.9369850158691406,0.06662555783109875,1.3117790222167969,5.992770195007324,0.21889359670585426,0.043939263983206314,0.1933327615261078,0.08101999954277977,22,0.023985023133492354,0.012626951845590876,0.10175408501374095,0.06919163846068528,0
264,1774286248.5771358,26,-0.054056827838604264,-0.7495880126953125,0.0,0.035234522423970654,0.7495880126953125,5.992770195007324,0.12508205526048816,0.0,0.0,0.0,26,-0.1699470798013664,-0.08945718708661318,0.11192949351511504,0.06932932045212799,0
265,1774286248.6776521,22,0.07879192178899591,0.0,0.9369850158691406,0.04816431049034167,0.9369850158691406,6.043910980224609,0.15502958579881657,0.008787852796641264,0.1933327615261078,0.04027100063673795,22,0.022079670828495296,0.01161814089308131,0.12888850768407187,0.06628138302022833,0
266,1774286248.777729,21,0.11377675192696708,0.0,1.546025276184082,0.13473705547191775,1.546025276184082,6.043910980224609,0.2557988165680473,0.05523793186460223,0.5799982845783234,0.17025474034060006,21,0.08911925150935812,0.04689283940187675,0.13855514576037725,0.07040690183039677,0
267,1774286248.8772752,28,-0.0033463750566755024,-1.2649297714233398,0.7495880126953125,0.16036979483156033,2.0145177841186523,6.043910980224609,0.33331360946745564,0.0621426733476775,0.5799982845783234,0.17939044592722295,28,-0.0033463750566755024,-0.0017616670817865554,0.13311436039502503,0.06993790553463672,0
268,1774286248.9772477,27,0.0,-1.2649297714233398,1.546025276184082,0.18810697118472794,2.810955047607422,6.043910980224609,0.4650887573964497,0.057283781192920824,0.5799982845783234,0.16484645988350644,27,0.0,0.0,0.11277744422356288,0.06993790553463672,0
269,1774286249.077743,27,0.09890397389729817,-0.5153417587280273,1.546025276184082,0.19222570636480268,2.0613670349121094,6.043910980224609,0.34106508875739644,0.014320945298230206,0.3866655230522156,0.07302277952877065,27,0.15278061230977374,0.08040166348644247,0.0837775299946467,0.07409425726148165,0
270,1774286249.167995,27,0.09196334415011936,-0.4684925079345703,1.405477523803711,0.09518854638394887,1.8739700317382812,6.043910980224609,0.31005917159763313,0.07160472649115103,1.5466620922088623,0.2936666884680253,27,0.11873434460352339,0.0627984453607299,0.0589828763977956,0.07641982449892891,0
271,1774286249.2678921,25,0.10494232177734375,0.0,1.405477523803711,0.10206589959125267,1.405477523803711,6.043910980224609,0.23254437869822486,0.023199931383132935,0.1933327615261078,0.06282571118049703,25,0.10494232177734375,0.05550593363424268,0.043333205169644846,0.07955315841501549,0
272,1774286249.3675075,26,-0.012613259829007663,-1.1243820190429688,0.4216432571411133,0.06070584830086429,1.546025276184082,6.043910980224609,0.2557988165680473,0.022307626329935513,0.1933327615261078,0.061767020399100626,26,0.18957824359538586,0.10031200473751195,0.049152396998163,0.07964241485725304,0
273,1774286249.467978,24,0.09369850158691406,0.0,1.405477523803711,0.10315805809568701,1.405477523803711,6.043910980224609,0.23254437869822486,0.0,0.0,0.0,24,0.13820528984069824,0.07311346634831864,0.06122204114993413,0.06619324109366193,0
274,1774286249.5674298,24,0.05856156349182129,0.0,0.8432865142822266,0.03937016312960395,0.8432865142822266,6.043910980224609,0.1395266272189349,0.0,0.0,0.0,24,0.03279447555541992,0.017349557702951355,0.06766646653413773,0.06501595847759736,0
275,1774286249.6673355,21,0.0513110842023577,-0.4216432571411133,0.5621910095214844,0.04199583606944598,0.9838342666625977,6.043910980224609,0.1627810650887574,0.0,0.0,0.0,21,0.12158496039254324,0.06432650050358382,0.039894061902212716,0.06527688655306142,0
276,1774286249.7675912,23,0.02240616342295771,0.0,0.5153417587280273,0.01104479550539834,0.5153417587280273,6.043910980224609,0.08526627218934911,0.008405772240265556,0.1933327615261078,0.03942656658922785,23,0.09736496469248895,0.051506358784542274,0.03222212692101797,0.06146567988374767,0
277,1774286249.8673847,18,0.0,0.0,0.0,0.0,0.0,6.043910980224609,0.0,0.0,0.0,0.0,18,0.0203692394754161,0.010779576326773295,0.014009620400442593,0.05704733819853533,0
278,1774286249.9678588,21,0.008923666817801339,-0.6090402603149414,1.405477523803711,0.12931213708892456,2.0145177841186523,6.043910980224609,0.33331360946745564,0.009206321977433703,0.1933327615261078,0.04117192352858409,21,0.11688063603750667,0.06182159944193528,0.019333276152610778,0.05599250396200031,0
279,1774286250.0674243,22,0.06388534199107777,0.0,1.405477523803711,0.08570807534765625,1.405477523803711,6.043910980224609,0.23254437869822486,0.017575705593282528,0.1933327615261078,0.05557926115933376,22,-0.0012962243302537535,-0.0006857422840835322,0.008168989923638357,0.04548551164264456,0
280,1774286250.1676514,22,0.010647556998512962,-0.6090402603149414,1.405477523803711,0.12090280406581287,2.0145177841186523,6.043910980224609,0.33331360946745564,0.017575705593282528,0.1933327615261078,0.05557926115933376,22,0.010647556998512962,0.005632458923465976,0.02209517274584089,0.04578600589185117,0
281,1774286250.267327,22,-0.16610188917680221,-0.6558895111083984,0.0,0.07397196428946927,0.6558895111083984,6.043910980224609,0.1085207100591716,0.0,0.0,0.0,22,-0.21880729631944137,-0.1157879639803926,0.016111063460508983,0.06401199177737851,0
282,1774286250.367468,24,0.015616416931152344,-0.6558895111083984,1.6865730285644531,0.15412740594911156,2.3424625396728516,6.043910980224609,0.3875739644970414,0.008055531730254492,0.1933327615261078,0.03863297300900034,24,-0.03549185666170987,-0.01877619156893616,0.016571379559380667,0.06395945391217692,0
283,1774286250.467919,22,-0.08730996738780629,-0.6558895111083984,0.0,0.04834570324240018,0.6558895111083984,6.043910980224609,0.1085207100591716,0.017575705593282528,0.1933327615261078,0.05557926115933376,22,-0.033253139549202025,-0.017586964817411246,0.01961346856061963,0.06876324889076131,0
284,1774286250.5677736,26,-0.1009060786320613,-1.3117790222167969,1.6865730285644531,0.23479724692331935,2.99835205078125,6.043910980224609,0.49609467455621303,0.05948700354649471,0.3866655230522156,0.1395093894695755,26,-0.1796980004210572,-0.09507219733104928,0.04356794625940457,0.07211569040793538,0
285,1774286250.667889,24,-0.05270540714263916,-0.6558895111083984,0.0,0.03060218545236637,0.6558895111083984,6.043910980224609,0.1085207100591716,0.03222212692101797,0.3866655230522156,0.09113793780042166,24,-0.16648215906960623,-0.08807833817836459,0.05850859888290104,0.07264498932486657,0
286,1774286250.7679455,22,-0.029813159595836292,-0.6558895111083984,0.0,0.01866531418682292,0.6558895111083984,6.043910980224609,0.1085207100591716,0.05272711677984758,0.5799982845783234,0.16673778347800128,22,-0.02646678453916079,-0.013998625009204266,0.04479661547556156,0.06961813499933206,0
287,1774286250.867421,24,0.0,0.0,0.0,0.0,0.0,6.043910980224609,0.0,0.08861084903279941,0.7733310461044312,0.23664624110158428,24,0.0,0.0,0.04773648432743402,0.06959371229790748,0
288,1774286250.9678726,23,0.0,0.0,0.0,0.0,0.0,6.043910980224609,0.0,0.10086926688318668,0.7733310461044312,0.26044332718848884,23,-0.09890397389729817,-0.0523265577483796,0.036708752188501476,0.06959371229790748,0
289,1774286251.0674195,23,0.0,0.0,0.0,0.0,0.0,6.043910980224609,0.0,0.09246349464292111,0.7733310461044312,0.24099804919789292,23,-0.09196334415011936,-0.048416423810498495,0.0396580023643298,0.06644167167725247,0
290,1774286251.167749,22,0.0,0.0,0.0,0.0,0.0,6.043910980224609,0.0,0.07030282237313011,0.9666638076305389,0.2298321736276233,22,-0.10494232177734375,-0.05523696388953762,0.015466620922088623,0.06327581941921291,0
291,1774286251.2678833,23,-0.12425236080003821,-0.7495880126953125,0.0,0.07359601152319901,0.7495880126953125,5.992770195007324,0.12508205526048816,0.07565195016239,0.7733310461044312,0.20348220088194044,23,-0.11163910097103055,-0.058745800931655566,0.00783781465646383,0.0638082624724124,0
292,1774286251.3673372,21,-0.13608591897147043,-0.7495880126953125,0.0,0.07899477483932763,0.7495880126953125,5.992770195007324,0.12508205526048816,0.07365057581946963,0.7733310461044312,0.1931134389807159,21,-0.2297844205583845,-0.1209799691314135,0.0,0.06926677598475402,0
293,1774286251.4675553,17,0.0,0.0,0.0,0.0,0.0,5.992770195007324,0.0,0.13647018460666432,0.7733310461044312,0.2948092931665478,17,-0.05856156349182129,-0.03081983973306913,0.0028431288459721733,0.0645184449479965,0
294,1774286251.567278,19,-0.03945200066817434,-0.7495880126953125,0.0,0.028016286420989325,0.7495880126953125,5.992770195007324,0.12508205526048816,0.13228031051786324,0.9666638076305389,0.3076273549072486,19,-0.09076308487053204,-0.047771492947717493,0.003118270347195287,0.0617792717420688,0
295,1774286251.667459,16,0.0,0.0,0.0,0.0,0.0,5.992770195007324,0.0,0.14499957114458084,0.7733310461044312,0.3018406771888445,16,-0.02240616342295771,-0.011793538340258439,0.006236540694390574,0.05944577071997002,0
296,1774286251.7673151,18,-0.09630123774210612,-0.8901357650756836,0.0,0.07425239524473505,0.8901357650756836,5.992770195007324,0.14853494062182968,0.13962921665774453,0.7733310461044312,0.28679905379958165,18,-0.09630123774210612,-0.050686716646048985,0.009508168599644646,0.05976665260988376,0
297,1774286251.8679628,18,-0.091095765431722,-0.8901357650756836,0.0,0.06693622091170758,0.8901357650756836,5.992770195007324,0.14853494062182968,0.13962921665774453,0.7733310461044312,0.28679905379958165,18,-0.10001943224952334,-0.05263892388789529,0.014871750886623677,0.06026585401569918,0
298,1774286251.9675121,19,-0.22191750375848068,-0.9369850158691406,0.0,0.13904784514931115,0.9369850158691406,5.992770195007324,0.15635256907561018,0.061052451008244565,0.5799982845783234,0.17799695244573677,19,-0.28580284574955844,-0.1504155969660952,0.01171713706218835,0.07074587148705112,0
299,1774286252.0679536,20,-0.24595856666564941,-0.9369850158691406,0.0,0.14307693430026802,0.9369850158691406,5.992770195007324,0.15635256907561018,0.11599965691566468,0.5799982845783234,0.23199931383132935,20,-0.25660612366416236,-0.13503437899754542,0.00852938653791652,0.07713644167360942,0
300,1774286252.1679285,19,-0.17260250292326274,-0.9369850158691406,0.0,0.11368240527336333,0.9369850158691406,6.043910980224609,0.15502958579881657,0.12210490201648913,0.7733310461044312,0.2819891921943715,19,-0.006500613746460521,-0.0034202930666274883,0.00852938653791652,0.07809435039809912,0
301,1774286252.2678246,19,0.0,0.0,0.0,0.0,0.0,5.992770195007324,0.0,0.2035081700274819,0.9666638076305389,0.39409187666679235,19,-0.015616416931152344,-0.008217624785259664,0.029536949677599802,0.07704950029769495,0
302,1774286252.367756,17,-0.05787260392132927,-0.9838342666625977,0.0,0.053587812554160896,0.9838342666625977,5.992770195007324,0.16417019752939072,0.1705877307583304,0.9666638076305389,0.36851161645818475,17,0.029437363466477018,0.015494680278554353,0.03759248140785429,0.07463440872381927,0
303,1774286252.4678743,19,-0.05424650091873972,-1.0306835174560547,0.0,0.052968291514682915,1.0306835174560547,5.992770195007324,0.17198782598317122,0.13228031051786324,0.7733310461044312,0.2590236126959352,19,0.04665957771332158,0.024556370889542208,0.04833319038152695,0.07466117991333034,0
304,1774286252.5678737,18,0.0,0.0,0.0,0.0,0.0,5.992770195007324,0.0,0.10740708973672655,0.7733310461044312,0.24303450080112443,18,0.05270540714263916,0.02773991283597058,0.05799982845783234,0.07588008540914548,0
305,1774286252.6678867,19,-0.09863000167043585,-1.0775327682495117,0.0,0.08476629020864432,1.0775327682495117,5.992770195007324,0.17980545443695173,0.2035081700274819,0.7733310461044312,0.3405343018701883,19,-0.06881684207459957,-0.03622051138112016,0.08125579832256705,0.0761339890466837,0
306,1774286252.7678025,18,-0.05986293156941732,-1.0775327682495117,0.0,0.060920699793440586,1.0775327682495117,5.992770195007324,0.17980545443695173,0.10740708973672655,0.7733310461044312,0.21588557853613438,18,-0.05986293156941732,-0.031500480045151595,0.09390448416982378,0.07565242497892075,0
307,1774286252.8678436,19,-0.056712250960500615,-1.0775327682495117,0.0,0.057893029362122435,1.0775327682495117,5.992770195007324,0.17980545443695173,0.1628065360219855,0.7733310461044312,0.3152735013334339,19,-0.056712250960500615,-0.02984900859683149,0.08813699422513738,0.07402408555759858,0
308,1774286252.9678316,18,-0.05986293156941732,-1.0775327682495117,0.0,0.060920699793440586,1.0775327682495117,5.992770195007324,0.17980545443695173,0.20407347049978045,1.3533293306827545,0.39972180140833974,18,-0.05986293156941732,-0.03149997419783063,0.07960760768722086,0.07221000600527208,0
309,1774286253.0678074,19,0.0,0.0,0.0,0.0,0.0,5.992770195007324,0.0,0.15263112752061142,0.7733310461044312,0.29805437247207,19,0.0,0.0,0.07323210663867719,0.07221000600527208,0
310,1774286253.1774564,18,-0.1275340716044108,-1.1712312698364258,0.0,0.13018048347943376,1.1712312698364258,6.043910980224609,0.1937869822485207,0.15036992563141716,0.7733310461044312,0.28498321318460346,18,-0.0032817108043725896,-0.0017185573267206084,0.09191229646323157,0.07085825770794844,0
311,1774286253.2822516,18,0.0,0.0,0.0,0.0,0.0,6.043910980224609,0.0,0.10740708973672655,0.5799982845783234,0.2060425227146685,18,0.13608591897147043,0.07106632084080912,0.11192949351511504,0.07232368911663192,0
312,1774286253.3823063,18,0.0,0.0,0.0,0.0,0.0,6.043910980224609,0.0,0.11814779871039921,0.7733310461044312,0.2667936761837706,18,0.0,0.0,0.137563695701269,0.07274223350957063,0
313,1774286253.481873,18,0.0,0.0,0.0,0.0,0.0,6.043910980224609,0.0,0.12888850768407187,0.7733310461044312,0.2882034647000886,18,0.03945200066817434,0.02060592347156644,0.13861594222626597,0.07274223350957064,0
314,1774286253.5819395,20,-0.06090402603149414,-1.2180805206298828,0.0,0.0704767073500534,1.2180805206298828,6.043910980224609,0.20153846153846153,0.15466620922088622,1.1599965691566467,0.3748861335315149,20,-0.06090402603149414,-0.03181229983438177,0.14128163342292493,0.07245471224832531,0
315,1774286253.682285,22,0.0,0.0,0.0,0.0,0.0,6.043910980224609,0.0,0.05272711677984758,0.5799982845783234,0.13269366731234516,22,0.09630123774210612,0.05028864249010351,0.11248451579700816,0.07245471224832531,0
316,1774286253.7822778,21,-0.06023475102015904,-1.2649297714233398,0.0,0.07256450460921099,1.2649297714233398,6.043910980224609,0.20928994082840235,0.05523793186460223,0.3866655230522156,0.12143972742590917,21,0.030861014411562963,0.016121178932904455,0.1051458878475323,0.07223049856011776,0
317,1774286253.8820117,20,0.18973946571350098,0.0,3.7947893142700195,0.6840202321356514,3.7947893142700195,6.043910980224609,0.6278698224852071,0.07733310461044311,0.3866655230522156,0.15466620922088622,20,0.41165696947198166,0.21502066984170604,0.09999970423764196,0.09124321324564989,0
318,1774286253.9821868,20,-0.24830102920532227,-1.3117790222167969,0.0,0.24716231749266626,1.3117790222167969,6.043910980224609,0.2170414201183432,0.08699974268674851,0.7733310461044312,0.23260269408006107,20,-0.0023424625396728516,-0.0012237080258805841,0.1466662328818749,0.09381121086354081,0
319,1774286254.081832,21,0.0,0.0,0.0,0.0,0.0,6.043910980224609,0.0,0.04603160988716852,0.3866655230522156,0.11789844678263292,21,0.17260250292326274,0.09018349420187007,0.16521163257685575,0.0836257231212163,0
320,1774286254.1823158,21,-0.11823858533586774,-1.2649297714233398,0.0,0.13286570747925225,1.2649297714233398,6.043910980224609,0.20928994082840235,0.027618965932301114,0.1933327615261078,0.06765237375744962,21,-0.11823858533586774,-0.06175979643088687,0.16872677369551226,0.08019341665213264,0
321,1774286254.2824094,24,0.0,0.0,0.0,0.0,0.0,6.043910980224609,0.0,0.05638872211178144,0.3866655230522156,0.1306387712481521,24,0.05787260392132927,0.030226149390807762,0.13604898033318696,0.08019341665213264,0
322,1774286254.3823204,24,0.0,0.0,0.0,0.0,0.0,6.043910980224609,0.0,0.03222212692101797,0.1933327615261078,0.07205086617502215,24,0.05424650091873972,0.02833535009406543,0.1484519418861185,0.08056241604508248,0
323,1774286254.4822643,22,-0.059626319191672585,-1.3117790222167969,0.0,0.07466125674729168,1.3117790222167969,6.043910980224609,0.2170414201183432,0.017575705593282528,0.1933327615261078,0.05557926115933376,22,-0.059626319191672585,-0.031146371233768563,0.14060564474626022,0.08062603906825523,0
324,1774286254.5820918,23,0.0,0.0,0.0,0.0,0.0,6.043910980224609,0.0,0.0,0.0,0.0,23,0.09863000167043585,0.05152530572304157,0.1588090541107314,0.08062603906825525,0
325,1774286254.6818728,24,0.0,0.0,0.0,0.0,0.0,6.043910980224609,0.0,0.024166595190763474,0.1933327615261078,0.06393880090992969,24,0.05986293156941732,0.03127519895614534,0.15818135033954273,0.07977920278459756,0
326,1774286254.782411,23,0.0,0.0,0.0,0.0,0.0,6.043910980224609,0.0,0.02521731672079667,0.1933327615261078,0.06511083179712221,23,0.056712250960500615,0.02962144287565531,0.17261853707688196,0.0798410395188269,0
327,1774286254.881705,22,0.0,0.0,0.0,0.0,0.0,6.043910980224609,0.0,0.02636355838992379,0.1933327615261078,0.06634683365617257,22,0.05986293156941732,0.03127841711153026,0.16872677369551226,0.07985204129169997,0
328,1774286254.9822788,23,0.0,0.0,0.0,0.0,0.0,6.043910980224609,0.0,0.0,0.0,0.0,23,0.0,0.0,0.1370905036276037,0.07969520833826768,0
329,1774286255.0822978,24,-0.05270540714263916,-1.2649297714233398,0.0,0.06389077866764126,1.2649297714233398,5.992770195007324,0.21107596825207375,0.024166595190763474,0.1933327615261078,0.06393880090992969,24,0.07482866446177164,0.03928340887429859,0.1253082713595143,0.07972099970759465,0
330,1774286255.1822755,21,0.0,0.0,0.0,0.0,0.0,6.043910980224609,0.0,0.018412643954867407,0.1933327615261078,0.056751580113533366,21,0.0,0.0,0.11814779871039921,0.07644913737650269,0
331,1774286255.2823365,22,0.0,0.0,0.0,0.0,0.0,5.992770195007324,0.0,0.02636355838992379,0.1933327615261078,0.06634683365617257,22,0.0,0.0,0.13464245891996793,0.07644913737650269,0
332,1774286255.3822324,21,-0.07362025124686104,-1.546025276184082,0.0,0.10839882787301888,1.546025276184082,5.992770195007324,0.2579817389747568,0.027618965932301114,0.1933327615261078,0.06765237375744962,21,-0.07362025124686104,-0.03874017280644189,0.10955523153146109,0.07714205519257239,0
333,1774286255.4817107,22,-0.25767087936401367,-1.546025276184082,0.0,0.30164254221693393,1.546025276184082,6.043910980224609,0.2557988165680473,0.035151411186565056,0.3866655230522156,0.09464807122150211,22,-0.19676685333251953,-0.10357397350323498,0.08592567178938124,0.09209344224595983,0
334,1774286255.5823166,22,-0.1384182409806685,-1.546025276184082,0.0,0.19164597736864034,1.546025276184082,5.992770195007324,0.2579817389747568,0.035151411186565056,0.3866655230522156,0.11115852231866752,22,-0.1384182409806685,-0.07285049544040598,0.061375479849558025,0.09461124946970673,0
335,1774286255.6817293,20,-0.06324648857116699,-1.2649297714233398,0.0,0.07600224801507238,1.2649297714233398,6.043910980224609,0.20928994082840235,0.05799982845783234,0.3866655230522156,0.12379336912176456,20,-0.003011737551007955,-0.0015855827643809323,0.07289595926394228,0.09424582612824932,0
336,1774286255.7822678,22,-0.11712312698364258,-1.3117790222167969,0.0,0.13722815175108075,1.3117790222167969,6.043910980224609,0.2170414201183432,0.02636355838992379,0.1933327615261078,0.06634683365617257,22,-0.30686259269714355,-0.1614848564386672,0.0697265697307274,0.09553897445479503,0
337,1774286255.8821726,23,0.0,0.0,0.0,0.0,0.0,5.992770195007324,0.0,0.08405772240265556,0.5799982845783234,0.1960546142880579,23,0.24830102920532227,0.1306857295876407,0.05301059590231988,0.07966563185750244,0
338,1774286255.9818702,23,-0.17924930738366168,-1.546025276184082,0.0,0.21617428077470485,1.546025276184082,5.992770195007324,0.2579817389747568,0.05043463344159334,0.3866655230522156,0.13022166359424442,23,-0.17924930738366168,-0.09433984189860209,0.043939263983206314,0.07244527605854617,0
339,1774286256.0823388,23,-0.06925541421641475,-1.592874526977539,0.0,0.10551887276231796,1.592874526977539,5.860805511474609,0.2717842323651452,0.05043463344159334,0.3866655230522156,0.13022166359424442,23,0.048983171119452995,0.025780304524478163,0.03922693712123926,0.07147813845588474,0
340,1774286256.1818266,21,-0.07585116795131139,-1.592874526977539,0.0,0.11506799359156096,1.592874526977539,5.860805511474609,0.2717842323651452,0.07365057581946963,0.5799982845783234,0.18366554661167991,21,-0.07585116795131139,-0.03993391734640249,0.035904655711991446,0.0702324283282237,0
341,1774286256.282337,21,-0.11823858533586774,-1.2649297714233398,0.0,0.13286570747925225,1.2649297714233398,6.043910980224609,0.20928994082840235,0.04603160988716852,0.3866655230522156,0.10168714988122056,21,-0.11823858533586774,-0.06223029245154171,0.016811544480531113,0.07038588285779325,0
342,1774286256.381829,23,-0.054996946583623474,-1.2649297714233398,0.0,0.06654261093748251,1.2649297714233398,6.043910980224609,0.20928994082840235,0.05043463344159334,0.3866655230522156,0.13022166359424442,23,0.004629372608049111,0.002437070189371678,0.014009620400442593,0.06903974233819958,0
343,1774286256.4823196,25,-0.050597190856933594,-1.2649297714233398,0.0,0.06144181734271115,1.2649297714233398,6.043910980224609,0.20928994082840235,0.04639986276626587,0.3866655230522156,0.12565142236099405,25,-0.050597190856933594,-0.026626908233526342,0.016571379559380667,0.06908983067886816,0
344,1774286256.5822413,23,0.0,0.0,0.0,0.0,0.0,6.043910980224609,0.0,0.05043463344159334,0.3866655230522156,0.13022166359424442,23,0.0,0.0,0.02521731672079667,0.06908983067886816,0
345,1774286256.6822615,24,-0.05856156349182129,-1.405477523803711,0.0,0.07887750452795217,1.405477523803711,6.043910980224609,0.23254437869822486,0.024166595190763474,0.1933327615261078,0.06393880090992969,24,-0.05856156349182129,-0.030824303041331234,0.01705877307583304,0.0676018433299031,0
346,1774286256.7818208,26,0.0,0.0,0.0,0.0,0.0,6.043910980224609,0.0,0.0966663807630539,0.7733310461044312,0.22906841594688948,26,0.0,0.0,0.016811544480531113,0.0676018433299031,0
347,1774286256.882204,25,-0.04872322082519531,-1.2180805206298828,0.0,0.05697485394193791,1.2180805206298828,5.992770195007324,0.20325833979829325,0.11599965691566468,0.7733310461044312,0.26788973258465293,25,-0.04872322082519531,-0.02564480959895915,0.014215644229860866,0.06605867273244825,0
348,1774286256.9823165,25,-0.04872322082519531,-1.2180805206298828,0.0,0.05697485394193791,1.2180805206298828,5.992770195007324,0.20325833979829325,0.1314662778377533,0.7733310461044312,0.26632245784886466,25,0.003982186317443848,0.0020958669165603416,0.023084508838938242,0.06438646987921247,0
349,1774286257.082176,23,-0.0998092734295389,-1.1712312698364258,0.0,0.10464757033702358,1.1712312698364258,5.992770195007324,0.19544071134451274,0.10927503912345223,0.9666638076305389,0.25384875485839936,23,-0.0998092734295389,-0.052533949420312406,0.024166595190763474,0.06455928203404478,0
350,1774286257.1818557,22,0.0,0.0,0.0,0.0,0.0,5.992770195007324,0.0,0.06151496957648884,0.5799982845783234,0.15842526929759843,22,0.0,0.0,0.029743501773247354,0.06455928203404478,0
351,1774286257.2817438,21,0.0,0.0,0.0,0.0,0.0,5.992770195007324,0.0,0.05523793186460223,0.3866655230522156,0.13530474751489924,21,0.07362025124686104,0.03875746872470409,0.032717851950572086,0.06455928203404478,0
352,1774286257.3820841,19,0.0,0.0,0.0,0.0,0.0,5.992770195007324,0.0,0.10175408501374095,0.7733310461044312,0.23776513672262922,19,0.25767087936401367,0.1355896011714841,0.04229154158383608,0.06647258415215004,0
353,1774286257.48199,19,0.0,0.0,0.0,0.0,0.0,5.992770195007324,0.0,0.1628065360219855,0.7733310461044312,0.3152735013334339,19,0.1384182409806685,0.07286422838228303,0.039270717184990644,0.05207141544709575,0
354,1774286257.5818472,19,0.0,0.0,0.0,0.0,0.0,5.992770195007324,0.0,0.14245571901923731,0.7733310461044312,0.28636137838491815,19,0.06324648857116699,0.03328556056008328,0.05651265336916997,0.04982598206543171,0
355,1774286257.6774628,17,0.0,0.0,0.0,0.0,0.0,5.992770195007324,0.0,0.09098012307110954,0.7733310461044312,0.24915932845321442,17,0.11712312698364258,0.061800039853949364,0.054019448073471296,0.05083221171912201,0
356,1774286257.7776206,16,0.0,0.0,0.0,0.0,0.0,5.860805511474609,0.0,0.21749935671687126,1.3533293306827545,0.4578916159944506,16,0.0,0.0,0.06164232976194741,0.04902198886213735,0
357,1774286257.877855,15,0.0,0.0,0.0,0.0,0.0,5.860805511474609,0.0,0.12888850768407187,0.7733310461044312,0.2703588145730022,15,0.17924930738366168,0.09454152747255577,0.05771127209734561,0.04902198886213734,0
358,1774286257.9773614,14,0.0,0.0,0.0,0.0,0.0,5.860805511474609,0.0,0.08285689779690333,0.5799982845783234,0.20295712127234888,14,0.06925541421641475,0.03654595628292955,0.05651265336916997,0.03790648218986093,0
359,1774286258.0774424,15,0.0,0.0,0.0,0.0,0.0,5.860805511474609,0.0,0.15466620922088622,0.7733310461044312,0.30933241844177245,15,0.07585116795131139,0.04001399825135055,0.05651265336916997,0.03743572987106431,0
360,1774286258.1774526,12,0.0,0.0,0.0,0.0,0.0,5.860805511474609,0.0,0.0,0.0,0.0,12,0.11823858533586774,0.062391225351264935,0.047632709361504814,0.03619471577799548,0
361,1774286258.277763,13,0.0,0.0,0.0,0.0,0.0,5.860805511474609,0.0,0.0,0.0,0.0,13,0.054996946583623474,0.029007840175947767,0.04901393954183014,0.02931985807540206,0
362,1774286258.3773577,13,0.0,0.0,0.0,0.0,0.0,5.860805511474609,0.0,0.11897400709298941,0.7733310461044312,0.27901877893915095,13,0.050597190856933594,0.026699827360743077,0.040277658651272454,0.02828854595516569,0
363,1774286258.477906,17,0.0,0.0,0.0,0.0,0.0,5.992770195007324,0.0,0.03411754615166608,0.1933327615261078,0.07370232329163695,17,0.0,0.0,0.05826466785718317,0.027264563333664203,0
364,1774286258.582163,20,0.0,0.0,0.0,0.0,0.0,5.992770195007324,0.0,0.0,0.0,0.0,20,0.05856156349182129,0.030823471391112675,0.07991087476412455,0.027264563333664203,0
365,1774286258.6816845,18,0.0,0.0,0.0,0.0,0.0,5.860805511474609,0.0,0.06444425384203593,0.3866655230522156,0.1441017323500443,18,0.0,0.0,0.11447334564045857,0.025262922140074407,0
366,1774286258.7778077,17,0.0,0.0,0.0,0.0,0.0,5.860805511474609,0.0,0.09098012307110954,0.7733310461044312,0.24915932845321442,17,0.04872322082519531,0.02570327433755206,0.11917772970787466,0.025262922140074407,0
367,1774286258.8820288,20,0.04216432571411133,0.0,0.8432865142822266,0.033778776895587725,0.8432865142822266,5.992770195007324,0.14071731216804917,0.14499957114458084,0.9666638076305389,0.3451680198328103,20,0.09088754653930664,0.047842794608564713,0.10219017394951412,0.02602687486916606,0
368,1774286258.9774897,18,0.0,0.0,0.0,0.0,0.0,5.860805511474609,0.0,0.15036992563141716,0.9666638076305389,0.33828970812467124,18,0.0998092734295389,0.052661082613848824,0.07616139090422427,0.024055741960707023,0
369,1774286259.0720763,20,0.0,0.0,0.0,0.0,0.0,5.992770195007324,0.0,0.13533293306827546,1.3533293306827545,0.3463841176217349,20,0.0,0.0,0.0717202179854916,0.009189501740517237,0
370,1774286259.1724405,21,0.0,0.0,0.0,0.0,0.0,5.992770195007324,0.0,0.05523793186460223,0.5799982845783234,0.17025474034060006,21,0.0,0.0,0.10485844692941439,0.009189501740517237,0
371,1774286259.2725835,20,0.0,0.0,0.0,0.0,0.0,5.860805511474609,0.0,0.0966663807630539,0.7733310461044312,0.23280347330957232,20,0.0,0.0,0.13567211335165458,0.009189501740517237,0
372,1774286259.3720572,20,0.0,0.0,0.0,0.0,0.0,5.860805511474609,0.0,0.11599965691566468,0.7733310461044312,0.27613441586624826,20,0.0,0.0,0.1335753625089472,0.009189501740517237,0
373,1774286259.4721372,21,-0.06023475102015904,-0.6558895111083984,0.0,0.03452039807746828,0.6558895111083984,5.860805511474609,0.1119111545032951,0.11968218570663816,0.9666638076305389,0.2951771375869748,21,-0.06023475102015904,-0.031865348873677486,0.14871750886623675,0.016416041818674117,0
374,1774286259.5720437,21,0.0,0.0,0.0,0.0,0.0,5.860805511474609,0.0,0.14730115163893925,0.9666638076305389,0.31517369658769684,21,0.0,0.0,0.14499957114458084,0.016416041818674117,0
375,1774286259.6722562,23,-0.07740311000658118,-0.6090402603149414,0.0,0.04000522849851644,0.6090402603149414,5.860805511474609,0.10391750061020259,0.16811544480531113,0.9666638076305389,0.3663991173773706,23,-0.07740311000658118,-0.04085382268075333,0.14607364204194812,0.023389674254703226,0
376,1774286259.7725608,19,0.0,0.0,0.0,0.0,0.0,5.860805511474609,0.0,0.061052451008244565,0.3866655230522156,0.14099459609718576,19,0.0,0.0,0.12302993915297768,0.023389674254703226,0
377,1774286259.8725486,18,-0.036438306172688804,-0.6558895111083984,0.0,0.02257175266448838,0.6558895111083984,5.860805511474609,0.1119111545032951,0.20407347049978045,0.9666638076305389,0.383820704185376,18,-0.036438306172688804,-0.019226758884660123,0.08487779774316927,0.024346468422144264,0
378,1774286259.9721844,19,0.0,0.0,0.0,0.0,0.0,5.860805511474609,0.0,0.14245571901923731,0.9666638076305389,0.28636137838491815,19,0.0,0.0,0.05799982845783234,0.024346468422144264,0
379,1774286260.0818434,20,0.13820528984069824,0.0,1.2180805206298828,0.09514136007027219,1.2180805206298828,6.043910980224609,0.20153846153846153,0.08699974268674851,0.5799982845783234,0.20710081189968624,20,0.13820528984069824,0.07257191589857973,0.040701634005496375,0.03988970352995436,0
380,1774286260.181675,19,0.05424650091873972,0.0,0.5621910095214844,0.025243841410578918,0.5621910095214844,5.860805511474609,0.09592384671711009,0.040701634005496375,0.3866655230522156,0.11866463496382453,19,0.05424650091873972,0.028492125160191586,0.04945721806481827,0.04158435878896314,0
381,1774286260.2816613,21,0.0,0.0,0.0,0.0,0.0,5.992770195007324,0.0,0.13809482966150557,0.9666638076305389,0.33826186878724807,21,0.0,0.0,0.04253320753574372,0.04158435878896314,0
382,1774286260.3821895,20,0.0,0.0,0.0,0.0,0.0,5.860805511474609,0.0,0.0966663807630539,0.7733310461044312,0.24069734700019407,20,0.0,0.0,0.03163627006790855,0.04158435878896314,0
383,1774286260.4820783,21,-0.05354200090680804,-1.1243820190429688,0.0,0.05733491722209268,1.1243820190429688,6.043910980224609,0.18603550295857987,0.12888850768407187,1.1599965691566467,0.3444690263188411,21,-0.05354200090680804,-0.028181257979087573,0.04921197566119107,0.043377833906113286,0
384,1774286260.5822473,19,0.0,0.0,0.0,0.0,0.0,6.043910980224609,0.0,0.08140326801099275,0.7733310461044312,0.23732926992764905,19,0.0,0.0,0.10193909244103865,0.043377833906113286,0
385,1774286260.681757,21,0.024540083748953685,0.0,0.5153417587280273,0.01204431420811321,0.5153417587280273,6.043910980224609,0.08526627218934911,0.05523793186460223,0.5799982845783234,0.17025474034060006,21,0.024540083748953685,0.01288904292532509,0.1300602213902907,0.04369648806752777,0
386,1774286260.78216,20,0.09838342666625977,0.0,1.0306835174560547,0.08733317301334864,1.0306835174560547,5.992770195007324,0.17198782598317122,0.0,0.0,0.0,20,0.05621910095214844,0.02958695704546002,0.1433329094072868,0.048514283016544,0
387,1774286260.882268,23,0.0203692394754161,0.0,0.4684925079345703,0.00912793016975069,0.4684925079345703,6.043910980224609,0.07751479289940828,0.033623088961062225,0.7733310461044312,0.1577062663569114,23,0.0203692394754161,0.01069375900306346,0.11141209986250279,0.04794225815327351,0
388,1774286260.9820561,21,0.0,0.0,0.0,0.0,0.0,5.992770195007324,0.0,0.009206321977433703,0.1933327615261078,0.04117192352858409,21,0.0,0.0,0.09508168599644645,0.04794225815327351,0
389,1774286261.0820432,19,0.024657500417608964,0.0,0.4684925079345703,0.010943861883198952,0.4684925079345703,6.043910980224609,0.07751479289940828,0.12210490201648913,1.1599965691566467,0.2819891921943716,19,0.024657500417608964,0.012912372382883895,0.08874290693001669,0.04810414869820958,0
390,1774286261.1817453,20,-0.04450678825378418,-0.4684925079345703,0.0,0.01788255911350234,0.4684925079345703,6.043910980224609,0.07751479289940828,0.11599965691566468,0.5799982845783234,0.23199931383132935,20,-0.04450678825378418,-0.023312213826730963,0.11092863366252086,0.0493725492059931,0
391,1774286261.281992,21,-0.024540083748953685,-0.5153417587280273,0.0,0.01204431420811321,0.5153417587280273,5.992770195007324,0.08599391299158561,0.09206321977433704,0.5799982845783234,0.1944256631750854,21,-0.024540083748953685,-0.012848650264893516,0.12784908423500677,0.04977032747131242,0
392,1774286261.3822324,19,-0.02712325045936986,-0.5153417587280273,0.0,0.013242072878670729,0.5153417587280273,5.992770195007324,0.08599391299158561,0.08140326801099275,0.5799982845783234,0.19144916848114543,19,0.03311150056078918,0.01733500000600639,0.14574315868891202,0.05020631064706624,0
393,1774286261.481953,20,-0.025767087936401367,-0.2810955047607422,0.0,0.006030356693997874,0.2810955047607422,5.992770195007324,0.04690577072268306,0.08699974268674851,0.5799982845783234,0.20710081189968624,20,-0.025767087936401367,-0.013491262979450087,0.12888850768407187,0.04861254474643807,0
394,1774286261.581797,21,0.0,-1.546025276184082,1.546025276184082,0.22763753853333973,3.092050552368164,5.992770195007324,0.5159634779495136,0.08285689779690333,0.5799982845783234,0.20295712127234886,21,0.07740311000658118,0.0405349369628259,0.14499957114458084,0.048612544746438065,0
395,1774286261.6819756,23,-0.22813548212466034,-1.546025276184082,0.4684925079345703,0.26840263758235083,2.0145177841186523,6.043910980224609,0.33331360946745564,0.05043463344159334,0.3866655230522156,0.13022166359424442,23,-0.22813548212466034,-0.11947926973323539,0.13464245891996793,0.0682838053670563,0
396,1774286261.7822516,23,-0.10388312132462212,-1.499176025390625,0.9369850158691406,0.21871350498556266,2.4361610412597656,6.043910980224609,0.40307692307692305,0.07565195016239,0.9666638076305389,0.21131783738174692,23,-0.06744481515193332,-0.035316912931976405,0.14245571901923731,0.07165132247228523,0
397,1774286261.8816824,22,0.10221654718572443,0.0,1.405477523803711,0.11166537816723214,1.405477523803711,6.043910980224609,0.23254437869822486,0.0966663807630539,0.5799982845783234,0.19112317168459994,22,0.10221654718572443,0.053530586810896556,0.08999973381387777,0.07529350678422189,0
398,1774286261.9820805,26,0.12613259829007661,-0.3279447555541992,1.546025276184082,0.17267903064840165,1.8739700317382812,6.043910980224609,0.31005917159763313,0.029743501773247354,0.1933327615261078,0.06975469473478775,26,-0.012072691550621628,-0.00635325542052775,0.0902219553788503,0.08033127577598075,0
399,1774286262.082352,26,0.03243409670316256,0.0,0.8432865142822266,0.026299265723752515,0.8432865142822266,6.043910980224609,0.1395266272189349,0.03717937721655919,0.3866655230522156,0.09317125225372008,26,-0.02181240421557716,-0.011476123828011425,0.0934441680709521,0.0746034835607899,0
400,1774286262.1773305,28,0.006692750113351005,-0.4216432571411133,0.8432865142822266,0.03366186741593955,1.2649297714233398,6.0138702392578125,0.21033539486203615,0.027618965932301114,0.1933327615261078,0.0676523737574496,28,0.006692750113351005,0.00353054743734271,0.1216125435406162,0.07354795912627364,0
401,1774286262.277636,26,-0.01621704835158128,-0.4216432571411133,0.0,0.006574816430938128,0.4216432571411133,6.0138702392578125,0.07011179828734539,0.029743501773247354,0.1933327615261078,0.06975469473478775,26,-0.01621704835158128,-0.00855579306434952,0.10311080614725748,0.0735931416777869,0
402,1774286262.3773737,26,0.1639723777770996,-0.18739700317382812,1.639723777770996,0.22982636101923723,1.8271207809448242,6.043910980224609,0.30230769230769233,0.0,0.0,0.0,26,0.21751437868390766,0.11476542432477092,0.08874290693001669,0.08225244470039027,0
403,1774286262.4773514,25,0.17240524291992188,0.0,1.405477523803711,0.17395872564520687,1.405477523803711,6.043910980224609,0.23254437869822486,0.0,0.0,0.0,25,0.17240524291992188,0.0909740190872832,0.04511097768942515,0.0888547842334753,0
404,1774286262.5771153,25,0.1686573028564453,-0.23424625396728516,1.546025276184082,0.1940249433118879,1.7802715301513672,6.043910980224609,0.2945562130177515,0.015466620922088623,0.3866655230522156,0.07577065860834357,25,0.14411721910749162,0.07603692519706426,0.030208243988454342,0.09482595847912847,0
405,1774286262.6775563,24,0.01952052116394043,-0.6558895111083984,1.405477523803711,0.10314281606582654,2.0613670349121094,6.043910980224609,0.34106508875739644,0.0,0.0,0.0,24,-0.07886290550231934,-0.041607609082314326,0.015104121994227171,0.09482955431268696,0
406,1774286262.7723722,22,-0.025554136796431107,-0.9838342666625977,0.7027387619018555,0.06938272766238839,1.6865730285644531,6.043910980224609,0.2790532544378698,0.0,0.0,0.0,22,-0.045923376271847206,-0.024296741942718345,0.052169157872124325,0.09376166703986481,0
407,1774286262.8720899,20,-0.04919171333312988,-0.9838342666625977,0.0,0.04597666855232774,0.9838342666625977,6.043910980224609,0.1627810650887574,0.0,0.0,0.0,20,-0.04919171333312988,-0.02602689717253225,0.08055531730254491,0.09485839940505975,0
408,1774286262.9771364,20,-0.01405477523803711,-0.2810955047607422,0.0,0.0037531974328430806,0.2810955047607422,6.043910980224609,0.04650887573964497,0.009666638076305389,0.1933327615261078,0.042135898498397606,20,-0.03871227565564607,-0.02042763680578836,0.10955523153146109,0.09500840635660977,0
409,1774286263.0719895,19,-0.03698625062641345,-0.2810955047607422,0.0,0.007526945006333501,0.2810955047607422,6.043910980224609,0.04650887573964497,0.0,0.0,0.0,19,0.0075205376273707325,0.0039786062807271524,0.0966663807630539,0.09557473334464749,0
410,1774286263.1775577,21,0.08031300136021205,-0.2810955047607422,1.546025276184082,0.15931342884367933,1.8271207809448242,6.043910980224609,0.30230769230769233,0.018412643954867407,0.3866655230522156,0.08234384705716818,21,0.10485308510916573,0.05531492917505936,0.08699974268674851,0.09589931054270208,0
411,1774286263.277534,21,0.09369850158691406,-0.2810955047607422,1.546025276184082,0.15322159388883197,1.8271207809448242,6.043910980224609,0.30230769230769233,0.018412643954867407,0.3866655230522156,0.08234384705716818,21,0.12082175204628393,0.06374803529627782,0.0837775299946467,0.09685493147578901,0
412,1774286263.3775413,21,0.06692750113351005,-0.7027387619018555,1.546025276184082,0.24573387178156275,2.2487640380859375,6.043910980224609,0.37207100591715975,0.018412643954867407,0.1933327615261078,0.056751580113533366,21,0.09269458906991142,0.04890016691846323,0.07249978557229042,0.09664079008727525,0
413,1774286263.4773107,21,0.12716225215366908,-0.2810955047607422,1.546025276184082,0.19547623340407214,1.8271207809448242,6.043910980224609,0.30230769230769233,0.009206321977433703,0.1933327615261078,0.04117192352858409,21,0.12716225215366908,0.06708590249639518,0.06925352651681473,0.09822725522883745,0
414,1774286263.5724545,19,0.15534225263093648,0.0,1.546025276184082,0.2056351647853083,1.546025276184082,6.043910980224609,0.2557988165680473,0.0,0.0,0.0,19,0.3834777347555968,0.20284687917829466,0.07392134999527651,0.10130111998647125,0
415,1774286263.6722395,20,0.2951502799987793,0.0,1.546025276184082,0.34944243466839,1.546025276184082,6.043910980224609,0.2557988165680473,0.0,0.0,0.0,20,0.3990334013234014,0.21113013035957634,0.06535191938910685,0.09554653875435651,0
416,1774286263.7720442,17,0.08267514845904182,0.0,1.405477523803711,0.10936288276359368,1.405477523803711,6.043910980224609,0.23254437869822486,0.0,0.0,0.0,17,-0.019541398726682604,-0.010337385611874321,0.05225209770975886,0.0870131541416159,0
417,1774286263.8720481,19,0.044383500751696135,-0.2810955047607422,1.405477523803711,0.11031412778264543,1.6865730285644531,6.043910980224609,0.2790532544378698,0.010175408501374094,0.1933327615261078,0.04317060211598919,19,-0.08174909753838047,-0.04325423043179092,0.03141657374799252,0.08710678486586729,0
418,1774286263.972373,17,-0.016535029691808364,-0.2810955047607422,0.0,0.004374515310543746,0.2810955047607422,6.043910980224609,0.04650887573964497,0.0,0.0,0.0,17,-0.04896912639497092,-0.025909301628674913,0.03141657374799252,0.08843217733705368,0
419,1774286264.0720139,19,0.04191775070993524,-0.3279447555541992,1.405477523803711,0.11202866614434663,1.7334222793579102,6.043910980224609,0.2868047337278106,0.030526225504122283,0.3866655230522156,0.09436285647756702,19,0.03522500059658423,0.018591497302746517,0.019333276152610778,0.08826793925471285,0
420,1774286264.1725676,20,-0.0679314136505127,-0.7495880126953125,0.0,0.03280755475287833,0.7495880126953125,6.043910980224609,0.12402366863905326,0.05799982845783234,0.5799982845783234,0.17399948537349702,20,-0.05171436529893142,-0.02729088824769971,0.010043260339018586,0.09226781650793056,0
421,1774286264.2725704,21,0.02677100045340402,-0.4684925079345703,1.405477523803711,0.11048916339674106,1.8739700317382812,6.043910980224609,0.31005917159763313,0.04603160988716852,0.9666638076305389,0.20585961764292052,21,-0.13720137732369558,-0.07239426864913291,0.005087704250687047,0.09085744694920107,0
422,1774286264.372562,22,0.059626319191672585,-0.8432865142822266,1.405477523803711,0.24685739627645586,2.2487640380859375,6.043910980224609,0.37207100591715975,0.0,0.0,0.0,22,-0.1127789237282493,-0.05950733359622605,0.005225209770975886,0.08805945006259473,0
423,1774286264.4774637,25,0.059967041015625,-0.6558895111083984,1.405477523803711,0.19429183735155675,2.0613670349121094,6.043910980224609,0.34106508875739644,0.030933241844177246,0.7733310461044312,0.15154131721668715,25,-0.10869026184082031,-0.0571949124781589,0.005445993282425571,0.08428981963218661,0
424,1774286264.5777156,30,0.1311779022216797,-0.5153417587280273,1.546025276184082,0.36030695355293574,2.0613670349121094,6.043910980224609,0.34106508875739644,0.07733310461044311,0.7733310461044312,0.23199931383132932,30,0.11165738105773926,0.05876211409856602,0.0,0.08214462122297318,0
425,1774286264.677106,25,-0.02810955047607422,-0.5153417587280273,1.546025276184082,0.14995230912973057,2.0613670349121094,6.043910980224609,0.34106508875739644,0.09279972553253174,0.7733310461044312,0.2513028447219881,25,-0.002555413679643112,-0.0013416120774308858,0.003118270347195287,0.08377580760547784,0
426,1774286264.777155,22,-0.04897876219315962,-0.5153417587280273,1.0306835174560547,0.08729072710936696,1.546025276184082,6.043910980224609,0.2557988165680473,0.10545423355969516,0.7733310461044312,0.2653873346246903,22,0.0002129511399702605,0.00011178155774273543,0.0032768264665441996,0.08499744431950135,0
427,1774286264.8722403,22,-0.03407218239524148,-0.7495880126953125,0.4216432571411133,0.04054128008508185,1.1712312698364258,6.043910980224609,0.1937869822485207,0.07030282237313011,0.7733310461044312,0.22231704463733504,22,-0.02001740715720437,-0.010562696232776732,0.009666638076305389,0.08417362695247223,0
428,1774286264.9773989,24,0.0819861888885498,-0.7495880126953125,1.546025276184082,0.1355778556089149,2.2956132888793945,6.043910980224609,0.3798224852071006,0.12083297595381737,0.9666638076305389,0.3196940045496484,24,0.11897243951496325,0.06243930753435661,0.012677558132859527,0.08306195144611878,0
429,1774286265.077064,22,-0.03620169379494407,-0.7495880126953125,1.1243820190429688,0.11292152297523748,1.8739700317382812,6.043910980224609,0.31005917159763313,0.12302993915297768,0.7733310461044312,0.2705745483653498,22,-0.11651469515515611,-0.06133946135630561,0.018412643954867407,0.08301833139886736,0
430,1774286265.1771135,24,0.02537667751312256,-1.1243820190429688,1.6865730285644531,0.29172864102200435,2.810955047607422,6.043910980224609,0.4650887573964497,0.15305510287483534,0.9666638076305389,0.3439438489439237,24,-0.0683218240737915,-0.03596681432645523,0.015343869962389506,0.08306944323602355,0
431,1774286265.2775676,23,0.10795696921970534,-0.7495880126953125,1.8271207809448242,0.243807014834041,2.5767087936401367,6.043910980224609,0.42633136094674556,0.10086926688318668,0.5799982845783234,0.21983947042642232,23,0.041029468086195287,0.021594157735521823,0.009508168599644646,0.08347571726176381,0
432,1774286265.3777242,21,0.10708400181361608,0.0,1.8271207809448242,0.15596889200572392,1.8271207809448242,6.043910980224609,0.30230769230769233,0.11047586372920445,0.7733310461044312,0.2706094950297984,21,-0.020078250340053005,-0.010565200784337562,0.0032222126921017964,0.08424837897775679,0
433,1774286265.4721978,20,0.0,-0.4216432571411133,0.4216432571411133,0.017778303629256698,0.8432865142822266,6.043910980224609,0.1395266272189349,0.11599965691566468,1.1599965691566467,0.34799897074699404,20,-0.15534225263093648,-0.08177012710794547,0.0,0.08341235874975114,0
434,1774286265.5773149,21,0.05577291761125837,0.0,0.6090402603149414,0.029603132607379075,0.6090402603149414,6.043910980224609,0.10076923076923076,0.11047586372920445,0.7733310461044312,0.2706094950297984,21,-0.23937736238752094,-0.12565244057403777,0.003452370741537639,0.07983403541893286,0
435,1774286265.677109,22,-0.03194267099553889,-0.7027387619018555,0.0,0.02142701883691407,0.7027387619018555,6.043910980224609,0.11627218934911243,0.10545423355969516,0.7733310461044312,0.2653873346246903,22,-0.11461781945458072,-0.06016478713820282,0.0036477879533227883,0.05704078935132701,0
436,1774286265.7775924,23,0.032590783160665764,-0.6558895111083984,1.405477523803711,0.10352732436164509,2.0613670349121094,5.992770195007324,0.34397565196634244,0.08405772240265556,0.9666638076305389,0.27237815129518006,23,-0.011792717591030372,-0.006188634768857471,0.01406056447462602,0.05567043318255801,0
437,1774286265.87252,22,0.0,0.0,0.0,0.0,0.0,5.992770195007324,0.0,0.14939349754290146,0.9666638076305389,0.31891552466640555,22,0.016535029691808364,0.008701974125864556,0.03107133667383875,0.05575968003795033,0
438,1774286265.972494,22,0.0,0.0,0.0,0.0,0.0,5.992770195007324,0.0,0.10545423355969516,0.7733310461044312,0.2653873346246903,22,-0.04191775070993524,-0.022056401543217845,0.04511097768942515,0.055283123102526144,0
439,1774286266.0719852,22,0.12990019538185812,0.0,0.7495880126953125,0.07620762995859064,0.7495880126953125,5.992770195007324,0.12508205526048816,0.17575705593282526,0.9666638076305389,0.37283701827445226,22,0.19783160903237082,0.10415382325267616,0.03375651391725692,0.05983515524529589,0
440,1774286266.1719086,17,0.0,0.0,0.0,0.0,0.0,5.992770195007324,0.0,0.13647018460666432,0.7733310461044312,0.2948092931665478,17,-0.02677100045340402,-0.014094909381388774,0.02558815961374956,0.056071739780460164,0
441,1774286266.2718616,17,0.0,0.0,0.0,0.0,0.0,5.992770195007324,0.0,0.09098012307110954,0.5799982845783234,0.18893441533842548,17,-0.059626319191672585,-0.03139384566507023,0.04017304135607434,0.05649720887876508,0
442,1774286266.3718822,17,0.0,-0.8432865142822266,2.3893117904663086,0.44800808709891604,3.232598304748535,5.992770195007324,0.5394163633108552,0.04549006153555477,0.1933327615261078,0.08200837469522744,17,-0.059967041015625,-0.03165459042531703,0.06766646653413773,0.05646041087503164,0
443,1774286266.4724562,17,-0.05236092735739315,-0.8901357650756836,0.0,0.04386666741961925,0.8901357650756836,5.992770195007324,0.14853494062182968,0.22745030767777386,1.5466620922088623,0.4410425100370764,17,-0.18353882957907283,-0.09686752443575439,0.09038934305116728,0.05851346428994853,0
444,1774286266.572177,18,-0.049451986948649086,-0.8901357650756836,0.0,0.041573483223879125,0.8901357650756836,5.992770195007324,0.14853494062182968,0.17185134357876247,0.7733310461044312,0.3215044245642516,18,-0.021342436472574867,-0.011262077325074839,0.0896615705628326,0.05478776000611584,0
445,1774286266.6723285,16,0.0,0.0,0.0,0.0,0.0,5.860805511474609,0.0,0.24166595190763474,0.9666638076305389,0.41857770716352016,16,0.04897876219315962,0.025843945638725666,0.09950950960902606,0.05407158934774796,0
446,1774286266.771963,16,0.0,0.0,0.0,0.0,0.0,5.860805511474609,0.0,0.24166595190763474,0.9666638076305389,0.41857770716352016,16,0.03407218239524148,0.017935346362229147,0.10519576730097041,0.05222401254008489,0
447,1774286266.8720202,18,0.0,0.0,0.0,0.0,0.0,5.860805511474609,0.0,0.13962921665774453,0.9666638076305389,0.31442955438915465,18,-0.0819861888885498,-0.04327312574984729,0.13257103647504534,0.05107885588043977,0
448,1774286266.971952,18,0.0,0.0,0.0,0.0,0.0,5.860805511474609,0.0,0.11814779871039921,0.7733310461044312,0.2667936761837706,18,0.03620169379494407,0.019104926118697085,0.12608658360398334,0.049072641139793205,0
449,1774286267.0719955,17,-0.05787260392132927,-0.9838342666625977,0.0,0.053587812554160896,0.9838342666625977,5.860805511474609,0.16786673175494263,0.1819602461422191,0.7733310461044312,0.32803349878090976,17,-0.08324928143445183,-0.04393375578423109,0.12225454037680346,0.050400083414388216,0
450,1774286267.1719837,18,-0.10671218236287434,-0.9838342666625977,0.0,0.09116088703662069,0.9838342666625977,5.992770195007324,0.16417019752939072,0.08592567178938124,0.9666638076305389,0.22529901214416856,18,-0.21466915158257968,-0.11331679047816592,0.10874967835843563,0.05665773832696064,0
451,1774286267.2772214,20,-0.13820528984069824,-1.0306835174560547,0.0,0.11050532616962983,1.0306835174560547,6.043910980224609,0.17053254437869822,0.15466620922088622,0.7733310461044312,0.30933241844177245,20,-0.24528929165431432,-0.12913379526935906,0.11225773249903033,0.059975205213114814,0
452,1774286267.3775225,19,-0.09863000167043585,-1.0775327682495117,0.0,0.08476629020864432,1.0775327682495117,6.043910980224609,0.17828402366863905,0.2035081700274819,1.1599965691566467,0.4087931582183288,19,-0.09863000167043585,-0.05176545593521873,0.11047586372920445,0.05735764653503508,0
453,1774286267.477093,19,-0.11095875187924034,-1.0775327682495117,0.0,0.10470843852914018,1.0775327682495117,6.043910980224609,0.17828402366863905,0.1628065360219855,0.7733310461044312,0.3152735013334339,19,-0.16673166949049872,-0.08776375886323262,0.09959566502860098,0.06081851333962537,0
454,1774286267.577354,20,0.0,0.0,0.0,0.0,0.0,6.043910980224609,0.0,0.13533293306827546,0.5799982845783234,0.23757127474877807,20,0.03194267099553889,0.016809764959279307,0.11253698058982393,0.058448833744383324,0
455,1774286267.677059,19,0.0,0.0,0.0,0.0,0.0,6.043910980224609,0.0,0.12210490201648913,0.5799982845783234,0.23645512600007546,19,-0.032590783160665764,-0.01715786138390813,0.11253698058982393,0.05865102671592405,0
456,1774286267.7775455,19,-0.12082175204628393,-1.1712312698364258,0.0,0.12413987329508677,1.1712312698364258,6.043910980224609,0.1937869822485207,0.1933327615261078,0.9666638076305389,0.331911780768182,19,-0.12082175204628393,-0.06342264351664538,0.1435349290118073,0.06092133003355225,0
457,1774286267.8774807,20,0.0,0.0,0.0,0.0,0.0,6.043910980224609,0.0,0.15466620922088622,0.7733310461044312,0.30933241844177245,20,0.0,0.0,0.1394531394614548,0.06092133003355225,0
458,1774286267.9770434,19,0.0,0.0,0.0,0.0,0.0,6.043910980224609,0.0,0.2035081700274819,0.9666638076305389,0.39409187666679235,19,-0.12990019538185812,-0.06818699769722329,0.13809482966150557,0.060921330033552254,0
459,1774286268.0770996,18,0.0,0.0,0.0,0.0,0.0,6.043910980224609,0.0,0.20407347049978045,1.3533293306827545,0.39972180140833974,18,0.0,0.0,0.09098012307110954,0.04932036681974673,0
460,1774286268.1775718,21,-0.2186298370361328,-1.2180805206298828,0.0,0.203668357861326,1.2180805206298828,6.043910980224609,0.20153846153846153,0.07365057581946963,0.5799982845783234,0.17370453566149519,21,-0.2186298370361328,-0.11472354752732597,0.1213068307614794,0.062445752033040314,0
461,1774286268.2774057,19,0.0,0.0,0.0,0.0,0.0,6.043910980224609,0.0,0.18315735302473368,1.5466620922088623,0.47137518105270293,19,0.0,0.0,0.14871750886623675,0.062445752033040314,0
462,1774286268.3769097,19,-0.0665752511275442,-1.2649297714233398,0.0,0.07978075312852036,1.2649297714233398,6.043910980224609,0.20928994082840235,0.08140326801099275,0.3866655230522156,0.15763675066671695,19,-0.014214323770151048,-0.007463728387531177,0.21228695383258894,0.061583758151204926,0
463,1774286268.476929,18,-0.010410944620768229,-1.2649297714233398,1.0775327682495117,0.1532874007479121,2.3424625396728516,6.043910980224609,0.3875739644970414,0.08592567178938124,0.3866655230522156,0.1607522122821258,18,0.03904104232788086,0.020496653631838044,0.2165326929092407,0.062213234750151905,0
464,1774286268.577159,20,-0.06324648857116699,-1.2649297714233398,0.0,0.07600224801507238,1.2649297714233398,6.043910980224609,0.20928994082840235,0.07733310461044311,0.3866655230522156,0.15466620922088622,20,-0.06324648857116699,-0.033203211540035735,0.20493272721767425,0.062291798685786645,0
465,1774286268.677446,22,-0.11499361558393999,-1.2649297714233398,0.0,0.1322353162506697,1.2649297714233398,6.043910980224609,0.20928994082840235,0.08787852796641263,0.5799982845783234,0.19092103183778797,22,-0.11499361558393999,-0.060348801398640774,0.16358925975286043,0.06275333712361693,0
466,1774286268.7772942,23,-0.05296002263608186,-1.2649297714233398,1.1243820190429688,0.172210849829851,2.3893117904663086,6.043910980224609,0.39532544378698226,0.05043463344159334,0.3866655230522156,0.13022166359424442,23,-0.05296002263608186,-0.027796540034248342,0.14591151813291153,0.06146591629219064,0
467,1774286268.8821518,21,-0.11823858533586774,-1.2649297714233398,0.0,0.13286570747925225,1.2649297714233398,6.043910980224609,0.20928994082840235,0.04603160988716852,0.5799982845783234,0.13213557831465694,21,-0.11823858533586774,-0.061898540847322284,0.12767257836629758,0.06128892574364702,0
468,1774286268.9816034,21,0.0,0.0,0.0,0.0,0.0,6.043910980224609,0.0,0.009206321977433703,0.1933327615261078,0.04117192352858409,21,0.05787260392132927,0.030306014290778453,0.14060564474626022,0.06128892574364701,0
469,1774286269.0820484,22,0.0,0.0,0.0,0.0,0.0,6.043910980224609,0.0,0.02636355838992379,0.1933327615261078,0.06634683365617257,22,0.10671218236287434,0.055868360121853144,0.14923932468682005,0.06285202645905347,0
470,1774286269.1818893,23,-0.054996946583623474,-1.2649297714233398,0.0,0.06654261093748251,1.2649297714233398,6.043910980224609,0.20928994082840235,0.02521731672079667,0.1933327615261078,0.06511083179712221,23,0.08320834325707477,0.04368653729773719,0.17333282067857939,0.06197670272492443,0
471,1774286269.28205,24,0.0,0.0,0.0,0.0,0.0,6.043910980224609,0.0,0.024166595190763474,0.1933327615261078,0.06393880090992969,24,0.09863000167043585,0.05178712594845799,0.16666617372940326,0.06038132958208392,0
472,1774286269.382059,25,0.04497528076171875,0.0,1.1243820190429688,0.04854662111029029,1.1243820190429688,6.043910980224609,0.18603550295857987,0.023199931383132935,0.1933327615261078,0.06282571118049703,25,0.1559340326409591,0.08185659121977056,0.13999958593269873,0.06284101189504414,0
473,1774286269.481825,23,0.0,0.0,0.0,0.0,0.0,6.043910980224609,0.0,0.0,0.0,0.0,23,0.0,0.0,0.14999955635646295,0.061600678691446115,0
474,1774286269.5818057,24,-0.056609511375427246,-1.358628273010254,0.0,0.07370664589778642,1.358628273010254,6.043910980224609,0.22479289940828404,0.008055531730254492,0.1933327615261078,0.03863297300900034,24,-0.056609511375427246,-0.029720229608214306,0.15666620330563907,0.06105118985613102,0
475,1774286269.6821299,20,-0.0773012638092041,-1.546025276184082,0.0,0.11353422234350319,1.546025276184082,6.043910980224609,0.2557988165680473,0.0,0.0,0.0,20,0.043520488237079824,0.022850385658257335,0.1833327911023436,0.06073972227457789,0
476,1774286269.7820582,22,-0.20443309437144885,-4.497528076171875,0.0,0.8776506915600003,4.497528076171875,6.043910980224609,0.7441420118343195,0.0,0.0,0.0,22,-0.20443309437144885,-0.10733776653937907,0.18654915585852505,0.06819996116643885,0
477,1774286269.8821318,22,0.0,0.0,0.0,0.0,0.0,6.043910980224609,0.0,0.05272711677984758,0.3866655230522156,0.11920423501990257,22,0.0,0.0,0.15666620330563907,0.06819996116643885,0
478,1774286269.9816258,24,0.0,0.0,0.0,0.0,0.0,6.043910980224609,0.0,0.024166595190763474,0.1933327615261078,0.06393880090992969,24,0.0,0.0,0.14999955635646295,0.06819996116643885,0
479,1774286270.0821972,21,-0.06915841783796038,-1.452326774597168,0.0,0.09565773515699832,1.452326774597168,6.043910980224609,0.2402958579881657,0.018412643954867407,0.3866655230522156,0.08234384705716818,21,0.14947141919817242,0.07847811856234882,0.11141209986250279,0.06734170290345216,0
480,1774286270.1817386,25,0.0,0.0,0.0,0.0,0.0,6.043910980224609,0.0,0.0695997941493988,0.5799982845783234,0.1629509627617537,25,0.0,0.0,0.11738060521227973,0.056453646399118915,0
481,1774286270.2819111,25,-0.10306835174560547,-1.3117790222167969,0.0,0.12220937605889048,1.3117790222167969,6.043910980224609,0.2170414201183432,0.06186648368835449,0.7733310461044312,0.17903908123138085,25,-0.03649310061806127,-0.01915646916671039,0.08140326801099275,0.05706740440176285,0
482,1774286270.3821392,23,-0.15888006790824558,-1.2649297714233398,0.0,0.16847669657858935,1.2649297714233398,6.043910980224609,0.20928994082840235,0.016811544480531113,0.1933327615261078,0.054475630259036005,23,-0.14846912328747736,-0.07792794667936583,0.0837775299946467,0.061958433980760765,0
483,1774286270.4816563,23,-0.11203081711478856,-1.3117790222167969,0.0,0.13183220600620843,1.3117790222167969,6.043910980224609,0.2170414201183432,0.033623088961062225,0.3866655230522156,0.09284478902198401,23,-0.048784328543621566,-0.025615329759552576,0.07138440425579365,0.06250662361109995,0
484,1774286270.576929,22,0.0,0.0,0.0,0.0,0.0,6.043910980224609,0.0,0.02636355838992379,0.1933327615261078,0.06634683365617257,22,0.11499361558393999,0.060539422169443975,0.06151496957648884,0.06370144918681575,0
485,1774286270.6770258,25,0.0,0.0,0.0,0.0,0.0,6.043910980224609,0.0,0.030933241844177246,0.1933327615261078,0.0708769611206588,25,0.05296002263608186,0.027877633677918855,0.035692202127896824,0.06311322903077211,0
486,1774286270.7775974,27,-0.04684925079345703,-1.2649297714233398,0.0,0.05706615979761409,1.2649297714233398,5.992770195007324,0.21107596825207375,0.04296283589469062,0.5799982845783234,0.1215172504005622,27,0.07138933454241071,0.03766361593174548,0.027187419589608908,0.06310392218533725,0
487,1774286270.8770173,26,-0.04865114505474384,-1.2649297714233398,0.0,0.05917334787844316,1.2649297714233398,5.992770195007324,0.21107596825207375,0.022307626329935513,0.1933327615261078,0.061767020399100626,26,-0.04865114505474384,-0.02566782151463398,0.020504989858829613,0.061009516575057585,0
488,1774286270.9777098,26,-0.05045303931603065,-1.3117790222167969,0.0,0.06363772940562337,1.3117790222167969,5.992770195007324,0.21889359670585426,0.06692287898980655,0.5799982845783234,0.16034616701975865,26,-0.05045303931603065,-0.026615006529432175,0.02521731672079667,0.060160723604736524,0
489,1774286271.0774667,25,-0.10306835174560547,-1.3117790222167969,0.0,0.12220937605889048,1.3117790222167969,5.992770195007324,0.21889359670585426,0.06186648368835449,0.3866655230522156,0.1417539222413176,25,-0.048071405161981995,-0.025359768681986094,0.024166595190763474,0.06033903100364616,0
490,1774286271.1770792,23,0.0,0.0,0.0,0.0,0.0,5.992770195007324,0.0,0.07565195016239,0.5799982845783234,0.16853520936587127,23,0.0,0.0,0.016111063460508983,0.061385114468533945,0
491,1774286271.2775638,26,-0.09550039584820087,-1.2649297714233398,0.0,0.10948611598403193,1.2649297714233398,5.992770195007324,0.21107596825207375,0.11153813164967757,0.7733310461044312,0.26363298392996876,26,-0.1404756766099196,-0.07410990626515328,0.010740708973672655,0.06107991617204762,0
492,1774286271.377597,25,-0.04872322082519531,-1.2180805206298828,0.0,0.05697485394193791,1.2180805206298828,5.992770195007324,0.20325833979829325,0.10053303599357605,1.3533293306827545,0.2847706919109353,25,-0.04872322082519531,-0.02570099217198788,0.0028855636048672802,0.05674427492236338,0
493,1774286271.4723475,22,-0.057496807791969994,-1.2649297714233398,0.0,0.06942354103160155,1.2649297714233398,5.992770195007324,0.21107596825207375,0.06151496957648884,0.5799982845783234,0.15842526929759843,22,-0.0008872964165427474,-0.0004693344629232198,0.0029292842655470877,0.05512918403757792,0
494,1774286271.5773237,23,-0.054996946583623474,-1.2649297714233398,0.0,0.06654261093748251,1.2649297714233398,5.992770195007324,0.21107596825207375,0.1344923558442489,0.7733310461044312,0.29311929390189645,23,0.022304317225580628,0.011768884557518573,0.018124946393072605,0.055137618760350435,0
495,1774286271.677396,24,-0.10150671005249023,-1.2649297714233398,0.0,0.11352263840080923,1.2649297714233398,5.992770195007324,0.21107596825207375,0.06444425384203593,0.3866655230522156,0.1441017323500443,24,0.10292638431895862,0.05430503376758186,0.02558815961374956,0.05573294466248627,0
496,1774286271.7774794,23,-0.05092309868854025,-1.1712312698364258,0.0,0.05704956356094181,1.1712312698364258,5.992770195007324,0.19544071134451274,0.10927503912345223,0.7733310461044312,0.24070468566955566,23,-0.05092309868854025,-0.026867419367880094,0.03174119965354009,0.04528129731343386,0
497,1774286271.8772094,24,0.0,0.0,0.0,0.0,0.0,5.992770195007324,0.0,0.10472191249330838,0.7733310461044312,0.23664624110158428,24,0.0,0.0,0.038666552305221556,0.04528129731343386,0
498,1774286271.9721153,22,0.0,0.0,0.0,0.0,0.0,5.992770195007324,0.0,0.06151496957648884,0.3866655230522156,0.1352872741826749,22,0.06915841783796038,0.03659334139594307,0.05173693618304293,0.04528129731343386,0
499,1774286272.0718982,20,0.0,0.0,0.0,0.0,0.0,5.992770195007324,0.0,0.02899991422891617,0.1933327615261078,0.06903360396656207,20,0.0,0.0,0.050319485876658195,0.04669172784359767,0
500,1774286272.1720417,22,-0.05110827359286221,-1.1243820190429688,0.0,0.05485316822250002,1.1243820190429688,5.992770195007324,0.18762308289073223,0.0,0.0,0.0,22,0.051960078152743255,0.027490206420454504,0.038121952976979,0.04517115813848903,0
501,1774286272.2719245,22,0.0,0.0,0.0,0.0,0.0,5.992770195007324,0.0,0.017575705593282528,0.1933327615261078,0.05557926115933376,22,0.15888006790824558,0.08407307897293075,0.02558815961374956,0.045177083307889956,0
502,1774286272.372299,20,0.0,0.0,0.0,0.0,0.0,5.992770195007324,0.0,0.02899991422891617,0.1933327615261078,0.06903360396656207,20,0.11203081711478856,0.05925541642206503,0.030380862525531224,0.03865720692057802,0
503,1774286272.4721644,21,0.0,0.0,0.0,0.0,0.0,5.992770195007324,0.0,0.027618965932301114,0.5799982845783234,0.12351577058575229,21,0.0,0.0,0.03396386351134326,0.035993280645741664,0
504,1774286272.5723593,22,0.0,0.0,0.0,0.0,0.0,5.992770195007324,0.0,0.035151411186565056,0.1933327615261078,0.07456740365489042,22,0.0,0.0,0.03222212692101797,0.035993280645741664,0
505,1774286272.6723468,22,0.04897876219315962,0.0,1.0775327682495117,0.050377302065455744,1.0775327682495117,6.043910980224609,0.17828402366863905,0.017575705593282528,0.1933327615261078,0.05557926115933376,22,0.09582801298661665,0.05057556045928614,0.044050502626201776,0.03978897482322808,0
506,1774286272.7718866,23,0.0,0.0,0.0,0.0,0.0,6.043910980224609,0.0,0.0,0.0,0.0,23,0.04865114505474384,0.025675197939782048,0.05021630169509293,0.04028157415907945,0
507,1774286272.8720036,21,-0.06915841783796038,-1.452326774597168,0.0,0.09565773515699832,1.452326774597168,5.992770195007324,0.2423464820671958,0.0,0.0,0.0,21,-0.01870537852192973,-0.009874592140410534,0.06792772702268653,0.040981100949845355,0
508,1774286272.9721532,16,0.0,0.0,0.0,0.0,0.0,5.992770195007324,0.0,0.012083297595381737,0.1933327615261078,0.046798410354181585,16,0.10306835174560547,0.054398632119152,0.08360335633561418,0.04130056373014664,0
509,1774286273.0719972,23,-0.06721849026887314,-1.546025276184082,0.0,0.09940315954858499,1.546025276184082,6.043910980224609,0.2557988165680473,0.008405772240265556,0.1933327615261078,0.03942656658922785,23,-0.06721849026887314,-0.03547303445992088,0.0966663807630539,0.03875407255155606,0
510,1774286273.1721907,21,-0.14500958578927176,-1.546025276184082,0.0,0.19981616811046662,1.546025276184082,6.043910980224609,0.2557988165680473,0.036825287909734813,0.1933327615261078,0.07591727587280882,21,-0.04950918994107088,-0.026131367128148026,0.0926937897727914,0.04586526550662441,0
511,1774286273.2724254,21,-0.015616416931152344,-1.405477523803711,1.0775327682495117,0.14911060069217846,2.4830102920532227,6.043910980224609,0.4108284023668639,0.018412643954867407,0.1933327615261078,0.056751580113533366,21,0.03310680389404297,0.01747219183525457,0.09942827735628401,0.04382362096717236,0
512,1774286273.3720126,21,0.0,0.0,0.0,0.0,0.0,6.043910980224609,0.0,0.0,0.0,0.0,21,0.057496807791969994,0.030266812434175887,0.08685964648274408,0.044103969714444594,0
513,1774286273.4725614,24,-0.08393824100494385,-1.0306835174560547,0.0,0.07754763742262583,1.0306835174560547,6.043910980224609,0.17053254437869822,0.03222212692101797,0.7733310461044312,0.15453189203600137,24,-0.028941294421320374,-0.01527053554381763,0.10219017394951412,0.045341231761051856,0
514,1774286273.5768924,23,-0.09166157763937245,-1.0775327682495117,0.0,0.08826708474148917,1.0775327682495117,6.043910980224609,0.17828402366863905,0.033623088961062225,0.3866655230522156,0.10895126051807201,23,0.009845132413117783,0.005183022638935363,0.09258188580123472,0.04704331773823333,0
515,1774286273.6775732,24,-0.08979439735412598,-1.1243820190429688,0.0,0.08887627611642301,1.1243820190429688,6.043910980224609,0.18603550295857987,0.024166595190763474,0.1933327615261078,0.06393880090992969,24,-0.038871298665585724,-0.020457568353210085,0.09246349464292111,0.04623234223854624,0
516,1774286273.7724895,25,-0.08432865142822266,-1.0775327682495117,0.0,0.08182409374057897,1.0775327682495117,5.992770195007324,0.17980545443695173,0.007733310461044311,0.1933327615261078,0.03788532930417179,25,-0.08432865142822266,-0.044494030415701546,0.06737353810758302,0.047515791289159226,0
517,1774286273.8724988,24,0.12883543968200684,0.0,1.0775327682495117,0.11637289798471784,1.0775327682495117,6.043910980224609,0.17828402366863905,0.03222212692101797,0.1933327615261078,0.07205086617502215,24,0.12883543968200684,0.06779444335853453,0.030208243988454342,0.05885711770130444,0
518,1774286273.9724953,24,0.042945146560668945,0.0,1.0306835174560547,0.04241856910169872,1.0306835174560547,6.043910980224609,0.17053254437869822,0.0,0.0,0.0,24,0.042945146560668945,0.022595607802719676,0.015104121994227171,0.06052623822843873,0
519,1774286274.0724573,24,-0.0409930944442749,-0.9838342666625977,0.0,0.03864997721869656,0.9838342666625977,6.043910980224609,0.1627810650887574,0.024166595190763474,0.1933327615261078,0.06393880090992969,24,0.010115179148587311,0.005322614082317006,0.015104121994227171,0.060377663728748164,0
520,1774286274.1723087,24,0.0,0.0,0.0,0.0,0.0,6.043910980224609,0.0,0.024166595190763474,0.1933327615261078,0.06393880090992969,24,0.0,0.0,0.02455019193982321,0.06033835521911184,0
521,1774286274.2720487,25,0.0,0.0,0.0,0.0,0.0,6.043910980224609,0.0,0.10826634645462035,0.7733310461044312,0.2510647557583299,25,0.0,0.0,0.030687739924779012,0.06033835521911184,0
522,1774286274.372372,23,0.0,0.0,0.0,0.0,0.0,6.043910980224609,0.0,0.10086926688318668,0.9666638076305389,0.27263743564831744,23,0.0,0.0,0.026769151595922618,0.06033835521911185,0
523,1774286274.4720933,21,-0.0513110842023577,-1.0775327682495117,0.0,0.05265654724042886,1.0775327682495117,6.043910980224609,0.17828402366863905,0.036825287909734813,0.1933327615261078,0.07591727587280882,21,-0.0513110842023577,-0.0270096148491673,0.01731338162920368,0.060381912961590956,0
524,1774286274.572375,23,0.0,0.0,0.0,0.0,0.0,6.043910980224609,0.0,0.07565195016239,0.9666638076305389,0.21131783738174692,23,-0.04897876219315962,-0.025777912902446864,0.005858568531094175,0.060381912961590956,0
525,1774286274.67194,22,0.0,0.0,0.0,0.0,0.0,6.043910980224609,0.0,0.07030282237313011,0.3866655230522156,0.14913480730978085,22,0.0,0.0,0.0032222126921017964,0.05825041539181517,0
526,1774286274.7724063,22,-0.04897876219315962,-1.0775327682495117,0.0,0.050377302065455744,1.0775327682495117,6.043910980224609,0.17828402366863905,0.08787852796641263,0.5799982845783234,0.19092103183778797,22,0.02017965564480076,0.010618620331967702,0.006444425384203593,0.05803571049452594,0
527,1774286274.8723886,21,0.0,0.0,0.0,0.0,0.0,6.043910980224609,0.0,0.11047586372920445,0.5799982845783234,0.22775182761842647,21,0.0,0.0,0.019333276152610778,0.057707269483951495,0
528,1774286274.9769306,23,-0.04481232684591542,-1.0306835174560547,0.0,0.04417918202159336,1.0306835174560547,6.043910980224609,0.17053254437869822,0.10927503912345223,0.7733310461044312,0.24070468566955566,23,0.022406163422957717,0.011762176464644012,0.020820451241273148,0.057471197022369004,0
529,1774286275.0720289,22,0.0,0.0,0.0,0.0,0.0,6.043910980224609,0.0,0.14060564474626022,0.7733310461044312,0.2982696146195617,22,0.14500958578927176,0.07632733413335255,0.018412643954867407,0.05713714630827005,0
530,1774286275.1721854,21,0.0,0.0,0.0,0.0,0.0,5.992770195007324,0.0,0.11047586372920445,0.5799982845783234,0.22775182761842647,21,0.015616416931152344,0.008220205113569978,0.017575705593282528,0.05040933704445007,0
531,1774286275.2722914,23,0.0,0.0,0.0,0.0,0.0,6.043910980224609,0.0,0.12608658360398334,0.5799982845783234,0.23923247194669753,23,0.0,0.0,0.022745030767777386,0.050576102353539716,0
532,1774286275.371883,21,0.0,0.0,0.0,0.0,0.0,6.043910980224609,0.0,0.09206321977433704,0.7733310461044312,0.22812366758457525,21,0.08393824100494385,0.044193802116206056,0.029952963053340644,0.05057610235353972,0
533,1774286275.4723766,23,0.0,0.0,0.0,0.0,0.0,6.043910980224609,0.0,0.1344923558442489,0.7733310461044312,0.29311929390189645,23,0.09166157763937245,0.04835786929862977,0.02148141794734531,0.04838212480790175,0
534,1774286275.5723927,20,0.0,0.0,0.0,0.0,0.0,6.043910980224609,0.0,0.13533293306827546,0.9666638076305389,0.3240847640184023,20,0.08979439735412598,0.047389420177468264,0.021187151948066606,0.04503448534617663,0
535,1774286275.671876,21,-0.11377675192696708,-0.8432865142822266,0.0,0.07787992922667586,0.8432865142822266,6.043910980224609,0.1395266272189349,0.16571379559380667,0.9666638076305389,0.3442228890767522,21,-0.029448100498744426,-0.015504007192310015,0.01324196996754163,0.047414943413495905,0
536,1774286275.772305,19,-0.03945200066817434,-0.7495880126953125,0.0,0.028016286420989325,0.7495880126953125,5.992770195007324,0.12508205526048816,0.15263112752061142,0.9666638076305389,0.3524864902429644,19,-0.16828744035018117,-0.0885813694792503,0.018796240703927145,0.04486716538290464,0
537,1774286275.8718908,19,-0.03945200066817434,-0.7495880126953125,0.0,0.028016286420989325,0.7495880126953125,5.860805511474609,0.1278984622894801,0.18315735302473368,0.9666638076305389,0.35744517020317657,19,-0.08239714722884328,-0.04338072229309743,0.016111063460508983,0.032391018611219055,0
538,1774286275.9723184,17,0.0,0.0,0.0,0.0,0.0,5.860805511474609,0.0,0.13647018460666432,0.7733310461044312,0.2948092931665478,17,0.0409930944442749,0.021576890279905052,0.05296787987016652,0.0296688651852856,0
539,1774286276.0723176,20,0.0,0.0,0.0,0.0,0.0,5.992770195007324,0.0,0.13533293306827546,0.9666638076305389,0.3001331564441676,20,0.0,0.0,0.07787014005912675,0.02948991002523484,0
540,1774286276.1719925,19,0.07643825129458778,-0.7964372634887695,2.2487640380859375,0.2936967734054492,3.045201301574707,6.043910980224609,0.5038461538461538,0.040701634005496375,0.7733310461044312,0.17268240846395677,19,0.07643825129458778,0.040231847986582754,0.08405772240265556,0.035725142012155715,0
541,1774286276.2719636,20,0.12883543968200684,0.0,1.8271207809448242,0.1784140563287906,1.8271207809448242,6.043910980224609,0.30230769230769233,0.23199931383132935,0.9666638076305389,0.4036906577093349,20,0.12883543968200684,0.06782270144895522,0.07213909012168201,0.04725537167447332,0
542,1774286276.372031,19,0.0,0.0,0.0,0.0,0.0,5.992770195007324,0.0,0.1628065360219855,0.7733310461044312,0.3152735013334339,19,0.0513110842023577,0.027006720326112826,0.06151496957648884,0.04725537167447333,0
543,1774286276.4723027,20,0.0,0.0,0.0,0.0,0.0,6.043910980224609,0.0,0.08699974268674851,0.5799982845783234,0.17798168244433454,20,0.0,0.0,0.07791021733141656,0.04613938315902551,0
544,1774286276.5722823,19,-0.03945200066817434,-0.7495880126953125,0.0,0.028016286420989325,0.7495880126953125,6.043910980224609,0.12402366863905326,0.12210490201648913,0.7733310461044312,0.2819891921943715,19,-0.03945200066817434,-0.020760471523398053,0.08923050531974205,0.04676277790762483,0
545,1774286276.6721642,18,0.0,0.0,0.0,0.0,0.0,6.043910980224609,0.0,0.08592567178938124,0.3866655230522156,0.1607522122821258,18,0.04897876219315962,0.02578158152178861,0.10252494929414807,0.04676277790762483,0
546,1774286276.7718768,20,-0.037479400634765625,-0.7495880126953125,0.0,0.02668940396688413,0.7495880126953125,6.043910980224609,0.12402366863905326,0.08699974268674851,0.5799982845783234,0.17798168244433454,20,-0.037479400634765625,-0.019731315216421273,0.1201006548874306,0.046299601771989864,0
547,1774286276.8720915,19,0.0,0.0,0.0,0.0,0.0,6.043910980224609,0.0,0.061052451008244565,0.3866655230522156,0.14099459609718576,19,0.04481232684591542,0.023645658016408905,0.1201006548874306,0.046299601771989864,0
548,1774286276.9718277,17,0.0,0.0,0.0,0.0,0.0,6.043910980224609,0.0,0.10235263845499824,0.5799982845783234,0.20023379562052793,17,0.0,0.0,0.12595922341852478,0.045416759409568956,0
549,1774286277.0718026,18,-0.1535614331563314,-1.499176025390625,0.0,0.145788322056559,1.499176025390625,6.043910980224609,0.24804733727810652,0.07518496281570858,0.3866655230522156,0.14608943634831875,18,-0.1535614331563314,-0.0808380938802101,0.1100509565610152,0.055976650535342884,0
550,1774286277.172379,17,0.0,0.0,0.0,0.0,0.0,6.043910980224609,0.0,0.1933327615261078,0.9666638076305389,0.35089324453636794,17,0.0,0.0,0.1183081077995585,0.05597665053534288,0
551,1774286277.271948,21,-0.07808208465576172,-0.6558895111083984,0.0,0.037486683725416824,0.6558895111083984,6.043910980224609,0.1085207100591716,0.13809482966150557,0.5799982845783234,0.2470315411715046,21,-0.07808208465576172,-0.0410944241955939,0.12083297595381737,0.05777467941567392,0
552,1774286277.37233,22,-0.0276836481961337,-0.6090402603149414,0.0,0.016094071926393234,0.6090402603149414,6.043910980224609,0.10076923076923076,0.08787852796641263,0.5799982845783234,0.19092103183778797,22,-0.0276836481961337,-0.014570698787327712,0.14499957114458084,0.05773514990268093,0
553,1774286277.4723203,24,-0.02537667751312256,-0.6090402603149414,0.0,0.014811442516915463,0.6090402603149414,6.043910980224609,0.10076923076923076,0.08861084903279941,0.5799982845783234,0.20106581379686678,24,-0.02537667751312256,-0.013356654905071909,0.15144399652878443,0.057644328354482015,0
554,1774286277.5723238,23,-0.028516935265582542,-0.6558895111083984,0.0,0.01789074313271135,0.6558895111083984,6.043910980224609,0.1085207100591716,0.09246349464292111,0.5799982845783234,0.20452126568523302,23,0.08525981666138455,0.04486301313930197,0.1671181497937542,0.0575476172218267,0
555,1774286277.6723092,22,-0.057496807791969994,-0.6558895111083984,0.0,0.03310871206948352,0.6558895111083984,6.043910980224609,0.1085207100591716,0.07030282237313011,0.3866655230522156,0.14913480730978085,22,-0.01804480712379565,-0.00949724617085723,0.15818135033954273,0.05411184172003507,0
556,1774286277.7717867,21,-0.06023475102015904,-0.6558895111083984,0.0,0.03452039807746828,0.6558895111083984,6.043910980224609,0.1085207100591716,0.11047586372920445,0.9666638076305389,0.28967015847107386,21,-0.020782750351984694,-0.010938888957782767,0.1519043126276561,0.054746821953402115,0
557,1774286277.8720427,23,-0.02648001131804093,-0.6090402603149414,0.0,0.01542620198687867,0.6090402603149414,6.043910980224609,0.10076923076923076,0.09246349464292111,0.7733310461044312,0.24099804919789292,23,-0.02648001131804093,-0.013938871068651094,0.10357112224612917,0.05455471098924055,0
558,1774286277.9722404,19,0.0,0.0,0.0,0.0,0.0,6.043910980224609,0.0,0.061052451008244565,0.3866655230522156,0.14099459609718576,19,0.0,0.0,0.1376267115948564,0.05455471098924056,0
559,1774286278.0721838,17,0.030314221101648667,0.0,0.5153417587280273,0.014703232015994262,0.5153417587280273,5.992770195007324,0.08599391299158561,0.10235263845499824,0.5799982845783234,0.22110696987491085,17,-0.04612403019293912,-0.024273361330187194,0.1466662328818749,0.05540529988420196,0
560,1774286278.1719408,19,0.02712325045936986,0.0,0.5153417587280273,0.013242072878670729,0.5153417587280273,5.992770195007324,0.08599391299158561,0.09157867651236684,0.5799982845783234,0.21149189414577863,19,-0.10171218922263697,-0.053533373367881415,0.1605644968606658,0.05229378453676626,0
561,1774286278.2723205,18,0.026027361551920574,0.0,0.4684925079345703,0.011516200339024686,0.4684925079345703,5.992770195007324,0.07817628453780509,0.04296283589469062,0.7733310461044312,0.17714031036988723,18,0.026027361551920574,0.013696524169283854,0.12333296855975842,0.04163203153307639,0
562,1774286278.3717988,18,0.026027361551920574,0.0,0.4684925079345703,0.011516200339024686,0.4684925079345703,5.992770195007324,0.07817628453780509,0.10740708973672655,0.7733310461044312,0.24303450080112443,18,0.026027361551920574,0.01370224547796612,0.09836228217994958,0.04270927550146432,0
563,1774286278.4717944,20,-0.03982186317443848,-0.4684925079345703,0.0,0.014765868847632646,0.4684925079345703,5.992770195007324,0.07817628453780509,0.07733310461044311,0.7733310461044312,0.1971615047276808,20,-0.00036986250626413336,-0.00019471448247476784,0.09836228217994958,0.042600597606926936,0
564,1774286278.5722446,22,0.010647556998512962,-0.4684925079345703,1.1243820190429688,0.07540950184953314,1.592874526977539,5.992770195007324,0.2657993674285373,0.07909067516977136,0.3866655230522156,0.15042380973503716,22,0.010647556998512962,0.005603740115815192,0.0780114651772014,0.04304400285268479,0
565,1774286278.671806,18,0.02863009770711263,0.0,0.5153417587280273,0.01393460241021987,0.5153417587280273,5.992770195007324,0.08599391299158561,0.06444425384203593,0.5799982845783234,0.18227587560084332,18,0.06610949834187825,0.03479576785414832,0.08285689779690333,0.04417092271886659,0
566,1774286278.7718127,20,0.051534175872802734,0.0,1.0306835174560547,0.050459654374890306,1.0306835174560547,5.992770195007324,0.17198782598317122,0.22233267575502397,0.9666638076305389,0.38799240910863764,20,0.051534175872802734,0.027127231799968073,0.07876519914026614,0.04653595639148194,0
567,1774286278.8719864,21,0.07362025124686104,0.0,1.546025276184082,0.10839882787301888,1.546025276184082,6.227016448974609,0.24827705031013095,0.05523793186460223,0.5799982845783234,0.17025474034060006,21,0.07362025124686104,0.038744265638070194,0.12269194481464532,0.05032246208489985,0
568,1774286278.9722579,23,-0.2586893413377845,-1.546025276184082,0.0,0.25343283210396,1.546025276184082,5.992770195007324,0.2579817389747568,0.09246349464292111,0.3866655230522156,0.1599307241207558,23,-0.1051279081814531,-0.05531722408714162,0.13464245891996793,0.07363554269754458,0
569,1774286279.077254,32,-0.07466599345207214,-1.546025276184082,1.0306835174560547,0.25087976283921787,2.5767087936401367,6.227016448974609,0.41379508385021824,0.0966663807630539,0.7733310461044312,0.23179783805400206,32,-0.07466599345207214,-0.039197318397296496,0.13533293306827546,0.06853081334410631,0
570,1774286279.177087,28,0.11043037687029157,-0.3279447555541992,1.546025276184082,0.15539778247870692,1.8739700317382812,6.227016448974609,0.30094187916379506,0.06904741483075279,0.5799982845783234,0.15684557613531822,28,0.18851246152605328,0.09894945437146076,0.1038802897752221,0.07415061834136943,0
571,1774286279.2770865,30,0.09838342666625977,-0.4216432571411133,1.546025276184082,0.14769161126082508,1.9676685333251953,6.227016448974609,0.3159889731219848,0.05799982845783234,0.3866655230522156,0.13347896969362447,30,0.12606707486239346,0.06618540050474049,0.0896615705628326,0.07653652624290994,0
572,1774286279.3769517,28,0.11210356439862933,-0.18739700317382812,1.546025276184082,0.1251597726683641,1.7334222793579102,6.227016448974609,0.27837123822651044,0.05523793186460223,0.3866655230522156,0.1353047475148992,28,0.1374802419117519,0.07218207345782844,0.08405772240265556,0.08050009832976593,0
573,1774286279.4775097,28,0.07863981383187431,-0.2810955047607422,1.546025276184082,0.09783610117971055,1.8271207809448242,6.227016448974609,0.2934183321847002,0.0,0.0,0.0,28,0.10715674909745684,0.05624477221189922,0.09080781223195972,0.08196326447348944,0
574,1774286279.5770159,31,0.06800697695824408,-0.2810955047607422,1.546025276184082,0.09796669568393736,1.8271207809448242,6.227016448974609,0.2934183321847002,0.024946162777562297,0.1933327615261078,0.06481203207693216,31,0.12550378475021406,0.06589139611916979,0.09080781223195972,0.08260569393291647,0
575,1774286279.6772351,27,0.06593598259819879,-1.1243820190429688,1.546025276184082,0.16717608889534238,2.670407295227051,6.174445152282715,0.43249348392702,0.007160472649115103,0.1933327615261078,0.036511389764385324,27,0.12617073361835782,0.06621576904721486,0.08899444578185914,0.08184979440618541,0
576,1774286279.776993,29,0.1502407008203967,-0.3279447555541992,1.405477523803711,0.19229620352180563,1.7334222793579102,6.174445152282715,0.2807413843035042,0.013333293898352262,0.3866655230522156,0.07055315962474999,29,0.17672071213843762,0.09276919439143512,0.0851974881301492,0.08467647812275664,0
577,1774286279.87736,25,0.01499176025390625,-1.1243820190429688,1.405477523803711,0.14077255887059437,2.5298595428466797,5.992770195007324,0.4221519365041475,0.007733310461044311,0.1933327615261078,0.03788532930417179,25,0.01499176025390625,0.007869196139338334,0.08436338684775613,0.08382288702213661,0
578,1774286279.9769087,25,-0.04310131072998047,-0.6558895111083984,0.23424625396728516,0.03475241337582702,0.8901357650756836,5.992770195007324,0.14853494062182968,0.038666552305221556,0.3866655230522156,0.10936552536050599,25,-0.07341553183162913,-0.03854390431130942,0.07876519914026614,0.08510998784285183,0
579,1774286280.0677123,24,-0.08784234523773193,-0.9838342666625977,0.0,0.055294273826334006,0.9838342666625977,5.992770195007324,0.16417019752939072,0.03222212692101797,0.3866655230522156,0.10686870494422632,24,-0.1149655956971018,-0.06064317112477672,0.08084824572909963,0.08875456419260248,0
580,1774286280.1678846,25,-0.04497528076171875,-0.6558895111083984,0.8432865142822266,0.0578527948619012,1.499176025390625,6.043910980224609,0.24804733727810652,0.0695997941493988,0.5799982845783234,0.16295096276175372,25,-0.07100264231363933,-0.03745726303298262,0.07595215631382805,0.08992612618004092,0
581,1774286280.2672126,25,0.035605430603027344,-0.2810955047607422,1.405477523803711,0.08310237572004553,1.6865730285644531,5.992770195007324,0.28143462433609834,0.06186648368835449,0.9666638076305389,0.19502666914262454,25,0.00957806905110677,0.0050532863426341135,0.08699974268674851,0.08999145075090693,0
582,1774286280.367666,24,-0.0273287296295166,-0.4684925079345703,0.9369850158691406,0.05833124827603342,1.405477523803711,5.992770195007324,0.2345288536134153,0.06444425384203593,0.7733310461044312,0.18227587560084332,24,0.012493133544921875,0.0065896515809756254,0.07411089191834132,0.09052649113932025,0
583,1774286280.467704,27,0.15789932674831814,-0.23424625396728516,1.405477523803711,0.12927649938746194,1.639723777770996,6.043910980224609,0.27130177514792897,0.07160472649115103,0.3866655230522156,0.15019934142944572,27,0.14725176974980517,0.07768658547834191,0.12244408229986826,0.09458308423393576,0
584,1774286280.567271,23,0.01018461973770805,-0.7495880126953125,0.9369850158691406,0.07328068302642579,1.6865730285644531,6.043910980224609,0.2790532544378698,0.016811544480531113,0.1933327615261078,0.054475630259036005,23,-0.01844547796940458,-0.009731374079827554,0.114688926329047,0.09458689591350172,0
585,1774286280.6671243,23,0.05907079447870669,-0.7495880126953125,1.405477523803711,0.15921599651546042,2.1550655364990234,5.992770195007324,0.35961090887390346,0.07565195016239,0.5799982845783234,0.19533249539136668,23,0.007536618605903954,0.003976453597247703,0.12083297595381737,0.09486180811252022,0
586,1774286280.767182,23,0.21184009054432745,0.0,1.405477523803711,0.1948398185324966,1.405477523803711,5.992770195007324,0.2345288536134153,0.08405772240265556,0.7733310461044312,0.21951783240424771,23,0.1382198392974664,0.07293169652647054,0.08394712013633628,0.10297894742967632,0
587,1774286280.867268,25,0.050597190856933594,-0.4216432571411133,0.9369850158691406,0.10042239418908139,1.358628273010254,5.992770195007324,0.22671122515963477,0.11599965691566468,0.7733310461044312,0.26788973258465293,25,0.3092865321947181,0.16321100900719576,0.08618448405380709,0.10267481358556682,0
588,1774286280.967194,24,0.048801302909851074,-0.4684925079345703,1.405477523803711,0.1804313389808243,1.8739700317382812,5.992770195007324,0.31270513815122036,0.03222212692101797,0.3866655230522156,0.10686870494422632,24,0.12346729636192322,0.06532868494861159,0.07518496281570858,0.07760204573802039,0
589,1774286281.0670059,26,0.1585666949932392,-0.4684925079345703,1.405477523803711,0.2174721997749313,1.8739700317382812,6.043910980224609,0.31005917159763313,0.06692287898980655,0.5799982845783234,0.1853010611973019,26,0.04813631812294762,0.02547004560025045,0.06069749489773151,0.07552736631739079,0
590,1774286281.1671574,28,0.17233831541878836,-0.4684925079345703,1.405477523803711,0.19158764941864798,1.8739700317382812,6.043910980224609,0.31005917159763313,0.04142844889845167,0.5799982845783234,0.14937239676630715,28,0.07395488875252859,0.039128102631977475,0.03821694123190503,0.07867625170627966,0
591,1774286281.2668083,26,0.08649092454176682,-0.4684925079345703,1.546025276184082,0.22787502043899335,2.0145177841186523,6.043910980224609,0.33331360946745564,0.029743501773247354,0.3866655230522156,0.10303451253255881,26,-0.025612639856862504,-0.013552689748875447,0.026666587796704524,0.07846255306474424,0
592,1774286281.3672512,27,0.07634692721896702,-0.7495880126953125,1.546025276184082,0.2282887253611001,2.2956132888793945,6.043910980224609,0.3798224852071006,0.057283781192920824,0.7733310461044312,0.2025287506676037,27,-0.0022928866129072883,-0.0012133335215790127,0.011240276832913244,0.07774802105269572,0
593,1774286281.4669137,26,0.07387766471275917,-0.7495880126953125,1.546025276184082,0.2617231494723415,2.2956132888793945,6.043910980224609,0.3798224852071006,0.05948700354649471,0.7733310461044312,0.20606902506511762,26,0.005870687754515089,0.003106351931851701,0.015555509548077637,0.0777043296195738,0
594,1774286281.5671566,28,0.07027387619018555,-1.6865730285644531,1.546025276184082,0.40220668395818393,3.232598304748535,6.043910980224609,0.5348520710059171,0.11047586372920445,0.9666638076305389,0.2754983199175199,28,0.004337893591986761,0.002295277216573737,0.009547296865486804,0.07771484067022226,0
595,1774286281.6667054,27,0.062465667724609375,-0.5621910095214844,1.6865730285644531,0.15526547751202693,2.2487640380859375,6.043910980224609,0.37207100591715975,0.07160472649115103,0.7733310461044312,0.20479452502700707,27,-0.08777503309578732,-0.046448886177766865,0.01957800116720079,0.07770971218938381,0
596,1774286281.7671685,24,0.031232833862304688,-0.5153417587280273,0.8432865142822266,0.04712835632858514,1.358628273010254,6.043910980224609,0.22479289940828404,0.07249978557229042,1.1599965691566467,0.2546108793152401,24,0.016241073608398438,0.008594031790600334,0.02612604885487943,0.07522782969096234,0
597,1774286281.867213,23,-0.04888617474099864,-0.7495880126953125,0.8432865142822266,0.08521337719379078,1.592874526977539,6.043910980224609,0.26355029585798817,0.06724617792212445,0.3866655230522156,0.14655964695094822,23,-0.005784864011018173,-0.0030602818436992227,0.04702688793878298,0.0781930057439674,0
598,1774286281.9667022,25,0.16303539276123047,-0.5621910095214844,1.6865730285644531,0.2886880450660101,2.2487640380859375,6.043910980224609,0.37207100591715975,0.10826634645462035,0.9666638076305389,0.2738509260918599,25,0.2508777379989624,0.1321111480926224,0.054864702595246805,0.07847467426141556,0
599,1774286282.0667274,25,-0.005621910095214844,-1.8271207809448242,1.546025276184082,0.354393143516063,3.3731460571289062,5.992770195007324,0.5628692486721967,0.10826634645462035,0.7733310461044312,0.2510647557583299,25,0.039353370666503906,0.02072492279319626,0.06531512213719858,0.0723831359120831,0
600,1774286282.1668086,23,0.06925541421641475,-0.8432865142822266,1.546025276184082,0.22747631794852344,2.3893117904663086,5.992770195007324,0.398699051142806,0.11768081136371779,0.9666638076305389,0.30562814529228094,23,0.033649983613387405,0.01771428453246342,0.06614015525893162,0.0676682442896869,0
601,1774286282.2671297,20,0.021082162857055664,0.0,0.4216432571411133,0.008444694223896931,0.4216432571411133,5.992770195007324,0.07035865608402458,0.11599965691566468,0.7733310461044312,0.27613441586624826,20,0.048410892486572266,0.025486611652571732,0.05225209770975886,0.06813979910043158,0
602,1774286282.367075,19,0.0,0.0,0.0,0.0,0.0,5.992770195007324,0.0,0.07122785950961866,0.5799982845783234,0.16843298091091044,19,-0.15789932674831814,-0.08313243401906119,0.05561627386367484,0.06638408862081556,0
603,1774286282.4670346,20,0.0,0.0,0.0,0.0,0.0,5.992770195007324,0.0,0.11599965691566468,0.9666638076305389,0.2550234275944092,20,-0.01018461973770805,-0.005360993242922269,0.058840405681858894,0.06524997984581347,0
604,1774286282.5664968,20,-0.02810955047607422,-0.7027387619018555,1.405477523803711,0.1627263495151965,2.1082162857055664,5.992770195007324,0.3517932804201229,0.14499957114458084,0.7733310461044312,0.2924058154413547,20,-0.08718034495478091,-0.045899549135248505,0.09258188580123472,0.06737376220184835,0
605,1774286282.6666307,23,0.20776624264924423,0.0,1.8271207809448242,0.29178673505358504,1.8271207809448242,5.992770195007324,0.3048875096974399,0.1344923558442489,0.7733310461044312,0.29311929390189645,23,-0.004073847895083221,-0.002144752863483834,0.07787014005912675,0.07430766218442397,0
606,1774286282.766595,18,0.0,0.0,0.0,0.0,0.0,5.860805511474609,0.0,0.16111063460508981,0.9666638076305389,0.3364088814244457,18,-0.050597190856933594,-0.026639539242167748,0.07217756430308024,0.06834562687149004,0
607,1774286282.8670213,17,0.0,0.0,0.0,0.0,0.0,5.860805511474609,0.0,0.12509766922277563,0.7733310461044312,0.2729403692133286,17,-0.048801302909851074,-0.025687231888046527,0.04709387780764164,0.06958958637161082,0
608,1774286282.9665508,18,-0.044246514638264976,-0.7964372634887695,0.0,0.033281818979781344,0.7964372634887695,5.860805511474609,0.1358921161825726,0.11814779871039921,0.7733310461044312,0.2423214396042586,18,-0.20281320963150418,-0.10676936556431778,0.0459165308624506,0.0730687899007161,0
609,1774286283.0667176,18,0.0,0.0,0.0,0.0,0.0,5.811095237731934,0.0,0.10740708973672655,0.7733310461044312,0.21588557853613438,18,-0.17233831541878836,-0.09072537644834046,0.04296283589469062,0.06974292460089063,0
610,1774286283.167013,16,-0.10248273611068726,-0.8432865142822266,0.0,0.07358756753950146,0.8432865142822266,5.811095237731934,0.14511662256138838,0.1933327615261078,0.7733310461044312,0.3348621657308162,16,-0.18897366065245408,-0.09944910923479276,0.048945002918001974,0.07044215546352506,0
611,1774286283.2670405,17,0.0,0.0,0.0,0.0,0.0,5.811095237731934,0.0,0.15921521537444172,0.9666638076305389,0.34606846475976816,17,-0.07634692721896702,-0.04018704910012385,0.07637837492389443,0.06959080801423992,0
612,1774286283.3665097,17,-0.10196601643281825,-0.8901357650756836,0.0,0.07804256828324227,0.8901357650756836,5.811095237731934,0.1531786571481322,0.1705877307583304,0.9666638076305389,0.36851161645818475,17,-0.1758436811455774,-0.09256899013196764,0.08115202335663783,0.07401748002288555,0
613,1774286283.4666674,16,-0.055633485317230225,-0.8901357650756836,0.0,0.046426270328137065,0.8901357650756836,5.811095237731934,0.1531786571481322,0.18124946393072605,0.9666638076305389,0.3773008464860556,16,-0.12590736150741577,-0.06628409667425869,0.08565375510650346,0.07454263348904461,0
614,1774286283.567033,20,0.0,0.0,0.0,0.0,0.0,5.811095237731934,0.0,0.11599965691566468,0.5799982845783234,0.23199931383132935,20,-0.062465667724609375,-0.03287099814416868,0.07054033190817446,0.07335544451030339,0
615,1774286283.6670825,19,-0.22931475388376335,-0.9369850158691406,0.0,0.14783941419548094,0.9369850158691406,5.811095237731934,0.16124069173487598,0.1628065360219855,1.3533293306827545,0.3507196295415547,19,-0.260547587746068,-0.1371365146763546,0.08324049454596308,0.08858489458280012,0
616,1774286283.7669613,17,-0.2094437094295726,-0.9369850158691406,0.0,0.1428248870313988,0.9369850158691406,5.811095237731934,0.16124069173487598,0.13647018460666432,0.5799982845783234,0.2460251240856823,17,-0.16055753468857398,-0.08451516053273589,0.09534218376629973,0.09847813681901889,0
617,1774286283.8670497,16,-0.12005120515823364,-0.9838342666625977,0.0,0.10095463215398226,0.9838342666625977,5.811095237731934,0.1693027263216198,0.14499957114458084,0.7733310461044312,0.2691078149481445,16,-0.2830865979194641,-0.14896570348535593,0.11123254772734968,0.10078036685089918,0
618,1774286283.96654,17,-0.055116765639361215,-0.9369850158691406,0.0,0.04860572567270831,0.9369850158691406,5.811095237731934,0.16124069173487598,0.1819602461422191,0.7733310461044312,0.32803349878090976,17,-0.04949485554414637,-0.026052492220291785,0.11372515383888693,0.09157125329747276,0
619,1774286284.0668788,20,-0.051534175872802734,-1.0306835174560547,0.0,0.050459654374890306,1.0306835174560547,5.992770195007324,0.17198782598317122,0.12566629499197007,0.7733310461044312,0.25410574405847164,20,-0.12078959008921748,-0.06357112000262567,0.10290292145744447,0.09143919646288443,0
620,1774286284.1665375,19,-0.10602725179571855,-1.0306835174560547,0.0,0.09561287331954817,1.0306835174560547,5.992770195007324,0.17198782598317122,0.12210490201648913,0.7733310461044312,0.2819891921943715,19,-0.1271094146527742,-0.06692054775993524,0.1015816204628702,0.08940514613542828,0
621,1774286284.2665632,20,0.0,0.0,0.0,0.0,0.0,5.992770195007324,0.0,0.13533293306827546,1.3533293306827545,0.3463841176217349,20,0.0,0.0,0.11141209986250279,0.08875642778311098,0
622,1774286284.3670883,24,-0.08784234523773193,-1.0775327682495117,0.0,0.08492477987509517,1.0775327682495117,6.043910980224609,0.17828402366863905,0.11277744422356288,0.7733310461044312,0.2552472484140926,24,-0.08784234523773193,-0.04623150567238223,0.13195728167654977,0.08860373983806057,0
623,1774286284.467122,21,0.0,0.0,0.0,0.0,0.0,5.992770195007324,0.0,0.18412643954867408,0.7733310461044312,0.3293753882286727,21,0.02810955047607422,0.014789633457939235,0.14579191852788456,0.08860373983806057,0
624,1774286284.567006,21,0.1539332526070731,0.0,3.232598304748535,0.4739089251638597,3.232598304748535,5.992770195007324,0.5394163633108552,0.14730115163893925,0.7733310461044312,0.30366910349123527,21,-0.053832990042171125,-0.028327556228802318,0.13999958593269873,0.09903883775748064,0
625,1774286284.6665494,19,-0.05917800100226151,-1.1243820190429688,0.0,0.06303664444722595,1.1243820190429688,5.992770195007324,0.18762308289073223,0.1729819445233596,0.9666638076305389,0.33717318118509987,19,-0.05917800100226151,-0.031147061265853423,0.13496815427294317,0.08109816403025258,0
626,1774286284.7666013,20,0.0,0.0,0.0,0.0,0.0,6.043910980224609,0.0,0.13533293306827546,0.9666638076305389,0.3001331564441676,20,0.0,0.0,0.11672921450632923,0.08109816403025256,0
627,1774286284.8665915,22,0.0,0.0,0.0,0.0,0.0,6.043910980224609,0.0,0.08787852796641263,0.5799982845783234,0.1996216423540414,22,0.044246514638264976,0.02328714134874438,0.137563695701269,0.08109816403025258,0
628,1774286284.9670756,20,0.0,0.0,0.0,0.0,0.0,6.043910980224609,0.0,0.11599965691566468,0.5799982845783234,0.23199931383132935,20,0.0,0.0,0.15163353845184924,0.08191829123490636,0
629,1774286285.067012,19,0.0,0.0,0.0,0.0,0.0,6.043910980224609,0.0,0.08140326801099275,0.3866655230522156,0.15763675066671695,19,0.10248273611068726,0.05393830652963532,0.17399948537349702,0.08191829123490638,0
630,1774286285.1667495,21,-0.0513110842023577,-1.0775327682495117,0.0,0.05265654724042886,1.0775327682495117,6.043910980224609,0.17828402366863905,0.11968218570663816,1.3533293306827545,0.3070001256671125,21,-0.0513110842023577,-0.027009970775982564,0.17013283014297487,0.08107239300841866,0
631,1774286285.2668533,19,0.0,0.0,0.0,0.0,0.0,6.043910980224609,0.0,0.12210490201648913,0.5799982845783234,0.23645512600007546,19,0.10196601643281825,0.05365661946559424,0.15320709403955712,0.08107239300841866,0
632,1774286285.367076,20,-0.06324648857116699,-1.2649297714233398,0.0,0.07600224801507238,1.2649297714233398,6.043910980224609,0.20928994082840235,0.15466620922088622,0.7733310461044312,0.30933241844177245,20,-0.007613003253936768,-0.004005982518140067,0.15115106810222972,0.08023466767361918,0
633,1774286285.4665513,22,-0.11499361558393999,-1.2649297714233398,0.0,0.1322353162506697,1.2649297714233398,6.043910980224609,0.20928994082840235,0.0,0.0,0.0,22,-0.11499361558393999,-0.06053830517186769,0.13809482966150557,0.08159519605471231,0
634,1774286285.5670164,22,-0.057496807791969994,-1.2649297714233398,0.0,0.06942354103160155,1.2649297714233398,6.043910980224609,0.20928994082840235,0.035151411186565056,0.1933327615261078,0.07456740365489042,22,0.17181794609179335,0.09043364812767048,0.14871750886623675,0.08080228993170971,0
635,1774286285.6670346,24,0.0,0.0,0.0,0.0,0.0,6.043910980224609,0.0,0.024166595190763474,0.1933327615261078,0.06393880090992969,24,0.2094437094295726,0.110229279336782,0.15466620922088622,0.07052692671226475,0
636,1774286285.7668443,23,0.0,0.0,0.0,0.0,0.0,6.043910980224609,0.0,0.0,0.0,0.0,23,0.12005120515823364,0.06319167688630822,0.14955930608623433,0.059432177715672954,0
637,1774286285.8668954,24,-0.05270540714263916,-1.2649297714233398,0.0,0.06389077866764126,1.2649297714233398,6.043910980224609,0.20928994082840235,0.008055531730254492,0.1933327615261078,0.03863297300900034,24,0.0024113584967220547,0.001268898740762418,0.1415472004030432,0.056084692662440025,0
638,1774286285.9666867,27,-0.04684925079345703,-1.2649297714233398,0.0,0.05706615979761409,1.2649297714233398,6.043910980224609,0.20928994082840235,0.02148141794734531,0.1933327615261078,0.0607586252002811,27,0.004684925079345703,0.0024659993283446106,0.1277962321952238,0.0559081569465076,0
639,1774286286.0665603,26,-0.005405682783860426,-1.2649297714233398,1.1243820190429688,0.11013548056980355,2.3893117904663086,6.043910980224609,0.39532544378698226,0.0,0.0,0.0,26,0.10062156901185812,0.05295808656482374,0.12275095969911605,0.05579415614826111,0
640,1774286286.166566,24,0.0,0.0,0.0,0.0,0.0,6.043910980224609,0.0,0.016111063460508983,0.1933327615261078,0.05343435247211316,24,0.0,0.0,0.1427688085115873,0.052755629560394174,0
641,1774286286.2667878,22,-0.11712312698364258,-1.3117790222167969,0.0,0.13722815175108075,1.3117790222167969,6.043910980224609,0.2170414201183432,0.017575705593282528,0.1933327615261078,0.05557926115933376,22,-0.029280781745910645,-0.015413375917444924,0.14646421327735437,0.05665011316679853,0
642,1774286286.3670464,23,0.0,0.0,0.0,0.0,0.0,6.043910980224609,0.0,0.0,0.0,0.0,23,0.0,0.0,0.16797764526038875,0.05499737290528573,0
643,1774286286.4677563,26,-0.09550039584820087,-1.2649297714233398,0.0,0.10948611598403193,1.2649297714233398,5.992770195007324,0.21107596825207375,0.022307626329935513,0.1933327615261078,0.06176702039910063,26,-0.249433648455274,-0.131229055599164,0.15144399652878443,0.05709694415049186,0
644,1774286286.5671973,24,-0.18739700317382812,-1.546025276184082,0.0,0.24600636194804792,1.546025276184082,6.043910980224609,0.2557988165680473,0.008055531730254492,0.1933327615261078,0.03863297300900034,24,-0.12821900217156662,-0.06746068201904448,0.12994497086181014,0.05166936359460443,0
645,1774286286.6673741,24,-0.06051361560821533,-1.452326774597168,0.0,0.08422364650151337,1.452326774597168,5.992770195007324,0.2423464820671958,0.06444425384203593,0.7733310461044312,0.18227587560084332,24,-0.06051361560821533,-0.0318363222003259,0.11225773249903033,0.05169165645027096,0
646,1774286286.7675564,24,-0.11126697063446045,-1.546025276184082,0.0,0.13988753955196387,1.546025276184082,5.992770195007324,0.2579817389747568,0.040277658651272454,0.3866655230522156,0.09633014885470996,24,-0.11126697063446045,-0.05853183623941379,0.09508168599644645,0.052780624691317966,0
647,1774286286.8675768,20,-0.0773012638092041,-1.546025276184082,0.0,0.11353422234350319,1.546025276184082,6.043910980224609,0.2557988165680473,0.05799982845783234,0.5799982845783234,0.13806720793312416,20,-0.0773012638092041,-0.04067414518120051,0.10633301883935928,0.051933721763650374,0
648,1774286286.9676073,23,-0.054996946583623474,-1.2649297714233398,0.0,0.06654261093748251,1.2649297714233398,6.043910980224609,0.20928994082840235,0.05043463344159334,0.3866655230522156,0.11707885953199446,23,-0.054996946583623474,-0.028936696739414867,0.10813527339595859,0.05054199690588153,0
649,1774286287.067303,25,-0.0993204116821289,-1.2649297714233398,0.0,0.1134861550781352,1.2649297714233398,5.992770195007324,0.21107596825207375,0.04639986276626587,0.3866655230522156,0.12565142236099405,25,-0.048009327479771206,-0.025260708718111147,0.13211072037617366,0.0497868454481214,0
650,1774286287.1672757,24,0.0,0.0,0.0,0.0,0.0,6.043910980224609,0.0,0.04833319038152695,0.3866655230522156,0.12787760181985938,24,0.0,0.0,0.08874290693001669,0.05145094843890784,0
651,1774286287.2670121,21,0.0,0.0,0.0,0.0,0.0,6.043910980224609,0.0,0.036825287909734813,0.3866655230522156,0.11350316022706673,21,0.06324648857116699,0.03328874337895647,0.060416487976908684,0.05145094843890784,0
652,1774286287.367084,25,0.0,0.0,0.0,0.0,0.0,6.043910980224609,0.0,0.07733310461044311,0.5799982845783234,0.18942664652085892,25,0.11499361558393999,0.060505990885702784,0.019901901921805215,0.05290558376344949,0
653,1774286287.4671173,22,0.0,0.0,0.0,0.0,0.0,6.043910980224609,0.0,0.06151496957648884,0.7733310461044312,0.1688091397114971,22,0.057496807791969994,0.030259870087485045,0.01961346856061963,0.05221332603839304,0
654,1774286287.5676365,23,-0.054996946583623474,-1.2649297714233398,0.0,0.06654261093748252,1.2649297714233398,6.043910980224609,0.20928994082840235,0.05043463344159334,0.3866655230522156,0.13022166359424442,23,-0.054996946583623474,-0.028936595101457414,0.010891986564851143,0.05219413419960458,0
655,1774286287.6676483,22,-0.057496807791969994,-1.2649297714233398,0.0,0.06942354103160156,1.2649297714233398,6.043910980224609,0.20928994082840235,0.05272711677984758,0.3866655230522156,0.13269366731234514,22,-0.057496807791969994,-0.03024867713706291,0.010450419541951772,0.05103235802582117,0
656,1774286287.7676072,23,-0.05092309868854025,-1.1712312698364258,0.0,0.05704956356094181,1.1712312698364258,6.043910980224609,0.1937869822485207,0.07565195016239,0.5799982845783234,0.17791666340154352,23,0.0017823084540989076,0.0009377057993245829,0.010043260339018586,0.04967440453500583,0
657,1774286287.8675373,22,-0.05323778499256481,-1.1712312698364258,0.0,0.05951949676920573,1.1712312698364258,5.992770195007324,0.19544071134451274,0.10545423355969516,0.7733310461044312,0.24543137184320965,22,-0.00638853419910778,-0.0033608819227824993,0.012554075423773233,0.04967406610157271,0
658,1774286287.9675746,18,-0.062465667724609375,-1.1243820190429688,0.0,0.06633331395278219,1.1243820190429688,5.992770195007324,0.18762308289073223,0.16111063460508981,1.5466620922088623,0.39856569833224625,18,-0.057059984940748945,-0.03001554701625637,0.010740708973672655,0.049684291495814215,0
659,1774286288.06704,20,0.0,0.0,0.0,0.0,0.0,5.992770195007324,0.0,0.11599965691566468,0.7733310461044312,0.24758673824352914,20,0.0,0.0,0.011207696320354074,0.04996398848097612,0
660,1774286288.167143,19,0.0,0.0,0.0,0.0,0.0,5.992770195007324,0.0,0.09157867651236684,0.5799982845783234,0.18145352666180922,19,0.11712312698364258,0.06163222455131741,0.013614983206063929,0.04996398848097612,0
661,1774286288.267483,20,0.0,0.0,0.0,0.0,0.0,5.992770195007324,0.0,0.08699974268674851,0.5799982845783234,0.20710081189968624,20,0.0,0.0,0.010593575974033303,0.049093447698547066,0
662,1774286288.3669913,20,0.0,0.0,0.0,0.0,0.0,5.992770195007324,0.0,0.08699974268674851,0.5799982845783234,0.20710081189968624,20,0.09550039584820087,0.05028361173734072,0.03135125862585532,0.049093447698547066,0
663,1774286288.467352,21,0.0,0.0,0.0,0.0,0.0,5.992770195007324,0.0,0.07365057581946963,0.7733310461044312,0.22700632045413346,21,0.18739700317382812,0.09862197744342223,0.03759248140785429,0.04891153237593276,0
664,1774286288.5672724,21,0.0,0.0,0.0,0.0,0.0,5.992770195007324,0.0,0.07365057581946963,0.7733310461044312,0.22700632045413346,21,0.06051361560821533,0.03185097639517159,0.054019448073471296,0.036929132255993424,0
665,1774286288.6670184,21,0.0,0.0,0.0,0.0,0.0,5.992770195007324,0.0,0.18412643954867408,0.9666638076305389,0.37958637936404405,21,0.11126697063446045,0.05857815083141906,0.049054581282743766,0.03712168906317721,0
666,1774286288.7672808,20,0.0,0.0,0.0,0.0,0.0,5.992770195007324,0.0,0.06766646653413773,0.5799982845783234,0.16490049267421444,20,0.0773012638092041,0.04069121539128828,0.05117631922749912,0.03277339736003021,0
667,1774286288.8670168,18,0.0,0.0,0.0,0.0,0.0,5.992770195007324,0.0,0.08592567178938124,0.5799982845783234,0.1957050313951277,18,0.054996946583623474,0.028954759698334137,0.04833319038152695,0.03094812457526969,0
668,1774286288.9669375,18,0.0,0.0,0.0,0.0,0.0,5.992770195007324,0.0,0.07518496281570858,0.5799982845783234,0.17218666359240195,18,0.0993204116821289,0.0522839559242411,0.04419034549168178,0.03030148986438033,0
669,1774286289.0674725,18,0.0,0.0,0.0,0.0,0.0,5.992770195007324,0.0,0.0966663807630539,0.5799982845783234,0.2161525985250665,18,0.0,0.0,0.05523793186460223,0.02425337415706813,0
670,1774286289.1670115,18,0.0,0.0,0.0,0.0,0.0,5.992770195007324,0.0,0.053703544868363276,0.9666638076305389,0.22142538796235905,18,0.0,0.0,0.05970570576541564,0.02425337415706813,0
671,1774286289.2670424,17,-0.1405477523803711,-0.8432865142822266,0.0,0.0924420145137821,0.8432865142822266,5.992770195007324,0.14071731216804917,0.022745030767777386,0.1933327615261078,0.062289832113303606,17,-0.1405477523803711,-0.073974121982386,0.06352362164429255,0.03647433149636997,0
672,1774286289.367334,21,0.0,0.0,0.0,0.0,0.0,5.992770195007324,0.0,0.2209517274584089,1.1599965691566467,0.45550365523685293,21,0.0,0.0,0.05482570849247833,0.03647433149636997,0
673,1774286289.4670281,21,0.0,0.0,0.0,0.0,0.0,5.992770195007324,0.0,0.14730115163893925,0.7733310461044312,0.2792415714108566,21,0.054996946583623474,0.02895503228637547,0.05970570576541564,0.03647433149636998,0
674,1774286289.567019,21,0.0,0.0,0.0,0.0,0.0,5.992770195007324,0.0,0.11047586372920445,0.5799982845783234,0.22775182761842647,21,0.057496807791969994,0.03027150449907989,0.07791021733141656,0.03587456341176907,0
675,1774286289.667655,20,0.0,0.0,0.0,0.0,0.0,5.992770195007324,0.0,0.11599965691566468,0.5799982845783234,0.23199931383132935,20,0.05092309868854025,0.02680095692809892,0.11047586372920445,0.03490361831464573,0
676,1774286289.7671611,18,-0.12493133544921875,-1.452326774597168,0.0,0.13681246002761327,1.452326774597168,5.992770195007324,0.2423464820671958,0.12888850768407187,0.7733310461044312,0.2882034647000886,18,-0.07169355045665393,-0.03774091890337685,0.12566629499197007,0.04173291519329252,0
677,1774286289.867163,18,-0.12493133544921875,-1.452326774597168,0.0,0.13681246002761327,1.452326774597168,5.992770195007324,0.2423464820671958,0.20407347049978045,0.9666638076305389,0.383820704185376,18,-0.062465667724609375,-0.03288379181748341,0.12210490201648913,0.04723159419688216,0
678,1774286289.9673533,18,0.0,0.0,0.0,0.0,0.0,5.860805511474609,0.0,0.16111063460508981,0.9666638076305389,0.36025433087511083,18,0.0,0.0,0.098304793996326,0.04655552218759211,0
679,1774286290.067183,19,0.0,0.0,0.0,0.0,0.0,5.992770195007324,0.0,0.24420980403297826,1.3533293306827545,0.4972433854256573,19,0.0,0.0,0.0884743145966934,0.04655552218759211,0
680,1774286290.166994,18,-0.041643778483072914,-0.7495880126953125,0.0,0.029481472867903202,0.7495880126953125,5.992770195007324,0.12508205526048816,0.12888850768407187,0.5799982845783234,0.2411283184231887,18,-0.041643778483072914,-0.021923419404092172,0.08240412786358693,0.04656716143204725,0
681,1774286290.267563,16,0.0,0.0,0.0,0.0,0.0,5.992770195007324,0.0,0.10874967835843563,0.5799982845783234,0.22638050789163336,16,0.0,0.0,0.07795675867988218,0.04656716143204725,0
682,1774286290.367606,19,-0.1405477523803711,-1.499176025390625,0.0,0.13469462008910532,1.499176025390625,6.043910980224609,0.24804733727810652,0.14245571901923731,0.7733310461044312,0.27940715699505,19,-0.1405477523803711,-0.07396261318506851,0.11047586372920445,0.05294505309496327,0
683,1774286290.4671998,17,0.011023353127872242,-1.499176025390625,1.6865730285644531,0.2994112701438831,3.185749053955078,6.043910980224609,0.5271005917159763,0.23882282306166255,0.9666638076305389,0.3723522012827016,17,0.011023353127872242,0.005801986569198311,0.10913946215183504,0.053296440264460565,0
684,1774286290.567557,19,0.03698625062641345,0.0,0.7027387619018555,0.024623689237197634,0.7027387619018555,6.043910980224609,0.11627218934911243,0.21368357852885597,0.9666638076305389,0.3597550176332433,19,0.03698625062641345,0.0194609301870376,0.114688926329047,0.05485748043077124,0
685,1774286290.6670585,18,0.0,0.0,0.0,0.0,0.0,6.043910980224609,0.0,0.12888850768407187,0.7733310461044312,0.2577770153681437,18,0.0,0.0,0.07595215631382805,0.05485748043077124,0
686,1774286290.7670066,17,0.0,0.0,0.0,0.0,0.0,5.860805511474609,0.0,0.1705877307583304,0.7733310461044312,0.31020086231448174,17,0.0,0.0,0.08592567178938124,0.05485748043077124,0
687,1774286290.8675895,20,0.0,0.0,0.0,0.0,0.0,5.860805511474609,0.0,0.11599965691566468,0.5799982845783234,0.23199931383132935,20,0.0,0.0,0.07518496281570858,0.05485748043077124,0
688,1774286290.967407,21,-0.04684925079345703,-1.452326774597168,0.4684925079345703,0.10869744723355065,1.9208192825317383,5.860805511474609,0.3277398096167928,0.11047586372920445,0.7733310461044312,0.2706094950297985,21,-0.04684925079345703,-0.024658350089090054,0.05836460725316461,0.05468742863327746,0
689,1774286291.0676537,20,-0.08432865142822266,-0.5621910095214844,0.7027387619018555,0.07541512502484693,1.2649297714233398,5.860805511474609,0.2158286551134977,0.14499957114458084,0.9666638076305389,0.3451680198328103,20,-0.08432865142822266,-0.04436850521038286,0.10702349298766681,0.055565799926642144,0
690,1774286291.1675696,19,0.032054750542891655,-0.5153417587280273,1.1243820190429688,0.07948891681163507,1.639723777770996,5.860805511474609,0.27977788625823774,0.1729819445233596,0.9666638076305389,0.33717318118509987,19,0.17260250292326274,0.09081822106800365,0.1376267115948564,0.05693388678835579,0
691,1774286291.2670422,18,0.03383557001749674,-0.5153417587280273,1.1243820190429688,0.08384471270359323,1.639723777770996,5.860805511474609,0.27977788625823774,0.11814779871039921,0.7733310461044312,0.23359498761451106,18,0.03383557001749674,0.017810929464033887,0.15957624760885086,0.05271461153581644,0
692,1774286291.3675675,16,0.0,0.0,0.0,0.0,0.0,5.860805511474609,0.0,0.060416487976908684,0.3866655230522156,0.13181321486348935,16,0.0,0.0,0.12473081388781147,0.05271461153581644,0
693,1774286291.4672203,18,0.0,0.0,0.0,0.0,0.0,5.860805511474609,0.0,0.10740708973672655,0.7733310461044312,0.2514335507304236,18,0.0,0.0,0.1179657527955912,0.05271461153581644,0
694,1774286291.5676463,19,-0.024657500417608964,-0.4684925079345703,0.0,0.010943861883198952,0.4684925079345703,5.860805511474609,0.07993653893092506,0.1933327615261078,1.3533293306827545,0.4254245690141481,19,-0.024657500417608964,-0.012977691401316521,0.1484519418861185,0.05246249005582928,0
695,1774286291.6674237,18,0.026027361551920574,0.0,0.4684925079345703,0.011516200339024686,0.4684925079345703,5.860805511474609,0.07993653893092506,0.04296283589469062,0.3866655230522156,0.12151725040056222,18,0.1509586970011393,0.07944096645383011,0.16469087092964738,0.053349545315117465,0
696,1774286291.7675312,19,-0.10849300183747944,-1.499176025390625,1.1243820190429688,0.31745711353852785,2.6235580444335938,5.860805511474609,0.4476446180131804,0.21368357852885597,0.9666638076305389,0.37580195803595345,19,0.01643833361173931,0.008650078176237063,0.2038781848820773,0.05186966215445063,0
697,1774286291.8673465,17,-0.1956645180197323,-1.499176025390625,0.0,0.13355942057503878,1.499176025390625,6.043910980224609,0.24804733727810652,0.14784269999055302,1.1599965691566467,0.3147537534583143,17,-0.1956645180197323,-0.1029816948570337,0.17927219705148176,0.060491130109449905,0
698,1774286291.9673033,21,-0.033463750566755025,-0.37479400634765625,0.0,0.010690573107036024,0.37479400634765625,6.043910980224609,0.06201183431952663,0.11047586372920445,0.7733310461044312,0.2115451733742711,21,-0.033463750566755025,-0.01761138560574222,0.16415045789952548,0.06023563191870988,0
699,1774286292.067268,20,-0.03279447555541992,-1.499176025390625,0.8432865142822266,0.14685756738685996,2.3424625396728516,6.043910980224609,0.3875739644970414,0.12566629499197007,0.5799982845783234,0.19597305806664325,20,0.008849302927652992,0.0046568567793421065,0.12767257836629758,0.05992973474968347,0
700,1774286292.1669881,21,-0.11377675192696708,-1.546025276184082,0.37479400634765625,0.13160155218633457,1.9208192825317383,6.043910980224609,0.317810650887574,0.07365057581946963,0.3866655230522156,0.15183455174561764,21,-0.11377675192696708,-0.05990062789772986,0.16358925975286043,0.06272215647765449,0
701,1774286292.2671258,25,-0.0299835205078125,-0.37479400634765625,0.4684925079345703,0.023156569704951835,0.8432865142822266,5.992770195007324,0.14071731216804917,0.07733310461044311,0.7733310461044312,0.18942664652085892,25,0.1105642318725586,0.05820640820246702,0.1968479026447643,0.06229548532834684,0
702,1774286292.3675566,23,-0.08351388184920601,-1.546025276184082,0.0,0.10305433161648529,1.546025276184082,5.992770195007324,0.2579817389747568,0.04202886120132778,0.3866655230522156,0.09802730714402895,23,-0.09453723497707825,-0.04974709827717194,0.1933327615261078,0.058522507513692666,0
703,1774286292.4673467,22,-0.1128641041842374,-1.546025276184082,0.3279447555541992,0.1252380908400118,1.8739700317382812,5.992770195007324,0.31270513815122036,0.017575705593282528,0.3866655230522156,0.0805420012734759,22,-0.14985035481065084,-0.07887734359530264,0.17185134357876247,0.06030976475444704,0
704,1774286292.5673652,26,-0.059462510622464694,-1.546025276184082,1.546025276184082,0.32746482013586503,3.092050552368164,5.992770195007324,0.5159634779495136,0.0,0.0,0.0,26,-0.059462510622464694,-0.031291007167693896,0.1370905036276037,0.058023739843079424,0
705,1774286292.6670346,25,-0.024361610412597656,-1.546025276184082,1.405477523803711,0.2205598296768585,2.951502799987793,5.992770195007324,0.4925105925881721,0.0,0.0,0.0,25,-0.024361610412597656,-0.012821711330801533,0.12999961550893455,0.05738784857032602,0
706,1774286292.7672625,27,-0.08849302927652995,-1.546025276184082,0.8432865142822266,0.1910876348018872,2.3893117904663086,5.992770195007324,0.398699051142806,0.014320945298230206,0.1933327615261078,0.050632187666900925,27,-0.08849302927652995,-0.046583296162916954,0.12360619179538039,0.057319913096033986,0
707,1774286292.8671803,21,0.06023475102015904,0.0,0.6558895111083984,0.025740988877835342,0.6558895111083984,5.992770195007324,0.10944679835292713,0.027618965932301114,0.1933327615261078,0.0676523737574496,21,0.10708400181361608,0.056366724635587964,0.14177735845247905,0.06118056142796796,0
708,1774286292.9672036,24,0.06441771984100342,-0.3279447555541992,1.405477523803711,0.11062284221985408,1.7334222793579102,5.992770195007324,0.28925225278987887,0.03222212692101797,0.3866655230522156,0.10686870494422632,24,0.14874637126922607,0.07830611161386118,0.14584752185302868,0.06559779512139917,0
709,1774286293.06713,27,0.10757976108127171,-0.3279447555541992,1.405477523803711,0.1532843899765817,1.7334222793579102,5.992770195007324,0.28925225278987887,0.06444425384203593,0.5799982845783234,0.18227587560084332,27,0.07552501053838005,0.03975920349280821,0.12037700245965202,0.07195848413774088,0
710,1774286293.1668406,27,-0.026027361551920574,-1.1243820190429688,0.9369850158691406,0.15840872278103132,2.0613670349121094,5.992770195007324,0.34397565196634244,0.035802363245575515,0.5799982845783234,0.12928569971247594,27,-0.05986293156941731,-0.03151014959383386,0.0966663807630539,0.07058800244170021,0
711,1774286293.267182,31,-0.025691524628669984,-0.4684925079345703,1.405477523803711,0.12034002880558257,1.8739700317382812,5.992770195007324,0.31270513815122036,0.01870962208317172,0.1933327615261078,0.05715883961343452,31,-0.025691524628669984,-0.01352459862135088,0.1240247904129748,0.06898294230153938,0
712,1774286293.3669322,31,0.027202790783297633,-0.4684925079345703,1.405477523803711,0.11834844586539531,1.8739700317382812,5.992770195007324,0.31270513815122036,0.043655784860734015,0.3866655230522156,0.10657005410139651,31,0.027202790783297633,0.01431942998191238,0.11599965691566468,0.06992238613468625,0
713,1774286293.46698,29,-0.014539422660038388,-0.4216432571411133,0.9369850158691406,0.06858587210652603,1.358628273010254,5.992770195007324,0.22671122515963477,0.046666528644232916,0.3866655230522156,0.12073811140955737,29,0.010118077757570575,0.005327172194820321,0.1519043126276561,0.06964337082881682,0
714,1774286293.56664,28,0.05186881337847028,-0.4684925079345703,1.405477523803711,0.1149693869902187,1.8739700317382812,5.992770195007324,0.31270513815122036,0.05523793186460223,0.3866655230522156,0.12505018681704155,28,0.02584145182654971,0.013606377286392952,0.13604898033318696,0.07213218557813128,0
715,1774286293.6671088,25,0.07683277130126953,-0.37479400634765625,0.8432865142822266,0.0777644949266687,1.2180805206298828,5.992770195007324,0.20325833979829325,0.06186648368835449,0.3866655230522156,0.1417539222413176,25,0.18532577313874898,0.0975615691705616,0.1560229303544028,0.07492199336562308,0
716,1774286293.7671068,25,0.22487640380859375,-0.3279447555541992,1.405477523803711,0.22703552190250775,1.7334222793579102,5.992770195007324,0.28925225278987887,0.09279972553253174,0.5799982845783234,0.21263088336197644,25,0.42054092182832603,0.2213652605124783,0.12666629203434648,0.09061175277325442,0
717,1774286293.867072,26,0.2630765621478741,-0.4684925079345703,4.778623580932617,0.9861770091197152,5.2471160888671875,5.992770195007324,0.875574386823417,0.11897400709298941,0.7733310461044312,0.279018778939151,26,0.29654031271462916,0.156092840420358,0.10290292145744447,0.09875584098634634,0
718,1774286293.966913,27,0.26547908782958984,-0.4216432571411133,1.546025276184082,0.3194729458755319,1.9676685333251953,6.043910980224609,0.3255621301775148,0.20049323417522288,1.1599965691566467,0.42579231466015593,27,0.29827356338500977,0.1570154156368302,0.09080781223195972,0.11248026693594769,0
719,1774286294.0664592,25,0.21363258361816406,-0.8432865142822266,1.6865730285644531,0.35856511876772856,2.5298595428466797,6.043910980224609,0.4185798816568047,0.12373296737670898,1.1599965691566467,0.340967963737546,25,0.32740933554513113,0.1723686899498649,0.06444425384203593,0.11863835238861069,0
720,1774286294.1665182,24,0.19910931587219238,-0.8432865142822266,1.6865730285644531,0.2798893943278813,2.5298595428466797,6.043910980224609,0.4185798816568047,0.12888850768407187,0.9666638076305389,0.29881571217896225,24,0.22909283638000488,0.12061375018216614,0.04695224208491189,0.11811232917414898,0
721,1774286294.266866,28,0.19576294081551687,-0.5621910095214844,1.6865730285644531,0.32045683445611717,2.2487640380859375,6.043910980224609,0.37207100591715975,0.13119008817843028,0.7733310461044312,0.28326275907300863,28,0.27927682266472287,0.14704124727836462,0.0190609764884895,0.12026933667830231,0
722,1774286294.3665257,24,0.08979439735412598,-0.6090402603149414,1.6865730285644531,0.21160510055295845,2.2956132888793945,5.992770195007324,0.38306379423524495,0.16111063460508981,0.7733310461044312,0.31406244445149456,24,0.20265850153836337,0.10670847954957617,0.005296787987016651,0.11534487957055257,0
723,1774286294.4665906,23,0.1996185468590778,0.0,1.546025276184082,0.2256341356779009,1.546025276184082,6.043910980224609,0.2557988165680473,0.10086926688318668,0.7733310461044312,0.26044332718848884,23,0.2590810574815425,0.13641405989421493,0.004957250295541225,0.1099556750519495,0
724,1774286294.5669777,24,0.273287296295166,0.0,1.8271207809448242,0.3377633817081005,1.8271207809448242,6.043910980224609,0.30230769230769233,0.24166595190763474,0.9666638076305389,0.41857770716352016,24,0.29764890670776367,0.15666200983593925,0.01324196996754163,0.1112415762347633,0
725,1774286294.6669722,21,0.04238741738455636,-0.37479400634765625,1.2649297714233398,0.08108511036304977,1.639723777770996,6.043910980224609,0.27130177514792897,0.13809482966150557,0.9666638076305389,0.33826186878724807,21,0.1308804466610863,0.06889497198183486,0.024166595190763474,0.10822019699612323,0
726,1774286294.7669892,23,0.0,-0.4216432571411133,0.4216432571411133,0.015459394460223215,0.8432865142822266,5.992770195007324,0.14071731216804917,0.10086926688318668,0.7733310461044312,0.2341577190639889,23,-0.06023475102015904,-0.03170568973437713,0.04296283589469062,0.1016212479361727,0
727,1774286294.867021,22,-0.03194267099553889,-0.7027387619018555,0.4216432571411133,0.037589113045329234,1.1243820190429688,5.992770195007324,0.18762308289073223,0.12302993915297768,0.7733310461044312,0.2705745483653498,22,-0.0963603908365423,-0.050720867937962134,0.04461525265987103,0.10597248515211455,0
728,1774286294.9669604,19,-0.10849300183747944,-0.7027387619018555,0.0,0.06285424674917266,0.7027387619018555,6.043910980224609,0.11627218934911243,0.12210490201648913,0.7733310461044312,0.2819891921943715,19,-0.21607276291875116,-0.11373266244734805,0.038666552305221556,0.11591231018288273,0
729,1774286295.0668795,22,0.08943947878750888,0.0,0.7027387619018555,0.050862527677212284,0.7027387619018555,5.992770195007324,0.11726442680670765,0.10545423355969516,0.7733310461044312,0.2653873346246903,22,0.11546684033942946,0.060770775187437745,0.03258417329091704,0.11592973991330092,0
730,1774286295.1664834,18,-0.11712312698364258,-0.7495880126953125,0.0,0.0688330068498999,0.7495880126953125,5.992770195007324,0.12508205526048816,0.17185134357876247,1.1599965691566467,0.38606835586488425,18,-0.0914316023549726,-0.048139598920780506,0.036117109296086074,0.12241127767073436,0
731,1774286295.2664475,21,-0.07362025124686104,-0.7964372634887695,0.0,0.05154170162777703,0.7964372634887695,5.992770195007324,0.13289968371426866,0.16571379559380667,1.1599965691566467,0.34935535585866945,21,-0.10082304203015868,-0.05307829699086218,0.04833319038152695,0.12520219218288922,0
732,1774286295.3666217,21,-0.10039125170026507,-0.7495880126953125,0.0,0.06067945406004805,0.7495880126953125,5.992770195007324,0.12508205526048816,0.06444425384203593,0.3866655230522156,0.13778761052753638,21,-0.08585182904022667,-0.04519369451574504,0.05422748189146926,0.13150161961641182,0
733,1774286295.4664268,18,0.0,0.0,0.0,0.0,0.0,5.811095237731934,0.0,0.08592567178938124,0.5799982845783234,0.1957050313951277,18,-0.05186881337847028,-0.02730243693981934,0.06940150413757716,0.1309776827977734,0
734,1774286295.566705,19,-0.04191775070993524,-0.7964372634887695,0.0,0.031627760842444966,0.7964372634887695,5.992770195007324,0.13289968371426866,0.09157867651236684,0.5799982845783234,0.21149189414577863,19,-0.11875052201120477,-0.0625135600490298,0.09157867651236684,0.1338238326648983,0
735,1774286295.6665335,19,0.03945200066817434,-0.8432865142822266,2.3893117904663086,0.36972013395407133,3.232598304748535,5.992770195007324,0.5394163633108552,0.12210490201648913,0.5799982845783234,0.23645512600007546,19,-0.1854244031404194,-0.09762124712094516,0.13880300827515432,0.1341574031325346,0
736,1774286295.7669523,19,-0.12821900217156662,-0.8432865142822266,0.0,0.0877576124567187,0.8432865142822266,5.992770195007324,0.14071731216804917,0.08140326801099275,0.5799982845783234,0.1914491684811454,19,-0.39129556431944074,-0.20595802321054474,0.14871750886623675,0.13727495403431325,0
737,1774286295.8663387,16,0.0,0.0,0.0,0.0,0.0,5.992770195007324,0.0,0.14499957114458084,0.7733310461044312,0.3018406771888445,16,-0.26547908782958984,-0.13976807912969486,0.15263112752061142,0.12992530230855567,0
738,1774286295.96641,17,-0.05236092735739315,-0.8901357650756836,0.0,0.04386666741961925,0.8901357650756836,5.992770195007324,0.14853494062182968,0.1819602461422191,0.7733310461044312,0.32803349878090976,17,-0.26599351097555723,-0.14000021421320566,0.12805156932248699,0.12182075624057236,0
739,1774286296.066764,18,0.0,0.0,0.0,0.0,0.0,5.992770195007324,0.0,0.0966663807630539,0.5799982845783234,0.2161525985250665,18,-0.19910931587219238,-0.10478081565991557,0.1399118668938938,0.1148024209135225,0
740,1774286296.1664257,17,-0.14881526722627528,-0.8901357650756836,0.0,0.1036061421292323,0.8901357650756836,5.992770195007324,0.14853494062182968,0.07960760768722086,0.3866655230522156,0.14914914099305776,17,-0.3445782080417922,-0.1813989849678043,0.1314662778377533,0.11326069205665078,0
741,1774286296.2669713,19,-0.044383500751696135,-0.8432865142822266,0.0,0.03545811250156461,0.8432865142822266,5.992770195007324,0.14071731216804917,0.10175408501374095,0.7733310461044312,0.23776513672262922,19,-0.13417789810582212,-0.07060338431536561,0.16882579175519272,0.1049689019153763,0
742,1774286296.366949,18,-0.04684925079345703,-0.8432865142822266,0.0,0.03731248909843998,0.8432865142822266,5.992770195007324,0.14071731216804917,0.11814779871039921,0.9666638076305389,0.27446662366289165,18,-0.24646779765253482,-0.12969542622082322,0.16205834422041387,0.10296107232335426,0
743,1774286296.4669864,18,-0.04684925079345703,-0.8432865142822266,0.0,0.03731248909843998,0.8432865142822266,5.992770195007324,0.14071731216804917,0.12888850768407187,0.5799982845783234,0.2411283184231887,18,-0.32013654708862305,-0.1684921499159139,0.16205834422041387,0.09087618411876656,0
744,1774286296.566954,21,-0.04684925079345703,-0.9838342666625977,0.0,0.043897045998164685,0.9838342666625977,5.992770195007324,0.16417019752939072,0.24857069339071,1.73999485373497,0.524033033788004,21,-0.0892366681780134,-0.04696711891162056,0.1201006548874306,0.05985925336060792,0
745,1774286296.666536,23,-0.17924930738366168,-1.0775327682495117,0.0,0.15280984915996265,1.0775327682495117,5.992770195007324,0.17980545443695173,0.08405772240265556,0.3866655230522156,0.1594883146311317,23,-0.17924930738366168,-0.09436424602238905,0.1147913271561265,0.06381326494777163,0
746,1774286296.7665622,23,-0.20776624264924423,-1.0775327682495117,0.0,0.15818702984177946,1.0775327682495117,5.992770195007324,0.17980545443695173,0.10086926688318668,0.7733310461044312,0.22711145959046164,23,-0.17582357165370535,-0.09256107592936022,0.11661341171416026,0.07102162002581086,0
747,1774286296.86666,20,-0.09604096412658691,-1.0775327682495117,0.0,0.08438658380072184,1.0775327682495117,5.992770195007324,0.17980545443695173,0.10633301883935928,0.9666638076305389,0.26278324901908573,20,0.012452037710892525,0.006554740093829701,0.131073058661768,0.07102579095975461,0
748,1774286296.9668758,21,-0.05354200090680804,-1.1243820190429688,0.0,0.05733491722209268,1.1243820190429688,6.043910980224609,0.18603550295857987,0.18412643954867408,0.7733310461044312,0.3293753882286727,21,-0.1429814796943169,-0.0752535576774311,0.14579191852788456,0.07036940994763359,0
749,1774286297.0668185,20,-0.09838342666625977,-1.1243820190429688,0.0,0.08908905485327523,1.1243820190429688,6.043910980224609,0.18603550295857987,0.15466620922088622,0.9666638076305389,0.32118850607532323,20,0.018739700317382812,0.009861261089684405,0.13211072037617366,0.0613920580435735,0
750,1774286297.1667147,18,-0.04684925079345703,-0.8432865142822266,0.0,0.03731248909843998,0.8432865142822266,6.043910980224609,0.1395266272189349,0.12888850768407187,0.7733310461044312,0.2882034647000886,18,0.026771000453404012,0.014088019580411455,0.10633301883935928,0.06072465709870813,0
751,1774286297.2665145,19,-0.11589025196276213,-1.1243820190429688,0.0,0.11421743852098637,1.1243820190429688,6.043910980224609,0.18603550295857987,0.25438521253435237,1.5466620922088623,0.5612178275078596,19,-0.015499000262497065,-0.008157828802412692,0.07999976339011357,0.061590917858194365,0
752,1774286297.3666363,20,0.0,0.0,0.0,0.0,0.0,6.043910980224609,0.0,0.0966663807630539,0.5799982845783234,0.20732628917049448,20,0.0,0.0,0.10011875150459153,0.06304399536009225,0
753,1774286297.4665978,20,0.0,0.0,0.0,0.0,0.0,6.043910980224609,0.0,0.06766646653413773,0.7733310461044312,0.1758690653643492,20,0.04191775070993524,0.022063218806525235,0.09836228217994958,0.06304399536009225,0
754,1774286297.5668564,18,0.0,0.0,0.0,0.0,0.0,6.043910980224609,0.0,0.04296283589469062,0.3866655230522156,0.12151725040056222,18,-0.03945200066817434,-0.020760682500305667,0.11456756238584165,0.06448104365959384,0
755,1774286297.666957,20,0.0,0.0,0.0,0.0,0.0,6.043910980224609,0.0,0.0966663807630539,0.5799982845783234,0.19810712888050344,20,0.12821900217156662,0.06748352107297768,0.1338457579796131,0.06184705775102126,0
756,1774286297.7664156,21,0.0,0.0,0.0,0.0,0.0,6.043910980224609,0.0,0.11968218570663816,0.7733310461044312,0.24942167394695125,21,0.0,0.0,0.14026102306796054,0.06166927925929491,0
757,1774286297.866399,22,-0.04897876219315962,-1.0775327682495117,0.0,0.050377302065455744,1.0775327682495117,6.043910980224609,0.17828402366863905,0.14060564474626022,0.7733310461044312,0.27454129782753117,22,0.003382165164233529,0.0017800971143413545,0.11897400709298941,0.060225711244046645,0
758,1774286297.967047,23,-0.054996946583623474,-1.2649297714233398,0.0,0.06654261093748252,1.2649297714233398,6.043910980224609,0.20928994082840235,0.033623088961062225,0.3866655230522156,0.10895126051807201,23,-0.054996946583623474,-0.02894145274211796,0.09308614443849635,0.060208141234815486,0
759,1774286298.0670164,22,0.0,0.0,0.0,0.0,0.0,6.043910980224609,0.0,0.07909067516977136,0.9666638076305389,0.21543685947868077,22,0.14881526722627528,0.07829948368164895,0.10024661708761144,0.060208141234815486,0
760,1774286298.1666832,22,0.0,0.0,0.0,0.0,0.0,6.043910980224609,0.0,0.017575705593282528,0.1933327615261078,0.05557926115933376,22,0.044383500751696135,0.023363280496804407,0.11599965691566468,0.05815170268992817,0
761,1774286298.266709,22,0.0,0.0,0.0,0.0,0.0,6.043910980224609,0.0,0.05272711677984758,0.3866655230522156,0.1039792765341296,22,0.04684925079345703,0.024660615340709933,0.16959014168956824,0.05932404988200305,0
762,1774286298.366345,18,-0.08328755696614583,-1.499176025390625,0.0,0.11792589147161281,1.499176025390625,6.043910980224609,0.24804733727810652,0.03222212692101797,0.1933327615261078,0.07205086617502215,18,-0.0364383061726888,-0.01918453307377936,0.15279524701256905,0.05969282675824901,0
763,1774286298.4675357,22,-0.2512823451649059,-1.546025276184082,0.0,0.2878340189664782,1.546025276184082,6.043910980224609,0.2557988165680473,0.02636355838992379,0.1933327615261078,0.06634683365617257,22,-0.20443309437144885,-0.10756342632757182,0.14139261663849675,0.07350888954129886,0
764,1774286298.5671399,19,-0.2958900050113076,-1.546025276184082,0.0,0.3313193385905798,1.546025276184082,6.043910980224609,0.2557988165680473,0.030526225504122283,0.1933327615261078,0.07049729804859288,19,-0.1166406976276459,-0.061370338938875814,0.0966663807630539,0.08898631621497527,0
765,1774286298.6669238,19,0.0,0.0,0.0,0.0,0.0,5.992770195007324,0.0,0.030526225504122283,0.3866655230522156,0.09436285647756704,19,0.20776624264924423,0.10932985040056684,0.12989544915035367,0.08720615481459537,0
766,1774286298.7673843,22,-0.07027387619018555,-1.546025276184082,0.0,0.10370677117066407,1.546025276184082,5.992770195007324,0.2579817389747568,0.0,0.0,0.0,22,0.025767087936401367,0.013556458274143384,0.14896130806109945,0.08109442525717724,0
767,1774286298.8671923,26,-0.05225493357731746,-1.2649297714233398,1.1243820190429688,0.16450028369060749,2.3893117904663086,6.043910980224609,0.39532544378698226,0.0,0.0,0.0,26,0.0012870673294905766,0.0006772910434598113,0.1572876703941216,0.08070278438495793,0
768,1774286298.9675715,25,0.0,0.0,0.0,0.0,0.0,6.043910980224609,0.0,0.015466620922088623,0.1933327615261078,0.05244986340875713,25,0.09838342666625977,0.051760236899197426,0.17976555019094234,0.08170735676784714,0
769,1774286299.0672896,26,-0.05045303931603065,-1.3117790222167969,0.0,0.06363772940562337,1.3117790222167969,6.043910980224609,0.2170414201183432,0.022307626329935513,0.1933327615261078,0.06176702039910063,26,-0.00360378852257362,-0.001896157041636821,0.15941473318819413,0.08112712968976374,0
770,1774286299.1670673,23,-0.05296002263608186,-1.2180805206298828,0.0,0.06170480794751469,1.2180805206298828,6.043910980224609,0.20153846153846153,0.008405772240265556,0.1933327615261078,0.03942656658922785,23,0.06293022932668027,0.03311154049199954,0.1376267115948564,0.08111298279205936,0
771,1774286299.2672868,26,-0.05045303931603065,-1.3117790222167969,0.0,0.06363772940562337,1.3117790222167969,6.043910980224609,0.2170414201183432,0.0,0.0,0.0,26,-0.05045303931603065,-0.0265451429827929,0.06999979296634937,0.07985298143428782,0
772,1774286299.3675146,24,-0.0546574592590332,-1.3117790222167969,0.0,0.06871107061101611,1.3117790222167969,6.043910980224609,0.2170414201183432,0.05638872211178144,0.3866655230522156,0.1306387712481521,24,-0.0546574592590332,-0.028753209416302952,0.06999979296634937,0.07900730852409565,0
773,1774286299.467481,24,0.0,0.0,0.0,0.0,0.0,6.043910980224609,0.0,0.04833319038152695,0.5799982845783234,0.12787760181985938,24,0.0,0.0,0.0884743145966934,0.07900730852409564,0
774,1774286299.567073,28,0.0,0.0,0.0,0.0,0.0,6.043910980224609,0.0,0.034523707415376394,0.3866655230522156,0.09029121106799488,28,0.0,0.0,0.11968218570663816,0.07900730852409564,0
775,1774286299.6676486,25,0.0,0.0,0.0,0.0,0.0,6.043910980224609,0.0,0.038666552305221556,0.3866655230522156,0.09471332326042946,25,0.0,0.0,0.0966663807630539,0.07900730852409564,0
776,1774286299.7674782,23,-0.10795696921970534,-1.2649297714233398,0.0,0.12242213981302907,1.2649297714233398,5.992770195007324,0.21107596825207375,0.06724617792212445,0.5799982845783234,0.1767212411517269,23,-0.058978207026545715,-0.03102354058343134,0.08368134454115113,0.0788709016286161,0
777,1774286299.8676908,25,0.0,0.0,0.0,0.0,0.0,5.992770195007324,0.0,0.05413317322731018,0.5799982845783234,0.13962855568947405,25,0.054996946583623474,0.028935956250644865,0.04328345407300921,0.07988770415803614,0
778,1774286299.967654,22,-0.057496807791969994,-1.2649297714233398,0.0,0.06942354103160155,1.2649297714233398,5.992770195007324,0.21107596825207375,0.07030282237313011,0.3866655230522156,0.14913480730978085,22,-0.057496807791969994,-0.030251325652946255,0.04979783251430049,0.07988764324932299,0
779,1774286300.0673568,21,0.0,0.0,0.0,0.0,0.0,5.992770195007324,0.0,0.06444425384203593,0.5799982845783234,0.17223451315942054,21,0.0,0.0,0.03430097381914816,0.07988764324932297,0
780,1774286300.1677117,22,0.0,0.0,0.0,0.0,0.0,5.992770195007324,0.0,0.035151411186565056,0.1933327615261078,0.07456740365489042,22,0.0,0.0,0.03741924416634344,0.07988764324932299,0
781,1774286300.2672198,23,0.0,0.0,0.0,0.0,0.0,5.992770195007324,0.0,0.10086926688318668,0.5799982845783234,0.21983947042642232,23,0.08328755696614583,0.04381538154856519,0.0294914381988978,0.07988764324932299,0
782,1774286300.3675854,20,-0.06090402603149414,-1.2180805206298828,0.0,0.0704767073500534,1.2180805206298828,5.992770195007324,0.20325833979829325,0.0966663807630539,0.5799982845783234,0.19810712888050344,20,0.19037831913341174,0.10019649511951678,0.02899991422891617,0.0796588635844839,0
783,1774286300.4675937,21,-0.05577291761125837,-1.1712312698364258,0.0,0.06221236677744429,1.1712312698364258,5.992770195007324,0.19544071134451274,0.14730115163893925,0.7733310461044312,0.30366910349123527,21,0.24011708740004922,0.12634723698710076,0.019333276152610778,0.06578864840206389,0
784,1774286300.56733,22,0.0,0.0,0.0,0.0,0.0,5.992770195007324,0.0,0.07909067516977136,0.7733310461044312,0.19031332409392496,22,0.0,0.0,0.00865669081460184,0.03281238306224774,0
785,1774286300.6671348,23,-0.05092309868854025,-1.1712312698364258,0.0,0.05704956356094181,1.1712312698364258,5.992770195007324,0.19544071134451274,0.11768081136371779,0.7733310461044312,0.26581385771855276,23,0.019350777501645294,0.010185957469607473,0.005296787987016651,0.03230637338054194,0
786,1774286300.767383,23,0.0,0.0,0.0,0.0,0.0,5.992770195007324,0.0,0.12608658360398334,0.7733310461044312,0.27700813986843037,23,0.05225493357731746,0.0274998346197539,0.012554075423773233,0.03190268662377807,0
787,1774286300.867423,22,0.0,0.0,0.0,0.0,0.0,5.992770195007324,0.0,0.08787852796641263,0.7733310461044312,0.22370221096467127,22,0.0,0.0,0.01567562931292766,0.03208705977376051,0
788,1774286300.9668508,21,0.0,0.0,0.0,0.0,0.0,5.992770195007324,0.0,0.09206321977433704,0.5799982845783234,0.1944256631750854,21,0.05045303931603065,0.02656036573015358,0.010311080614725748,0.03208705977376051,0
789,1774286301.0669596,22,0.0,0.0,0.0,0.0,0.0,5.992770195007324,0.0,0.07909067516977136,0.5799982845783234,0.19904050096851772,22,0.05296002263608186,0.027875275769628508,0.021187151948066606,0.032133491832811716,0
790,1774286301.1668835,21,0.0,0.0,0.0,0.0,0.0,5.992770195007324,0.0,0.14730115163893925,0.7733310461044312,0.30366910349123527,21,0.05045303931603065,0.026559869024606334,0.03396386351134326,0.03186472922306118,0
791,1774286301.2671041,19,0.0,0.0,0.0,0.0,0.0,5.992770195007324,0.0,0.12210490201648913,0.7733310461044312,0.2819891921943715,19,0.0546574592590332,0.028773299783519356,0.04578933825618342,0.03150008483323817,0
792,1774286301.3668718,17,0.0,0.0,0.0,0.0,0.0,5.992770195007324,0.0,0.1705877307583304,0.9666638076305389,0.3240668051487369,17,0.0,0.0,0.04017304135607434,0.030681776746290437,0
793,1774286301.4669645,17,0.0,0.0,0.0,0.0,0.0,6.043910980224609,0.0,0.10235263845499824,0.7733310461044312,0.24915932845321445,17,0.0,0.0,0.04578933825618342,0.030681776746290433,0
794,1774286301.567454,16,0.0,0.0,0.0,0.0,0.0,6.043910980224609,0.0,0.35041563026607037,1.5466620922088623,0.6197918993729962,16,0.0,0.0,0.05296787987016652,0.030681776746290437,0
795,1774286301.666912,14,0.0,0.0,0.0,0.0,0.0,6.043910980224609,0.0,0.17952327855995723,1.1599965691566467,0.37591228826173023,14,0.10795696921970534,0.05683639319637839,0.06352362164429255,0.030681776746290437,0
796,1774286301.7668006,16,0.0,0.0,0.0,0.0,0.0,6.043910980224609,0.0,0.14499957114458084,0.7733310461044312,0.3018406771888445,16,0.0,0.0,0.06254883461138781,0.022567159785023848,0
797,1774286301.8673613,17,-0.1460594289443072,-1.546025276184082,0.0,0.17090988289666056,1.546025276184082,6.043910980224609,0.2557988165680473,0.15921521537444172,0.7733310461044312,0.2908341545048267,17,-0.0885626211523372,-0.046619087236959636,0.05651265336916997,0.036854084726797666,0
798,1774286301.9672325,16,-0.09662657976150513,-1.546025276184082,0.0,0.14005043874609768,1.546025276184082,6.043910980224609,0.2557988165680473,0.1933327615261078,0.9666638076305389,0.37438728283345274,16,-0.09662657976150513,-0.05085942347116001,0.06737353810758302,0.039790954513508774,0
799,1774286302.066763,15,-0.10306835174560547,-1.546025276184082,0.0,0.14872319184178195,1.546025276184082,5.860805511474609,0.26379057847205273,0.15466620922088622,1.1599965691566467,0.3943230094553615,15,-0.10306835174560547,-0.05427360374469034,0.07733310461044311,0.043318345648489257,0
800,1774286302.1672852,15,0.0,0.0,0.0,0.0,0.0,5.860805511474609,0.0,0.3608878215154012,1.5466620922088623,0.6229463055258548,15,0.0,0.0,0.1147913271561265,0.043318345648489257,0
801,1774286302.2672408,15,0.0,0.0,0.0,0.0,0.0,5.860805511474609,0.0,0.12888850768407187,0.5799982845783234,0.21948921954797332,15,0.06090402603149414,0.03206056629414744,0.10740708973672655,0.043318345648489257,0
802,1774286302.3667681,13,0.0,0.0,0.0,0.0,0.0,5.860805511474609,0.0,0.1338457579796131,0.5799982845783234,0.24436780290603724,13,0.05577291761125837,0.02936692706537598,0.11424208635633643,0.042872690013164926,0
803,1774286302.4670103,15,-0.20613670349121094,-1.546025276184082,0.0,0.2762002134204522,1.546025276184082,5.677700042724609,0.27229780801209374,0.11599965691566468,0.5799982845783234,0.23199931383132932,15,-0.20613670349121094,-0.1085112559406022,0.10803889614694259,0.058399227137150476,0
804,1774286302.5672164,16,-0.09662657976150513,-1.546025276184082,0.0,0.14005043874609768,1.546025276184082,5.811095237731934,0.26604714136254537,0.1933327615261078,0.7733310461044312,0.3348621657308162,16,-0.045703481072964874,-0.02405343025405054,0.11088202499291476,0.05968855361299663,0
805,1774286302.6672952,15,-0.14367103576660156,-1.546025276184082,0.0,0.16343357970072248,1.546025276184082,5.811095237731934,0.26604714136254537,0.24488816459973653,0.9666638076305389,0.40839559746254817,15,-0.14367103576660156,-0.07561983227355557,0.10252494929414807,0.06418153768736698,0
806,1774286302.7673378,18,-0.1275340716044108,-1.546025276184082,0.0,0.14773930187869963,1.546025276184082,5.836844444274902,0.26487347588995774,0.20407347049978045,0.9666638076305389,0.3438704697826793,18,-0.1275340716044108,-0.06712620772795302,0.08625615514241732,0.06623216109644721,0
807,1774286302.8672152,17,0.0,0.0,0.0,0.0,0.0,5.860805511474609,0.0,0.09098012307110954,0.3866655230522156,0.16401674939045488,17,0.0,0.0,0.1057288539595902,0.06623216109644721,0
808,1774286302.967088,18,0.0,0.0,0.0,0.0,0.0,5.860805511474609,0.0,0.15036992563141716,0.7733310461044312,0.28498321318460346,18,0.0,0.0,0.11537600284622561,0.06623216109644721,0
809,1774286303.0667746,17,0.0,0.0,0.0,0.0,0.0,5.860805511474609,0.0,0.1705877307583304,0.7733310461044312,0.31020086231448174,17,0.0,0.0,0.14584752185302868,0.06623216109644722,0
810,1774286303.1668842,17,-0.09921017815085019,-0.6090402603149414,0.0,0.046190628678345606,0.6090402603149414,5.860805511474609,0.10391750061020259,0.1819602461422191,0.7733310461044312,0.32803349878090976,17,-0.09921017815085019,-0.05222192902446314,0.13132036631962038,0.06631738985667579,0
811,1774286303.266913,18,0.0,0.0,0.0,0.0,0.0,5.860805511474609,0.0,0.27925843331548905,1.3533293306827545,0.5283730186168292,18,0.0,0.0,0.20493272721767425,0.06631738985667579,0
812,1774286303.3673666,18,-0.05205472310384115,-1.405477523803711,0.4684925079345703,0.11922654468637324,1.8739700317382812,5.860805511474609,0.31974615572370024,0.15036992563141716,0.7733310461044312,0.28498321318460346,18,-0.05205472310384115,-0.027391426241036524,0.2097866135708829,0.0652802061448831,0
813,1774286303.4668021,15,0.0,0.0,0.0,0.0,0.0,5.860805511474609,0.0,0.14177735845247905,0.7733310461044312,0.28646902488812576,15,0.0,0.0,0.22695585048717,0.0652802061448831,0
814,1774286303.5672855,18,-0.031232833862304688,-0.5621910095214844,0.0,0.016583328488195548,0.5621910095214844,5.860805511474609,0.09592384671711009,0.07518496281570858,0.5799982845783234,0.17218666359240195,18,-0.031232833862304688,-0.016435103172301103,0.16042505743655752,0.06434742565188825,0
815,1774286303.6669154,20,-0.01405477523803711,-1.358628273010254,0.5621910095214844,0.12117779547793361,1.9208192825317383,5.811095237731934,0.3305434180564958,0.0966663807630539,0.7733310461044312,0.23280347330957232,20,-0.01405477523803711,-0.00739680330111991,0.16571379559380667,0.06381627437908327,0
816,1774286303.7668555,19,-0.03698625062641345,-1.358628273010254,0.5621910095214844,0.13575252673781457,1.9208192825317383,6.043910980224609,0.317810650887574,0.1628065360219855,0.7733310461044312,0.3152735013334339,19,0.10907317831789376,0.05742222322918969,0.16916616633534431,0.06269818077601078,0
817,1774286303.867331,19,0.10356150175395765,0.0,1.0306835174560547,0.09139340657124816,1.0306835174560547,5.992770195007324,0.17198782598317122,0.09157867651236684,0.9666638076305389,0.26883113443674206,19,0.20018808151546277,0.10535668280249659,0.23536162272743558,0.06844163793338688,0
818,1774286303.9668787,19,-0.07890400133634869,-1.499176025390625,0.0,0.1120651456839573,1.499176025390625,6.043910980224609,0.24804733727810652,0.12210490201648913,0.7733310461044312,0.2819891921943715,19,0.024164350409256782,0.01271730455590749,0.2148141794734531,0.06788228089435502,0
819,1774286304.0673282,17,0.0,0.0,0.0,0.0,0.0,6.043910980224609,0.0,0.3525479769005495,1.3533293306827545,0.5557426072404406,17,0.0,0.0,0.21131720445876898,0.06713302191718944,0
820,1774286304.1668932,15,0.031232833862304688,0.0,0.4684925079345703,0.013656858754984569,0.4684925079345703,6.043910980224609,0.07751479289940828,0.11599965691566468,0.5799982845783234,0.1971615047276808,15,0.031232833862304688,0.01644134081016903,0.1258911005286283,0.06837712678946958,0
821,1774286304.2671757,17,0.10196601643281825,0.0,1.2649297714233398,0.09663425835305318,1.2649297714233398,6.043910980224609,0.20928994082840235,0.09098012307110954,0.5799982845783234,0.18893441533842548,17,0.10196601643281825,0.05365481540363517,0.14939349754290146,0.07451502590623581,0
822,1774286304.3671565,17,-0.08818682502297794,-1.499176025390625,0.0,0.12443065772213326,1.499176025390625,6.043910980224609,0.24804733727810652,0.10235263845499824,0.5799982845783234,0.22110696987491085,17,0.117949878468233,0.06207410546384762,0.18492698928584222,0.07506956369526789,0
823,1774286304.4669619,15,-0.19676685333251953,-1.499176025390625,0.0,0.2517349264508084,1.499176025390625,6.043910980224609,0.24804733727810652,0.1675550599892934,0.7733310461044312,0.28120152504211066,15,-0.1001402735710144,-0.052712468828869076,0.2130605943348943,0.07403397699946386,0
824,1774286304.5671623,23,-0.09166157763937245,-1.499176025390625,1.405477523803711,0.31748600754060124,2.904653549194336,6.043910980224609,0.4805917159763314,0.11768081136371779,0.7733310461044312,0.2332507135155617,23,0.05200945812722911,0.027375314453552756,0.17786614060401917,0.0738397574985946,0
825,1774286304.6671178,25,-0.07495880126953125,-1.546025276184082,0.5153417587280273,0.11501026051519148,2.0613670349121094,6.043910980224609,0.34106508875739644,0.16239951968193053,0.7733310461044312,0.28245115856785064,25,0.05257527033487955,0.02767439880709975,0.14955930608623433,0.07027052432712781,0
826,1774286304.7672355,23,-0.06518156632133153,-0.4684925079345703,0.0,0.017318172967517902,0.4684925079345703,5.992770195007324,0.07817628453780509,0.10086926688318668,0.7733310461044312,0.2341577190639889,23,-0.06518156632133153,-0.03430571990757817,0.137563695701269,0.0673167959210875,0
827,1774286304.8673885,23,0.07332926211149796,-0.6558895111083984,1.405477523803711,0.13738364717308404,2.0613670349121094,5.992770195007324,0.34397565196634244,0.033623088961062225,0.1933327615261078,0.07327982347547411,23,0.07332926211149796,0.03858824538768187,0.16730719747451636,0.07074024536863233,0
828,1774286304.9672315,20,-0.01405477523803711,-0.2810955047607422,0.0,0.0037531974328430806,0.2810955047607422,5.811095237731934,0.0483722075204628,0.019333276152610778,0.3866655230522156,0.08427179699679521,20,-0.01405477523803711,-0.007395471688076944,0.21192245013438737,0.07054846222875244,0
829,1774286305.067118,25,0.013117790222167969,0.0,0.3279447555541992,0.004129834087507334,0.3279447555541992,6.0138702392578125,0.0545313986679353,0.030933241844177246,0.1933327615261078,0.0708769611206588,25,0.11232796837301816,0.05911271107283238,0.20427612538607615,0.0708535728853781,0
830,1774286305.1674857,25,0.050597190856933594,-1.358628273010254,1.546025276184082,0.2501991151348193,2.904653549194336,5.992770195007324,0.4846929641343916,0.023199931383132935,0.1933327615261078,0.06282571118049703,25,0.050597190856933594,0.026622074921157413,0.1933327615261078,0.07063658696252234,0
831,1774286305.267054,25,0.01686573028564453,-1.358628273010254,1.546025276184082,0.3062047223011177,2.904653549194336,5.992770195007324,0.4846929641343916,0.06186648368835449,0.3866655230522156,0.1417539222413176,25,0.06892045338948569,0.036279889377336914,0.1213068307614794,0.07095252379174555,0
832,1774286305.3670726,25,0.022487640380859375,-1.358628273010254,1.405477523803711,0.238821000812095,2.764105796813965,5.992770195007324,0.46124007877305007,0.06186648368835449,0.3866655230522156,0.1417539222413176,25,0.022487640380859375,0.011833915661018038,0.10213806269303807,0.07100616435598579,0
833,1774286305.4670324,23,0.07332926211149796,-1.358628273010254,1.405477523803711,0.3570597338856385,2.764105796813965,5.992770195007324,0.46124007877305007,0.10086926688318668,0.7733310461044312,0.26044332718848884,23,0.10456209597380264,0.0550400141503091,0.11192949351511504,0.07348145043135203,0
834,1774286305.5674248,24,-0.056609511375427246,-1.358628273010254,0.0,0.07370664589778642,1.358628273010254,5.992770195007324,0.22671122515963477,0.0,0.0,0.0,24,-0.04255473613739014,-0.022391226841647436,0.11666632161058228,0.07404928287548877,0
835,1774286305.6672175,24,-0.056609511375427246,-1.358628273010254,0.0,0.07370664589778642,1.358628273010254,5.992770195007324,0.22671122515963477,0.08861084903279941,1.1599965691566467,0.2616498213018298,24,-0.0196232607490138,-0.010326064505863927,0.1254967048502805,0.0746993931300626,0
836,1774286305.766979,27,-0.05031956566704644,-1.358628273010254,0.0,0.06583352591192515,1.358628273010254,6.174445152282715,0.22004054445409787,0.17185134357876247,1.3533293306827545,0.43177115707226876,27,-0.1538810674210041,-0.0810050448188489,0.18278733817013829,0.07496352368824791,0
837,1774286305.8664618,23,-0.10795696921970534,-1.546025276184082,0.0,0.11440615750032077,1.546025276184082,6.043910980224609,0.2557988165680473,0.05043463344159334,0.5799982845783234,0.163426890777108,23,-0.02905296788335665,-0.015294391629349233,0.19712359998740403,0.07246298763315501,0
838,1774286305.966431,25,0.08807659149169922,0.0,1.2649297714233398,0.0913620438950602,1.2649297714233398,6.043910980224609,0.20928994082840235,0.07733310461044311,0.7733310461044312,0.2117854291852323,25,0.08807659149169922,0.046378003704515544,0.1893871949643505,0.0753244946199926,0
839,1774286306.0663698,23,0.02648001131804093,-0.7495880126953125,0.9369850158691406,0.06962951095852547,1.6865730285644531,6.043910980224609,0.2790532544378698,0.10927503912345223,0.9666638076305389,0.2897249113604148,23,-0.004752822544263756,-0.0025021749275567144,0.10258473060568984,0.07583502279779557,0
840,1774286306.1668127,21,-0.017847333635602678,-0.37479400634765625,0.0,0.006370546358010297,0.37479400634765625,6.043910980224609,0.06201183431952663,0.06444425384203593,0.5799982845783234,0.17223451315942054,21,-0.11981335006842092,-0.06307170848202867,0.11836699685271905,0.07508179821056522,0
841,1774286306.2666748,21,0.06692750113351005,0.0,1.405477523803711,0.08958580815951979,1.405477523803711,5.992770195007324,0.2345288536134153,0.027618965932301114,0.5799982845783234,0.12351577058575229,21,0.15511432615648799,0.08165982403201821,0.1265450802716342,0.07263826096505922,0
842,1774286306.366996,26,0.04684925079345703,-0.8432865142822266,1.405477523803711,0.17575701878495936,2.2487640380859375,5.992770195007324,0.37524616578146447,0.11897400709298941,0.7733310461044312,0.279018778939151,26,0.24361610412597656,0.12821669499823135,0.14730115163893925,0.0722096470538662,0
843,1774286306.466477,24,0.10150671005249023,0.0,0.4684925079345703,0.031215677154250443,0.4684925079345703,6.043910980224609,0.07751479289940828,0.0966663807630539,0.7733310461044312,0.25575520363971876,24,0.19316828769186267,0.101704206046284,0.12798084213700092,0.06284746453379801,0
844,1774286306.566306,22,0.0021295113997025924,-0.4684925079345703,1.405477523803711,0.13058917702573844,1.8739700317382812,6.043910980224609,0.31005917159763313,0.07030282237313011,0.7733310461044312,0.22231704463733504,22,0.07708831266923384,0.040590137100544814,0.10075087572487307,0.059052011625441866,0
845,1774286306.6665423,19,0.017260250292326276,-0.5153417587280273,0.8432865142822266,0.0511078349945391,1.358628273010254,5.992770195007324,0.22671122515963477,0.12210490201648913,0.7733310461044312,0.2525469974333868,19,0.0824418166136578,0.04340626682122642,0.05272711677984758,0.05600115819839406,0
846,1774286306.7668064,23,-0.032590783160665764,-1.1243820190429688,1.546025276184082,0.25602184502483455,2.670407295227051,5.992770195007324,0.44560482186548905,0.06724617792212445,1.1599965691566467,0.23923247194669753,23,-0.10592004527216373,-0.05576447739265082,0.028431288459721732,0.054190493067079314,0
847,1774286306.866825,18,-0.007808208465576172,-0.5153417587280273,0.8432865142822266,0.06639428207222409,1.358628273010254,5.992770195007324,0.22671122515963477,0.06444425384203593,0.3866655230522156,0.1441017323500443,18,0.0062465667724609375,0.0032883701017876058,0.024857069339071003,0.05254544302094785,0
848,1774286306.9668279,18,0.1405477523803711,0.0,1.1243820190429688,0.08730634704079421,1.1243820190429688,5.992770195007324,0.18762308289073223,0.12888850768407187,0.7733310461044312,0.2882034647000886,18,0.12742996215820312,0.06707864157467638,0.038666552305221556,0.05948544305438416,0
849,1774286307.066677,19,0.0,0.0,0.0,0.0,0.0,5.992770195007324,0.0,0.14245571901923731,1.1599965691566467,0.3368659618218208,19,-0.050597190856933594,-0.026641438773273598,0.048977632919947306,0.05959488427054584,0
850,1774286307.1668918,22,0.25341185656460846,-0.6090402603149414,1.8271207809448242,0.385028790338241,2.4361610412597656,5.992770195007324,0.4065166795965865,0.10545423355969516,1.1599965691566467,0.271713814660419,22,0.23654612627896393,0.12450859473704559,0.07415503181823313,0.07876372757033513,0
851,1774286307.2667327,20,0.1452326774597168,-0.6090402603149414,1.8271207809448242,0.30659891777418125,2.4361610412597656,6.043910980224609,0.40307692307692305,0.06766646653413773,0.3866655230522156,0.14041602881557533,20,0.12274503707885742,0.06461420988002639,0.053703544868363276,0.08285677314885606,0
852,1774286307.3665586,23,0.09369850158691406,0.0,1.6865730285644531,0.12443858256871032,1.6865730285644531,6.043910980224609,0.2790532544378698,0.058840405681858894,0.5799982845783234,0.15544998031098275,23,0.020369239475416107,0.010723326870414246,0.06262892274789407,0.08386427504569437,0
853,1774286307.4667587,20,-0.009369850158691406,-0.6090402603149414,0.5153417587280273,0.058514762315553526,1.1243820190429688,6.043910980224609,0.18603550295857987,0.06766646653413773,0.3866655230522156,0.14041602881557533,20,0.04723966121673584,0.02487169837657838,0.0902219553788503,0.08397455850285108,0
854,1774286307.566336,21,0.0,0.0,0.0,0.0,0.0,6.043910980224609,0.0,0.06444425384203593,0.3866655230522156,0.12420007372017354,21,0.056609511375427246,0.02980831035919995,0.10711680030500567,0.08186257357278957,0
855,1774286307.6670382,23,0.0203692394754161,0.0,0.4684925079345703,0.00912793016975069,0.4684925079345703,6.043910980224609,0.07751479289940828,0.06724617792212445,0.3866655230522156,0.14655964695094822,23,0.07068880514246254,0.03720347464977417,0.10311080614725748,0.07923320856143475,0
856,1774286307.7663355,20,0.0,0.0,0.0,0.0,0.0,6.043910980224609,0.0,0.13533293306827546,0.7733310461044312,0.28083205763115066,20,0.10795696921970534,0.056823233731253656,0.0789669025951708,0.07713350830177565,0
857,1774286307.8668175,19,0.09616425162867497,0.0,0.7027387619018555,0.05093759714302269,0.7027387619018555,6.043910980224609,0.11627218934911243,0.10175408501374095,0.7733310461044312,0.23776513672262922,19,0.008087660136975747,0.004255797350197631,0.08405772240265556,0.0698648766128522,0
858,1774286307.966393,18,-0.23945172627766928,-1.499176025390625,0.0,0.2360414615370448,1.499176025390625,6.043910980224609,0.24804733727810652,0.0966663807630539,0.5799982845783234,0.1851020267024872,18,-0.2659317375957102,-0.13996236178631527,0.06841005407846891,0.09370361115404072,0
859,1774286308.06632,21,-0.033463750566755025,-0.7027387619018555,0.0,0.022396452039879947,0.7027387619018555,6.043910980224609,0.11627218934911243,0.09206321977433704,0.3866655230522156,0.16468769411433634,21,-0.015616416931152347,-0.008221298786975606,0.07392134999527651,0.09488503702063827,0
860,1774286308.166499,19,0.0,0.0,0.0,0.0,0.0,6.043910980224609,0.0,0.040701634005496375,0.3866655230522156,0.10073140493730813,19,-0.06692750113351005,-0.03522826120473841,0.08441289587759636,0.09449348069558107,0
861,1774286308.2662764,19,-0.03698625062641345,-0.7027387619018555,0.0,0.024623689237197634,0.7027387619018555,6.043910980224609,0.11627218934911243,0.030526225504122283,0.1933327615261078,0.07049729804859288,19,-0.08383550141987048,-0.044140667911269214,0.0966663807630539,0.09534205246354562,0
862,1774286308.366698,18,0.0,0.0,0.0,0.0,0.0,6.043910980224609,0.0,0.08592567178938124,0.3866655230522156,0.1607522122821258,18,-0.10150671005249023,-0.05341836776303449,0.09517920567439153,0.09542258315430219,0
863,1774286308.4662948,18,-0.03904104232788086,-0.7027387619018555,0.0,0.025911450762805543,0.7027387619018555,6.043910980224609,0.11627218934911243,0.04296283589469062,0.1933327615261078,0.0803761061410629,18,-0.04117055372758345,-0.02166884191647246,0.08458308316767216,0.09474158757104373,0
864,1774286308.5662947,18,-0.036438306172688804,-0.6558895111083984,0.0,0.02257175266448838,0.6558895111083984,5.860805511474609,0.1119111545032951,0.04296283589469062,0.1933327615261078,0.0803761061410629,18,-0.053698556465015077,-0.028266081976662128,0.0837775299946467,0.0954451712024284,0
865,1774286308.6663547,20,0.0,0.0,0.0,0.0,0.0,5.992770195007324,0.0,0.05799982845783234,0.3866655230522156,0.12379336912176457,20,0.032590783160665764,0.017157122719741857,0.0851974881301492,0.09551309834331341,0
866,1774286308.7670844,23,-0.06314464237378992,-0.7495880126953125,0.0,0.041913795715827935,0.7495880126953125,5.992770195007324,0.12508205526048816,0.008405772240265556,0.1933327615261078,0.03942656658922785,23,-0.055336433908213745,-0.02912046539066851,0.11248451579700816,0.09651261015009965,0
867,1774286308.866899,20,-0.03513693809509277,-0.7027387619018555,0.0,0.023457483955269254,0.7027387619018555,5.992770195007324,0.11726442680670765,0.0,0.0,0.0,20,-0.17568469047546387,-0.09246216438822327,0.12451940572867959,0.09700653168088645,0
868,1774286308.9667354,23,0.0,0.0,0.0,0.0,0.0,5.992770195007324,0.0,0.033623088961062225,0.3866655230522156,0.09284478902198401,23,0.0,0.0,0.1045898545960911,0.09248446309415628,0
869,1774286309.0668025,24,0.10541081428527832,0.0,0.7027387619018555,0.056014459737241395,0.7027387619018555,5.992770195007324,0.11726442680670765,0.024166595190763474,0.1933327615261078,0.06393880090992969,24,-0.14800104227933014,-0.07789894713627173,0.07733310461044311,0.09497427672983455,0
870,1774286309.166341,22,0.0,0.0,0.0,0.0,0.0,5.992770195007324,0.0,0.05272711677984758,0.3866655230522156,0.13269366731234514,22,-0.1452326774597168,-0.0764540099290433,0.06444425384203593,0.0770002198513638,0
871,1774286309.2663436,21,0.0,0.0,0.0,0.0,0.0,5.992770195007324,0.0,0.0,0.0,0.0,21,-0.09369850158691406,-0.04932058076301574,0.06343731237575412,0.06926994116070731,0
872,1774286309.3664846,21,-0.0646965844290597,-0.7027387619018555,0.0,0.039815914737564344,0.7027387619018555,5.992770195007324,0.11726442680670765,0.0,0.0,0.0,21,-0.0553267342703683,-0.029123535065030248,0.06645813677459955,0.0660713697332671,0
873,1774286309.4665036,19,0.0,0.0,0.0,0.0,0.0,5.992770195007324,0.0,0.0,0.0,0.0,19,0.0,0.0,0.08760390756651759,0.06615548332704772,0
874,1774286309.5668695,20,-0.03045201301574707,-0.6090402603149414,0.0,0.01761917683751335,0.6090402603149414,5.992770195007324,0.10162916989914662,0.0,0.0,0.0,20,-0.05082125249116317,-0.02675040285132474,0.09978465111024919,0.06611275184871841,0
875,1774286309.6663313,18,0.0,0.0,0.0,0.0,0.0,5.992770195007324,0.0,0.03222212692101797,0.1933327615261078,0.07205086617502215,18,0.0,0.0,0.11192949351511504,0.06567166706201395,0
876,1774286309.766341,19,0.03698625062641345,0.0,0.7027387619018555,0.024623689237197634,0.7027387619018555,5.992770195007324,0.11726442680670765,0.030526225504122283,0.1933327615261078,0.07049729804859288,19,-0.05917800100226152,-0.03115412950001368,0.0966663807630539,0.06668965283763117,0
877,1774286309.866877,19,0.0,0.0,0.0,0.0,0.0,5.860805511474609,0.0,0.0,0.0,0.0,19,0.23945172627766928,0.1259951231147567,0.0766664399155255,0.06163126901056848,0
878,1774286309.9667523,17,0.0,0.0,0.0,0.0,0.0,5.860805511474609,0.0,0.03411754615166608,0.1933327615261078,0.07370232329163695,17,0.033463750566755025,0.01760849345547409,0.055706049931251396,0.036203793869574355,0
879,1774286310.0663514,17,0.0,0.0,0.0,0.0,0.0,5.860805511474609,0.0,0.06823509230333216,0.3866655230522156,0.1474046465832739,17,0.0,0.0,0.05178556112306459,0.03584521610423439,0
880,1774286310.1666043,20,-0.0679314136505127,-0.7027387619018555,0.0,0.04158696395251127,0.7027387619018555,5.860805511474609,0.1199048083963876,0.038666552305221556,0.5799982845783234,0.13112465852189278,20,-0.030945163024099248,-0.016284117432332684,0.05272711677984758,0.03805973173790017,0
881,1774286310.2668288,18,0.0,0.0,0.0,0.0,0.0,5.860805511474609,0.0,0.0,0.0,0.0,18,0.0,0.0,0.057283781192920824,0.03767655437437646,0
882,1774286310.3663826,20,0.0,0.0,0.0,0.0,0.0,5.860805511474609,0.0,0.0,0.0,0.0,20,0.03904104232788086,0.020546967167263983,0.04833319038152695,0.03767655437437646,0
883,1774286310.466681,18,-0.03383557001749674,-0.6090402603149414,0.0,0.01946237857295172,0.6090402603149414,5.860805511474609,0.10391750061020259,0.0,0.0,0.0,18,0.002602736155192062,0.0013695826524102964,0.0348632848653637,0.03749063894932511,0
884,1774286310.5665562,21,-0.09816033499581474,-0.7495880126953125,0.0,0.05830045315447857,0.7495880126953125,5.860805511474609,0.1278984622894801,0.0,0.0,0.0,21,-0.09816033499581474,-0.051657854151021365,0.02148141794734531,0.04186894023542807,0
885,1774286310.6667907,21,-0.09816033499581474,-0.7495880126953125,0.0,0.05830045315447857,0.7495880126953125,5.860805511474609,0.1278984622894801,0.0,0.0,0.0,21,-0.03501569262202482,-0.018432160512549808,0.01464642132773544,0.04568938931667936,0
886,1774286310.7663116,20,-0.03045201301574707,-0.6090402603149414,0.0,0.01761917683751335,0.6090402603149414,5.860805511474609,0.10391750061020259,0.019333276152610778,0.1933327615261078,0.05799982845783234,20,0.004684925079345703,0.0024665125420593736,0.020198945234070963,0.04459731625371006,0
887,1774286310.8663466,20,-0.03045201301574707,-0.6090402603149414,0.0,0.01761917683751335,0.6090402603149414,5.860805511474609,0.10391750061020259,0.05799982845783234,0.3866655230522156,0.12379336912176457,20,-0.03045201301574707,-0.016030655357288762,0.03642501304115074,0.044507459938845056,0
888,1774286310.9668782,22,0.0,0.0,0.0,0.0,0.0,5.992770195007324,0.0,0.043939263983206314,0.3866655230522156,0.1155861571389514,22,-0.10541081428527832,-0.05547716637001466,0.025970072443805524,0.04450745993884505,0
889,1774286311.0668044,20,0.0,0.0,0.0,0.0,0.0,5.860805511474609,0.0,0.05799982845783234,0.3866655230522156,0.13806720793312413,20,0.0,0.0,0.018124946393072605,0.03511777147158658,0
890,1774286311.1666512,18,0.0,0.0,0.0,0.0,0.0,5.860805511474609,0.0,0.0966663807630539,0.5799982845783234,0.2161525985250665,18,0.0,0.0,0.0,0.03511777147158658,0
891,1774286311.2664971,18,0.0,0.0,0.0,0.0,0.0,5.860805511474609,0.0,0.053703544868363276,0.3866655230522156,0.1257167753652118,18,0.0646965844290597,0.034050610015916576,0.0,0.03511777147158658,0
892,1774286311.3669586,19,0.0,0.0,0.0,0.0,0.0,5.860805511474609,0.0,0.061052451008244565,0.3866655230522156,0.14099459609718576,19,0.0,0.0,0.010175408501374094,0.0338888411527935,0
893,1774286311.4672396,18,-0.03904104232788086,-0.7027387619018555,0.0,0.025911450762805543,0.7027387619018555,5.860805511474609,0.1199048083963876,0.06444425384203593,0.3866655230522156,0.1441017323500443,18,-0.008589029312133789,-0.0045196613108209665,0.020350817002748187,0.03394188661434895,0
894,1774286311.5666292,19,0.0,0.0,0.0,0.0,0.0,5.860805511474609,0.0,0.09157867651236684,0.5799982845783234,0.21149189414577863,19,0.0,0.0,0.020714224449225833,0.03410244396048797,0
895,1774286311.6668224,18,0.03383557001749674,0.0,0.6090402603149414,0.01946237857295172,0.6090402603149414,6.043910980224609,0.10076923076923076,0.03222212692101797,0.5799982845783234,0.13285523277741546,18,-0.0031506806089167047,-0.0016578328550532337,0.021090846711939032,0.035755250318163324,0
896,1774286311.766764,20,0.0,0.0,0.0,0.0,0.0,5.860805511474609,0.0,0.02899991422891617,0.5799982845783234,0.12640769549519285,20,0.0,0.0,0.032830091579905095,0.03385420667622052,0
897,1774286311.8668191,18,0.0,0.0,0.0,0.0,0.0,5.860805511474609,0.0,0.0966663807630539,0.5799982845783234,0.2161525985250665,18,0.0,0.0,0.04654307221924817,0.03385420667622052,0
898,1774286311.9663033,21,0.024540083748953685,0.0,0.5153417587280273,0.012044314208113213,0.5153417587280273,5.992770195007324,0.08599391299158561,0.05523793186460223,0.3866655230522156,0.1353047475148992,21,0.024540083748953685,0.01291616029820788,0.035151411186565056,0.03491990405165457,0
899,1774286312.0663948,25,0.0,0.0,0.0,0.0,0.0,5.992770195007324,0.0,0.05413317322731018,0.5799982845783234,0.149954453412606,25,0.0679314136505127,0.03575731784161212,0.013333293898352262,0.03491990405165457,0
900,1774286312.1668925,24,-0.048801302909851074,-0.6090402603149414,0.0,0.02624296491227085,0.6090402603149414,5.992770195007324,0.10162916989914662,0.12888850768407187,0.9666638076305389,0.29881571217896225,24,-0.048801302909851074,-0.02568403445911227,0.0,0.03375378042588838,0
901,1774286312.2667997,24,0.0,0.0,0.0,0.0,0.0,5.992770195007324,0.0,0.12888850768407187,0.7733310461044312,0.2882034647000886,24,0.0,0.0,0.0,0.03375378042588838,0
902,1774286312.3665695,23,0.02444308737049932,0.0,0.5621910095214844,0.013144219444441002,0.5621910095214844,5.992770195007324,0.09381154144536612,0.10086926688318668,0.7733310461044312,0.26044332718848884,23,0.05827865738799606,0.0306747774479309,0.0,0.03474004317619643,0
903,1774286312.4668813,23,0.02444308737049932,0.0,0.5621910095214844,0.013144219444441002,0.5621910095214844,5.992770195007324,0.09381154144536612,0.06724617792212445,0.7733310461044312,0.18568957804396802,23,0.12260342236631405,0.06451707918505413,0.006236540694390574,0.03545824845274629,0
904,1774286312.5665083,24,-0.042945146560668945,-0.5621910095214844,0.0,0.02047004610261638,0.5621910095214844,5.992770195007324,0.09381154144536612,0.04833319038152695,0.3866655230522156,0.12787760181985938,24,0.05521518843514579,0.029064945929832737,0.025355116265719055,0.030426297856433297,0
905,1774286312.666388,25,0.022487640380859375,0.0,0.5621910095214844,0.012136655277572572,0.5621910095214844,6.043910980224609,0.09301775147928994,0.06186648368835449,0.3866655230522156,0.1417539222413176,25,0.052939653396606445,0.02786185528875219,0.04053751451353873,0.023302950034329653,0
906,1774286312.766578,24,0.021472573280334473,0.0,0.5153417587280273,0.01060464227542468,0.5153417587280273,5.992770195007324,0.08599391299158561,0.04833319038152695,0.5799982845783234,0.16030305741633943,24,0.05192458629608154,0.027325402238452787,0.05301059590231988,0.023001216604865482,0
907,1774286312.8663936,23,-0.11203081711478856,-1.546025276184082,1.0306835174560547,0.34425573729297926,2.5767087936401367,6.043910980224609,0.42633136094674556,0.05043463344159334,0.5799982845783234,0.163426890777108,23,-0.11203081711478856,-0.058978630908289746,0.06444425384203593,0.03300774292994793,0
908,1774286312.9662573,19,-0.1331505022550884,-1.546025276184082,0.5153417587280273,0.24033936680158585,2.0613670349121094,6.043910980224609,0.34106508875739644,0.09157867651236684,0.5799982845783234,0.21149189414577863,19,-0.1331505022550884,-0.0700993957373952,0.06904741483075279,0.0432511366397815,0
909,1774286313.0668392,19,-0.07890400133634869,-1.499176025390625,0.0,0.1120651456839573,1.499176025390625,6.043910980224609,0.24804733727810652,0.08140326801099275,0.7733310461044312,0.23732926992764905,19,-0.07890400133634869,-0.04152431370736746,0.07030282237313011,0.045582027067724004,0
910,1774286313.1663551,20,-0.15226006507873535,-1.546025276184082,0.0,0.20870301806752423,1.546025276184082,6.043910980224609,0.2557988165680473,0.0966663807630539,0.9666638076305389,0.2899991422891617,20,-0.15226006507873535,-0.08014286607077646,0.05975739901716059,0.05429318846489385,0
911,1774286313.266588,20,0.023424625396728516,0.0,0.4684925079345703,0.010425548424564113,0.4684925079345703,6.043910980224609,0.07751479289940828,0.0,0.0,0.0,20,0.023424625396728516,0.012331155728628225,0.07249978557229042,0.055020104392988836,0
912,1774286313.3667567,22,-0.061755830591375176,-0.9369850158691406,0.0,0.04417366994505394,0.9369850158691406,6.043910980224609,0.15502958579881657,0.05272711677984758,0.5799982845783234,0.16673778347800128,22,-0.022714788263494316,-0.011958191242331924,0.0632725401358171,0.055451094091027275,0
913,1774286313.4664624,21,0.0,0.0,0.0,0.0,0.0,6.043910980224609,0.0,0.05523793186460223,0.5799982845783234,0.17025474034060006,21,0.0,0.0,0.050877042506870473,0.055599296769498034,0
914,1774286313.5663645,24,0.06051361560821533,-1.405477523803711,1.405477523803711,0.21262250604614508,2.810955047607422,5.860805511474609,0.4796192335855504,0.0966663807630539,0.7733310461044312,0.25575520363971876,24,0.02667804559071859,0.01404446139158475,0.05178556112306459,0.05833482006442737,0
915,1774286313.666339,22,0.0,-1.452326774597168,0.9369850158691406,0.14785323220290925,2.3893117904663086,5.860805511474609,0.40767634854771784,0.06151496957648884,0.7733310461044312,0.1966987665047579,22,0.0,0.0,0.0589828763977956,0.05723700258290375,0
916,1774286313.7663798,25,0.035605430603027344,0.0,0.4684925079345703,0.01462298396290862,0.4684925079345703,6.043910980224609,0.07751479289940828,0.09279972553253174,1.1599965691566467,0.31469918045254275,25,0.035605430603027344,0.018744034234784906,0.06645813677459955,0.05841730183468584,0
917,1774286313.8664293,24,-0.042945146560668945,-0.8432865142822266,0.4684925079345703,0.046076656268212446,1.3117790222167969,6.043910980224609,0.2170414201183432,0.04833319038152695,0.5799982845783234,0.16030305741633943,24,-0.06748523030962263,-0.03551618735102292,0.08009500120367323,0.05844497598088563,0
918,1774286313.9668436,21,0.033463750566755025,-0.23424625396728516,0.9369850158691406,0.04329980727710123,1.1712312698364258,6.043910980224609,0.1937869822485207,0.018412643954867407,0.1933327615261078,0.056751580113533366,21,0.033463750566755025,0.017608341030821855,0.1032873657468247,0.05882978793586382,0
919,1774286314.0663702,20,-0.037479400634765625,-0.7495880126953125,0.0,0.02668940396688413,0.7495880126953125,6.043910980224609,0.12402366863905326,0.0,0.0,0.0,20,0.01132190227508545,0.005960534390228075,0.11981185221336257,0.05871678098307875,0
920,1774286314.1667871,21,0.11823858533586774,0.0,1.546025276184082,0.14164511667888519,1.546025276184082,6.043910980224609,0.2557988165680473,0.0,0.0,0.0,21,0.11823858533586774,0.06223124514028471,0.09942827735628401,0.06592212332300704,0
921,1774286314.2667139,20,0.007027387619018555,-0.4216432571411133,0.9369850158691406,0.05976034099575145,1.358628273010254,5.992770195007324,0.22671122515963477,0.009666638076305389,0.1933327615261078,0.042135898498397606,20,-0.017415699751480766,-0.009165461485015939,0.07180931142398289,0.06601909619386062,0
922,1774286314.366707,18,0.0,0.0,0.0,0.0,0.0,6.043910980224609,0.0,0.0,0.0,0.0,18,-0.02444308737049932,-0.012865962355078071,0.059073899355199605,0.06551082952585408,0
923,1774286314.466786,23,0.0,-0.8432865142822266,0.8432865142822266,0.06183757784089286,1.6865730285644531,5.992770195007324,0.28143462433609834,0.0,0.0,0.0,23,0.042945146560668945,0.02259940665030434,0.05296787987016652,0.06497560454105676,0
924,1774286314.5667021,18,-0.013013680775960287,-0.23424625396728516,0.0,0.0028790500847561715,0.23424625396728516,5.992770195007324,0.039088142268902545,0.0,0.0,0.0,18,-0.035501321156819664,-0.01868181754499982,0.053703544868363276,0.06470403631897183,0
925,1774286314.6667252,16,0.0,0.0,0.0,0.0,0.0,5.992770195007324,0.0,0.0,0.0,0.0,16,-0.021472573280334473,-0.011300478870535566,0.06151496957648884,0.064228386174328,0
926,1774286314.7663274,17,-0.055116765639361215,-1.405477523803711,0.4684925079345703,0.12607110096358712,1.8739700317382812,5.992770195007324,0.31270513815122036,0.0,0.0,0.0,17,0.056914051475427344,0.029955807421299153,0.07289595926394228,0.06412800387608951,0
927,1774286314.8667223,17,0.027558382819680607,0.0,0.4684925079345703,0.012151431418177077,0.4684925079345703,5.992770195007324,0.07817628453780509,0.0,0.0,0.0,17,0.160708885074769,0.08456292754358528,0.08999973381387777,0.06131186830673195,0
928,1774286314.9664237,17,0.027558382819680607,0.0,0.4684925079345703,0.012151431418177077,0.4684925079345703,5.992770195007324,0.07817628453780509,0.0,0.0,0.0,17,0.1064623841560293,0.056045089004826555,0.0589828763977956,0.05533610803442234,0
929,1774286315.0661855,16,0.0,0.0,0.0,0.0,0.0,5.992770195007324,0.0,0.0,0.0,0.0,16,0.15226006507873535,0.08014403274105707,0.04989232555512459,0.05270550033751355,0
930,1774286315.1666484,16,0.0,0.0,0.0,0.0,0.0,5.992770195007324,0.0,0.0,0.0,0.0,16,-0.023424625396728516,-0.012328358197718256,0.036825287909734813,0.03978656650812535,0
931,1774286315.2663155,16,0.0,0.0,0.0,0.0,0.0,5.992770195007324,0.0,0.0,0.0,0.0,16,0.061755830591375176,0.03251061833821146,0.06925352651681473,0.039605288470543516,0
932,1774286315.366462,16,0.0,0.0,0.0,0.0,0.0,5.992770195007324,0.0,0.0,0.0,0.0,16,0.0,0.0,0.07213909012168201,0.03657299537090296,0
933,1774286315.4662704,16,0.0,0.0,0.0,0.0,0.0,5.992770195007324,0.0,0.0,0.0,0.0,16,-0.06051361560821533,-0.03185084849217252,0.08441289587759636,0.03657299537090296,0
934,1774286315.5661848,16,0.0,0.0,0.0,0.0,0.0,5.992770195007324,0.0,0.0,0.0,0.0,16,0.0,0.0,0.06807491603031965,0.03455679441025372,0
935,1774286315.6663175,17,0.0,0.0,0.0,0.0,0.0,5.992770195007324,0.0,0.0,0.0,0.0,17,-0.035605430603027344,-0.01874031549585916,0.05523793186460223,0.03455679441025372,0
936,1774286315.7668512,17,0.055116765639361215,0.0,0.9369850158691406,0.04860572567270831,0.9369850158691406,5.992770195007324,0.15635256907561018,0.0,0.0,0.0,17,0.09806191220003016,0.05160007594934897,0.023794801418597883,0.03566346448509444,0
937,1774286315.8662982,18,0.05205472310384115,0.0,0.9369850158691406,0.04606480135609874,0.9369850158691406,5.992770195007324,0.15635256907561018,0.0,0.0,0.0,18,0.018590972537086123,0.00978753195741255,0.006236540694390574,0.03514821253785467,0
938,1774286315.9666235,18,0.05205472310384115,0.0,0.9369850158691406,0.04606480135609874,0.9369850158691406,5.992770195007324,0.15635256907561018,0.0,0.0,0.0,18,0.08953412373860678,0.04711694168975255,0.003169389533214882,0.03597225500997716,0
939,1774286316.0667646,18,0.05205472310384115,0.0,0.9369850158691406,0.04606480135609874,0.9369850158691406,5.992770195007324,0.15635256907561018,0.0,0.0,0.0,18,-0.0661838622320266,-0.0348340252065687,0.0032768264665441996,0.03513484232359363,0
940,1774286316.1661787,16,0.0,0.0,0.0,0.0,0.0,5.992770195007324,0.0,0.0,0.0,0.0,16,-0.007027387619018555,-0.0036996671115471914,0.003169389533214882,0.026301304906063843,0
941,1774286316.2667418,17,0.0,0.0,0.0,0.0,0.0,5.992770195007324,0.0,0.0,0.0,0.0,17,0.0,0.0,0.0,0.026389001413513916,0
942,1774286316.3670838,17,0.0,0.0,0.0,0.0,0.0,5.992770195007324,0.0,0.0,0.0,0.0,17,0.0,0.0,0.0,0.026389001413513916,0
943,1774286316.466292,16,0.0,0.0,0.0,0.0,0.0,5.992770195007324,0.0,0.0,0.0,0.0,16,0.013013680775960287,0.00685078480289675,0.0,0.026389001413513916,0
944,1774286316.5662215,18,0.0,0.0,0.0,0.0,0.0,5.992770195007324,0.0,0.0,0.0,0.0,18,0.0,0.0,0.0,0.025972818055543564,0
945,1774286316.6666791,17,0.0,0.0,0.0,0.0,0.0,5.992770195007324,0.0,0.0,0.0,0.0,17,0.055116765639361215,0.029003454370455633,0.0,0.025972818055543564,0
946,1774286316.7666938,17,0.0,0.0,0.0,0.0,0.0,5.992770195007324,0.0,0.0,0.0,0.0,17,-0.027558382819680607,-0.014504629693260817,0.0,0.021374614183746816,0
947,1774286316.8665848,16,0.0,0.0,0.0,0.0,0.0,5.992770195007324,0.0,0.0,0.0,0.0,16,-0.027558382819680607,-0.01450318284341225,0.0,0.021300462348007386,0
948,1774286316.9663613,16,0.0,0.0,0.0,0.0,0.0,5.992770195007324,0.0,0.0,0.0,0.0,16,0.0,0.0,0.0,0.021136412625030517,0
949,1774286317.066111,16,0.0,0.0,0.0,0.0,0.0,5.992770195007324,0.0,0.0,0.0,0.0,16,0.0,0.0,0.0,0.021136412625030517,0
950,1774286317.1662638,16,0.0,0.0,0.0,0.0,0.0,5.992770195007324,0.0,0.0,0.0,0.0,16,0.0,0.0,0.0,0.021136412625030517,0
951,1774286317.2668586,16,0.0,0.0,0.0,0.0,0.0,5.992770195007324,0.0,0.0,0.0,0.0,16,0.0,0.0,0.0,0.021136412625030517,0
952,1774286317.366684,18,0.015616416931152344,0.0,0.2810955047607422,0.004145832122048887,0.2810955047607422,6.033182144165039,0.046591582691167754,0.0,0.0,0.0,18,0.015616416931152344,0.008217378387818107,0.0,0.021019862642284944,0
953,1774286317.4665308,19,0.044383500751696135,0.0,0.2810955047607422,0.010506107407870993,0.2810955047607422,6.033182144165039,0.046591582691167754,0.020350817002748187,0.3866655230522156,0.08634120423197839,19,0.044383500751696135,0.023355483580636122,0.0,0.022023899533525074,0
954,1774286317.5672486,17,0.005511676563936121,-0.18739700317382812,0.2810955047607422,0.006683287279997391,0.4684925079345703,6.084322929382324,0.07699994122141891,0.04549006153555477,0.3866655230522156,0.12457966422660721,17,0.005511676563936121,0.0028994614829449946,0.0,0.021886504324701662,0
955,1774286317.6666698,18,0.09369850158691406,0.0,1.405477523803711,0.10535291039559525,1.405477523803711,6.033182144165039,0.23295791345583877,0.08592567178938124,0.7733310461044312,0.24303450080112443,18,0.03858173594755285,0.020308115076277347,0.0,0.027683312344377802,0
956,1774286317.7667396,18,0.11191765467325847,-0.23424625396728516,1.405477523803711,0.13977280093829197,1.639723777770996,5.992770195007324,0.27361699588231786,0.11814779871039921,0.7733310461044312,0.2667936761837706,18,0.05986293156941732,0.031499488125477065,0.0,0.03357773084771296,0
957,1774286317.866995,18,-0.026027361551920574,-1.405477523803711,0.2810955047607422,0.12199043276773912,1.6865730285644531,6.033182144165039,0.2795494961470065,0.07518496281570858,0.5799982845783234,0.17218666359240195,18,-0.07808208465576172,-0.041087799169361526,0.0,0.03431366587669946,0
958,1774286317.9671943,16,-0.017568469047546387,-0.5621910095214844,0.2810955047607422,0.02438343726929304,0.8432865142822266,6.084322929382324,0.13859989419855404,0.12083297595381737,0.7733310461044312,0.2254109937668041,16,-0.06962319215138754,-0.036635499440888494,0.0,0.03415878446784501,0
959,1774286318.0669208,18,0.08849302927652995,0.0,0.5153417587280273,0.026555003134692213,0.5153417587280273,6.084322929382324,0.08469993534356081,0.10740708973672655,0.7733310461044312,0.21588557853613438,18,0.08849302927652995,0.046557095472777164,0.0,0.036995012692059015,0
960,1774286318.1673505,22,0.0,-1.0306835174560547,0.9369850158691406,0.11153840324079117,1.9676685333251953,6.084322929382324,0.32339975312995944,0.18454490872946652,1.5466620922088623,0.38436183539915675,22,0.0,0.0,0.0,0.036995012692059015,0
961,1774286318.267357,23,-0.07129233816395635,-1.499176025390625,1.405477523803711,0.4057364960454183,2.904653549194336,6.033182144165039,0.48144635447540013,0.05043463344159334,0.3866655230522156,0.13022166359424442,23,-0.07129233816395635,-0.03751688628096358,0.0,0.041505483157710195,0
962,1774286318.3671675,21,-0.04908016749790737,-1.405477523803711,0.9369850158691406,0.18948393823606868,2.3424625396728516,5.851507186889648,0.40031780955873364,0.07365057581946963,0.5799982845783234,0.1836655466116799,21,-0.04908016749790737,-0.02581976869715884,0.0,0.0435566723342976,0
963,1774286318.466759,22,-0.03833120519464666,-1.499176025390625,0.8432865142822266,0.16972919810116818,2.3424625396728516,5.851507186889648,0.40031780955873364,0.07030282237313011,0.3866655230522156,0.14913480730978085,22,-0.03833120519464666,-0.020168613026207496,0.0,0.04477133609787957,0
964,1774286318.5669208,25,-0.2304983139038086,-1.6865730285644531,0.9369850158691406,0.37346202029766573,2.6235580444335938,5.851507186889648,0.4483559467057817,0.10053303599357605,0.7733310461044312,0.23277136027082246,25,-0.2304983139038086,-0.121299477013788,0.0,0.06862531523214836,0
965,1774286318.6674302,29,0.06785063908017915,-1.2649297714233398,1.1243820190429688,0.22108765485663037,2.3893117904663086,5.992770195007324,0.398699051142806,0.09333305728846583,0.9666638076305389,0.27632427308189966,29,0.06785063908017915,0.03569702853574526,0.0,0.0703770959584974,0
966,1774286318.7668524,25,0.08245468139648438,0.0,0.9369850158691406,0.0564129717531614,0.9369850158691406,5.992770195007324,0.15635256907561018,0.15466620922088622,0.9666638076305389,0.354384805603294,25,0.08245468139648438,0.04339108941946978,0.0,0.07265035011389952,0
967,1774286318.8674664,30,0.2186298370361328,-1.0306835174560547,1.6865730285644531,0.23738546985896392,2.717256546020508,5.992770195007324,0.45342245031926953,0.10311080614725748,0.9666638076305389,0.27219592844511953,30,0.2186298370361328,0.11500144284798251,0.0,0.08639567964673416,0
968,1774286318.9673395,29,0.06785063908017915,-0.4684925079345703,1.546025276184082,0.18173168258241376,2.0145177841186523,5.992770195007324,0.3361580235125619,0.2133327023736362,1.3533293306827545,0.434816683548662,29,0.06785063908017915,0.035687789055199835,0.0,0.08707785467832212,0
969,1774286319.0672805,23,0.13036313264266305,0.0,0.8432865142822266,0.08148752206086525,0.8432865142822266,5.992770195007324,0.14071731216804917,0.10086926688318668,0.5799982845783234,0.21983947042642232,23,0.13036313264266305,0.06857547953514331,0.0,0.0902927896760243,0
970,1774286319.167393,26,0.24505761953500602,-0.4684925079345703,1.546025276184082,0.34076056002953997,2.0145177841186523,5.992770195007324,0.3361580235125619,0.10410225620636573,0.7733310461044312,0.24706808159640253,26,0.24505761953500602,0.12894142860212893,0.007295575906645577,0.10198067849833752,0
971,1774286319.26688,22,0.06388534199107777,-1.0306835174560547,1.2649297714233398,0.1729035712621925,2.2956132888793945,5.992770195007324,0.38306379423524495,0.14060564474626022,0.7733310461044312,0.2982696146195617,22,0.04826892505992543,0.025402075966693284,0.02148141794734531,0.10177355519761162,0
972,1774286319.3670619,24,0.07027387619018555,-1.546025276184082,1.405477523803711,0.3431285762189873,2.951502799987793,6.043910980224609,0.4883431952662722,0.16111063460508981,0.9666638076305389,0.36025433087511083,24,0.02589037543848941,0.013622705816999373,0.05012330854380572,0.10181202671484153,0
973,1774286319.4673953,24,0.06441771984100342,-1.0306835174560547,1.405477523803711,0.15323955770973896,2.4361610412597656,5.992770195007324,0.4065166795965865,0.16916616633534431,1.1599965691566467,0.39191631374445624,24,0.0589060432770673,0.03100078671317768,0.08389912292642414,0.101920404136358,0
974,1774286319.5667796,21,0.1405477523803711,0.0,1.2649297714233398,0.10430774263373419,1.2649297714233398,6.043910980224609,0.20928994082840235,0.11968218570663816,0.7733310461044312,0.24942167394695128,21,0.04684925079345703,0.024656075972334,0.09308614443849635,0.10361372421610525,0
975,1774286319.6672678,21,0.06692750113351005,0.0,0.7495880126953125,0.0427622924281441,0.7495880126953125,6.043910980224609,0.12402366863905326,0.08285689779690333,0.5799982845783234,0.20295712127234888,21,-0.04499015353974842,-0.023672447331649683,0.10410225620636573,0.10322089644835065,0
976,1774286319.7674081,28,0.14556731496538436,0.0,1.405477523803711,0.14193471524623416,1.405477523803711,6.043910980224609,0.23254437869822486,0.10357112224612917,0.7733310461044312,0.25566198140092306,28,0.17159467651730492,0.09029335898852679,0.10038431848470981,0.10449433279137636,0
977,1774286319.8671095,21,0.040156500680106025,0.0,0.8432865142822266,0.03225089093742711,0.8432865142822266,6.043910980224609,0.1395266272189349,0.05523793186460223,0.5799982845783234,0.17025474034060006,21,0.05772496972765241,0.030382918758703786,0.1415472004030432,0.10304121317931268,0
978,1774286319.966934,23,0.0203692394754161,-0.37479400634765625,0.8432865142822266,0.0366112980990364,1.2180805206298828,6.043910980224609,0.20153846153846153,0.11768081136371779,0.9666638076305389,0.305628145292281,23,-0.06812378980111386,-0.03585437695923448,0.11354463772168236,0.10204538384096618,0
979,1774286320.0677955,23,0.1385108284328295,-0.7495880126953125,1.405477523803711,0.1634646331035626,2.1550655364990234,6.043910980224609,0.3565680473372781,0.10927503912345223,0.9666638076305389,0.2840603843249884,23,0.1385108284328295,0.07288336656266488,0.10252494929414807,0.10341038091673647,0
980,1774286320.1674447,20,0.0,0.0,0.0,0.0,0.0,6.043910980224609,0.0,0.07733310461044311,0.9666638076305389,0.2399196475617175,20,0.07129233816395635,0.03752055344821251,0.06444425384203593,0.10341038091673646,0
981,1774286320.2667973,18,0.07808208465576172,0.0,1.405477523803711,0.10364580305122217,1.405477523803711,6.043910980224609,0.23254437869822486,0.0,0.0,0.0,18,0.12716225215366908,0.06694054286655594,0.08245073653319303,0.099055850085413,0
982,1774286320.367512,22,-0.08730996738780629,-0.6558895111083984,0.0,0.04834570324240018,0.6558895111083984,6.043910980224609,0.1085207100591716,0.07030282237313011,0.7733310461044312,0.22231704463733504,22,-0.04897876219315963,-0.02576808330479526,0.08903482438702333,0.10159730725271833,0
983,1774286320.4667168,22,-0.004259022799405185,-0.6558895111083984,0.5621910095214844,0.03390230535973959,1.2180805206298828,6.043910980224609,0.20153846153846153,0.043939263983206314,0.3866655230522156,0.1155861571389514,22,0.2262392911044034,0.1190860966256589,0.11502075685730463,0.10013826874282415,0
984,1774286320.5670943,17,0.0,0.0,0.0,0.0,0.0,6.043910980224609,0.0,0.0,0.0,0.0,17,-0.06785063908017915,-0.035717175899119526,0.11507902471792131,0.07561997394587366,0
985,1774286320.6668127,18,0.0,0.0,0.0,0.0,0.0,6.043910980224609,0.0,0.0,0.0,0.0,18,-0.08245468139648438,-0.04339810799608634,0.15650747361637296,0.07747461770577446,0
986,1774286320.7671633,17,0.0,0.0,0.0,0.0,0.0,6.043910980224609,0.0,0.0,0.0,0.0,17,-0.2186298370361328,-0.11508669906497392,0.14146299623861547,0.07909598043002863,0
987,1774286320.867178,19,0.0,0.0,0.0,0.0,0.0,6.043910980224609,0.0,0.0,0.0,0.0,19,-0.06785063908017915,-0.03571389934072306,0.14376025857069555,0.07263689826377372,0
988,1774286320.9668064,19,0.0,0.0,0.0,0.0,0.0,6.043910980224609,0.0,0.0,0.0,0.0,19,-0.13036313264266305,-0.06862930058464187,0.114365858930937,0.07372172330718506,0
989,1774286321.0672193,18,0.0,0.0,0.0,0.0,0.0,6.043910980224609,0.0,0.0,0.0,0.0,18,-0.24505761953500602,-0.12898948764636053,0.13425886217090818,0.07258017871017246,0
990,1774286321.1672556,17,0.0,0.0,0.0,0.0,0.0,6.043910980224609,0.0,0.0,0.0,0.0,17,-0.06388534199107777,-0.03361721853061379,0.15742810581411634,0.05760727557050175,0
991,1774286321.267158,16,0.0,0.0,0.0,0.0,0.0,6.043910980224609,0.0,0.0,0.0,0.0,16,-0.07027387619018555,-0.03698437847610809,0.15130390032478,0.057790998717786354,0
992,1774286321.3671684,17,0.0,0.0,0.0,0.0,0.0,6.043910980224609,0.0,0.0,0.0,0.0,17,-0.06441771984100342,-0.0339081120440108,0.12595922341852478,0.05759430463656226,0
993,1774286321.4668958,18,0.0,0.0,0.0,0.0,0.0,5.992770195007324,0.0,0.0,0.0,0.0,18,-0.1405477523803711,-0.0739679773240155,0.10219017394951412,0.05738876474594492,0
994,1774286321.5666695,17,0.0,0.0,0.0,0.0,0.0,5.992770195007324,0.0,0.0,0.0,0.0,17,-0.06692750113351005,-0.03523609691206986,0.08285689779690333,0.05133120147939705,0
995,1774286321.667098,17,0.0,0.0,0.0,0.0,0.0,5.992770195007324,0.0,0.0,0.0,0.0,17,-0.14556731496538436,-0.0766268820952647,0.09398120351963574,0.050328223796883086,0
996,1774286321.7671974,16,0.0,0.0,0.0,0.0,0.0,5.992770195007324,0.0,0.0,0.0,0.0,16,-0.040156500680106025,-0.02113402337204295,0.09522359896062026,0.040761040104771384,0
997,1774286321.8668182,17,0.0,0.0,0.0,0.0,0.0,5.992770195007324,0.0,0.0,0.0,0.0,17,-0.0203692394754161,-0.010721305655770815,0.10252494929414807,0.04017535223947297,0
998,1774286321.966657,16,0.0,0.0,0.0,0.0,0.0,5.992770195007324,0.0,0.0,0.0,0.0,16,-0.1385108284328295,-0.07294414844192075,0.06655718019751251,0.040088453545205134,0
999,1774286322.0667248,18,0.0,0.0,0.0,0.0,0.0,5.992770195007324,0.0,0.0,0.0,0.0,18,0.0,0.0,0.05155540307362874,0.026200082818203532,0
1000,1774286322.1671538,16,0.0,0.0,0.0,0.0,0.0,5.992770195007324,0.0,0.0,0.0,0.0,16,-0.07808208465576172,-0.04108812392629832,0.04053751451353873,0.026200082818203532,0
1001,1774286322.2667444,16,0.0,0.0,0.0,0.0,0.0,5.992770195007324,0.0,0.0,0.0,0.0,16,0.08730996738780629,0.04597118707562172,0.041202063931793466,0.019002533623533425,0
1002,1774286322.3667474,18,0.0,0.0,0.0,0.0,0.0,5.992770195007324,0.0,0.0,0.0,0.0,18,0.004259022799405185,0.0022415548309522013,0.016959014168956822,0.000928232499042145,0
1003,1774286322.466769,18,0.0,0.0,0.0,0.0,0.0,5.992770195007324,0.0,0.0,0.0,0.0,18,0.0,0.0,0.0,0.0,0
1004,1774286322.5666633,17,0.0,0.0,0.0,0.0,0.0,5.992770195007324,0.0,0.0,0.0,0.0,17,0.0,0.0,0.0,0.0,0
1005,1774286322.6668642,18,0.0,0.0,0.0,0.0,0.0,5.992770195007324,0.0,0.0,0.0,0.0,18,0.0,0.0,0.0,0.0,0
1006,1774286322.7667363,17,0.0,0.0,0.0,0.0,0.0,5.992770195007324,0.0,0.0,0.0,0.0,17,0.0,0.0,0.0,0.0,0
1007,1774286322.8666847,17,0.0,0.0,0.0,0.0,0.0,5.992770195007324,0.0,0.0,0.0,0.0,17,0.0,0.0,0.0,0.0,0
1008,1774286322.9666634,17,0.0,0.0,0.0,0.0,0.0,5.992770195007324,0.0,0.0,0.0,0.0,17,0.0,0.0,0.0,0.0,0
1009,1774286323.0671582,18,0.0,0.0,0.0,0.0,0.0,5.992770195007324,0.0,0.0,0.0,0.0,18,0.0,0.0,0.0,0.0,0
1010,1774286323.1667938,17,0.0,0.0,0.0,0.0,0.0,5.992770195007324,0.0,0.0,0.0,0.0,17,0.0,0.0,0.0,0.0,0
1011,1774286323.267152,16,0.0,0.0,0.0,0.0,0.0,5.992770195007324,0.0,0.0,0.0,0.0,16,0.0,0.0,0.0,0.0,0
1012,1774286323.3671954,17,0.0,0.0,0.0,0.0,0.0,5.992770195007324,0.0,0.0,0.0,0.0,17,0.0,0.0,0.0,0.0,0
1013,1774286323.4671495,16,0.0,0.0,0.0,0.0,0.0,5.992770195007324,0.0,0.0,0.0,0.0,16,0.0,0.0,0.0,0.0,0
1014,1774286323.5666804,17,0.0,0.0,0.0,0.0,0.0,5.992770195007324,0.0,0.0,0.0,0.0,17,0.0,0.0,0.0,0.0,0
1015,1774286323.6667213,17,0.0,0.0,0.0,0.0,0.0,5.992770195007324,0.0,0.0,0.0,0.0,17,0.0,0.0,0.0,0.0,0
1016,1774286323.766716,17,0.0,0.0,0.0,0.0,0.0,5.992770195007324,0.0,0.0,0.0,0.0,17,0.0,0.0,0.0,0.0,0
1017,1774286323.8666599,17,0.0,0.0,0.0,0.0,0.0,5.992770195007324,0.0,0.0,0.0,0.0,17,0.0,0.0,0.0,0.0,0
1018,1774286323.9672828,16,0.0,0.0,0.0,0.0,0.0,5.992770195007324,0.0,0.0,0.0,0.0,16,0.0,0.0,0.0,0.0,0
1019,1774286324.067288,16,0.0,0.0,0.0,0.0,0.0,5.992770195007324,0.0,0.0,0.0,0.0,16,0.0,0.0,0.0,0.0,0
1020,1774286324.16671,17,0.0,0.0,0.0,0.0,0.0,5.992770195007324,0.0,0.0,0.0,0.0,17,0.0,0.0,0.0,0.0,0
1021,1774286324.266766,18,0.0,0.0,0.0,0.0,0.0,5.992770195007324,0.0,0.0,0.0,0.0,18,0.0,0.0,0.0,0.0,0
1022,1774286324.3667321,16,0.0,0.0,0.0,0.0,0.0,5.992770195007324,0.0,0.0,0.0,0.0,16,0.0,0.0,0.0,0.0,0
1023,1774286324.467384,16,0.0,0.0,0.0,0.0,0.0,5.992770195007324,0.0,0.0,0.0,0.0,16,0.0,0.0,0.0,0.0,0
1024,1774286324.5669296,18,0.0,0.0,0.0,0.0,0.0,5.992770195007324,0.0,0.0,0.0,0.0,18,0.0,0.0,0.0,0.0,0
1025,1774286324.6671627,17,0.0,0.0,0.0,0.0,0.0,5.992770195007324,0.0,0.0,0.0,0.0,17,0.0,0.0,0.0,0.0,0
1026,1774286324.7672226,17,0.0,0.0,0.0,0.0,0.0,5.992770195007324,0.0,0.0,0.0,0.0,17,0.0,0.0,0.0,0.0,0
1027,1774286324.8671625,16,0.0,0.0,0.0,0.0,0.0,5.992770195007324,0.0,0.0,0.0,0.0,16,0.0,0.0,0.0,0.0,0
1028,1774286324.9669545,16,0.0,0.0,0.0,0.0,0.0,5.992770195007324,0.0,0.0,0.0,0.0,16,0.0,0.0,0.0,0.0,0
1029,1774286325.0669026,17,0.0,0.0,0.0,0.0,0.0,5.992770195007324,0.0,0.0,0.0,0.0,17,0.0,0.0,0.0,0.0,0
1030,1774286325.1673586,18,0.0,0.0,0.0,0.0,0.0,5.992770195007324,0.0,0.0,0.0,0.0,18,0.0,0.0,0.0,0.0,0
1031,1774286325.2671916,17,0.0,0.0,0.0,0.0,0.0,5.992770195007324,0.0,0.0,0.0,0.0,17,0.0,0.0,0.0,0.0,0
1032,1774286325.3673697,17,0.0,0.0,0.0,0.0,0.0,5.992770195007324,0.0,0.0,0.0,0.0,17,0.0,0.0,0.0,0.0,0
1033,1774286325.4671319,16,0.0,0.0,0.0,0.0,0.0,5.992770195007324,0.0,0.0,0.0,0.0,16,0.0,0.0,0.0,0.0,0
1034,1774286325.567276,17,0.0,0.0,0.0,0.0,0.0,5.992770195007324,0.0,0.0,0.0,0.0,17,0.0,0.0,0.0,0.0,0
1035,1774286325.6672106,17,0.0,0.0,0.0,0.0,0.0,5.992770195007324,0.0,0.0,0.0,0.0,17,0.0,0.0,0.0,0.0,0
1036,1774286325.7673655,17,0.0,0.0,0.0,0.0,0.0,5.992770195007324,0.0,0.0,0.0,0.0,17,0.0,0.0,0.0,0.0,0
1037,1774286325.867217,18,0.0,0.0,0.0,0.0,0.0,5.992770195007324,0.0,0.0,0.0,0.0,18,0.0,0.0,0.0,0.0,0
1038,1774286325.9668312,16,0.0,0.0,0.0,0.0,0.0,5.992770195007324,0.0,0.0,0.0,0.0,16,0.0,0.0,0.0,0.0,0
1039,1774286326.0668852,17,0.0,0.0,0.0,0.0,0.0,5.992770195007324,0.0,0.0,0.0,0.0,17,0.0,0.0,0.0,0.0,0
1040,1774286326.16677,17,0.0,0.0,0.0,0.0,0.0,5.992770195007324,0.0,0.0,0.0,0.0,17,0.0,0.0,0.0,0.0,0
1041,1774286326.2673151,17,0.0,0.0,0.0,0.0,0.0,5.992770195007324,0.0,0.0,0.0,0.0,17,0.0,0.0,0.0,0.0,0
1042,1774286326.3674116,17,0.0,0.0,0.0,0.0,0.0,5.992770195007324,0.0,0.0,0.0,0.0,17,0.0,0.0,0.0,0.0,0
1043,1774286326.4667816,17,0.0,0.0,0.0,0.0,0.0,5.992770195007324,0.0,0.0,0.0,0.0,17,0.0,0.0,0.0,0.0,0
1044,1774286326.5672154,18,0.0,0.0,0.0,0.0,0.0,6.043910980224609,0.0,0.0,0.0,0.0,18,0.0,0.0,0.0,0.0,0
1045,1774286326.6667423,16,0.0,0.0,0.0,0.0,0.0,6.043910980224609,0.0,0.0,0.0,0.0,16,0.0,0.0,0.0,0.0,0
1046,1774286326.7667007,20,0.0,0.0,0.0,0.0,0.0,6.043910980224609,0.0,0.0,0.0,0.0,20,0.0,0.0,0.0,0.0,0
1047,1774286326.867181,20,-0.06324648857116699,-1.2649297714233398,0.0,0.07600224801507238,1.2649297714233398,6.043910980224609,0.20928994082840235,0.0,0.0,0.0,20,-0.06324648857116699,-0.0332836561721468,0.0,0.013784252610775854,0
1048,1774286326.9666648,19,0.0,0.0,0.0,0.0,0.0,6.043910980224609,0.0,0.020350817002748187,0.3866655230522156,0.08634120423197839,19,0.0,0.0,0.0,0.013784252610775854,0
1049,1774286327.066696,19,0.0,0.0,0.0,0.0,0.0,6.043910980224609,0.0,0.0,0.0,0.0,19,0.0,0.0,0.0,0.013784252610775854,0
1050,1774286327.1718981,21,0.0,0.0,0.0,0.0,0.0,6.043910980224609,0.0,0.018412643954867407,0.1933327615261078,0.056751580113533366,21,0.0,0.0,0.0,0.013784252610775854,0
1051,1774286327.2717025,21,0.0,0.0,0.0,0.0,0.0,6.043910980224609,0.0,0.0,0.0,0.0,21,0.0,0.0,0.0,0.013784252610775854,0
1052,1774286327.371657,19,0.0,0.0,0.0,0.0,0.0,6.043910980224609,0.0,0.0,0.0,0.0,19,0.0,0.0,0.0,0.013784252610775854,0
1053,1774286327.4717052,21,0.0,0.0,0.0,0.0,0.0,6.043910980224609,0.0,0.0,0.0,0.0,21,0.0,0.0,0.0,0.013784252610775854,0
1054,1774286327.5719275,22,-0.1128641041842374,-1.2649297714233398,0.0,0.12743294313992004,1.2649297714233398,6.043910980224609,0.20928994082840235,0.008787852796641264,0.1933327615261078,0.04027100063673795,22,-0.1128641041842374,-0.05925505261338878,0.0,0.027556920442839906,0
1055,1774286327.6718266,20,0.0,0.0,0.0,0.0,0.0,6.043910980224609,0.0,0.038666552305221556,0.3866655230522156,0.11599965691566468,20,0.0,0.0,0.0,0.027556920442839906,0
1056,1774286327.7713466,19,0.0,0.0,0.0,0.0,0.0,6.043910980224609,0.0,0.061052451008244565,0.3866655230522156,0.14099459609718576,19,0.0,0.0,0.0,0.027556920442839906,0
1057,1774286327.8716528,19,-0.0665752511275442,-1.2649297714233398,0.0,0.07978075312852036,1.2649297714233398,6.043910980224609,0.20928994082840235,0.020350817002748187,0.1933327615261078,0.05933231748191226,19,-0.0665752511275442,-0.034950910851171836,0.0,0.030187636087916678,0
1058,1774286327.9718347,18,0.0,0.0,0.0,0.0,0.0,6.043910980224609,0.0,0.010740708973672655,0.1933327615261078,0.04428507759247181,18,0.0,0.0,0.0,0.030187636087916678,0
1059,1774286328.0717971,22,0.0,0.0,0.0,0.0,0.0,6.043910980224609,0.0,0.043939263983206314,0.3866655230522156,0.1155861571389514,22,0.0,0.0,0.0,0.030187636087916678,0
1060,1774286328.1720624,21,0.0,0.0,0.0,0.0,0.0,6.043910980224609,0.0,0.018412643954867407,0.1933327615261078,0.056751580113533366,21,0.0,0.0,0.0,0.030187636087916678,0
1061,1774286328.281938,21,0.0,0.0,0.0,0.0,0.0,6.043910980224609,0.0,0.018412643954867407,0.1933327615261078,0.056751580113533366,21,0.0,0.0,0.0,0.030187636087916678,0
1062,1774286328.3816922,21,0.0,0.0,0.0,0.0,0.0,6.043910980224609,0.0,0.05523793186460223,0.3866655230522156,0.13530474751489924,21,0.0,0.0,0.0,0.030187636087916678,0
1063,1774286328.481373,24,-0.05075335502624512,-1.2180805206298828,0.0,0.05924577006766185,1.2180805206298828,6.043910980224609,0.20153846153846153,0.016111063460508983,0.1933327615261078,0.05343435247211316,24,-0.05075335502624512,-0.02651472076122253,0.0,0.031177927501828386,0
1064,1774286328.5819035,20,0.0,0.0,0.0,0.0,0.0,6.043910980224609,0.0,0.02899991422891617,0.5799982845783234,0.12640769549519285,20,0.0,0.0,0.0,0.031177927501828386,0
1065,1774286328.6817806,22,0.0,0.0,0.0,0.0,0.0,6.043910980224609,0.0,0.008787852796641264,0.1933327615261078,0.04027100063673795,22,0.0,0.0,0.006553652933088399,0.031177927501828386,0
1066,1774286328.781366,22,0.0,0.0,0.0,0.0,0.0,6.043910980224609,0.0,0.017575705593282528,0.1933327615261078,0.05557926115933376,22,0.06324648857116699,0.03304094798219482,0.006666646949176131,0.031177927501828386,0
1067,1774286328.881533,20,0.0,0.0,0.0,0.0,0.0,6.043910980224609,0.0,0.038666552305221556,0.3866655230522156,0.0985807523638404,20,0.0,0.0,0.013107305866176798,0.02923785126149639,0
1068,1774286328.9816844,21,-0.06692750113351005,-1.405477523803711,0.0,0.08958580815951979,1.405477523803711,6.043910980224609,0.23254437869822486,0.0,0.0,0.0,21,-0.06692750113351005,-0.03494929630792433,0.006338779066429764,0.03147359411249174,0
1069,1774286329.0810974,20,-0.1358628273010254,-1.405477523803711,0.0,0.16634785581004508,1.405477523803711,6.043910980224609,0.23254437869822486,0.05799982845783234,0.3866655230522156,0.13806720793312413,20,-0.1358628273010254,-0.07116220487072418,0.006338779066429764,0.0408110008327376,0
1070,1774286329.1815474,24,0.0,0.0,0.0,0.0,0.0,6.043910980224609,0.0,0.06444425384203593,0.3866655230522156,0.1441017323500443,24,0.0,0.0,0.0,0.0408110008327376,0
1071,1774286329.281589,18,-0.07027387619018555,-1.2649297714233398,0.0,0.08395310047148996,1.2649297714233398,6.043910980224609,0.20928994082840235,0.02148141794734531,0.1933327615261078,0.06075862520028111,18,-0.07027387619018555,-0.03679391264532191,0.003118270347195287,0.041808798669976575,0
1072,1774286329.3821366,18,-0.13794501622517905,-1.2649297714233398,0.0,0.15229158813036114,1.2649297714233398,6.043910980224609,0.20928994082840235,0.0966663807630539,0.5799982845783234,0.2161525985250665,18,-0.13794501622517905,-0.07220621337430046,0.015343869962389506,0.048007666429869505,0
1073,1774286329.4821,17,-0.08267514845904182,-1.405477523803711,0.0,0.10936288276359368,1.405477523803711,6.043910980224609,0.23254437869822486,0.06823509230333216,0.3866655230522156,0.1474046465832739,17,0.030188955725195574,0.015804308939865865,0.0348632848653637,0.048624579895152904,0
1074,1774286329.5816236,21,-0.058003834315708706,-1.2180805206298828,0.0,0.06728889590648375,1.2180805206298828,6.043910980224609,0.20153846153846153,0.06444425384203593,0.5799982845783234,0.1615702949816924,21,-0.058003834315708706,-0.0303717283758778,0.039999881695056784,0.045680335438359615,0
1075,1774286329.6821148,19,0.0,0.0,0.0,0.0,0.0,6.043910980224609,0.0,0.050877042506870473,0.3866655230522156,0.12294992872220821,19,0.0,0.0,0.03107133667383875,0.045680335438359615,0
1076,1774286329.7816207,20,-0.05621910095214844,-1.1243820190429688,0.0,0.06005115892548929,1.1243820190429688,5.992770195007324,0.18762308289073223,0.0966663807630539,0.5799982845783234,0.19810712888050344,20,0.010356150175395762,0.0054221592829226195,0.026214611732353597,0.045263266842293697,0
1077,1774286329.8816013,22,-0.15332482077858664,-1.1712312698364258,0.0,0.1490867029169073,1.1712312698364258,5.992770195007324,0.19544071134451274,0.12302993915297768,0.7733310461044312,0.26422079124284265,22,-0.15332482077858664,-0.08028458285644736,0.025355116265719055,0.051664222824869696,0
1078,1774286329.9816804,20,-0.06090402603149414,-1.2180805206298828,0.0,0.0704767073500534,1.2180805206298828,6.043910980224609,0.20153846153846153,0.038666552305221556,0.3866655230522156,0.0985807523638404,20,-0.06090402603149414,-0.031888873672997795,0.027187419589608908,0.05097173495478773,0
1079,1774286330.0820332,18,0.0,0.0,0.0,0.0,0.0,6.043910980224609,0.0,0.11814779871039921,0.5799982845783234,0.22452963364635592,18,0.0,0.0,0.030687739924779012,0.05097173495478773,0
1080,1774286330.181713,19,-0.0665752511275442,-1.2649297714233398,0.0,0.07978075312852036,1.2649297714233398,5.992770195007324,0.21107596825207375,0.12210490201648913,0.5799982845783234,0.23645512600007543,19,-0.0665752511275442,-0.03504375525433404,0.02929284265547088,0.050180535238266544,0
1081,1774286330.282298,18,0.0,0.0,0.0,0.0,0.0,5.992770195007324,0.0,0.10740708973672655,0.7733310461044312,0.24303450080112446,18,0.0,0.0,0.032717851950572086,0.050180535238266544,0
1082,1774286330.3822656,20,-0.05856156349182129,-1.1712312698364258,0.0,0.0651596776535257,1.1712312698364258,5.992770195007324,0.19544071134451274,0.12566629499197007,0.7733310461044312,0.25410574405847164,20,-0.007808208465576172,-0.004107653894977763,0.017575705593282528,0.049050001892940766,0
1083,1774286330.4816036,19,0.0,0.0,0.0,0.0,0.0,5.992770195007324,0.0,0.10175408501374095,0.9666638076305389,0.2537739536312545,19,0.0,0.0,0.018124946393072605,0.050238766871261234,0
1084,1774286330.5815585,19,0.0,0.0,0.0,0.0,0.0,5.992770195007324,0.0,0.061052451008244565,0.3866655230522156,0.1262734987166934,19,0.0,0.0,0.02114577079191804,0.050238766871261234,0
1085,1774286330.6816187,20,0.0,0.0,0.0,0.0,0.0,5.992770195007324,0.0,0.11599965691566468,0.7733310461044312,0.27613441586624826,20,0.0,0.0,0.018412643954867407,0.050238766871261234,0
1086,1774286330.781735,15,-0.07183551788330078,-1.0775327682495117,0.0,0.07224478281386837,1.0775327682495117,5.992770195007324,0.17980545443695173,0.15466620922088622,0.7733310461044312,0.30933241844177245,15,-0.07183551788330078,-0.037804147414844995,0.031693895332148815,0.04928296565446915,0
1087,1774286330.8819473,16,0.0,0.0,0.0,0.0,0.0,5.992770195007324,0.0,0.15708286873996258,0.9666638076305389,0.32936684413958345,16,0.06692750113351005,0.035220128491632134,0.041640902482546295,0.04928296565446915,0
1088,1774286330.9820886,19,0.0,0.0,0.0,0.0,0.0,5.992770195007324,0.0,0.15263112752061142,0.9666638076305389,0.3524864902429644,19,0.1358628273010254,0.07146946666608138,0.04989232555512459,0.050345604359609025,0
1089,1774286331.0822067,18,-0.07808208465576172,-1.405477523803711,0.0,0.10364580305122217,1.405477523803711,5.992770195007324,0.2345288536134153,0.12888850768407187,0.5799982845783234,0.2411283184231887,18,-0.07808208465576172,-0.04108157823005006,0.06122204114993413,0.04672608660547613,0
1090,1774286331.1821914,17,0.0,0.0,0.0,0.0,0.0,5.992770195007324,0.0,0.07960760768722086,0.5799982845783234,0.1882486257239587,17,0.07027387619018555,0.03697452890875025,0.0620123952064874,0.04672608660547613,0
1091,1774286331.2810917,18,0.0,0.0,0.0,0.0,0.0,5.992770195007324,0.0,0.0966663807630539,0.5799982845783234,0.2161525985250665,18,0.13794501622517905,0.07264258946191753,0.07595215631382805,0.04731094059756029,0
1092,1774286331.371831,16,0.0,0.0,0.0,0.0,0.0,5.992770195007324,0.0,0.03624989278614521,0.5799982845783234,0.14039523106254476,16,0.08267514845904182,0.04374969321408936,0.061052451008244565,0.042517435007504115,0
1093,1774286331.4720595,17,0.0,0.0,0.0,0.0,0.0,5.992770195007324,0.0,0.10235263845499824,0.5799982845783234,0.22110696987491085,17,0.058003834315708706,0.03068278235217885,0.07088867922623952,0.041623743758845276,0
1094,1774286331.5722692,15,0.0,0.0,0.0,0.0,0.0,5.992770195007324,0.0,0.11599965691566468,0.9666638076305389,0.2978412348644231,15,0.0,0.0,0.09191229646323157,0.041604459625051465,0
1095,1774286331.6717167,15,0.0,0.0,0.0,0.0,0.0,5.992770195007324,0.0,0.0902219553788503,0.9666638076305389,0.25322573924126357,15,0.05621910095214844,0.029744046050544443,0.08731156972146803,0.04160445962505147,0
1096,1774286331.7810504,19,0.0,0.0,0.0,0.0,0.0,5.992770195007324,0.0,0.14245571901923731,0.7733310461044312,0.28636137838491815,19,0.15332482077858664,0.08072067841610875,0.0934441680709521,0.04145284657819081,0
1097,1774286331.8810403,20,0.0,0.0,0.0,0.0,0.0,5.992770195007324,0.0,0.08699974268674851,0.5799982845783234,0.20710081189968624,20,0.06090402603149414,0.032065552558698036,0.09157867651236684,0.02931277107709954,0
1098,1774286331.981395,20,0.0,0.0,0.0,0.0,0.0,5.992770195007324,0.0,0.08699974268674851,0.5799982845783234,0.20710081189968624,20,0.0,0.0,0.11599965691566468,0.027691269143121297,0
1099,1774286332.0762196,18,0.0,0.0,0.0,0.0,0.0,5.992770195007324,0.0,0.06444425384203593,0.5799982845783234,0.18227587560084332,18,0.0665752511275442,0.03514121103707049,0.11871309918269776,0.027691269143121297,0
1100,1774286332.1813655,19,0.0,0.0,0.0,0.0,0.0,5.992770195007324,0.0,0.11192949351511504,0.7733310461044312,0.2610145998134054,19,0.0,0.0,0.11192949351511504,0.025013428552391154,0
1101,1774286332.2812426,20,0.0,0.0,0.0,0.0,0.0,5.992770195007324,0.0,0.11599965691566468,0.7733310461044312,0.27613441586624826,20,0.05856156349182129,0.03083847893887258,0.0966663807630539,0.025013428552391154,0
1102,1774286332.3815055,20,0.0,0.0,0.0,0.0,0.0,5.992770195007324,0.0,0.1836661234498024,0.9666638076305389,0.369235206863845,20,0.0,0.0,0.09333305728846583,0.02250931939908285,0
1103,1774286332.4810445,18,-0.07808208465576172,-1.405477523803711,0.0,0.10364580305122217,1.405477523803711,5.992770195007324,0.2345288536134153,0.12888850768407187,0.7733310461044312,0.2882034647000886,18,-0.07808208465576172,-0.04110695313757135,0.10740708973672655,0.02716134445300363,0
1104,1774286332.5723617,17,0.0,0.0,0.0,0.0,0.0,5.992770195007324,0.0,0.25019533844555125,1.1599965691566467,0.45829967095626284,17,0.0,0.0,0.14026102306796054,0.02716134445300363,0
1105,1774286332.6811707,18,-0.03383557001749674,-0.6090402603149414,0.0,0.01946237857295172,0.6090402603149414,5.992770195007324,0.10162916989914662,0.08592567178938124,0.3866655230522156,0.1607522122821258,18,0.03799994786580404,0.020005913700391956,0.15466620922088622,0.027450798003316696,0
1106,1774286332.781095,18,0.0,0.0,0.0,0.0,0.0,5.992770195007324,0.0,0.0966663807630539,0.5799982845783234,0.2161525985250665,18,0.0,0.0,0.14591151813291153,0.024014031980836976,0
1107,1774286332.8723779,17,0.0,0.0,0.0,0.0,0.0,5.992770195007324,0.0,0.11372515383888693,0.7733310461044312,0.24863970467916668,17,0.0,0.0,0.12172803503495676,0.024014031980836976,0
1108,1774286332.9719748,17,-0.06889595704920151,-0.6090402603149414,0.0,0.03566445121234972,0.6090402603149414,5.992770195007324,0.10162916989914662,0.1819602461422191,0.7733310461044312,0.32803349878090976,17,0.009186127606560207,0.004860981350945238,0.10213806269303807,0.02714200941746503,0
1109,1774286333.0720634,17,0.0,0.0,0.0,0.0,0.0,5.992770195007324,0.0,0.13647018460666432,0.7733310461044312,0.2948092931665478,17,0.0,0.0,0.07202593076462839,0.02275261801542611,0
1110,1774286333.172346,17,-0.23424625396728516,-1.546025276184082,0.5153417587280273,0.35763181592622406,2.0613670349121094,5.992770195007324,0.34397565196634244,0.14784269999055302,0.9666638076305389,0.3216633098838411,17,-0.23424625396728516,-0.12385761051754707,0.07960760768722086,0.05396567591196754,0
1111,1774286333.2713263,18,0.0,0.0,0.0,0.0,0.0,6.043910980224609,0.0,0.10740708973672655,0.5799982845783234,0.2060425227146685,18,0.0,0.0,0.08458308316767216,0.05396567591196754,0
1112,1774286333.3714051,19,0.0,0.0,0.0,0.0,0.0,5.992770195007324,0.0,0.10175408501374095,0.5799982845783234,0.20197609175076997,19,0.0,0.0,0.10283657527984456,0.053965675911967534,0
1113,1774286333.4718254,20,0.0,0.0,0.0,0.0,0.0,5.992770195007324,0.0,0.0966663807630539,0.7733310461044312,0.20732628917049448,20,0.0,0.0,0.11836699685271905,0.05396567591196754,0
1114,1774286333.5717351,18,0.05726019541422526,0.0,0.5621910095214844,0.02647371230876969,0.5621910095214844,5.992770195007324,0.09381154144536612,0.0966663807630539,0.5799982845783234,0.2161525985250665,18,0.05726019541422526,0.030136652255030948,0.10740708973672655,0.056452332951987684,0
1115,1774286333.6712914,17,0.0,0.0,0.0,0.0,0.0,5.992770195007324,0.0,0.10235263845499824,0.5799982845783234,0.22110696987491085,17,0.0,0.0,0.10485844692941439,0.056452332951987684,0
1116,1774286333.7713594,20,-0.07027387619018555,-1.405477523803711,0.0,0.09382993582107702,1.405477523803711,5.992770195007324,0.2345288536134153,0.10633301883935928,0.7733310461044312,0.25557245606108603,20,-0.07027387619018555,-0.0371756683075252,0.07999976339011357,0.05740836948238131,0
1117,1774286333.8713284,19,0.0,0.0,0.0,0.0,0.0,5.860805511474609,0.0,0.11192949351511504,0.7733310461044312,0.2610145998134054,19,0.0,0.0,0.08818687367857549,0.05740836948238131,0
1118,1774286333.9713292,21,0.0,0.0,0.0,0.0,0.0,5.860805511474609,0.0,0.08285689779690333,0.5799982845783234,0.20295712127234886,21,0.0,0.0,0.09836228217994958,0.05740836948238131,0
1119,1774286334.071339,17,0.0,0.0,0.0,0.0,0.0,5.860805511474609,0.0,0.056862576919443464,0.5799982845783234,0.14474848944772847,17,0.0,0.0,0.1376267115948564,0.05740836948238131,0
1120,1774286334.171307,19,0.0,0.0,0.0,0.0,0.0,5.992770195007324,0.0,0.07122785950961866,0.5799982845783234,0.1797335492026708,19,0.0,0.0,0.1433329094072868,0.05740836948238131,0
1121,1774286334.2713711,20,0.02810955047607422,0.0,0.5621910095214844,0.015012789731372322,0.5621910095214844,5.860805511474609,0.09592384671711009,0.12566629499197007,0.5799982845783234,0.2309901776260546,20,0.02810955047607422,0.014873835434825036,0.1863024792887948,0.05825304829588998,0
1122,1774286334.3714163,24,0.06441771984100342,0.0,0.5621910095214844,0.029230402764923724,0.5621910095214844,6.043910980224609,0.09301775147928994,0.03222212692101797,0.3866655230522156,0.09113793780042166,24,0.14249980449676514,0.07538189288307906,0.15320709403955712,0.06098646984262941,0
1123,1774286334.471734,21,-0.16731875283377512,-1.8271207809448242,0.5621910095214844,0.3653010637384685,2.3893117904663086,6.043910980224609,0.39532544378698226,0.05523793186460223,0.5799982845783234,0.17025474034060006,21,-0.16731875283377512,-0.08809160235531392,0.14226373017958874,0.06815177212123666,0
1124,1774286334.5717087,23,-0.02648001131804093,-1.546025276184082,1.405477523803711,0.3022838547487982,2.951502799987793,5.992770195007324,0.4925105925881721,0.05043463344159334,0.3866655230522156,0.11707885953199446,23,0.007355558699455811,0.0038907225287679002,0.09849027473971529,0.06798330184588887,0
1125,1774286334.6719422,21,-0.14277866908482142,-1.452326774597168,0.9369850158691406,0.36068241762891096,2.3893117904663086,5.992770195007324,0.398699051142806,0.036825287909734813,0.1933327615261078,0.07591727587280882,21,-0.14277866908482142,-0.07551042126673199,0.13012782025795716,0.07285803343306348,0
1126,1774286334.7714317,25,0.0693368911743164,-1.2649297714233398,1.405477523803711,0.17560925457473786,2.670407295227051,5.992770195007324,0.44560482186548905,0.030933241844177246,0.3866655230522156,0.10489972681751426,25,0.0693368911743164,0.0365112830058822,0.14405186152925678,0.07570250312690356,0
1127,1774286334.8718293,27,0.022557046678331163,-0.3279447555541992,0.9369850158691406,0.03599076048436631,1.2649297714233398,6.0138702392578125,0.21033539486203615,0.04296283589469062,0.3866655230522156,0.1215172504005622,27,0.09145300372753268,0.04813684811163729,0.15542437691314548,0.07622598467523073,0
1128,1774286334.9718537,26,0.03783977948702299,0.0,0.5153417587280273,0.017224395637593464,0.5153417587280273,5.992770195007324,0.08599391299158561,0.06692287898980655,0.5799982845783234,0.1853010611973019,26,0.03783977948702299,0.019917871854383266,0.13012782025795716,0.07659051795345068,0
1129,1774286335.0718348,26,0.13334017533522385,0.0,1.405477523803711,0.1002359174597145,1.405477523803711,5.992770195007324,0.2345288536134153,0.03717937721655919,0.7733310461044312,0.15184487342259145,26,0.367586429302509,0.19351861988888847,0.11814779871039921,0.08337686634882605,0
1130,1774286335.1714025,20,0.0,0.0,0.0,0.0,0.0,6.043910980224609,0.0,0.019333276152610778,0.3866655230522156,0.08427179699679521,20,0.0,0.0,0.10175408501374095,0.06586558721146486,0
1131,1774286335.2713375,21,0.06023475102015904,0.0,1.2649297714233398,0.07256450460921099,1.2649297714233398,6.043910980224609,0.20928994082840235,0.0,0.0,0.0,21,0.06023475102015904,0.031703628777451066,0.09836228217994958,0.06714764484431676,0
1132,1774286335.371414,21,0.11154583522251674,0.0,1.405477523803711,0.12342933568644945,1.405477523803711,6.043910980224609,0.23254437869822486,0.0,0.0,0.0,21,0.11154583522251674,0.05872104944681723,0.09842395132238214,0.07115389683495021,0
1133,1774286335.4713137,20,0.08432865142822266,0.0,0.9369850158691406,0.0648798339852874,0.9369850158691406,6.043910980224609,0.15502958579881657,0.0,0.0,0.0,20,0.027068456013997398,0.01424971644905099,0.10193909244103865,0.07297739774224896,0
1134,1774286335.571675,18,0.09890397389729817,0.0,0.9369850158691406,0.0784998408991871,0.9369850158691406,6.043910980224609,0.15502958579881657,0.0,0.0,0.0,18,0.09890397389729817,0.05204421261455529,0.10702349298766681,0.07477934331523392,0
1135,1774286335.6713357,17,-0.03858173594755285,-0.6558895111083984,0.0,0.023816805579627065,0.6558895111083984,6.043910980224609,0.1085207100591716,0.0,0.0,0.0,17,0.0316921402426327,0.016680282284630078,0.09988859345515569,0.0756389771220507,0
1136,1774286335.771495,16,0.0,0.0,0.0,0.0,0.0,6.043910980224609,0.0,0.0,0.0,0.0,16,0.0,0.0,0.08479507084478412,0.07327217297629224,0
1137,1774286335.8671062,16,0.0,0.0,0.0,0.0,0.0,6.043910980224609,0.0,0.0,0.0,0.0,16,0.0,0.0,0.07122785950961866,0.07327217297629224,0
1138,1774286335.96665,17,-0.049605089075425095,-0.8432865142822266,0.0,0.03937063779489373,0.8432865142822266,6.043910980224609,0.1395266272189349,0.0,0.0,0.0,17,-0.049605089075425095,-0.026172531056238776,0.08630926853844098,0.0746250248933877,0
1139,1774286336.0667815,17,-0.049605089075425095,-0.8432865142822266,0.0,0.03937063779489373,0.8432865142822266,6.043910980224609,0.1395266272189349,0.0,0.0,0.0,17,-0.049605089075425095,-0.02617027599437948,0.07365057581946963,0.07587274888719187,0
1140,1774286336.1668515,18,-0.04684925079345703,-0.8432865142822266,0.0,0.03731248909843998,0.8432865142822266,5.992770195007324,0.14071731216804917,0.0,0.0,0.0,18,-0.07495880126953125,-0.03954607048030489,0.06841005407846891,0.07691728687746596,0
1141,1774286336.2667596,17,0.0,0.0,0.0,0.0,0.0,5.992770195007324,0.0,0.0,0.0,0.0,17,-0.06441771984100342,-0.03398736245613956,0.04549006153555477,0.0768206057175413,0
1142,1774286336.3672616,16,0.0,0.0,0.0,0.0,0.0,5.992770195007324,0.0,0.0,0.0,0.0,16,0.16731875283377512,0.08827028038216782,0.047589602837195766,0.07573306859852938,0
1143,1774286336.467223,17,0.0,0.0,0.0,0.0,0.0,5.992770195007324,0.0,0.0,0.0,0.0,17,0.02648001131804093,0.013969829728693439,0.03922693712123926,0.06468918708773988,0
1144,1774286336.5660167,16,0.0,0.0,0.0,0.0,0.0,5.992770195007324,0.0,0.0,0.0,0.0,16,0.14277866908482142,0.07538176223139223,0.037077515909116565,0.06413189526724397,0
1145,1774286336.666272,16,0.0,0.0,0.0,0.0,0.0,5.992770195007324,0.0,0.0,0.0,0.0,16,-0.0693368911743164,-0.03659247344082493,0.04709387780764164,0.053246058750364235,0
1146,1774286336.7660947,16,0.0,0.0,0.0,0.0,0.0,5.992770195007324,0.0,0.0,0.0,0.0,16,-0.022557046678331163,-0.011908070812115746,0.048945002918001974,0.052278222110174334,0
1147,1774286336.8661702,17,0.0,0.0,0.0,0.0,0.0,5.992770195007324,0.0,0.0,0.0,0.0,17,-0.03783977948702299,-0.019975426908976253,0.04296283589469062,0.05241531801248396,0
1148,1774286336.9661067,17,0.0,0.0,0.0,0.0,0.0,5.992770195007324,0.0,0.0,0.0,0.0,17,-0.13334017533522385,-0.07039125629934213,0.020198945234070963,0.05231457499196301,0
1149,1774286337.0664768,16,0.0,0.0,0.0,0.0,0.0,5.992770195007324,0.0,0.0,0.0,0.0,16,0.0,0.0,0.006236540694390574,0.04478694940989617,0
1150,1774286337.1665494,16,0.0,0.0,0.0,0.0,0.0,5.992770195007324,0.0,0.0,0.0,0.0,16,-0.06023475102015904,-0.03178259375977481,0.0,0.04478694940989617,0
1151,1774286337.2661645,16,0.0,0.0,0.0,0.0,0.0,5.992770195007324,0.0,0.0,0.0,0.0,16,-0.11154583522251674,-0.05887098571780899,0.0,0.043205330711697375,0
1152,1774286337.3664823,18,0.0,0.0,0.0,0.0,0.0,5.992770195007324,0.0,0.0,0.0,0.0,18,-0.08432865142822266,-0.0444966500451068,0.0,0.035705707301628455,0
1153,1774286337.4665036,18,0.0,0.0,0.0,0.0,0.0,5.992770195007324,0.0,0.0,0.0,0.0,18,-0.09890397389729817,-0.05219679294012476,0.0,0.03001598335028538,0
1154,1774286337.5660303,18,0.0,0.0,0.0,0.0,0.0,5.992770195007324,0.0,0.0,0.0,0.0,18,0.03858173594755285,0.02036303720140365,0.0,0.01857432957654931,0
1155,1774286337.666042,17,0.0,0.0,0.0,0.0,0.0,5.992770195007324,0.0,0.0,0.0,0.0,17,0.0,0.0,0.0,0.017391828807076463,0
1156,1774286337.7665243,17,0.0,0.0,0.0,0.0,0.0,5.992770195007324,0.0,0.0,0.0,0.0,17,0.0,0.0,0.0,0.017391828807076463,0
1157,1774286337.8662853,18,0.07808208465576172,0.0,1.405477523803711,0.10364580305122217,1.405477523803711,5.992770195007324,0.2345288536134153,0.0,0.0,0.0,18,0.12768717373118682,0.06721667718370739,0.0,0.025477389977814954,0
1158,1774286337.9661894,19,-0.044383500751696135,-0.8432865142822266,0.0,0.03545811250156461,0.8432865142822266,5.992770195007324,0.14071731216804917,0.010175408501374094,0.1933327615261078,0.04317060211598919,19,0.0052215883237289595,0.00274906112781157,0.0,0.025025297200951143,0
1159,1774286338.0664,18,0.0,0.0,0.0,0.0,0.0,5.992770195007324,0.0,0.0,0.0,0.0,18,0.04684925079345703,0.024663360814049053,0.0,0.022641678803803175,0
1160,1774286338.1661625,18,0.04684925079345703,-0.5621910095214844,1.405477523803711,0.12510658109476935,1.9676685333251953,5.992770195007324,0.32834039505878143,0.0,0.0,0.0,18,0.04684925079345703,0.02466525235816758,0.0,0.022290313702761806,0
1161,1774286338.2666073,17,0.08267514845904182,0.0,1.405477523803711,0.10936288276359368,1.405477523803711,5.992770195007324,0.2345288536134153,0.0,0.0,0.0,17,0.08267514845904182,0.04352822723574691,0.0,0.028075480801111656,0
1162,1774286338.3663232,18,0.03904104232788086,-0.7027387619018555,1.405477523803711,0.13565406575821726,2.1082162857055664,6.043910980224609,0.3488165680473373,0.02148141794734531,0.3866655230522156,0.08857015518494361,18,0.03904104232788086,0.020557651564189337,0.0,0.028788370691641238,0
1163,1774286338.466131,17,0.0,0.0,0.0,0.0,0.0,5.992770195007324,0.0,0.022745030767777386,0.3866655230522156,0.09098012307110956,17,0.0,0.0,0.0,0.028788370691641238,0
1164,1774286338.5671217,20,0.07027387619018555,0.0,1.405477523803711,0.09382993582107702,1.405477523803711,6.043910980224609,0.23254437869822486,0.08699974268674851,0.5799982845783234,0.20710081189968624,20,0.07027387619018555,0.03696971506164379,0.0,0.031500408587968,0
1165,1774286338.6671438,23,0.04684925079345703,-0.3279447555541992,1.405477523803711,0.08836666216152282,1.7334222793579102,6.043910980224609,0.2868047337278106,0.15130390032478,1.1599965691566467,0.35123657859598345,23,0.04684925079345703,0.024643892616338613,0.0,0.03213549817449829,0
1166,1774286338.766672,27,0.05031956566704644,-0.3279447555541992,1.405477523803711,0.089245283777613,1.7334222793579102,6.043910980224609,0.2868047337278106,0.057283781192920824,0.5799982845783234,0.16484645988350644,27,0.05031956566704644,0.026476990220087003,0.0,0.032750662843486815,0
1167,1774286338.866701,28,0.07863981383187431,-0.6558895111083984,1.405477523803711,0.14032217069936279,2.0613670349121094,6.043910980224609,0.34106508875739644,0.08285689779690333,0.5799982845783234,0.20295712127234883,28,0.07863981383187431,0.04137643501478181,0.0,0.034942639345531115,0
1168,1774286338.9667916,30,0.059342384338378906,-1.6865730285644531,1.6865730285644531,0.26527472641646455,3.3731460571289062,6.043910980224609,0.5581065088757396,0.06444425384203593,0.7733310461044312,0.20174242529006212,30,0.059342384338378906,0.031227659802436435,0.0,0.03542923109310751,0
1169,1774286339.067123,26,0.12433070402878982,-0.3279447555541992,1.405477523803711,0.1311748931488056,1.7334222793579102,6.043910980224609,0.2868047337278106,0.1784610106394841,1.1599965691566467,0.3863794219970956,26,0.12433070402878982,0.06541746717443314,0.0,0.040913136059137475,0
1170,1774286339.1667259,27,0.1509586970011393,0.0,1.0306835174560547,0.09874125655389637,1.0306835174560547,6.043910980224609,0.17053254437869822,0.10740708973672655,0.9666638076305389,0.30379312600140546,27,0.1509586970011393,0.07942847957791133,0.0,0.04774196790961669,0
1171,1774286339.2457922,31,0.1375252200711158,-0.4216432571411133,1.0306835174560547,0.11992892223536043,1.452326774597168,6.043910980224609,0.2402958579881657,0.1184942731934209,0.9666638076305389,0.3093223593416139,31,0.1375252200711158,0.07317857507623142,0.0,0.05137387969836455,0
1172,1774286339.3668692,28,0.14556731496538436,-0.4684925079345703,1.405477523803711,0.16827294284513297,1.8739700317382812,6.043910980224609,0.31005917159763313,0.06904741483075279,0.7733310461044312,0.18058242213598977,28,0.14556731496538436,0.07659963727559203,0.0,0.05455104879675606,0
1173,1774286339.4665582,20,0.04216432571411133,-0.5153417587280273,1.0306835174560547,0.06999383984407359,1.546025276184082,6.043910980224609,0.2557988165680473,0.21266603767871856,0.9666638076305389,0.37138010736529364,20,0.04216432571411133,0.022185585654299775,0.0,0.053249535902169166,0
1174,1774286339.5670435,21,-0.035694667271205356,-0.5153417587280273,1.0306835174560547,0.09780779455282682,1.546025276184082,5.992770195007324,0.2579817389747568,0.15650747361637296,0.9666638076305389,0.3247105130021362,21,-0.035694667271205356,-0.01877677011102267,0.0,0.05562215110814765,0
1175,1774286339.666656,19,0.08136975137810958,0.0,1.546025276184082,0.1191786559080366,1.546025276184082,5.992770195007324,0.2579817389747568,0.22385898703023008,1.1599965691566467,0.44025548520595786,19,0.08136975137810958,0.042823216556170725,0.0035802363245575515,0.0545156963747719,0
1176,1774286339.7667143,19,0.05178075087697882,-0.5621910095214844,1.546025276184082,0.13975311624845063,2.1082162857055664,6.043910980224609,0.3488165680473373,0.1628065360219855,0.9666638076305389,0.3507196295415547,19,-0.026301333778782895,-0.013839682321713414,0.003515141118656505,0.05292039913669458,0
1177,1774286339.866713,20,0.021082162857055664,0.0,0.4216432571411133,0.008444694223896931,0.4216432571411133,6.043910980224609,0.06976331360946746,0.05799982845783234,0.3866655230522156,0.12379336912176456,20,0.0654656636087518,0.03444611866622268,0.003515141118656505,0.053417692918109265,0
1178,1774286339.966804,21,-0.08700575147356306,-0.6090402603149414,0.3279447555541992,0.05336327972702061,0.9369850158691406,6.043910980224609,0.15502958579881657,0.05523793186460223,0.5799982845783234,0.1353047475148992,21,-0.08700575147356306,-0.04578276648132995,0.0,0.05808366859150485,0
1179,1774286340.0666804,19,-0.11342450192100123,-0.6090402603149414,0.0,0.04882178384560422,0.6090402603149414,6.043910980224609,0.10076923076923076,0.13228031051786324,0.7733310461044312,0.2590236126959352,19,-0.16027375271445826,-0.0843316178696536,0.007295575906645577,0.06791231244337982,0
1180,1774286340.1671407,22,-0.08305094458840111,-0.6090402603149414,0.3279447555541992,0.051266126550542544,0.9369850158691406,6.043910980224609,0.15502958579881657,0.10545423355969516,0.5799982845783234,0.22370221096467136,22,-0.16572609304744293,-0.08719977757691226,0.014871750886623677,0.073822427838869,0
1181,1774286340.266599,20,0.07027387619018555,0.0,1.405477523803711,0.09382993582107702,1.405477523803711,6.043910980224609,0.23254437869822486,0.1933327615261078,0.9666638076305389,0.3866655230522156,20,0.031232833862304688,0.016435948606419757,0.04569683454253457,0.07353926756051864,0
1182,1774286340.3666744,22,0.0,0.0,0.0,0.0,0.0,6.043910980224609,0.0,0.21090846711939032,1.1599965691566467,0.4474044219293427,22,0.0,0.0,0.0934441680709521,0.07412148525674109,0
1183,1774286340.467146,24,-0.007808208465576172,-0.7027387619018555,0.5153417587280273,0.031581485870901815,1.2180805206298828,6.043910980224609,0.20153846153846153,0.10472191249330838,0.7733310461044312,0.23664624110158428,24,-0.07808208465576172,-0.041095311131659464,0.0966663807630539,0.0743543181756902,0
1184,1774286340.5665836,19,-0.04931500083521793,-0.7027387619018555,0.4216432571411133,0.055558338827040026,1.1243820190429688,6.043910980224609,0.18603550295857987,0.08140326801099275,0.3866655230522156,0.15763675066671695,19,-0.09616425162867495,-0.050627690878120864,0.09418775561528328,0.07647177886583341,0
1185,1774286340.6665568,22,-0.010647556998512962,-0.7495880126953125,1.6865730285644531,0.18714743711758872,2.4361610412597656,6.043910980224609,0.40307692307692305,0.14939349754290146,0.9666638076305389,0.31891552466640555,22,-0.060967122665559405,-0.03208990260822462,0.06823509230333216,0.07702081447227577,0
1186,1774286340.7669601,20,0.03279447555541992,-0.7495880126953125,2.1082162857055664,0.2739395155515467,2.857804298400879,6.043910980224609,0.4728402366863905,0.1933327615261078,0.7733310461044312,0.3348621657308162,20,-0.045845338276454387,-0.024125833421383823,0.1058727027404876,0.07689927349777508,0
1187,1774286340.8666103,22,-0.004259022799405185,-0.7495880126953125,2.1082162857055664,0.2755355903769098,2.857804298400879,6.043910980224609,0.4728402366863905,0.166969203136184,0.9666638076305389,0.35598939797203216,22,-0.06360140713778409,-0.033477620004529925,0.11413620861179857,0.0764224578711337,0
1188,1774286340.9668324,18,0.0,0.0,0.0,0.0,0.0,6.043910980224609,0.0,0.15036992563141716,0.9666638076305389,0.2921788726966375,18,-0.12433070402878982,-0.06544722045266162,0.13349166867278872,0.07623370689955704,0
1189,1774286341.066591,20,0.10541081428527832,-0.7964372634887695,2.2487640380859375,0.5484661540933189,3.045201301574707,6.043910980224609,0.5038461538461538,0.13533293306827546,0.7733310461044312,0.28083205763115066,20,-0.04554788271586099,-0.023974271387120695,0.09891443612963655,0.07508324042476733,0
1190,1774286341.167044,17,-0.090942663304946,-0.7964372634887695,0.0,0.06209381454688485,0.7964372634887695,6.043910980224609,0.13177514792899409,0.09098012307110954,0.7733310461044312,0.2109287380086792,17,-0.22846788337606183,-0.11891616002004261,0.12480975744090503,0.07284797043120521,0
1191,1774286341.267176,20,0.3373146057128906,0.0,2.3893117904663086,0.6467351786909603,2.3893117904663086,6.043910980224609,0.39532544378698226,0.11599965691566468,0.7733310461044312,0.27613441586624826,20,0.19174729074750627,0.10090333869790122,0.1372942799243374,0.09871591321759625,0
1192,1774286341.3666246,21,0.41495050702776226,0.0,2.3893117904663086,0.7364849288794121,2.3893117904663086,5.992770195007324,0.398699051142806,0.11047586372920445,0.7733310461044312,0.2706094950297985,21,0.37278618131365093,0.1961963992810264,0.19655497421820958,0.128712062401123,0
1193,1774286341.4670415,16,0.0,0.0,0.0,0.0,0.0,5.992770195007324,0.0,0.18124946393072605,0.9666638076305389,0.3773008464860556,16,0.035694667271205356,0.018786687258644623,0.18022545565993098,0.12890214128127828,0
1194,1774286341.567008,19,-0.044383500751696135,-0.8432865142822266,0.0,0.03545811250156461,0.8432865142822266,5.992770195007324,0.14071731216804917,0.23403439553160416,1.3533293306827545,0.4922205961938373,19,-0.1257532521298057,-0.06617366259042891,0.1466662328818749,0.1291427709686996,0
1195,1774286341.6671066,17,-0.10196601643281825,-0.8901357650756836,0.0,0.07804256828324228,0.8901357650756836,5.992770195007324,0.14853494062182968,0.11372515383888693,0.7733310461044312,0.2573306479070729,17,-0.15374676730979708,-0.08090264720651194,0.0902219553788503,0.13173747617170553,0
1196,1774286341.7665884,19,-0.14301350242213198,-0.9369850158691406,0.0,0.10915894236164113,0.9369850158691406,6.043910980224609,0.15502958579881657,0.1628065360219855,0.7733310461044312,0.3152735013334339,19,-0.16409566527918765,-0.08637180368119311,0.08055531730254491,0.13630044704776131,0
1197,1774286341.8715637,18,-0.002602736155192057,-0.9369850158691406,0.8901357650756836,0.17180138635176767,1.8271207809448242,6.043910980224609,0.30230769230769233,0.12888850768407187,0.5799982845783234,0.2411283184231887,18,0.084403015318371,0.04431163560161283,0.0966663807630539,0.13632189422297758,0
1198,1774286341.9712963,19,0.0665752511275442,-0.9838342666625977,2.2487640380859375,0.312666134002994,3.232598304748535,5.992770195007324,0.5394163633108552,0.13228031051786324,0.7733310461044312,0.2590236126959352,19,0.17999975304854543,0.09450711559618623,0.14262252899466968,0.13489655226542493,0
1199,1774286342.0714114,19,-0.03698625062641345,-0.7027387619018555,0.0,0.024623689237197634,0.7027387619018555,5.992770195007324,0.11726442680670765,0.15263112752061142,0.7733310461044312,0.29805437247207,19,0.04606469396198766,0.024190203208370092,0.16916616633534431,0.1321512319793017,0
