frame_idx,t,numPts,centroid_z,centroid_z_min,centroid_z_max,z_variance,bbox_height,bbox_width,aspect_ratio,doppler_mean,doppler_max,doppler_std,point_count,delta_z,delta_z_rate,doppler_post,window_z_std,label
0,1774286441.5502315,21,-0.09146758488246373,-1.639723777770996,3.279447555541992,1.2651705987434756,4.919171333312988,6.19053840637207,0.7946273830155979,0.07365057581946963,0.3866655230522156,0.15183455174561764,21,nan,nan,nan,nan,0
1,1774286441.6501458,19,-0.35260225597180817,-1.639723777770996,0.0,0.37644452908897,1.639723777770996,5.992770195007324,0.27361699588231786,0.061052451008244565,0.3866655230522156,0.14099459609718576,19,-0.2611346710893444,-2.6135862311845046,0.06766646653413773,0.13056733554467223,0
2,1774286441.7503266,20,-0.22956132888793945,-1.639723777770996,0.0,0.2995753904144749,1.639723777770996,5.992770195007324,0.27361699588231786,0.02899991422891617,0.1933327615261078,0.06903360396656207,20,-0.13809374400547572,-0.690140293660061,0.05477761576573054,0.1066668064145167,0
3,1774286441.8501983,20,-0.0819861888885498,-1.639723777770996,0.0,0.12771296820091038,1.639723777770996,5.992770195007324,0.27361699588231786,0.0,0.0,0.0,20,0.009481395993913927,0.0316081500032247,0.05477761576573054,0.11110289231594381,0
4,1774286441.950103,21,-0.08031300136021205,-1.639723777770996,0.7027387619018555,0.17185544198601205,2.3424625396728516,5.992770195007324,0.3908814226890255,0.027618965932301114,0.3866655230522156,0.09020316500993282,21,0.011154583522251682,0.027895414087618534,0.05477761576573054,0.10845190060710114,0
5,1774286442.0502825,17,-0.09645433986888212,-1.639723777770996,0.0,0.14885503487266916,1.639723777770996,5.992770195007324,0.27361699588231786,0.03411754615166608,0.1933327615261078,0.07370232329163695,17,-0.0049867549864183874,-0.009972492348285702,0.05477761576573054,0.10245179517011355,0
6,1774286442.150214,18,0.0,0.0,0.0,0.0,0.0,5.992770195007324,0.0,0.0,0.0,0.0,18,0.09146758488246373,0.15245042125534108,0.05477761576573054,0.10933358043870318,0
7,1774286442.2506235,19,-0.15534225263093648,-1.499176025390625,0.0,0.2051730906169066,1.499176025390625,5.860805511474609,0.2557969245789602,0.0,0.0,0.0,19,-0.06387466774847275,-0.09119845320134047,0.05477761576573054,0.10253408080519051,0
8,1774286442.3506145,19,0.0,0.0,0.0,0.0,0.0,5.860805511474609,0.0,0.0,0.0,0.0,19,0.09146758488246373,0.11427975667412078,0.05477761576573054,0.1056927095322391,0
9,1774286442.450465,18,-0.1639723777770996,-1.499176025390625,0.0,0.15662709884622927,1.499176025390625,5.860805511474609,0.2557969245789602,0.03222212692101797,0.3866655230522156,0.09666638076305391,18,-0.07250479289463588,-0.08053998470203762,0.05477761576573054,0.10109968424478531,0
10,1774286442.5506637,20,-0.2951502799987793,-1.499176025390625,0.0,0.3485644937484267,1.499176025390625,5.860805511474609,0.2557969245789602,0.0,0.0,0.0,20,-0.20368269511631557,-0.20359469072410108,0.05477761576573054,0.10807325570922839,0
11,1774286442.6506305,19,-0.23178050392552427,-1.499176025390625,0.0,0.2865954230279068,1.499176025390625,5.860805511474609,0.2557969245789602,0.030526225504122283,0.1933327615261078,0.07049729804859288,19,-0.14031291904306054,-0.12751094542323993,0.05477761576573054,0.10649545467894828,0
12,1774286442.7506392,18,-0.24725993474324545,-1.499176025390625,0.0,0.3057686674720925,1.499176025390625,5.860805511474609,0.2557969245789602,0.0,0.0,0.0,18,-0.15579234986078172,-0.12978285979105264,0.05477761576573054,0.10566635090430791,0
13,1774286442.8506541,19,-0.11835600200452302,-1.499176025390625,0.7027387619018555,0.2412878348314631,2.2019147872924805,5.860805511474609,0.3757017329753478,0.010175408501374094,0.1933327615261078,0.04317060211598919,19,-0.02688841712205929,-0.020676675187431756,0.05477761576573054,0.10227918349853339,0
14,1774286442.950376,18,-0.08068482081095378,-1.452326774597168,0.0,0.1106706852580272,1.452326774597168,5.860805511474609,0.24780327068586772,0.02148141794734531,0.1933327615261078,0.06075862520028111,18,0.010782764071509951,0.007701179041389018,0.05477761576573054,0.10045130580787029,0
15,1774286443.0506449,17,-0.47400418449850645,-1.499176025390625,0.0,0.4371325559796476,1.499176025390625,6.043910980224609,0.24804733727810652,0.022745030767777386,0.1933327615261078,0.062289832113303606,17,-0.3825365996160427,-0.25495413135722367,0.05477761576573054,0.12519795477361867,0
16,1774286443.150529,17,-0.21495538599350872,-1.499176025390625,0.0,0.23525171225590813,1.499176025390625,5.860805511474609,0.2557969245789602,0.0,0.0,0.0,17,-0.12348780111104499,-0.077165530090916,0.05477761576573054,0.12194685253234766,0
17,1774286443.2507143,17,-0.3940848743214327,-1.546025276184082,0.0,0.39508860327275486,1.546025276184082,5.860805511474609,0.26379057847205273,0.0,0.0,0.0,17,-0.30261728943896893,-0.17795962498195195,0.05477761576573054,0.12902174411604386,0
18,1774286443.350639,19,-0.19479425329911082,-1.499176025390625,0.0,0.21769773254990085,1.499176025390625,5.860805511474609,0.2557969245789602,0.0,0.0,0.0,19,-0.10332666841664709,-0.05739070733589777,0.05477761576573054,0.1256046412215495,0
19,1774286443.4505517,16,-0.27523934841156006,-1.499176025390625,0.7495880126953125,0.3947647628788076,2.2487640380859375,5.860805511474609,0.38369538686844035,0.0,0.0,0.0,16,-0.18377176352909633,-0.09670567869492382,0.05477761576573054,0.12401627620565753,0
20,1774286443.5506647,17,-0.47951586106244254,-1.546025276184082,0.0,0.44452973985546285,1.546025276184082,5.860805511474609,0.26379057847205273,0.0,0.0,0.0,17,-0.12691360509063437,-0.06677839693056764,0.0294914381988978,0.13693717887399126,0
21,1774286443.6504335,18,-0.5361636479695638,-1.592874526977539,0.0,0.4785319952639434,1.592874526977539,5.860805511474609,0.2717842323651452,0.0,0.0,0.0,18,-0.3066023190816244,-0.16136056238189012,0.01901633719928929,0.15166104652146528,0
22,1774286443.7505744,15,-0.44662952423095703,-1.499176025390625,0.0,0.42371379777250695,1.499176025390625,5.860805511474609,0.2557969245789602,0.0,0.0,0.0,15,-0.3646433353424072,-0.1918795647338301,0.019999940847528392,0.1596916831057658,0
23,1774286443.8503175,18,-0.3773967425028483,-1.546025276184082,0.0,0.392505978731429,1.546025276184082,5.811095237731934,0.26604714136254537,0.0,0.0,0.0,18,-0.29708374114263625,-0.15634221900359604,0.020714224449225833,0.15913313959506742,0
24,1774286443.9501207,17,-0.3086538875804228,-1.499176025390625,0.0,0.33053412386368913,1.499176025390625,5.811095237731934,0.2579851067758016,0.0,0.0,0.0,17,-0.21219954771154065,-0.11169348352364802,0.010740708973672655,0.1551862795186883,0
25,1774286444.0501149,17,-0.2673163133509019,-1.546025276184082,0.7495880126953125,0.5197319110447062,2.2956132888793945,5.811095237731934,0.3950396947504462,0.0,0.0,0.0,17,-0.2673163133509019,-0.1407001341429122,0.0,0.1508930541771739,0
26,1774286444.150349,15,-0.2498626708984375,-1.499176025390625,0.7027387619018555,0.4107788015517144,2.2019147872924805,5.811095237731934,0.37891562557695857,0.0,0.0,0.0,15,-0.09452041826750102,-0.049754778463455385,0.010357112224612917,0.13842395216443995,0
27,1774286444.2501545,18,-0.24725993474324545,-1.499176025390625,0.0,0.3057686674720925,1.499176025390625,5.811095237731934,0.2579851067758016,0.0,0.0,0.0,18,-0.24725993474324545,-0.13016832579246101,0.010175408501374094,0.1358584365949139,0
28,1774286444.3504364,16,-0.36600977182388306,-1.499176025390625,0.0,0.34520053965314546,1.499176025390625,5.811095237731934,0.2579851067758016,0.0,0.0,0.0,16,-0.20203739404678345,-0.10633706643871835,0.020350817002748187,0.12069322019160625,0
29,1774286444.4505281,15,-0.05309581756591797,-1.499176025390625,1.499176025390625,0.47960936967683665,2.99835205078125,5.811095237731934,0.5159702135516032,0.0,0.0,0.0,15,0.24205446243286133,0.12740617590849293,0.010175408501374094,0.1290034559265474,0
30,1774286444.5503316,16,-0.13761967420578003,-1.499176025390625,0.7964372634887695,0.30164643932684143,2.2956132888793945,5.811095237731934,0.3950396947504462,0.0,0.0,0.0,16,0.09416082971974424,0.04956612848426292,0.013809482966150557,0.13336178639710305,0
31,1774286444.6501276,15,-0.3997802734375,-1.499176025390625,0.0,0.3602094045618287,1.499176025390625,5.811095237731934,0.2579851067758016,0.0,0.0,0.0,15,-0.15252033869425455,-0.08029548101057792,0.010545423355969516,0.13502348772161837,0
32,1774286444.7505605,16,-0.42457133531570435,-1.546025276184082,0.0,0.42154024620932873,1.546025276184082,5.811095237731934,0.26604714136254537,0.0,0.0,0.0,16,-0.30621533331118134,-0.1611739051020226,0.017901181622787758,0.13749905139067964,0
33,1774286444.850494,15,-0.35605430603027344,-1.592874526977539,0.7027387619018555,0.5155854375971103,2.2956132888793945,5.860805511474609,0.3916890407615328,0.0,0.0,0.0,15,-0.27536948521931964,-0.14492231717106216,0.014871750886623677,0.13121528577399935,0
34,1774286444.9505417,14,-0.4852243832179478,-1.592874526977539,0.0,0.4576602992089267,1.592874526977539,5.860805511474609,0.2717842323651452,0.0,0.0,0.0,14,-0.011220198719441354,-0.005905688332321808,0.007581676922592462,0.12467935809349254,0
35,1774286445.0505068,14,-0.4316823823111398,-1.592874526977539,0.0,0.4666188800248787,1.592874526977539,5.860805511474609,0.2717842323651452,0.0,0.0,0.0,14,-0.2167269963176311,-0.1140681656128684,0.0,0.12263458039957506,0
36,1774286445.150567,16,-0.4187151789665222,-1.499176025390625,0.0,0.4089198454848564,1.499176025390625,5.860805511474609,0.2557969245789602,0.0,0.0,0.0,16,-0.02463030464508953,-0.01296432295096198,0.0,0.1209149606500707,0
37,1774286445.2501612,15,-0.652766227722168,-1.546025276184082,0.0,0.5157805355793244,1.546025276184082,5.659818649291992,0.2731580942752433,0.0,0.0,0.0,15,-0.45797197442305715,-0.24109852819946628,0.0,0.1383248742368241,0
38,1774286445.3503551,15,-0.49660205841064453,-1.499176025390625,0.0,0.4140369378546893,1.499176025390625,5.811095237731934,0.2579851067758016,0.0,0.0,0.0,15,-0.22136270999908447,-0.1165187460947074,0.0,0.13642841070088776,0
39,1774286445.4504442,15,-0.39353370666503906,-1.499176025390625,0.0,0.4260354637608543,1.499176025390625,5.860805511474609,0.2557969245789602,0.0,0.0,0.0,15,0.08598215439740348,0.04525901651436607,0.0,0.13472353583726726,0
40,1774286445.5506184,18,-0.3721912701924642,-1.499176025390625,0.0,0.38080009979858515,1.499176025390625,5.811095237731934,0.2579851067758016,0.0,0.0,0.0,18,0.16397237777709966,0.08629285517743959,0.0,0.13263151881791274,0
41,1774286445.6500108,16,-0.5241259932518005,-2.3893117904663086,0.0,0.5696241873187624,2.3893117904663086,6.043910980224609,0.39532544378698226,0.0,0.0,0.0,16,-0.0774964690208435,-0.04079971617261304,0.0,0.13190622593367207,0
42,1774286445.7502177,14,-0.47853163310459684,-1.499176025390625,0.0,0.43871290078318825,1.499176025390625,5.811095237731934,0.2579851067758016,0.0,0.0,0.0,14,-0.10113489060174852,-0.05323168591125371,0.0,0.1330060504871402,0
43,1774286445.850208,15,-0.44662952423095703,-1.499176025390625,0.0,0.35347852417544345,1.499176025390625,5.811095237731934,0.2579851067758016,0.0,0.0,0.0,15,-0.13797563665053425,-0.07261541748259152,0.0,0.13399740534363297,0
44,1774286445.9503589,11,-0.5366368727250532,-1.499176025390625,0.0,0.5041630150714831,1.499176025390625,5.811095237731934,0.2579851067758016,0.0,0.0,0.0,11,-0.26932055937415134,-0.1417294619627837,0.0,0.1374770543528784,0
45,1774286446.0500457,13,-0.3423599096444937,-1.499176025390625,0.7495880126953125,0.6342733527983335,2.2487640380859375,5.811095237731934,0.3869776601637024,0.0,0.0,0.0,13,-0.0924972387460562,-0.04869052652748897,0.0,0.13516642021339298,0
46,1774286446.1502638,12,-0.5582869052886963,-1.499176025390625,0.0,0.46730539349226774,1.499176025390625,5.811095237731934,0.2579851067758016,0.0,0.0,0.0,12,-0.3110269705454508,-0.1636889898944778,0.0,0.13581535384924745,0
47,1774286446.250349,12,-0.5582869052886963,-1.499176025390625,0.0,0.46730539349226774,1.499176025390625,5.811095237731934,0.2579851067758016,0.0,0.0,0.0,12,-0.19227713346481323,-0.10120314686846005,0.0,0.13453996563187806,0
48,1774286446.350477,12,-0.49191713333129883,-1.499176025390625,0.0,0.48414783648809134,1.499176025390625,5.811095237731934,0.2579851067758016,0.0,0.0,0.0,12,-0.43882131576538086,-0.23096480683873172,0.0,0.13473543968166418,0
49,1774286446.4500325,12,-0.49191713333129883,-1.499176025390625,0.0,0.48414783648809134,1.499176025390625,5.811095237731934,0.2579851067758016,0.0,0.0,0.0,12,-0.3542974591255188,-0.1865017081615874,0.0,0.10417239351939062,0
50,1774286446.5501044,17,-0.3940848743214327,-1.499176025390625,0.0,0.3945721674374823,1.499176025390625,5.811095237731934,0.2579851067758016,0.0,0.0,0.0,17,0.005695399116067312,0.002997615194491408,0.0,0.07725280072562503,0
51,1774286446.650522,15,-0.25298595428466797,-1.499176025390625,0.7495880126953125,0.6159633494462469,2.2487640380859375,5.811095237731934,0.3869776601637024,0.0,0.0,0.0,15,0.17158538103103638,0.09030992659570516,0.0,0.08896686674528408,0
52,1774286446.7505507,15,-0.20613670349121094,-1.499176025390625,0.7027387619018555,0.4593972187194595,2.2019147872924805,5.811095237731934,0.37891562557695857,0.0,0.0,0.0,15,0.1499176025390625,0.07890164097344146,0.0,0.10418219353721447,0
53,1774286446.8500156,15,-0.25298595428466797,-1.499176025390625,0.6558895111083984,0.4049648816817353,2.1550655364990234,5.811095237731934,0.3708535909902148,0.0,0.0,0.0,15,0.23223842893327984,0.12226460613808829,0.0,0.11076748301058696,0
54,1774286446.9502163,15,-0.3498077392578125,-1.499176025390625,0.6558895111083984,0.4872181909831852,2.1550655364990234,5.811095237731934,0.3708535909902148,0.0,0.0,0.0,15,0.08187464305332731,0.04309850776806745,0.0,0.1118852606700703,0
55,1774286447.0503087,15,-0.3498077392578125,-1.499176025390625,0.6558895111083984,0.4872181909831852,2.1550655364990234,5.811095237731934,0.3708535909902148,0.0,0.0,0.0,15,0.06890743970870972,0.036272005576239434,0.0,0.11332914601260834,0
56,1774286447.1506112,18,-0.2863009770711263,-1.499176025390625,0.0,0.31237354707829784,1.499176025390625,5.811095237731934,0.2579851067758016,0.0,0.0,0.0,18,0.3664652506510417,0.19283077815406935,0.0,0.11749375820779648,0
57,1774286447.2506166,17,-0.34723562352797566,-1.499176025390625,0.0,0.3919899882611198,1.499176025390625,5.811095237731934,0.2579851067758016,0.0,0.0,0.0,17,0.14936643488266887,0.07860309887641474,0.0,0.10574484934115258,0
58,1774286447.3503265,15,-0.24673938751220703,-1.499176025390625,0.7495880126953125,0.41686585859679326,2.2487640380859375,5.811095237731934,0.3869776601637024,0.0,0.0,0.0,15,0.14679431915283203,0.0772649536611064,0.0,0.10907155407523764,0
59,1774286447.449964,16,-0.32501667737960815,-1.499176025390625,0.0,0.34225120687514377,1.499176025390625,5.811095237731934,0.2579851067758016,0.0,0.0,0.0,16,0.04717459281285602,0.02483728706854539,0.0,0.11010432995961632,0
60,1774286447.5507736,16,-0.3689378499984741,-1.499176025390625,0.0,0.40848258975323404,1.499176025390625,5.860805511474609,0.2557969245789602,0.0,0.0,0.0,16,0.15518814325332642,0.08164519189195393,0.0,0.11013380561398418,0
61,1774286447.6505477,17,-0.34723562352797566,-1.499176025390625,0.0,0.3919899882611198,1.499176025390625,6.043910980224609,0.24804733727810652,0.0,0.0,0.0,17,0.1312960095766212,0.06909116046663467,0.0,0.1060702724905397,0
62,1774286447.7504683,14,-0.4216432571411133,-1.499176025390625,0.0,0.4446143658956966,1.499176025390625,6.043910980224609,0.24804733727810652,0.0,0.0,0.0,14,0.02498626708984375,0.013148866117316743,0.0,0.10417846631307243,0
63,1774286447.8499608,12,-0.6207525730133057,-1.546025276184082,0.0,0.539979391867007,1.546025276184082,5.811095237731934,0.26604714136254537,0.0,0.0,0.0,12,-0.08411570028825244,-0.04428069832899049,0.0,0.1160830636691941,0
64,1774286447.9500313,13,-0.45407735384427583,-1.499176025390625,0.0,0.464087882159295,1.499176025390625,5.860805511474609,0.2557969245789602,0.0,0.0,0.0,13,-0.11171744419978213,-0.058799101967874606,0.0,0.11210438366638655,0
65,1774286448.0506642,14,-0.3245983804975237,-1.499176025390625,0.7027387619018555,0.44695479513386405,2.2019147872924805,5.860805511474609,0.3757017329753478,0.0,0.0,0.0,14,0.23368852479117258,0.12296804650813763,0.0,0.11249506417292492,0
66,1774286448.1407561,14,-0.3179056303841727,-1.499176025390625,0.0,0.37067247948603294,1.499176025390625,5.860805511474609,0.2557969245789602,0.0,0.0,0.0,14,0.2403812749045236,0.12715847118785117,0.0,0.10570125219964706,0
67,1774286448.245851,17,-0.31140972586239085,-1.546025276184082,0.7027387619018555,0.46116201160909265,2.2487640380859375,5.860805511474609,0.38369538686844035,0.0,0.0,0.0,17,0.18050740746890798,0.09523576971379323,0.0,0.09710696696162265,0
68,1774286448.3358767,19,-0.23424625396728516,-1.499176025390625,0.0,0.2927239856824982,1.499176025390625,5.860805511474609,0.2557969245789602,0.0,0.0,0.0,19,0.25767087936401367,0.136634232656081,0.0,0.09557596263537946,0
69,1774286448.44055,14,-0.4216432571411133,-1.499176025390625,0.0,0.4446143658956966,1.499176025390625,5.860805511474609,0.2557969245789602,0.0,0.0,0.0,14,-0.027558382819680594,-0.014577717141068851,0.0,0.09131396367516338,0
70,1774286448.5458379,13,-0.3423599096444937,-1.499176025390625,0.0,0.39081358230082003,1.499176025390625,5.860805511474609,0.2557969245789602,0.0,0.0,0.0,13,-0.08937395535982573,-0.04715517663388425,0.0,0.09052208746660693,0
71,1774286448.6359448,18,-0.16657511393229166,-1.499176025390625,0.0,0.22197814865244758,1.499176025390625,5.860805511474609,0.2557969245789602,0.0,0.0,0.0,18,0.03956158955891928,0.02098319371795722,0.0,0.0964000346341073,0
72,1774286448.7407615,17,-0.26180463678696575,-1.499176025390625,0.0,0.31994718924060234,1.499176025390625,5.860805511474609,0.2557969245789602,0.0,0.0,0.0,17,-0.008818682502297781,-0.00466412890483293,0.0,0.09340281561537686,0
73,1774286448.8459346,19,-0.2761640046772204,-1.499176025390625,0.0,0.30471359436786943,1.499176025390625,5.860805511474609,0.2557969245789602,0.0,0.0,0.0,19,0.07364373458059209,0.03884740321280494,0.0,0.09248562776824003,0
74,1774286448.935502,18,-0.16657511393229166,-1.499176025390625,0.0,0.22197814865244758,1.499176025390625,5.860805511474609,0.2557969245789602,0.0,0.0,0.0,18,0.18323262532552084,0.09719566723839101,0.0,0.09972499865105222,0
75,1774286449.040868,17,-0.26180463678696575,-1.499176025390625,0.0,0.31994718924060234,1.499176025390625,5.860805511474609,0.2557969245789602,0.0,0.0,0.0,17,0.024496340284160534,0.012959265230633666,0.0,0.10067114632479174,0
76,1774286449.1456494,17,-0.17637365004595587,-1.499176025390625,0.0,0.23330748322899983,1.499176025390625,5.860805511474609,0.2557969245789602,0.0,0.0,0.0,17,0.17086197348201979,0.09016306526535961,0.0,0.10552602394025647,0
77,1774286449.2358096,17,-0.2177112242754768,-1.499176025390625,0.7495880126953125,0.37414257336567214,2.2487640380859375,5.860805511474609,0.38369538686844035,0.0,0.0,0.0,17,0.029028163236730242,0.01539561100719392,0.0,0.10758899370430088,0
78,1774286449.340833,16,-0.3718659281730652,-1.499176025390625,0.0,0.414955689309604,1.499176025390625,5.860805511474609,0.2557969245789602,0.0,0.0,0.0,16,-0.04684925079345703,-0.024776572685070594,0.0,0.10718092274661047,0
79,1774286449.4453654,17,-0.34723562352797566,-1.499176025390625,0.0,0.3300176880284167,1.499176025390625,5.860805511474609,0.2557969245789602,0.0,0.0,0.0,17,0.021702226470498465,0.01145482967634753,0.0,0.10734804090068677,0
80,1774286449.5354364,18,-0.21082162857055664,-1.499176025390625,0.0,0.24051923119827734,1.499176025390625,5.860805511474609,0.2557969245789602,0.0,0.0,0.0,18,0.13641399495741902,0.07237244228233089,0.0,0.10929768141911443,0
81,1774286449.640923,16,-0.18739700317382812,-1.499176025390625,0.0,0.24582345758972224,1.499176025390625,5.860805511474609,0.2557969245789602,0.0,0.0,0.0,16,0.23424625396728516,0.12391000186401001,0.0,0.1122789498271115,0
82,1774286449.7459319,18,-0.16657511393229166,-1.499176025390625,0.0,0.22197814865244758,1.499176025390625,5.860805511474609,0.2557969245789602,0.0,0.0,0.0,18,0.45417745908101403,0.239548729783416,0.0,0.1127507473136441,0
83,1774286449.8354607,17,-0.3058980492984547,-1.499176025390625,0.7027387619018555,0.4480384656774614,2.2019147872924805,5.860805511474609,0.3757017329753478,0.0,0.0,0.0,17,0.14817930454582112,0.07859180828250198,0.0,0.08406742292868645,0
84,1774286449.9409702,18,-0.3279447555541992,-1.499176025390625,0.0,0.3180097110089264,1.499176025390625,5.811095237731934,0.2579851067758016,0.0,0.0,0.0,18,-0.00334637505667551,-0.0017702821997395124,0.0,0.0746914474894342,0
85,1774286450.0454051,15,-0.546574592590332,-1.499176025390625,0.0,0.3993655695921916,1.499176025390625,5.811095237731934,0.2579851067758016,0.0,0.0,0.0,15,-0.22866896220615934,-0.12005832040238239,0.0,0.09557554482585194,0
86,1774286450.1353564,16,-0.5124136805534363,-1.499176025390625,0.0,0.39190974016056757,1.499176025390625,5.811095237731934,0.2579851067758016,0.0,0.0,0.0,16,-0.20100395469104543,-0.10637913823524958,0.0,0.10793839987693761,0
87,1774286450.2408888,16,-0.5124136805534363,-1.499176025390625,0.0,0.39190974016056757,1.499176025390625,5.860805511474609,0.2557969245789602,0.0,0.0,0.0,16,-0.2781674265861511,-0.14601871667793045,0.0,0.11826539647546444,0
88,1774286450.34564,16,-0.46556442975997925,-1.499176025390625,0.0,0.4026096451226202,1.499176025390625,6.043910980224609,0.24804733727810652,0.0,0.0,0.0,16,-0.04392117261886597,-0.02305464621477985,0.0,0.1224364430689261,0
89,1774286450.435332,16,-0.3279447555541992,-1.499176025390625,0.0,0.3448661676230813,1.499176025390625,6.043910980224609,0.24804733727810652,0.0,0.0,0.0,16,0.01441515409029448,0.007629107428693887,0.0,0.11992931900341737,0
90,1774286450.54088,17,-0.3444797852460076,-1.499176025390625,0.0,0.32017502857969327,1.499176025390625,6.043910980224609,0.24804733727810652,0.0,0.0,0.0,17,-0.17790467131371593,-0.09339145953183059,0.0,0.11996092488050357,0
91,1774286450.6458683,16,-0.23717433214187622,-1.499176025390625,0.7495880126953125,0.5812157510276528,2.2487640380859375,6.043910980224609,0.37207100591715975,0.0,0.0,0.0,16,0.02463030464508953,0.012928569078645513,0.0,0.11675185732145532,0
92,1774286450.7505002,16,-0.272311270236969,-1.499176025390625,0.0,0.32160587742913194,1.499176025390625,6.043910980224609,0.24804733727810652,0.03624989278614521,0.1933327615261078,0.07546016929721112,16,0.003852734440251415,0.002022894089548947,0.0,0.11655171850802401,0
93,1774286450.8504946,16,-0.36600977182388306,-1.499176025390625,0.0,0.40226669945075955,1.499176025390625,6.043910980224609,0.24804733727810652,0.03624989278614521,0.1933327615261078,0.07546016929721112,16,-0.1994346578915914,-0.10414382850595051,0.0,0.11682423182919233,0
94,1774286450.950847,17,-0.47676002278047447,-1.499176025390625,0.0,0.4387729992211015,1.499176025390625,6.043910980224609,0.24804733727810652,0.0,0.0,0.0,17,-0.21495538599350872,-0.11254333215672058,0.0,0.11651296567668672,0
95,1774286451.0504546,16,-0.272311270236969,-1.499176025390625,0.0,0.32160587742913194,1.499176025390625,6.043910980224609,0.24804733727810652,0.04833319038152695,0.1933327615261078,0.08371554143270404,16,-0.09593762019101312,-0.05036610621734672,0.0,0.11621966806354914,0
96,1774286451.150399,13,-0.3243409670316256,-1.452326774597168,0.0,0.2800839331350354,1.452326774597168,5.860805511474609,0.24780327068586772,0.05948700354649471,0.1933327615261078,0.08923050531974205,13,-0.10662974275614884,-0.05569326899770323,0.0,0.11063432447098644,0
97,1774286451.2504284,14,-0.050195625850132534,-1.452326774597168,0.7495880126953125,0.18827577407325075,2.2019147872924805,5.860805511474609,0.3757017329753478,0.0966663807630539,0.3866655230522156,0.15925872670717142,14,0.32167030232293264,0.16844944601687784,0.0,0.12496465483630176,0
98,1774286451.3501685,12,-0.3084242343902588,-1.499176025390625,0.0,0.3206160981150674,1.499176025390625,5.860805511474609,0.2557969245789602,0.06444425384203593,0.3866655230522156,0.1441017323500443,12,0.03881138913771687,0.02037553929236337,0.0,0.1246998870349885,0
99,1774286451.449976,14,-0.36810125623430523,-1.499176025390625,0.0,0.3664955411805954,1.499176025390625,5.860805511474609,0.2557969245789602,0.11047586372920445,0.3866655230522156,0.17467767792933464,14,-0.1572796276637486,-0.08215010526296687,0.0,0.12494233601745473,0
100,1774286451.5501988,17,-0.38857319775749655,-1.499176025390625,0.0,0.3906229522265748,1.499176025390625,6.043910980224609,0.24804733727810652,0.07960760768722086,0.3866655230522156,0.14914914099305776,17,-0.20117619458366842,-0.10536780371120764,0.0,0.12250506397852727,0
101,1774286451.650642,20,-0.17568469047546387,-1.499176025390625,0.0,0.202776916857772,1.499176025390625,6.043910980224609,0.24804733727810652,0.038666552305221556,0.1933327615261078,0.07733310461044311,20,-0.00910957654317221,-0.004782657876005891,0.0,0.12324966551687278,0
102,1774286451.7504778,22,-0.03194267099553889,-0.7027387619018555,0.0,0.02142701883691407,0.7027387619018555,6.043910980224609,0.11627218934911243,0.05272711677984758,0.3866655230522156,0.11920423501990257,22,0.27395537830291583,0.1430563592871651,0.0,0.1354712462289958,0
103,1774286451.8504262,22,-0.021295113997025925,-0.6558895111083984,0.7495880126953125,0.05900706224464036,1.405477523803711,6.043910980224609,0.23254437869822486,0.02636355838992379,0.1933327615261078,0.06634683365617257,22,0.3066496415571733,0.1605952895521833,0.0,0.15135153297627532,0
104,1774286451.9503746,24,0.0,0.0,0.0,0.0,0.0,6.043910980224609,0.0,0.03222212692101797,0.1933327615261078,0.07205086617502215,24,0.546574592590332,0.2869203973306203,0.0,0.16625653355320044,0
105,1774286452.0505688,24,0.0,0.0,0.0,0.0,0.0,6.043910980224609,0.0,0.040277658651272454,0.3866655230522156,0.09633014885470996,24,0.5124136805534363,0.26754927154707037,0.0,0.16840812963608,0
106,1774286452.1501026,24,-0.11712312698364258,-1.452326774597168,0.0,0.11266908472862269,1.452326774597168,6.043910980224609,0.2402958579881657,0.03222212692101797,0.1933327615261078,0.07205086617502215,24,0.3952905535697937,0.2070436309593756,0.0,0.16220842494654106,0
107,1774286452.2506704,23,-0.054996946583623474,-0.6558895111083984,0.0,0.0318066875824131,0.6558895111083984,6.043910980224609,0.1085207100591716,0.0,0.0,0.0,23,0.4105674831763558,0.21551753924882977,0.0,0.15615848550121778,0
108,1774286452.3506207,21,-0.22755350385393416,-1.9676685333251953,0.0,0.3207171932110808,1.9676685333251953,6.043910980224609,0.3255621301775148,0.0,0.0,0.0,21,0.10039125170026506,0.05241572844587444,0.0,0.14653827771038955,0
109,1774286452.4501908,23,-0.02648001131804093,-1.405477523803711,1.405477523803711,0.18719725154491426,2.810955047607422,6.043910980224609,0.4650887573964497,0.0,0.0,0.0,23,0.31799977392796663,0.16655212497457816,0.011836699685271906,0.14994578772186284,0
110,1774286452.5500472,18,0.0,0.0,0.0,0.0,0.0,6.043910980224609,0.0,0.0,0.0,0.0,18,0.23717433214187622,0.124554650509816,0.024166595190763474,0.15248989932087775,0
111,1774286452.6500454,19,0.0665752511275442,0.0,0.6558895111083984,0.03773200380396262,0.6558895111083984,6.043910980224609,0.1085207100591716,0.0,0.0,0.0,19,0.3388865213645132,0.1784040320091152,0.023673399370543812,0.16149360859002607,0
112,1774286452.7501411,17,-0.1267685609705308,-1.499176025390625,0.0,0.14144266170758116,1.499176025390625,6.043910980224609,0.24804733727810652,0.0,0.0,0.0,17,0.23924121085335226,0.12593985684028552,0.027618965932301114,0.1600268640837324,0
113,1774286452.8500917,18,-0.16136964162190756,-1.499176025390625,0.0,0.2085651623752306,1.499176025390625,6.043910980224609,0.24804733727810652,0.0,0.0,0.0,18,0.3153903811585669,0.16606094359094473,0.033623088961062225,0.15314569924499108,0
114,1774286452.9501853,18,-0.16136964162190756,-1.499176025390625,0.0,0.2085651623752306,1.499176025390625,6.043910980224609,0.24804733727810652,0.0,0.0,0.0,18,0.11094162861506143,0.058398608626186316,0.06744166099747946,0.13407398006953786,0
115,1774286453.0501614,18,-0.28369824091593426,-1.499176025390625,0.7027387619018555,0.4159177365971168,2.2019147872924805,6.043910980224609,0.36431952662721895,0.0,0.0,0.0,18,0.04064272611569136,0.02139358389548992,0.07435875443311837,0.1346681212363002,0
116,1774286453.1502068,19,-0.08136975137810958,-1.499176025390625,0.7027387619018555,0.2642699447861809,2.2019147872924805,6.043910980224609,0.36431952662721895,0.0,0.0,0.0,19,-0.03117412552797704,-0.0164093486295226,0.0918330617249012,0.12811614791411413,0
117,1774286453.2499845,16,-0.272311270236969,-1.499176025390625,0.0,0.32160587742913194,1.499176025390625,5.860805511474609,0.2557969245789602,0.0,0.0,0.0,16,0.036112964153289795,0.019008663715177163,0.08542610393014065,0.1306723090890214,0
118,1774286453.34998,14,0.0,0.0,0.0,0.0,0.0,5.860805511474609,0.0,0.0,0.0,0.0,14,0.36810125623430523,0.19373708027329878,0.07202593076462839,0.1277001393646971,0
119,1774286453.4500241,16,-0.18446892499923706,-1.499176025390625,0.0,0.23827007916699117,1.499176025390625,5.860805511474609,0.2557969245789602,0.0,0.0,0.0,16,0.2041042727582595,0.10743317769615764,0.055706049931251396,0.11568302555084072,0
120,1774286453.550074,15,-0.29671192169189453,-1.499176025390625,0.0,0.35224940688749484,1.499176025390625,5.860805511474609,0.2557969245789602,0.0,0.0,0.0,15,-0.12102723121643066,-0.06371758483586125,0.039270717184990644,0.1060501115167023,0
121,1774286453.6500583,14,-0.10373762675694057,-1.452326774597168,0.0,0.13989943766711005,1.452326774597168,5.860805511474609,0.24780327068586772,0.0,0.0,0.0,14,-0.07179495576140169,-0.03779516402049825,0.036960674997638256,0.10490137459507115,0
122,1774286453.7499983,13,-0.22703867692213792,-1.499176025390625,0.0,0.28359050189820234,1.499176025390625,5.860805511474609,0.2557969245789602,0.0,0.0,0.0,13,-0.20574356292511198,-0.10831047647025992,0.033142759118761335,0.10677989863315457,0
123,1774286453.8500388,15,-0.25298595428466797,-1.499176025390625,0.6558895111083984,0.4049648816817353,2.1550655364990234,5.860805511474609,0.36770807908225533,0.0,0.0,0.0,15,-0.25298595428466797,-0.1331740415667171,0.03490730416443613,0.10864721413785962,0
124,1774286453.9500992,18,-0.13273954391479492,-1.499176025390625,0.6090402603149414,0.2527128550866564,2.1082162857055664,5.860805511474609,0.3597144251891628,0.0,0.0,0.0,18,-0.13273954391479492,-0.06988018889427765,0.02450696977091507,0.10475848830838834,0
125,1774286454.0502093,19,0.1257532521298057,-1.499176025390625,1.405477523803711,0.28788436676081686,2.904653549194336,5.860805511474609,0.49560654137173543,0.0,0.0,0.0,19,0.24287637911344828,0.12782249709629406,0.011372515383888693,0.11570674700145452,0
126,1774286454.1505532,18,0.13273954391479492,-1.499176025390625,1.405477523803711,0.3029505855067782,2.904653549194336,5.860805511474609,0.49560654137173543,0.0,0.0,0.0,18,0.1877364904984184,0.09881477486294206,0.0,0.1287374662038726,0
127,1774286454.2501335,17,0.019290867973776424,-1.499176025390625,1.405477523803711,0.45267119890564145,2.904653549194336,5.860805511474609,0.49560654137173543,0.0,0.0,0.0,17,0.24684437182771057,0.12995141491714007,0.0,0.13141359771565314,0
128,1774286454.3501718,18,0.13013680775960287,-1.499176025390625,2.1082162857055664,0.6915139591809648,3.6073923110961914,5.860805511474609,0.615511349768123,0.0,0.0,0.0,18,0.1566168190776438,0.08243072813568583,0.0,0.13831748654450707,0
129,1774286454.4506412,15,-0.15616416931152344,-1.499176025390625,0.6558895111083984,0.3039626562895137,2.1550655364990234,5.860805511474609,0.36770807908225533,0.0,0.0,0.0,15,-0.15616416931152344,-0.08216598054936802,0.0,0.13814168504444907,0
130,1774286454.5507314,17,0.060628442203297335,-1.499176025390625,0.6558895111083984,0.22278130576300398,2.1550655364990234,5.860805511474609,0.36770807908225533,0.0,0.0,0.0,17,-0.005946808924246864,-0.003128769741077341,0.0,0.14090342729318012,0
131,1774286454.6499777,15,-0.015616416931152344,-1.499176025390625,0.6558895111083984,0.2029994504937349,2.1550655364990234,5.860805511474609,0.36770807908225533,0.0,0.0,0.0,15,0.11115214403937845,0.05850616181241585,0.0,0.13727469302079662,0
132,1774286454.7500823,16,-0.10541081428527832,-1.499176025390625,0.6558895111083984,0.3112574917807365,2.1550655364990234,5.860805511474609,0.36770807908225533,0.0,0.0,0.0,16,0.05595882733662924,0.029452160739760484,0.0,0.1371405641786426,0
133,1774286454.8500662,18,0.06506840387980144,-1.499176025390625,1.405477523803711,0.2748781536215322,2.904653549194336,5.860805511474609,0.49560654137173543,0.0,0.0,0.0,18,0.22643804550170898,0.1191853906005488,0.0,0.14076726887978905,0
134,1774286454.9499943,16,0.029280781745910645,-1.499176025390625,0.7027387619018555,0.22054836157359148,2.2019147872924805,5.860805511474609,0.3757017329753478,0.0,0.0,0.0,16,0.3129790226618449,0.1647402843312049,0.0,0.1418593642676415,0
135,1774286455.0504684,15,-0.07495880126953125,-1.499176025390625,0.6558895111083984,0.359311953843644,2.1550655364990234,5.860805511474609,0.36770807908225533,0.0,0.0,0.0,15,0.0064109501085783255,0.003373719687741076,0.0,0.13374944126822105,0
136,1774286455.1504898,15,-0.15304088592529297,-1.499176025390625,0.6558895111083984,0.2957100116418587,2.1550655364990234,5.860805511474609,0.36770807908225533,0.0,0.0,0.0,15,0.11927038431167603,0.06275719622540724,0.0,0.13503954128338247,0
137,1774286455.2503064,15,-0.015616416931152344,-1.499176025390625,0.6558895111083984,0.2029994504937349,2.1550655364990234,5.860805511474609,0.36770807908225533,0.0,0.0,0.0,15,-0.015616416931152344,-0.008217755722129952,0.0,0.12723247707137442,0
138,1774286455.3499868,13,-0.06486819340632512,-1.499176025390625,0.6558895111083984,0.2017705640909724,2.1550655364990234,5.860805511474609,0.36770807908225533,0.0,0.0,0.0,13,0.11960073159291194,0.06294899046232617,0.0,0.1265431617949159,0
139,1774286455.4500437,15,-0.15616416931152344,-1.499176025390625,0.6090402603149414,0.2907935424900643,2.1082162857055664,5.860805511474609,0.3597144251891628,0.0,0.0,0.0,15,0.1405477523803711,0.07397368569653848,0.0,0.1253068881545618,0
140,1774286455.5500517,14,-0.3647548811776297,-2.1082162857055664,0.0,0.5054991207661101,2.1082162857055664,5.860805511474609,0.3597144251891628,0.0,0.0,0.0,14,-0.2610172544206891,-0.13737797811381566,0.0,0.13242001590618133,0
141,1774286455.6499867,13,-0.3928129489605243,-2.1082162857055664,0.0,0.5333620961694163,2.1082162857055664,5.860805511474609,0.3597144251891628,0.0,0.0,0.0,13,-0.1657742720383864,-0.08725014895701805,0.0,0.1506044945380548,0
142,1774286455.7502596,12,-0.2498626708984375,-1.499176025390625,0.0,0.31215677154250443,1.499176025390625,5.860805511474609,0.2557969245789602,0.0,0.0,0.0,12,0.0031232833862304688,0.0016436422912423727,0.0,0.15181517722708737,0
143,1774286455.850341,12,-0.2498626708984375,-1.499176025390625,0.0,0.31215677154250443,1.499176025390625,5.860805511474609,0.2557969245789602,0.0,0.0,0.0,12,-0.11712312698364258,-0.06163590538345877,0.0,0.15163722249365102,0
144,1774286455.949986,11,-0.34923986955122516,-1.499176025390625,0.6090402603149414,0.5121442961620587,2.1082162857055664,5.860805511474609,0.3597144251891628,0.0,0.0,0.0,11,-0.47499312168103086,-0.25002576481299127,0.0,0.16246748546484832,0
145,1774286456.050278,11,-0.34923986955122516,-1.499176025390625,0.6090402603149414,0.5121442961620586,2.1082162857055664,5.860805511474609,0.3597144251891628,0.0,0.0,0.0,11,-0.4819794134660201,-0.25371013384602203,0.0,0.16400892264039083,0
146,1774286456.149931,12,-0.14445185661315918,-1.499176025390625,0.6558895111083984,0.4204818777608921,2.1550655364990234,5.860805511474609,0.36770807908225533,0.0,0.0,0.0,12,-0.16374272458693562,-0.08618957009624634,0.0,0.1540657498740106,0
147,1774286456.2505424,14,-0.3045201301574707,-1.499176025390625,0.0,0.34137792021787,1.499176025390625,5.860805511474609,0.2557969245789602,0.0,0.0,0.0,14,-0.4346569379170736,-0.22872219682374637,0.0,0.1548661679547074,0
148,1774286456.3503962,15,-0.24361610412597656,-1.499176025390625,0.0,0.2690010978767532,1.499176025390625,5.860805511474609,0.2557969245789602,0.0,0.0,0.0,15,-0.08745193481445312,-0.046033269956012375,0.0,0.14285499085473552,0
149,1774286456.4504957,16,-0.319160521030426,-1.499176025390625,0.0,0.33779291314095516,1.499176025390625,5.860805511474609,0.2557969245789602,0.0,0.0,0.0,16,-0.37978896323372335,-0.19991372790568332,0.0,0.1468955087094921,0
150,1774286456.5499628,15,-0.29671192169189453,-1.499176025390625,0.0,0.35224940688749484,1.499176025390625,5.860805511474609,0.2557969245789602,0.0,0.0,0.0,15,-0.2810955047607422,-0.14794616466194804,0.0,0.1393038507479668,0
151,1774286456.6504622,15,-0.059342384338378906,-1.499176025390625,0.6090402603149414,0.17104240100707102,2.1082162857055664,5.860805511474609,0.3597144251891628,0.0,0.0,0.0,15,0.046068429946899414,0.02424169506312501,0.0,0.13690722324373233,0
152,1774286456.7499597,16,0.017568469047546387,-1.499176025390625,0.6090402603149414,0.20628182162418796,2.1082162857055664,5.860805511474609,0.3597144251891628,0.0,0.0,0.0,16,-0.04749993483225505,-0.025001366800644506,0.0,0.14318451691318568,0
153,1774286456.8505237,16,-0.05270540714263916,-1.452326774597168,0.6090402603149414,0.1522335837389477,2.0613670349121094,5.860805511474609,0.3517207712960703,0.0,0.0,0.0,16,-0.0819861888885498,-0.04313860630218187,0.0,0.13501653279172907,0
154,1774286456.9505517,14,-0.21416800362723215,-1.499176025390625,0.0,0.2752076026660447,1.499176025390625,5.860805511474609,0.2557969245789602,0.0,0.0,0.0,14,-0.1392092023577009,-0.07326478902520994,0.0,0.12535351188054725,0
155,1774286457.0504706,12,-0.37088990211486816,-1.499176025390625,0.0,0.41279989471121326,1.499176025390625,5.860805511474609,0.2557969245789602,0.0,0.0,0.0,12,-0.2178490161895752,-0.11465853659454767,0.0,0.12695446987004844,0
156,1774286457.1504993,14,-0.22420712879725865,-1.499176025390625,0.6558895111083984,0.4688137323247869,2.1550655364990234,5.860805511474609,0.36770807908225533,0.0,0.0,0.0,14,-0.2085907118661063,-0.10977343590935056,0.0,0.1261156674327742,0
157,1774286457.250033,13,-0.3856053719153771,-1.499176025390625,0.0,0.37722887516647674,1.499176025390625,5.860805511474609,0.2557969245789602,0.0,0.0,0.0,13,-0.320737178509052,-0.16880494467746962,0.0,0.12180721486876452,0
158,1774286457.350348,18,-0.12232859929402669,-1.452326774597168,0.7027387619018555,0.2468328186782603,2.1550655364990234,6.043910980224609,0.3565680473372781,0.0,0.0,0.0,18,0.03383557001749675,0.017805342916058068,0.0,0.11829964834938646,0
159,1774286457.4500973,18,-0.20561615626017252,-1.499176025390625,0.7027387619018555,0.3443818097852928,2.2019147872924805,6.043910980224609,0.36431952662721895,0.0,0.0,0.0,18,0.1591387249174572,0.08375521204705046,0.0,0.11699765838189921,0
160,1774286457.5504727,19,0.007397250125282689,-1.499176025390625,1.3117790222167969,0.41454132828903945,2.810955047607422,6.043910980224609,0.4650887573964497,0.0,0.0,0.0,19,0.400210199085807,0.21058308279017865,0.0,0.1256025236897487,0
161,1774286457.6500723,21,-0.1851660864693778,-1.499176025390625,0.5153417587280273,0.28626647298440316,2.0145177841186523,6.043910980224609,0.33331360946745564,0.0,0.0,0.0,21,0.0646965844290597,0.03405419096564813,0.0,0.11978820027395465,0
162,1774286457.750033,18,-0.35657485326131183,-1.499176025390625,0.0,0.37169552729526206,1.499176025390625,6.043910980224609,0.24804733727810652,0.0,0.0,0.0,18,-0.10671218236287433,-0.05617341783087146,0.0,0.12353632409377914,0
163,1774286457.8506787,21,-0.031232833862304688,-0.6558895111083984,0.0,0.019509798221406527,0.6558895111083984,6.043910980224609,0.1085207100591716,0.0,0.0,0.0,21,0.31800703568892047,0.16731112581469385,0.0,0.12995390125856512,0
164,1774286457.9504132,17,-0.2094437094295726,-1.452326774597168,0.0,0.2254546206750029,1.452326774597168,6.043910980224609,0.2402958579881657,0.0,0.0,0.0,17,0.13979616012165255,0.07357168812589208,0.0,0.12594707510087505,0
165,1774286458.0500333,18,-0.04684925079345703,-1.405477523803711,0.6558895111083984,0.17949014363694005,2.0613670349121094,6.043910980224609,0.34106508875739644,0.02148141794734531,0.1933327615261078,0.06075862520028111,18,0.09760260581970215,0.05136702474789535,0.0,0.12557394910098874,0
166,1774286458.1501172,17,-0.12401272268856273,-1.405477523803711,0.0,0.12986842328176748,1.405477523803711,6.043910980224609,0.23254437869822486,0.04549006153555477,0.1933327615261078,0.08200837469522744,17,0.18050740746890798,0.09502516646929605,0.0,0.12600160363369534,0
167,1774286458.2503138,16,-0.12883543968200684,-1.405477523803711,0.0,0.13374881202565803,1.405477523803711,6.043910980224609,0.23254437869822486,0.024166595190763474,0.1933327615261078,0.06393880090992969,16,0.11478066444396973,0.060413495980339404,0.0,0.12355804879852271,0
168,1774286458.3502994,15,-0.015616416931152344,-1.499176025390625,0.6558895111083984,0.2029994504937349,2.1550655364990234,6.043910980224609,0.3565680473372781,0.02577770153681437,0.1933327615261078,0.06572050157589361,15,0.3035441040992737,0.15977656740651833,0.0,0.12739737168187792,0
169,1774286458.4505184,20,0.0,0.0,0.0,0.0,0.0,5.860805511474609,0.0,0.038666552305221556,0.1933327615261078,0.07733310461044311,20,0.29671192169189453,0.1561185160950726,0.0,0.12722386311178968,0
170,1774286458.5500145,19,0.0,0.0,0.0,0.0,0.0,6.043910980224609,0.0,0.061052451008244565,0.3866655230522156,0.14099459609718576,19,0.059342384338378906,0.03124019429417745,0.0,0.126574232686807,0
171,1774286458.6506112,21,0.0,0.0,0.0,0.0,0.0,6.043910980224609,0.0,0.027618965932301114,0.1933327615261078,0.0676523737574496,21,-0.017568469047546387,-0.00924339336495269,0.0,0.12899434997082465,0
172,1774286458.7500434,18,0.0,0.0,0.0,0.0,0.0,6.043910980224609,0.0,0.010740708973672655,0.1933327615261078,0.04428507759247181,18,0.05270540714263916,0.027746702307960815,0.0,0.12802619448368033,0
173,1774286458.8505707,21,-0.031232833862304688,-0.6558895111083984,0.0,0.019509798221406527,0.6558895111083984,6.043910980224609,0.1085207100591716,0.027618965932301114,0.1933327615261078,0.06765237375744962,21,0.18293516976492746,0.09628070901537174,0.0,0.1287852828883489,0
174,1774286458.9501112,23,-0.21795086238695227,-1.499176025390625,0.0,0.24651220141162156,1.499176025390625,6.043910980224609,0.24804733727810652,0.0,0.0,0.0,23,0.1529390397279159,0.08050946212468094,0.0,0.12890821900205227,0
175,1774286459.0500953,24,-0.04489719867706299,-0.5621910095214844,0.0,0.022219069029105754,0.5621910095214844,6.043910980224609,0.09301775147928994,0.0,0.0,0.0,24,0.17930993012019567,0.09439371971585721,0.0,0.11785959855134398,0
176,1774286459.1505806,24,0.0,0.0,0.0,0.0,0.0,6.043910980224609,0.0,0.0,0.0,0.0,24,0.3856053719153771,0.20289170496628964,0.0,0.11770730169609835,0
177,1774286459.250758,23,-0.02240616342295771,-0.5153417587280273,0.0,0.01104479550539834,0.5153417587280273,6.043910980224609,0.08526627218934911,0.0,0.0,0.0,23,0.09992243587106897,0.05257941138416016,0.0,0.09962754472387861,0
178,1774286459.3501747,20,0.0,0.0,0.0,0.0,0.0,6.043910980224609,0.0,0.0,0.0,0.0,20,0.20561615626017252,0.10821462453571963,0.0,0.10100039624205531,0
179,1774286459.4505455,21,-0.05577291761125837,-0.6090402603149414,0.0,0.029603132607379075,0.6090402603149414,6.043910980224609,0.10076923076923076,0.0,0.0,0.0,21,-0.06317016773654106,-0.03324618262163871,0.0,0.09692596350196352,0
180,1774286459.5502653,24,0.0,0.0,0.0,0.0,0.0,6.043910980224609,0.0,0.0,0.0,0.0,24,0.1851660864693778,0.09744593775910264,0.0,0.0966316395770568,0
181,1774286459.6499922,20,0.0,0.0,0.0,0.0,0.0,6.043910980224609,0.0,0.0,0.0,0.0,20,0.35657485326131183,0.18767499304911306,0.0,0.09433237122111633,0
182,1774286459.7504728,19,0.0,0.0,0.0,0.0,0.0,6.043910980224609,0.0,0.0,0.0,0.0,19,0.031232833862304688,0.016440115186223837,0.006904741483075278,0.06718729557565109,0
183,1774286459.8503125,21,0.0,0.0,0.0,0.0,0.0,5.992770195007324,0.0,0.0,0.0,0.0,21,0.2094437094295726,0.1102393771969767,0.022307626329935513,0.06788135908449176,0
184,1774286459.9503753,22,-0.023424625396728516,-0.5153417587280273,0.0,0.01152297457451823,0.5153417587280273,5.992770195007324,0.08599391299158561,0.0,0.0,0.0,22,0.023424625396728516,0.012326531513514897,0.03032670769036985,0.056478184530175106,0
185,1774286460.050528,23,0.0203692394754161,0.0,0.4684925079345703,0.00912793016975069,0.4684925079345703,5.992770195007324,0.07817628453780509,0.0,0.0,0.0,23,0.14438196216397883,0.07597407638511945,0.03222212692101797,0.05769274998483973,0
186,1774286460.1501005,22,-0.03620169379494407,-0.6558895111083984,0.4684925079345703,0.04508063370534662,1.1243820190429688,5.860805511474609,0.19184769343422017,0.0,0.0,0.0,22,0.09263374588706277,0.04876007678305238,0.03032670769036985,0.05374385282203422,0
187,1774286460.2505338,22,0.021295113997025925,0.0,0.4684925079345703,0.009523119483072915,0.4684925079345703,5.860805511474609,0.07993653893092506,0.0,0.0,0.0,22,0.03691153092817827,0.01942472452164791,0.04296283589469062,0.04941800207963853,0
188,1774286460.350367,19,0.0,0.0,0.0,0.0,0.0,5.860805511474609,0.0,0.0,0.0,0.0,19,0.0,0.0,0.04188876499732335,0.04960871223418296,0
189,1774286460.4503417,20,0.0819861888885498,0.0,0.6090402603149414,0.03860196482463607,0.6090402603149414,5.860805511474609,0.10391750061020259,0.0,0.0,0.0,20,0.0819861888885498,0.04314319588986958,0.03333323474588065,0.05422426393351338,0
190,1774286460.5503824,19,0.024657500417608964,0.0,0.4684925079345703,0.010943861883198952,0.4684925079345703,5.860805511474609,0.07993653893092506,0.0,0.0,0.0,19,0.024657500417608964,0.01297919467459085,0.022555488844712576,0.05483750587574426,0
191,1774286460.6501594,20,-0.053876638412475586,-0.6090402603149414,0.0,0.02661807126713711,0.6090402603149414,5.992770195007324,0.10162916989914662,0.0,0.0,0.0,20,-0.053876638412475586,-0.02835439486532933,0.012473081388781148,0.055395295050782715,0
192,1774286460.7504485,16,0.0,0.0,0.0,0.0,0.0,5.992770195007324,0.0,0.0,0.0,0.0,16,0.031232833862304688,0.016439391039778935,0.00852938653791652,0.055395295050782715,0
193,1774286460.8500817,18,0.02863009770711263,0.0,0.5153417587280273,0.01393460241021987,0.5153417587280273,6.043910980224609,0.08526627218934911,0.010740708973672655,0.1933327615261078,0.04428507759247181,18,0.2465809600940649,0.12978146555994938,0.0,0.05615064213061101,0
194,1774286460.9500558,19,0.05178075087697882,0.0,0.5153417587280273,0.02284835164281204,0.5153417587280273,5.860805511474609,0.08793019282401758,0.0,0.0,0.0,19,0.09667794955404181,0.05088418872079949,0.0,0.033231262027591586,0
195,1774286461.0504346,17,0.0,0.0,0.0,0.0,0.0,5.860805511474609,0.0,0.0,0.0,0.0,17,0.0,0.0,0.0,0.031626792359343056,0
196,1774286461.1504471,21,0.0513110842023577,0.0,0.5621910095214844,0.025064118327296745,0.5621910095214844,5.860805511474609,0.09592384671711009,0.0,0.0,0.0,21,0.07371724762531541,0.03880489909652825,0.0,0.0334037616039478,0
197,1774286461.2505543,17,-0.03307005938361673,-0.5621910095214844,0.0,0.017498061242174984,0.5621910095214844,5.860805511474609,0.09592384671711009,0.0,0.0,0.0,17,-0.03307005938361673,-0.017401817183652416,0.0,0.03390895592692785,0
198,1774286461.3505385,17,0.03307005938361673,0.0,0.5621910095214844,0.017498061242174984,0.5621910095214844,5.992770195007324,0.09381154144536612,0.0,0.0,0.0,17,0.08884297699487509,0.04675963525605404,0.0,0.034480713190528894,0
199,1774286461.450133,18,0.026027361551920574,0.0,0.4684925079345703,0.011516200339024686,0.4684925079345703,5.992770195007324,0.07817628453780509,0.0,0.0,0.0,18,0.026027361551920574,0.013699564738684045,0.0,0.03170541037170705,0
200,1774286461.5502918,23,0.20776624264924423,0.0,1.2180805206298828,0.11963397205208703,1.2180805206298828,6.043910980224609,0.20153846153846153,0.0,0.0,0.0,23,0.20776624264924423,0.10933341680123011,0.0,0.0534380491543333,0
201,1774286461.6503978,20,0.051534175872802734,0.0,0.5621910095214844,0.024121426775991495,0.5621910095214844,5.860805511474609,0.09592384671711009,0.0,0.0,0.0,20,0.051534175872802734,0.027124321248840642,0.0,0.05365280297074998,0
202,1774286461.7500372,21,-0.0022309167044503348,-0.5153417587280273,0.4684925079345703,0.023093230547787325,0.9838342666625977,5.992770195007324,0.16417019752939072,0.0,0.0,0.0,21,-0.0022309167044503348,-0.0011743368282374257,0.0,0.05370195457985196,0
203,1774286461.8501363,22,0.04259022799405185,0.0,0.4684925079345703,0.018139275205853175,0.4684925079345703,5.860805511474609,0.07993653893092506,0.0,0.0,0.0,22,0.06601485339078036,0.034749031445263645,0.0,0.05361262505079489,0
204,1774286461.9506383,22,0.021295113997025925,0.0,0.4684925079345703,0.009523119483072915,0.4684925079345703,5.860805511474609,0.07993653893092506,0.0,0.0,0.0,22,0.0009258745216098249,0.0004872741064196344,0.0,0.05248327289615592,0
205,1774286462.0502782,22,0.12564117258245294,0.0,0.6090402603149414,0.054349803335537565,0.6090402603149414,5.860805511474609,0.10391750061020259,0.0,0.0,0.0,22,0.161842866377397,0.08517248934753595,0.0,0.05668075581421478,0
206,1774286462.150512,19,0.06164375104402241,0.0,0.6090402603149414,0.03235735163465823,0.6090402603149414,5.860805511474609,0.10391750061020259,0.0,0.0,0.0,19,0.04034863704699648,0.021236368858456985,0.0,0.05476366195238212,0
207,1774286462.2500703,23,0.07332926211149796,0.0,0.6090402603149414,0.036038727933842975,0.6090402603149414,5.860805511474609,0.10391750061020259,0.0,0.0,0.0,23,0.07332926211149796,0.03860037695990972,0.0,0.055189990518123795,0
208,1774286462.3499818,17,0.0633842804852654,0.0,0.5621910095214844,0.030196307074170033,0.5621910095214844,5.860805511474609,0.09592384671711009,0.0,0.0,0.0,17,-0.018601908403284406,-0.009792333067031584,0.0,0.054641931505708126,0
209,1774286462.4499571,19,-0.03452050058465255,-0.6558895111083984,0.0,0.02144996929106995,0.6558895111083984,5.860805511474609,0.1119111545032951,0.0,0.0,0.0,19,-0.05917800100226152,-0.03115328880632607,0.0,0.056335089721679846,0
210,1774286462.5499282,16,0.0,0.0,0.0,0.0,0.0,5.860805511474609,0.0,0.0,0.0,0.0,16,0.053876638412475586,0.028359575954844552,0.0035802363245575515,0.05685796017250624,0
211,1774286462.6498554,16,-0.06734579801559448,-0.5621910095214844,0.0,0.03181678470687288,0.5621910095214844,5.860805511474609,0.09592384671711009,0.0,0.0,0.0,16,-0.06734579801559448,-0.0354562246051999,0.0036477879533227883,0.057983771678859895,0
212,1774286462.7499492,18,0.05205472310384115,0.0,0.4684925079345703,0.021677553579340588,0.4684925079345703,5.860805511474609,0.07993653893092506,0.0,0.0,0.0,18,0.02342462539672852,0.012329609812085454,0.0035802363245575515,0.0575188582405249,0
213,1774286462.8502994,18,0.05986293156941732,0.0,0.6090402603149414,0.029217277683654983,0.6090402603149414,5.860805511474609,0.10391750061020259,0.0,0.0,0.0,18,0.008082180692438497,0.004253234179851414,0.0,0.05767668619536001,0
214,1774286462.9505053,19,0.007397250125282689,-0.4684925079345703,0.6090402603149414,0.031019768515600593,1.0775327682495117,5.860805511474609,0.18385403954112767,0.0,0.0,0.0,19,0.007397250125282689,0.003893144740728646,0.0,0.05800310216090236,0
215,1774286463.0506127,21,0.006692750113351005,-0.4684925079345703,0.6090402603149414,0.028070219889982866,1.0775327682495117,5.860805511474609,0.18385403954112767,0.0,0.0,0.0,21,-0.04461833408900669,-0.02348128767223076,0.0,0.05780772471109942,0
216,1774286463.1501954,22,-0.0276836481961337,-0.6090402603149414,0.0,0.016094071926393234,0.6090402603149414,5.860805511474609,0.10391750061020259,0.008787852796641264,0.1933327615261078,0.04027100063673795,22,0.005386411187483026,0.002835488959548637,0.0,0.05939387078980864,0
217,1774286463.2503443,20,0.023424625396728516,0.0,0.4684925079345703,0.010425548424564113,0.4684925079345703,5.860805511474609,0.07993653893092506,0.0,0.0,0.0,20,-0.009645433986888212,-0.005077063175076384,0.0,0.057479329953343816,0
218,1774286463.3501453,21,0.0,0.0,0.0,0.0,0.0,5.860805511474609,0.0,0.0,0.0,0.0,21,-0.026027361551920574,-0.013698522989697834,0.0,0.05801862119694863,0
219,1774286463.450641,19,0.0,0.0,0.0,0.0,0.0,5.860805511474609,0.0,0.0,0.0,0.0,19,-0.20776624264924423,-0.1093305636620859,0.0,0.058485061129627966,0
220,1774286463.5501301,20,-0.08432865142822266,-0.6090402603149414,0.0,0.040516973456306005,0.6090402603149414,5.860805511474609,0.10391750061020259,0.0,0.0,0.0,20,-0.1358628273010254,-0.07151682562432111,0.0,0.0487381245559026,0
221,1774286463.6500657,21,0.0,0.0,0.0,0.0,0.0,5.860805511474609,0.0,0.0,0.0,0.0,21,0.0022309167044503348,0.0011741490945992924,0.0,0.04829100567978356,0
222,1774286463.750029,20,-0.03045201301574707,-0.6090402603149414,0.0,0.01761917683751335,0.6090402603149414,5.860805511474609,0.10391750061020259,0.0,0.0,0.0,20,-0.07304224100979892,-0.03844545373318849,0.0,0.04920845016343112,0
223,1774286463.8501632,20,0.0,0.0,0.0,0.0,0.0,5.860805511474609,0.0,0.0,0.0,0.0,20,-0.021295113997025925,-0.01121075785464776,0.0,0.048873632605303766,0
224,1774286463.9504552,21,0.022309167044503347,0.0,0.4684925079345703,0.009953978684391084,0.4684925079345703,5.860805511474609,0.07993653893092506,0.0,0.0,0.0,21,-0.10333200553794959,-0.0543802000717503,0.0,0.04888323511854387,0
225,1774286464.0500336,20,0.0773012638092041,0.0,0.5621910095214844,0.03408056908682511,0.5621910095214844,5.860805511474609,0.09592384671711009,0.0,0.0,0.0,20,0.015657512765181694,0.008242871707040383,0.0,0.04420388421092645,0
226,1774286464.1505113,21,0.0,0.0,0.0,0.0,0.0,6.043910980224609,0.0,0.027618965932301114,0.1933327615261078,0.06765237375744962,21,-0.07332926211149796,-0.03858539400146359,0.0,0.0426271708279402,0
227,1774286464.2503095,20,0.0,0.0,0.0,0.0,0.0,5.860805511474609,0.0,0.0,0.0,0.0,20,-0.0633842804852654,-0.03335439517570058,0.0,0.03983248544902433,0
228,1774286464.3505385,23,0.0,0.0,0.0,0.0,0.0,6.043910980224609,0.0,0.0,0.0,0.0,23,0.03452050058465255,0.018163126985069344,0.0,0.03738028663964776,0
229,1774286464.4503706,23,0.0,0.0,0.0,0.0,0.0,6.043910980224609,0.0,0.0,0.0,0.0,23,0.0,0.0,0.0,0.03652273399664082,0
230,1774286464.5500226,23,-0.0611077184262483,-1.405477523803711,0.0,0.0821513715277562,1.405477523803711,6.043910980224609,0.23254437869822486,0.008405772240265556,0.1933327615261078,0.03942656658922785,23,0.0062380795893461835,0.003282910841420937,0.0,0.039029084687560306,0
231,1774286464.6503217,20,-0.14289021492004395,-1.452326774597168,0.0,0.18381339298656485,1.452326774597168,6.043910980224609,0.2402958579881657,0.009666638076305389,0.1933327615261078,0.042135898498397606,20,-0.1949449380238851,-0.10258248711328351,0.0,0.047904563348102426,0
232,1774286464.750069,21,0.0,0.0,0.0,0.0,0.0,6.043910980224609,0.0,0.036825287909734813,0.1933327615261078,0.07591727587280882,21,-0.05986293156941732,-0.031510628086195674,0.0,0.04612193089688544,0
233,1774286464.8503592,23,0.0203692394754161,-0.5621910095214844,1.546025276184082,0.1478807668682974,2.1082162857055664,6.043910980224609,0.3488165680473373,0.008405772240265556,0.1933327615261078,0.03942656658922785,23,0.012971989350133412,0.006827887683569372,0.003118270347195287,0.043992993144502245,0
234,1774286464.9502094,19,0.0,0.0,0.0,0.0,0.0,6.043910980224609,0.0,0.0,0.0,0.0,19,-0.006692750113351005,-0.0035232479318355343,0.0030687739924779014,0.04388076419238859,0
235,1774286465.0500102,20,0.03045201301574707,0.0,0.6090402603149414,0.01761917683751335,0.6090402603149414,5.992770195007324,0.10162916989914662,0.0,0.0,0.0,20,0.05813566121188077,0.03060069847936071,0.0030687739924779014,0.044626945687345855,0
236,1774286465.1505363,18,-0.11452039082845052,-1.499176025390625,0.0,0.12930660710076658,1.499176025390625,6.043910980224609,0.24804733727810652,0.02148141794734531,0.1933327615261078,0.06075862520028111,18,-0.13794501622517902,-0.07259530331913296,0.0,0.050151737974469486,0
237,1774286465.250252,18,-0.2186298370361328,-1.499176025390625,0.4216432571411133,0.3138638788868775,1.9208192825317383,6.043910980224609,0.317810650887574,0.0,0.0,0.0,18,-0.2186298370361328,-0.11506187555876217,0.0,0.06646231451902017,0
238,1774286465.3503182,20,0.09838342666625977,0.0,0.5621910095214844,0.03926590764535831,0.5621910095214844,5.992770195007324,0.09381154144536612,0.0,0.0,0.0,20,0.09838342666625977,0.051789547560287474,0.0,0.07158003194583946,0
239,1774286465.449986,24,-0.07027387619018555,-1.6865730285644531,0.0,0.11358360652025112,1.6865730285644531,6.043910980224609,0.2790532544378698,0.016111063460508983,0.1933327615261078,0.05343435247211316,24,0.01405477523803711,0.00739781137726918,0.0,0.07222626943295306,0
240,1774286465.5500307,23,0.0,0.0,0.0,0.0,0.0,6.043910980224609,0.0,0.0,0.0,0.0,23,0.0,0.0,0.0,0.0710133107670539,0
241,1774286465.6502213,22,-0.0276836481961337,-0.6090402603149414,0.0,0.016094071926393234,0.6090402603149414,6.043910980224609,0.10076923076923076,0.008787852796641264,0.1933327615261078,0.04027100063673795,22,0.002768364819613369,0.0014568866934191627,0.0,0.07089034285329816,0
242,1774286465.7500198,24,-0.02537667751312256,-0.6090402603149414,0.0,0.014811442516915463,0.6090402603149414,6.043910980224609,0.10076923076923076,0.024166595190763474,0.1933327615261078,0.06393880090992969,24,-0.02537667751312256,-0.013357154402492992,0.0,0.07086454958442637,0
243,1774286465.8500705,25,-0.04310131072998047,-0.9369850158691406,0.5621910095214844,0.08216122305384488,1.499176025390625,6.043910980224609,0.24804733727810652,0.023199931383132935,0.1933327615261078,0.06282571118049701,25,-0.06541047777448382,-0.03443353935675052,0.00935481104158586,0.0708611969889248,0
244,1774286465.9505153,23,0.0,-0.5621910095214844,0.5621910095214844,0.027483367929285716,1.1243820190429688,6.043910980224609,0.18603550295857987,0.033623088961062225,0.1933327615261078,0.07327982347547411,23,-0.0773012638092041,-0.04067456359759223,0.009508168599644646,0.07031680101776112,0
245,1774286466.0499878,22,-0.029813159595836292,-0.5621910095214844,0.4216432571411133,0.03363021623165177,0.9838342666625977,6.043910980224609,0.1627810650887574,0.035151411186565056,0.1933327615261078,0.07456740365489042,22,-0.029813159595836292,-0.015695460909219392,0.009062473196536303,0.06637715104414822,0
246,1774286466.1504831,22,-0.11499361558393999,-0.5621910095214844,0.0,0.04563841641792658,0.5621910095214844,6.043910980224609,0.09301775147928994,0.0,0.0,0.0,22,-0.11499361558393999,-0.06051742414755981,0.0,0.06854306743097327,0
247,1774286466.2505136,22,-0.08943947878750888,-0.5621910095214844,0.0,0.03649622171417659,0.5621910095214844,6.043910980224609,0.09301775147928994,0.0,0.0,0.0,22,-0.08943947878750888,-0.047074027761618405,0.0028019240800885186,0.06903224251073381,0
248,1774286466.3500392,22,0.0,0.0,0.0,0.0,0.0,6.043910980224609,0.0,0.008787852796641264,0.1933327615261078,0.04027100063673795,22,0.0,0.0,0.005858568531094175,0.06903224251073382,0
249,1774286466.4505825,23,0.0,0.0,0.0,0.0,0.0,6.043910980224609,0.0,0.0,0.0,0.0,23,0.0611077184262483,0.032152482200533114,0.018124946393072605,0.06903224251073382,0
250,1774286466.5501997,22,0.0,0.0,0.0,0.0,0.0,6.043910980224609,0.0,0.017575705593282528,0.1933327615261078,0.05557926115933376,22,0.14289021492004395,0.07521020456874464,0.018124946393072605,0.06935677983125549,0
251,1774286466.6501164,22,0.04471973939375444,0.0,0.5621910095214844,0.02044749797579799,0.5621910095214844,5.992770195007324,0.09381154144536612,0.008787852796641264,0.1933327615261078,0.04027100063673795,22,0.04471973939375444,0.02353611603744958,0.015343869962389506,0.0669621452970528,0
252,1774286466.750319,25,-0.024361610412597656,-0.5153417587280273,0.8432865142822266,0.05603370127573726,1.358628273010254,5.992770195007324,0.22671122515963477,0.0,0.0,0.0,25,-0.044730849888013756,-0.02354305066146815,0.003118270347195287,0.0666809905115991,0
253,1774286466.8507884,24,0.0546574592590332,0.0,0.8432865142822266,0.0357882861123926,0.8432865142822266,6.174445152282715,0.1365768896611642,0.008055531730254492,0.1933327615261078,0.03863297300900034,24,0.0546574592590332,0.02875832046892433,0.006783605667582729,0.0683284773483884,0
254,1774286466.9500961,26,0.1459534351642315,0.0,1.546025276184082,0.173955032059443,1.546025276184082,5.992770195007324,0.2579817389747568,0.014871750886623677,0.1933327615261078,0.051517256266279406,26,0.11550142214848444,0.060787473116142604,0.006904741483075278,0.07789356699150969,0
255,1774286467.050002,22,0.04046071659434925,-1.0306835174560547,1.405477523803711,0.16886304771008875,2.4361610412597656,5.992770195007324,0.4065166795965865,0.0,0.0,0.0,22,0.15498110742279977,0.08159194415468314,0.006904741483075278,0.07824233289250208,0
256,1774286467.1501627,26,0.027028413919302132,-0.5621910095214844,0.4216432571411133,0.03193899715117944,0.9838342666625977,6.043910980224609,0.1627810650887574,0.0,0.0,0.0,26,0.24565825095543495,0.12929989417675208,0.006236540694390574,0.07561258392926738,0
257,1774286467.250031,25,0.03373146057128906,0.0,0.4216432571411133,0.01308483147113293,0.4216432571411133,6.043910980224609,0.06976331360946746,0.0,0.0,0.0,25,-0.0646519660949707,-0.034032494839026185,0.0057711272097345605,0.05931542598669688,0
258,1774286467.350503,25,0.01686573028564453,0.0,0.4216432571411133,0.006826868593634572,0.4216432571411133,6.043910980224609,0.06976331360946746,0.007733310461044311,0.1933327615261078,0.03788532930417179,25,0.08713960647583008,0.04585047493861137,0.008405772240265556,0.055136848732037044,0
259,1774286467.450631,26,0.010811365567720853,-0.5621910095214844,0.8432865142822266,0.05306607394926062,1.405477523803711,6.043910980224609,0.23254437869822486,0.029743501773247354,0.1933327615261078,0.06975469473478775,26,0.010811365567720853,0.005688395485044754,0.011207696320354074,0.05298625681358228,0
260,1774286467.5502057,26,-0.030632202441875752,-1.546025276184082,1.639723777770996,0.23703430792130276,3.185749053955078,6.174445152282715,0.5159571387199536,0.014871750886623677,0.1933327615261078,0.051517256266279406,26,-0.0029485542457420508,-0.0015518834303160586,0.0190609764884895,0.05343308437128281,0
261,1774286467.650556,26,0.06486819340632512,0.0,0.8432865142822266,0.05049459018960482,0.8432865142822266,6.174445152282715,0.1365768896611642,0.0,0.0,0.0,26,0.09024487091944768,0.04748389756023897,0.026851772434181638,0.05487189981698654,0
262,1774286467.7502394,24,0.011712312698364258,-0.5621910095214844,0.8432865142822266,0.042662441579466304,1.405477523803711,6.043910980224609,0.23254437869822486,0.0,0.0,0.0,24,0.05481362342834473,0.028846711232757907,0.030380862525531224,0.05447068300958569,0
263,1774286467.8502557,22,0.1128641041842374,0.0,1.639723777770996,0.14179924910295574,1.639723777770996,6.043910980224609,0.27130177514792897,0.0,0.0,0.0,22,0.1128641041842374,0.05941027561770001,0.023084508838938242,0.0579472804177624,0
264,1774286467.9502265,24,0.05270540714263916,-0.5153417587280273,1.639723777770996,0.14089351352275514,2.1550655364990234,6.043910980224609,0.3565680473372781,0.0,0.0,0.0,24,0.08251856673847545,0.04342536780484535,0.01171713706218835,0.058459517410361365,0
265,1774286468.0503023,21,0.058003834315708706,-0.4216432571411133,1.639723777770996,0.13313446490373074,2.0613670349121094,6.043910980224609,0.34106508875739644,0.0,0.0,0.0,21,0.1729974498996487,0.09105995757802095,0.0029292842655470877,0.0581237914488683,0
266,1774286468.1502857,22,0.0,0.0,0.0,0.0,0.0,6.043910980224609,0.0,0.0,0.0,0.0,22,0.08943947878750888,0.04707905523168954,0.0028855636048672802,0.0494525397808518,0
267,1774286468.2500584,21,0.0,0.0,0.0,0.0,0.0,6.174445152282715,0.0,0.0,0.0,0.0,21,0.0,0.0,0.00865669081460184,0.04229175289737029,0
268,1774286468.3504684,21,-0.020078250340053012,-0.4216432571411133,0.0,0.008062722734356778,0.4216432571411133,6.174445152282715,0.0682884448305821,0.0,0.0,0.0,21,-0.020078250340053012,-0.010568134862953878,0.00865669081460184,0.04324260055015163,0
269,1774286468.4503841,21,0.11154583522251674,0.0,1.405477523803711,0.10273501400160034,1.405477523803711,5.992770195007324,0.2345288536134153,0.0,0.0,0.0,21,0.11154583522251674,0.05870263730067385,0.008405772240265556,0.046116019485915746,0
270,1774286468.550364,20,0.09604096412658691,-0.5153417587280273,1.405477523803711,0.15593876877773027,1.9208192825317383,6.174445152282715,0.31109180422820737,0.0,0.0,0.0,20,0.051321224732832474,0.02700765176023061,0.005445993282425571,0.04715362631260188,0
271,1774286468.6504414,22,0.0553672963922674,-0.4216432571411133,0.5621910095214844,0.04581980916998512,0.9838342666625977,6.174445152282715,0.15933970460469157,0.0,0.0,0.0,22,0.07972890680486505,0.041959879338768935,0.007733310461044311,0.0472600017460468,0
272,1774286468.7504463,19,0.012328750208804482,-0.8432865142822266,0.5621910095214844,0.06788842321544415,1.405477523803711,5.992770195007324,0.2345288536134153,0.0,0.0,0.0,19,-0.04232870905022872,-0.02228227914532516,0.008055531730254492,0.045366152617079256,0
273,1774286468.8504467,23,0.0040738478950832204,-0.8432865142822266,0.8432865142822266,0.08510550165542098,1.6865730285644531,6.174445152282715,0.2731537793223284,0.0,0.0,0.0,23,-0.1418795872691483,-0.07465969145812709,0.005225209770975886,0.046034773600619645,0
274,1774286468.940803,21,0.006692750113351005,-0.4216432571411133,0.5621910095214844,0.023471481737794182,0.9838342666625977,6.174445152282715,0.15933970460469157,0.0,0.0,0.0,21,-0.033767966480998245,-0.017859080528282858,0.0,0.03959066823765545,0
275,1774286469.0457797,20,0.007027387619018555,-0.4216432571411133,0.5621910095214844,0.0246427041972197,0.9838342666625977,6.174445152282715,0.15933970460469157,0.0,0.0,0.0,20,-0.020001026300283577,-0.010551195844765266,0.0025438521253435234,0.03995380092086421,0
276,1774286469.135666,22,0.025554136796431107,-0.4216432571411133,0.5621910095214844,0.029875386264040182,0.9838342666625977,6.174445152282715,0.15933970460469157,0.0,0.0,0.0,22,-0.008177323774857956,-0.004336642145618991,0.012719260626717618,0.03996343003980306,0
277,1774286469.240216,22,0.0,-0.4216432571411133,0.4216432571411133,0.01616209420841518,0.8432865142822266,6.174445152282715,0.1365768896611642,0.0,0.0,0.0,22,-0.01686573028564453,-0.008925021867817575,0.017575705593282528,0.04054019650258452,0
278,1774286469.3452857,22,0.06388534199107777,0.0,0.5621910095214844,0.026447063250133927,0.5621910095214844,6.174445152282715,0.09105125977410947,0.0,0.0,0.0,22,0.05307397642335692,0.028012479001926525,0.014871750886623677,0.04108241246028459,0
279,1774286469.4353359,24,-0.0136643648147583,-0.8432865142822266,0.5153417587280273,0.055324757886054954,1.358628273010254,6.174445152282715,0.22004054445409787,0.0,0.0,0.0,24,0.01696783762711745,0.009000883824406183,0.005087704250687047,0.042052584697786125,0
280,1774286469.5402906,22,0.08305094458840111,-0.4216432571411133,0.8432865142822266,0.06363711224093441,1.2649297714233398,6.174445152282715,0.20486533449174632,0.0,0.0,0.0,22,0.01818275118207599,0.009621854878822321,0.0,0.041019724654163675,0
281,1774286469.6452208,20,0.04216432571411133,0.0,0.8432865142822266,0.033778776895587725,0.8432865142822266,5.992770195007324,0.14071731216804917,0.0,0.0,0.0,20,0.03045201301574707,0.016069821724058797,0.0,0.04053295268256725,0
282,1774286469.7351837,21,0.020078250340053012,-0.4216432571411133,0.8432865142822266,0.04192615821865525,1.2649297714233398,5.992770195007324,0.21107596825207375,0.0,0.0,0.0,21,-0.09278585384418439,-0.049225145168573174,0.0,0.0403283329424164,0
283,1774286469.8406258,20,0.06324648857116699,-0.4216432571411133,1.6865730285644531,0.14711546253209917,2.1082162857055664,5.992770195007324,0.3517932804201229,0.0,0.0,0.0,20,0.010541081428527832,0.005576113939509206,0.0,0.03689645445396269,0
284,1774286469.945693,18,0.07027387619018555,-0.4216432571411133,1.6865730285644531,0.1629677832681864,2.1082162857055664,5.992770195007324,0.3517932804201229,0.0,0.0,0.0,18,0.01227004187447684,0.006473621273658255,0.0,0.03754895348620033,0
285,1774286470.0357738,19,0.044383500751696135,-0.4216432571411133,1.6865730285644531,0.16645613924345606,2.1082162857055664,5.992770195007324,0.3517932804201229,0.0,0.0,0.0,19,0.044383500751696135,0.023539529271973673,0.0,0.03723469565036454,0
286,1774286470.1408813,25,0.18177509307861328,-0.5153417587280273,1.6865730285644531,0.273095814327462,2.2019147872924805,5.992770195007324,0.36742853732768394,0.0,0.0,0.0,25,0.18177509307861328,0.09613544149900778,0.0,0.048427144174478284,0
287,1774286470.24531,22,0.10008703578602184,0.0,1.6865730285644531,0.1313510265843843,1.6865730285644531,5.992770195007324,0.28143462433609834,0.0,0.0,0.0,22,0.12016528612607486,0.06341705904287644,0.0,0.04892617778978028,0
288,1774286470.335284,21,0.020078250340053012,0.0,0.4216432571411133,0.008062722734356778,0.4216432571411133,5.992770195007324,0.07035865608402458,0.0,0.0,0.0,21,-0.09146758488246373,-0.04852649580099898,0.0,0.046885248127458506,0
289,1774286470.440598,17,0.0,0.0,0.0,0.0,0.0,5.992770195007324,0.0,0.0,0.0,0.0,17,-0.09604096412658691,-0.0508090344662658,0.0,0.045818922983204065,0
290,1774286470.5457485,23,0.20776624264924423,0.0,1.546025276184082,0.19903036829224577,1.546025276184082,5.992770195007324,0.2579817389747568,0.0,0.0,0.0,23,0.15239894625697684,0.08040857819144501,0.0,0.057204529186420376,0
291,1774286470.636134,23,-0.00611077184262483,-0.5621910095214844,0.8432865142822266,0.052352828582688284,1.405477523803711,5.992770195007324,0.2345288536134153,0.0,0.0,0.0,23,-0.018439522051429312,-0.009778672857945132,0.0,0.05845594472668665,0
292,1774286470.7410076,25,0.02810955047607422,-0.5621910095214844,0.8432865142822266,0.04740880967801786,1.405477523803711,5.992770195007324,0.2345288536134153,0.0,0.0,0.0,25,0.024035702580990997,0.01271353015967425,0.0,0.05809293647566205,0
293,1774286470.8455343,25,0.011243820190429688,-0.5621910095214844,0.8432865142822266,0.04096121156180743,1.405477523803711,5.992770195007324,0.2345288536134153,0.0,0.0,0.0,25,0.004551070077078683,0.002389350214403143,0.0,0.05784591190535632,0
294,1774286470.9360268,22,-0.08305094458840111,-0.8432865142822266,0.0,0.04747501803251923,0.8432865142822266,5.992770195007324,0.14071731216804917,0.0,0.0,0.0,22,-0.09007833220741966,-0.047654262712627904,0.0,0.06401142224593379,0
295,1774286471.0409968,21,-0.04684925079345703,-0.5621910095214844,0.0,0.021321422341965705,0.5621910095214844,5.992770195007324,0.09381154144536612,0.0,0.0,0.0,21,-0.07240338758988814,-0.03800042697441283,0.0,0.06656378343411662,0
296,1774286471.146069,24,0.17373263835906982,0.0,1.6865730285644531,0.20640375786307175,1.6865730285644531,5.992770195007324,0.28143462433609834,0.0,0.0,0.0,24,0.17373263835906982,0.09115741630906335,0.0,0.07246188802446649,0
297,1774286471.2353854,22,0.061755830591375176,-0.8432865142822266,1.6865730285644531,0.1698788471216164,2.5298595428466797,5.992770195007324,0.4221519365041475,0.0,0.0,0.0,22,-0.002129511399702598,-0.001126666137104917,0.0,0.07166163645312304,0
298,1774286471.3404593,19,-0.004931500083521793,-0.5621910095214844,0.4684925079345703,0.02816220457943197,1.0306835174560547,5.992770195007324,0.17198782598317122,0.0,0.0,0.0,19,0.008732864731236509,0.004583883857716035,0.0,0.07261087217239241,0
299,1774286471.4454784,21,0.1026221684047154,0.0,1.6865730285644531,0.13537411010771874,1.6865730285644531,5.992770195007324,0.28143462433609834,0.0,0.0,0.0,21,0.019571223816314293,0.010272595358674747,0.0,0.0721219518127733,0
300,1774286471.5353293,21,0.07808208465576172,-0.4216432571411133,1.1243820190429688,0.08368309879967585,1.546025276184082,5.992770195007324,0.2579817389747568,0.0,0.0,0.0,21,0.03591775894165039,0.019003013488166163,0.0,0.07202812621135976,0
301,1774286471.6405,23,0.10999389316724695,-0.4216432571411133,1.546025276184082,0.1287536041035016,1.9676685333251953,5.992770195007324,0.32834039505878143,0.0,0.0,0.0,23,0.08991564282719394,0.04719197559658202,0.0,0.0730176825478539,0
302,1774286471.7455273,20,0.07027387619018555,0.0,0.8432865142822266,0.046421126143059155,0.8432865142822266,5.992770195007324,0.14071731216804917,0.0,0.0,0.0,20,0.007027387619018555,0.0036891081257253056,0.0,0.07258007958839985,0
303,1774286471.8355331,22,0.03194267099553889,-0.8432865142822266,1.1243820190429688,0.09685012514285156,1.9676685333251953,5.992770195007324,0.32834039505878143,0.0,0.0,0.0,22,-0.03833120519464666,-0.020282776657417675,0.0,0.07281146827167073,0
304,1774286471.940356,24,0.0819861888885498,0.0,1.1243820190429688,0.060769973053709236,1.1243820190429688,5.992770195007324,0.18762308289073223,0.0,0.0,0.0,24,0.03760268813685367,0.01974327330791871,0.0,0.07295833094015207,0
305,1774286472.0456996,25,0.13492584228515625,0.0,1.405477523803711,0.12560173977362865,1.405477523803711,5.992770195007324,0.2345288536134153,0.0,0.0,0.0,25,-0.04684925079345703,-0.024595128512362712,0.0,0.07475107734953666,0
306,1774286472.135343,25,0.15179157257080078,0.0,1.405477523803711,0.14210000554157887,1.405477523803711,5.992770195007324,0.2345288536134153,0.0,0.0,0.0,25,0.051704536784778946,0.027356420021430235,0.0,0.07261757718548065,0
307,1774286472.2407074,24,0.023424625396728516,-0.4216432571411133,0.5621910095214844,0.02743565374885293,0.9838342666625977,5.992770195007324,0.16417019752939072,0.0,0.0,0.0,24,0.0033463750566755032,0.0017562369874234668,0.0,0.07248549815742604,0
308,1774286472.3460233,24,0.14640390872955322,0.0,1.6865730285644531,0.13247991303977358,1.6865730285644531,5.811095237731934,0.29023324512277676,0.0,0.0,0.0,24,0.14640390872955322,0.07683529128685138,0.0,0.07444096621417896,0
309,1774286472.435615,24,0.0409930944442749,-0.4216432571411133,0.8432865142822266,0.04852681256828362,1.2649297714233398,5.992770195007324,0.21107596825207375,0.0,0.0,0.0,24,-0.16677314820496933,-0.08824598997797888,0.0,0.07321430162400729,0
310,1774286472.540787,25,0.1293039321899414,0.0,1.405477523803711,0.11049413242290029,1.405477523803711,5.992770195007324,0.2345288536134153,0.0,0.0,0.0,25,0.13541470403256622,0.07109678187481065,0.0,0.06736554517104905,0
311,1774286472.645587,24,0.05856156349182129,0.0,0.5621910095214844,0.02455491010522337,0.5621910095214844,5.992770195007324,0.09381154144536612,0.0,0.0,0.0,24,0.03045201301574707,0.015988838795325963,0.0,0.06555689507144387,0
312,1774286472.7358005,24,0.09369850158691406,0.0,1.405477523803711,0.10315805809568701,1.405477523803711,5.992770195007324,0.2345288536134153,0.0,0.0,0.0,24,0.08245468139648438,0.043620672192742224,0.0,0.06526854650925322,0
313,1774286472.8406675,25,0.09557247161865234,0.0,0.8432865142822266,0.051707208422158146,0.8432865142822266,5.992770195007324,0.14071731216804917,0.0,0.0,0.0,25,0.17862341620705346,0.09378326242318898,0.0,0.06416123535585046,0
314,1774286472.945691,24,0.062465667724609375,0.0,0.5621910095214844,0.027740494346062405,0.5621910095214844,5.992770195007324,0.09381154144536612,0.0,0.0,0.0,24,0.1093149185180664,0.05739236865502956,0.0,0.05346761950165667,0
315,1774286473.0359323,21,0.08923666817801339,0.0,0.8432865142822266,0.05140234592619556,0.8432865142822266,5.992770195007324,0.14071731216804917,0.0,0.0,0.0,21,-0.08449597018105644,-0.04471009744383994,0.0,0.04488996600152025,0
316,1774286473.1404593,22,-0.01916560259732333,-0.4216432571411133,0.0,0.007713726781289065,0.4216432571411133,5.992770195007324,0.07035865608402458,0.0,0.0,0.0,22,-0.0809214331886985,-0.04247679525157327,0.0,0.04584364245975506,0
317,1774286473.2454574,23,0.00611077184262483,-0.4216432571411133,0.5621910095214844,0.021434039662241843,0.9838342666625977,5.992770195007324,0.16417019752939072,0.0,0.0,0.0,23,0.011042271926146624,0.005796474093376386,0.0,0.04830370477529385,0
318,1774286473.335983,23,0.0611077184262483,0.0,0.5621910095214844,0.02546692517360444,0.5621910095214844,5.992770195007324,0.09381154144536612,0.0,0.0,0.0,23,-0.0415144499784671,-0.021959454639160818,0.0,0.04492281461009386,0
319,1774286473.4405284,22,-0.057496807791969994,-0.8432865142822266,0.5621910095214844,0.06543290048631385,1.405477523803711,5.992770195007324,0.2345288536134153,0.0,0.0,0.0,22,-0.13557889244773172,-0.07116258659873315,0.0,0.053226682138988506,0
320,1774286473.545397,20,0.08432865142822266,-0.4216432571411133,1.546025276184082,0.1370904746522683,1.9676685333251953,5.992770195007324,0.32834039505878143,0.0,0.0,0.0,20,-0.02566524173902429,-0.01347329649935743,0.0,0.05329463922631129,0
321,1774286473.635266,21,0.0,0.0,0.0,0.0,0.0,5.992770195007324,0.0,0.0,0.0,0.0,21,-0.07027387619018555,-0.037187084405156154,0.0,0.054521546730299644,0
322,1774286473.74075,21,-0.040156500680106025,-0.8432865142822266,0.0,0.03225089093742711,0.8432865142822266,6.043910980224609,0.1395266272189349,0.0,0.0,0.0,21,-0.07209917167564492,-0.03784302483010627,0.0,0.05903888826362695,0
323,1774286473.845315,24,-0.017568469047546387,-0.8432865142822266,0.4216432571411133,0.03672948145627686,1.2649297714233398,6.043910980224609,0.20928994082840235,0.0,0.0,0.0,24,-0.09955465793609619,-0.05226078873568722,0.0,0.061112718690022654,0
324,1774286473.9358578,24,0.0,-0.4216432571411133,0.4216432571411133,0.014815253024380581,0.8432865142822266,6.043910980224609,0.1395266272189349,0.0,0.0,0.0,24,-0.13492584228515625,-0.07138336038127635,0.0,0.06199403457695767,0
325,1774286474.0408406,26,0.07027387619018555,-0.4216432571411133,1.405477523803711,0.09155066612501847,1.8271207809448242,6.043910980224609,0.30230769230769233,0.0,0.0,0.0,26,-0.08151769638061523,-0.04278026825033695,0.0,0.059218376878194506,0
326,1774286474.1458197,25,0.01499176025390625,-0.5621910095214844,0.9369850158691406,0.06175787607389793,1.499176025390625,5.992770195007324,0.2501641105209763,0.0,0.0,0.0,25,-0.008432865142822266,-0.004426440000901056,0.0,0.05466983737631905,0
327,1774286474.235775,24,-0.07613003253936768,-0.5153417587280273,0.0,0.029230402764923724,0.5153417587280273,5.992770195007324,0.08599391299158561,0.0,0.0,0.0,24,-0.2225339412689209,-0.11775829834070405,0.0,0.060378262374933864,0
328,1774286474.3407044,23,-0.07944003395412279,-0.5153417587280273,0.0,0.0302383432168832,0.5153417587280273,6.043910980224609,0.08526627218934911,0.0,0.0,0.0,23,-0.12043312839839769,-0.06321652399441051,0.0,0.060002770063989797,0
329,1774286474.4460182,25,-0.09557247161865234,-0.5153417587280273,0.4216432571411133,0.05100485568618751,0.9369850158691406,6.174445152282715,0.1517520996235158,0.0,0.0,0.0,25,-0.22487640380859375,-0.11803102919628652,0.0,0.06541558398776535,0
330,1774286474.5356078,25,0.06558895111083984,-0.4684925079345703,1.6865730285644531,0.1395926062741637,2.1550655364990234,6.043910980224609,0.3565680473372781,0.0,0.0,0.0,25,0.007027387619018555,0.0037181534949633686,0.0,0.06139435671296511,0
331,1774286474.650511,24,0.021472573280334473,-0.4684925079345703,1.405477523803711,0.11321398729613463,1.8739700317382812,6.043910980224609,0.31005917159763313,0.024166595190763474,0.1933327615261078,0.06393880090992969,24,-0.07222592830657959,-0.03772159158687257,0.0,0.06063072496188606,0
332,1774286474.750457,21,0.017847333635602678,-0.4684925079345703,0.8432865142822266,0.0947917390114563,1.3117790222167969,6.043910980224609,0.2170414201183432,0.027618965932301114,0.1933327615261078,0.0676523737574496,21,-0.07772513798304967,-0.04069827352731057,0.0,0.057832431061575956,0
333,1774286474.8500037,22,0.0021295113997025924,-1.639723777770996,0.8432865142822266,0.18685720871429498,2.4830102920532227,6.043910980224609,0.4108284023668639,0.05272711677984758,0.3866655230522156,0.13269366731234514,22,-0.060336156324906784,-0.03168395566370042,0.0,0.05441824659113161,0
334,1774286474.9499116,22,0.07240338758988814,-0.4216432571411133,1.546025276184082,0.15019319870446435,1.9676685333251953,6.043910980224609,0.3255621301775148,0.043939263983206314,0.1933327615261078,0.08101999954277977,22,-0.01683328058812525,-0.0087949125987017,0.0,0.05497859850908976,0
335,1774286475.0504458,18,-0.044246514638264976,-0.4216432571411133,0.0,0.01572300058051547,0.4216432571411133,6.043910980224609,0.06976331360946746,0.010740708973672655,0.1933327615261078,0.04428507759247181,18,-0.025080912040941646,-0.013131460402384715,0.0,0.05251565976017594,0
336,1774286475.149935,18,-0.11972586313883464,-0.7495880126953125,0.0,0.05370613899281631,0.7495880126953125,6.043910980224609,0.12402366863905326,0.03222212692101797,0.1933327615261078,0.07205086617502215,18,-0.12583663498145947,-0.06607409571373252,0.0,0.058516347086379025,0
337,1774286475.2500741,18,-0.06506840387980144,-0.7495880126953125,0.0,0.03685861532037254,0.7495880126953125,6.043910980224609,0.12402366863905326,0.010740708973672655,0.1933327615261078,0.04428507759247181,18,-0.12617612230604974,-0.06591960102198151,0.0,0.05983914355415748,0
338,1774286475.3498182,19,0.0,0.0,0.0,0.0,0.0,6.043910980224609,0.0,0.030526225504122283,0.1933327615261078,0.07049729804859288,19,0.057496807791969994,0.030114237598320673,0.0,0.05768947536982062,0
339,1774286475.4498959,20,0.0,0.0,0.0,0.0,0.0,6.043910980224609,0.0,0.0,0.0,0.0,20,-0.08432865142822266,-0.04427865784965962,0.0,0.05679211112579629,0
340,1774286475.5499008,22,0.021295113997025925,0.0,0.4684925079345703,0.009523119483072915,0.4684925079345703,6.043910980224609,0.07751479289940828,0.0,0.0,0.0,22,0.021295113997025925,0.01112228559629488,0.0,0.05313183990737743,0
341,1774286475.6498096,20,0.07495880126953125,0.0,1.0306835174560547,0.05847086526955536,1.0306835174560547,6.043910980224609,0.17053254437869822,0.009666638076305389,0.1933327615261078,0.042135898498397606,20,0.11511530194963727,0.06029948279250655,0.0,0.05642959532802482,0
342,1774286475.7503464,17,-0.13779191409840302,-1.452326774597168,0.0,0.12845581937940442,1.452326774597168,6.043910980224609,0.2402958579881657,0.0,0.0,0.0,17,-0.12022344505085664,-0.06310837834997145,0.0,0.06279163509656296,0
343,1774286475.8501174,19,-0.18246550309030632,-1.546025276184082,0.0,0.16424304717374247,1.546025276184082,6.043910980224609,0.2557988165680473,0.030526225504122283,0.1933327615261078,0.07049729804859288,19,-0.18246550309030632,-0.09531909685165565,0.0,0.07278511648796121,0
344,1774286475.950092,20,-0.037479400634765625,-1.546025276184082,1.2649297714233398,0.2090816300892584,2.810955047607422,6.043910980224609,0.4650887573964497,0.009666638076305389,0.1933327615261078,0.042135898498397606,20,-0.10775327682495117,-0.056437446592343316,0.0,0.0726776414330866,0
345,1774286476.0504932,18,-0.026027361551920574,-0.4684925079345703,0.0,0.011516200339024686,0.4684925079345703,6.043910980224609,0.07751479289940828,0.0,0.0,0.0,18,-0.04101912180582683,-0.021536037626103947,0.0,0.06939846114409763,0
346,1774286476.1504827,18,-0.026027361551920574,-0.4684925079345703,0.0,0.011516200339024686,0.4684925079345703,6.043910980224609,0.07751479289940828,0.0,0.0,0.0,18,0.0501026709874471,0.026167269299890362,0.0,0.06868042224305079,0
347,1774286476.2505193,21,0.0,-0.4684925079345703,0.4684925079345703,0.02090335523722128,0.9369850158691406,6.043910980224609,0.15502958579881657,0.0,0.0,0.0,21,0.07944003395412279,0.041595673316141356,0.0,0.06816558754339487,0
348,1774286476.3503299,21,0.0,0.0,0.0,0.0,0.0,6.043910980224609,0.0,0.018412643954867407,0.1933327615261078,0.056751580113533366,21,0.09557247161865234,0.05018741090501351,0.00783781465646383,0.0672977526667357,0
349,1774286476.4510536,26,-0.03603788522573618,-0.4684925079345703,0.0,0.015584750058520004,0.4684925079345703,6.043910980224609,0.07751479289940828,0.04461525265987103,0.5799982845783234,0.15455176879883825,26,-0.10162683633657602,-0.05305649269362316,0.016571379559380667,0.06530622847633877,0
350,1774286476.5509558,25,0.0,0.0,0.0,0.0,0.0,6.043910980224609,0.0,0.0,0.0,0.0,25,-0.021472573280334473,-0.011298709591705878,0.03462676325840736,0.06251516600526894,0
351,1774286476.6506176,24,0.0,0.0,0.0,0.0,0.0,6.043910980224609,0.0,0.0,0.0,0.0,24,-0.017847333635602678,-0.00939253981751263,0.041640902482546295,0.061919636561190275,0
352,1774286476.7504482,22,0.0,0.0,0.0,0.0,0.0,6.043910980224609,0.0,0.02636355838992379,0.1933327615261078,0.06634683365617257,22,-0.0021295113997025924,-0.0011205333232240128,0.03741924416634344,0.06143230926593114,0
353,1774286476.8503585,23,-0.0203692394754161,-0.4684925079345703,0.0,0.00912793016975069,0.4684925079345703,6.043910980224609,0.07751479289940828,0.008405772240265556,0.1933327615261078,0.03942656658922785,23,-0.09277262706530423,-0.04881621657850354,0.029999911271292586,0.061126716407056164,0
354,1774286476.95049,24,0.01952052116394043,0.0,0.4684925079345703,0.008764167169772463,0.4684925079345703,6.043910980224609,0.07751479289940828,0.0,0.0,0.0,24,0.06376703580220541,0.03356081701051055,0.017901181622787758,0.057854888379250215,0
355,1774286477.0503557,25,0.0,0.0,0.0,0.0,0.0,6.043910980224609,0.0,0.0,0.0,0.0,25,0.11972586313883464,0.06299966386239753,0.024605987830595536,0.05807411262150692,0
356,1774286477.1503704,22,0.0,0.0,0.0,0.0,0.0,6.043910980224609,0.0,0.0,0.0,0.0,22,0.06506840387980144,0.03424119013385326,0.013567211335165459,0.05422591832264978,0
357,1774286477.250852,22,0.0,0.0,0.0,0.0,0.0,6.043910980224609,0.0,0.0,0.0,0.0,22,0.0,0.0,0.009508168599644646,0.053416737340403975,0
358,1774286477.3506055,21,0.022309167044503347,0.0,0.4684925079345703,0.009953978684391084,0.4684925079345703,5.860805511474609,0.07993653893092506,0.009206321977433703,0.1933327615261078,0.04117192352858409,21,0.022309167044503347,0.011737283119647283,0.003118270347195287,0.05400071194713299,0
359,1774286477.4505658,22,-0.023424625396728516,-0.5153417587280273,0.0,0.01152297457451823,0.5153417587280273,5.860805511474609,0.08793019282401758,0.0,0.0,0.0,22,-0.04471973939375444,-0.023528469425197297,0.0032768264665441996,0.05388609189548631,0
360,1774286477.5504613,23,0.02240616342295771,0.0,0.5153417587280273,0.011044795505398336,0.5153417587280273,5.860805511474609,0.08793019282401758,0.0,0.0,0.0,23,-0.05255263784657354,-0.027649799292846444,0.013809482966150557,0.05392669485043053,0
361,1774286477.650954,25,-0.0018739700317382812,-1.0306835174560547,0.5153417587280273,0.06189132309373235,1.546025276184082,5.992770195007324,0.2579817389747568,0.015466620922088623,0.1933327615261078,0.05244986340875713,25,0.13591794406666474,0.07151289149559183,0.013809482966150557,0.04977893839135705,0
362,1774286477.750734,22,0.023424625396728516,0.0,0.5153417587280273,0.01152297457451823,0.5153417587280273,5.860805511474609,0.08793019282401758,0.0,0.0,0.0,22,0.20589012848703483,0.10832806759880048,0.013567211335165459,0.04284248918415354,0
363,1774286477.8512604,22,0.023424625396728516,0.0,0.5153417587280273,0.01152297457451823,0.5153417587280273,5.860805511474609,0.08793019282401758,0.0,0.0,0.0,22,0.06090402603149414,0.03203505157586871,0.003452370741537639,0.01913464768655676,0
364,1774286477.9510007,21,0.022309167044503347,0.0,0.4684925079345703,0.009953978684391084,0.4684925079345703,5.860805511474609,0.07993653893092506,0.0,0.0,0.0,21,0.04833652859642392,0.025433485458731007,0.0,0.0181612379063157,0
365,1774286478.0503213,23,0.04481232684591542,0.0,1.0306835174560547,0.04417918202159335,1.0306835174560547,5.860805511474609,0.17586038564803516,0.0,0.0,0.0,23,0.070839688397836,0.03728721228820792,0.006444425384203593,0.019594658997678958,0
366,1774286478.1508996,24,0.042945146560668945,0.0,0.5153417587280273,0.020287141744290693,0.5153417587280273,6.043910980224609,0.08526627218934911,0.0,0.0,0.0,24,0.042945146560668945,0.02259818464281946,0.022745030767777386,0.020151850335294874,0
367,1774286478.2510183,24,0.021472573280334473,0.0,0.5153417587280273,0.01060464227542468,0.5153417587280273,6.043910980224609,0.08526627218934911,0.0,0.0,0.0,24,0.021472573280334473,0.011297261123686272,0.02148141794734531,0.02032305682916657,0
368,1774286478.350445,23,0.02240616342295771,0.0,0.5153417587280273,0.01104479550539834,0.5153417587280273,6.043910980224609,0.08526627218934911,0.0,0.0,0.0,23,0.05844404864869389,0.030769881477214173,0.015466620922088623,0.0204657155909139,0
369,1774286478.4506888,23,0.0,0.0,0.0,0.0,0.0,6.043910980224609,0.0,0.0,0.0,0.0,23,0.0,0.0,0.008168989923638357,0.01782215054200098,0
370,1774286478.5503685,23,0.02648001131804093,-0.4216432571411133,0.5153417587280273,0.03012216956017728,0.9369850158691406,6.043910980224609,0.15502958579881657,0.0,0.0,0.0,23,0.02648001131804093,0.013938675144014834,0.011207696320354074,0.01794134877439881,0
371,1774286478.6505284,23,0.02240616342295771,0.0,0.5153417587280273,0.011044795505398337,0.5153417587280273,6.043910980224609,0.08526627218934911,0.0,0.0,0.0,23,0.02240616342295771,0.011792219810337897,0.011207696320354074,0.01783807051730891,0
372,1774286478.750379,23,0.0407384789508322,0.0,0.5153417587280273,0.017616905227618832,0.5153417587280273,6.043910980224609,0.08526627218934911,0.0,0.0,0.0,23,0.0611077184262483,0.03216160837764779,0.0026851772434181636,0.018503746635665248,0
373,1774286478.8508897,23,0.0020369239475416102,-0.4684925079345703,0.5153417587280273,0.021085518692124095,0.9838342666625977,6.043910980224609,0.1627810650887574,0.0,0.0,0.0,23,-0.01748359721639882,-0.009199957964244538,0.0,0.016910931575831248,0
374,1774286478.9504464,21,0.0022309167044503348,-0.4684925079345703,0.5153417587280273,0.023093230547787322,0.9838342666625977,6.043910980224609,0.1627810650887574,0.0,0.0,0.0,21,0.0022309167044503348,0.0011741106416620416,0.0,0.01717780260167503,0
375,1774286479.0506504,22,0.023424625396728516,0.0,0.5153417587280273,0.01152297457451823,0.5153417587280273,6.043910980224609,0.08526627218934911,0.0,0.0,0.0,22,0.023424625396728516,0.012326933615980825,0.0029743501773247354,0.016862738428717137,0
376,1774286479.1507602,23,0.04481232684591542,0.0,0.5153417587280273,0.021085518692124102,0.5153417587280273,5.860805511474609,0.08793019282401758,0.0,0.0,0.0,23,0.04481232684591542,0.023586576452131067,0.0029743501773247354,0.017438796809135126,0
377,1774286479.2511315,23,0.02240616342295771,0.0,0.5153417587280273,0.011044795505398337,0.5153417587280273,5.860805511474609,0.08793019282401758,0.0,0.0,0.0,23,9.699637845436357e-05,5.1036595167997294e-05,0.0029292842655470877,0.01688562697698693,0
378,1774286479.3505747,23,0.02240616342295771,0.0,0.5153417587280273,0.01104479550539834,0.5153417587280273,5.860805511474609,0.08793019282401758,0.0,0.0,0.0,23,0.045830788819686226,0.024121354596351736,0.005523793186460222,0.016886235257990066,0
379,1774286479.4504945,22,0.04259022799405185,0.0,0.9369850158691406,0.03809247793229166,0.9369850158691406,5.860805511474609,0.15987307786185012,0.0,0.0,0.0,22,0.02018406457109414,0.010623006057708387,0.005523793186460222,0.01427873190714144,0
380,1774286479.5504224,21,0.08923666817801339,0.0,0.9369850158691406,0.054955916316523176,0.9369850158691406,5.860805511474609,0.15987307786185012,0.0,0.0,0.0,21,0.09111063820975167,0.04796638741532068,0.005603848160177037,0.020209776579699343,0
381,1774286479.650809,22,0.023424625396728516,0.0,0.5153417587280273,0.01152297457451823,0.5153417587280273,5.860805511474609,0.08793019282401758,0.0,0.0,0.0,22,0.0,0.0,0.0,0.019133247602638133,0
382,1774286479.7503967,22,0.023424625396728516,0.0,0.5153417587280273,0.01152297457451823,0.5153417587280273,5.860805511474609,0.08793019282401758,0.0,0.0,0.0,22,0.0,0.0,0.0,0.019133247602638133,0
383,1774286479.8506713,22,0.023424625396728516,0.0,0.5153417587280273,0.01152297457451823,0.5153417587280273,5.860805511474609,0.08793019282401758,0.0,0.0,0.0,22,0.001115458352225169,0.0005871851423620076,0.0,0.01913324760263813,0
384,1774286479.9508078,21,0.0,0.0,0.0,0.0,0.0,5.860805511474609,0.0,0.0,0.0,0.0,21,-0.04481232684591542,-0.023579397996533333,0.0,0.020068655357618474,0
385,1774286480.0506406,22,0.023424625396728516,0.0,0.5153417587280273,0.01152297457451823,0.5153417587280273,5.860805511474609,0.08793019282401758,0.0,0.0,0.0,22,-0.01952052116394043,-0.010275359556009087,0.0,0.019658462411065687,0
386,1774286480.1507506,24,-0.021472573280334473,-0.5153417587280273,0.0,0.01060464227542468,0.5153417587280273,5.860805511474609,0.08793019282401758,0.0,0.0,0.0,24,-0.042945146560668945,-0.022605893157112998,0.0,0.021775629855662237,0
387,1774286480.2503285,23,-0.02240616342295771,-0.5153417587280273,0.0,0.011044795505398337,0.5153417587280273,6.043910980224609,0.08526627218934911,0.0,0.0,0.0,23,-0.04481232684591542,-0.023586881322527512,0.0,0.02389998474876951,0
388,1774286480.3503475,20,0.018739700317382812,0.0,0.37479400634765625,0.006672350991721032,0.37479400634765625,5.860805511474609,0.06394923114474005,0.0,0.0,0.0,20,0.018739700317382812,0.0098647722957032,0.0,0.023899103679714897,0
389,1774286480.4504273,20,0.0,0.0,0.0,0.0,0.0,5.860805511474609,0.0,0.0,0.0,0.0,20,-0.02648001131804093,-0.013936417160299709,0.0,0.0238991036797149,0
390,1774286480.550629,23,0.02240616342295771,-0.5153417587280273,1.0306835174560547,0.0572321221643368,1.546025276184082,6.043910980224609,0.2557988165680473,0.0,0.0,0.0,23,0.0,0.0,0.0,0.02386346346240721,0
391,1774286480.6503649,18,0.020821889241536457,0.0,0.37479400634765625,0.007370368216975801,0.37479400634765625,5.860805511474609,0.06394923114474005,0.0,0.0,0.0,18,-0.019916589709295742,-0.010482494033098515,0.0,0.023858513910111064,0
392,1774286480.750828,19,0.02712325045936986,0.0,0.5153417587280273,0.013242072878670732,0.5153417587280273,5.860805511474609,0.08793019282401758,0.0,0.0,0.0,19,0.02508632651182825,0.013203758205330896,0.0,0.023450197169786396,0
393,1774286480.8508172,21,0.0,0.0,0.0,0.0,0.0,6.043910980224609,0.0,0.0,0.0,0.0,21,-0.0022309167044503348,-0.0011739375609674614,0.0,0.02352968576310341,0
394,1774286480.9503932,19,0.0,0.0,0.0,0.0,0.0,6.043910980224609,0.0,0.0,0.0,0.0,19,-0.023424625396728516,-0.012330419087413447,0.0,0.023615475617349127,0
395,1774286481.0509138,20,-0.023424625396728516,-0.4684925079345703,0.0,0.010425548424564113,0.4684925079345703,6.043910980224609,0.07751479289940828,0.0,0.0,0.0,20,-0.06823695224264394,-0.03591128154921533,0.0,0.025339775289854014,0
396,1774286481.1506317,23,0.06721849026887314,0.0,1.0306835174560547,0.05321583288964654,1.0306835174560547,6.043910980224609,0.17053254437869822,0.0,0.0,0.0,23,0.04481232684591543,0.02359164187475067,0.0,0.02699279081784179,0
397,1774286481.250685,23,0.04481232684591542,0.0,0.5153417587280273,0.021085518692124102,0.5153417587280273,6.043910980224609,0.08526627218934911,0.0,0.0,0.0,23,0.02240616342295771,0.011792033375355124,0.0,0.02761165521660955,0
398,1774286481.3510776,23,0.02240616342295771,0.0,0.5153417587280273,0.01104479550539834,0.5153417587280273,6.043910980224609,0.08526627218934911,0.0,0.0,0.0,23,-0.02018406457109414,-0.010619933075961875,0.0,0.027611655216609552,0
399,1774286481.4509773,22,0.0,0.0,0.0,0.0,0.0,6.043910980224609,0.0,0.0,0.0,0.0,22,-0.08923666817801339,-0.04695295484174121,0.0,0.027358114168117714,0
400,1774286481.5501623,22,-0.021295113997025925,-0.4684925079345703,0.0,0.009523119483072915,0.4684925079345703,6.043910980224609,0.07751479289940828,0.0,0.0,0.0,22,-0.04471973939375444,-0.02354471924726737,0.0,0.023019075814485618,0
401,1774286481.650342,22,0.04046071659434925,0.0,0.5153417587280273,0.016819642934627354,0.5153417587280273,6.043910980224609,0.08526627218934911,0.0,0.0,0.0,22,0.017036091197620735,0.008966622125598692,0.0,0.023750694050156763,0
402,1774286481.7498443,22,0.023424625396728516,0.0,0.5153417587280273,0.01152297457451823,0.5153417587280273,6.043910980224609,0.08526627218934911,0.0,0.0,0.0,22,0.0,0.0,0.0,0.023750694050156763,0
403,1774286481.8502018,24,0.021472573280334473,0.0,0.5153417587280273,0.01060464227542468,0.5153417587280273,6.043910980224609,0.08526627218934911,0.0,0.0,0.0,24,0.021472573280334473,0.011304959834991834,0.0,0.02370868203103545,0
404,1774286481.9499881,23,0.0,0.0,0.0,0.0,0.0,6.043910980224609,0.0,0.0,0.0,0.0,23,-0.023424625396728516,-0.012332985331843918,0.0,0.02370868203103545,0
405,1774286482.0498476,24,0.021472573280334473,0.0,0.5153417587280273,0.01060464227542468,0.5153417587280273,6.043910980224609,0.08526627218934911,0.0,0.0,0.0,24,0.042945146560668945,0.02261345646603619,0.0,0.023666192910901593,0
406,1774286482.1503482,22,0.0,0.0,0.0,0.0,0.0,6.043910980224609,0.0,0.0,0.0,0.0,22,0.02240616342295771,0.011792595657509633,0.0,0.022581549814515926,0
407,1774286482.2503204,22,0.0,0.0,0.0,0.0,0.0,6.043910980224609,0.0,0.0,0.0,0.0,22,-0.018739700317382812,-0.009863140765339569,0.0,0.021309137330826445,0
408,1774286482.3504837,23,0.04481232684591542,0.0,1.0306835174560547,0.04417918202159336,1.0306835174560547,6.043910980224609,0.17053254437869822,0.0,0.0,0.0,23,0.04481232684591542,0.023584735557611945,0.0,0.022315723886106698,0
409,1774286482.4503005,22,0.0,0.0,0.0,0.0,0.0,6.043910980224609,0.0,0.0,0.0,0.0,22,-0.02240616342295771,-0.011794756503622734,0.0,0.022315723886106698,0
410,1774286482.5502484,23,0.06518156632133153,0.0,1.0306835174560547,0.05148152615739387,1.0306835174560547,6.043910980224609,0.17053254437869822,0.0,0.0,0.0,23,0.04435967707979507,0.02334862999603734,0.0,0.024780623908166394,0
411,1774286482.6502967,22,0.0,0.0,0.0,0.0,0.0,6.043910980224609,0.0,0.0,0.0,0.0,22,-0.02712325045936986,-0.014279388244450521,0.0,0.025064383306958926,0
412,1774286482.7401252,21,-0.017847333635602678,-0.4684925079345703,0.5153417587280273,0.031245539090303615,0.9838342666625977,6.043910980224609,0.1627810650887574,0.0,0.0,0.0,21,-0.017847333635602678,-0.009446492506515736,0.0,0.026025675367238807,0
413,1774286482.8451552,21,0.024540083748953685,0.0,0.5153417587280273,0.012044314208113213,0.5153417587280273,6.043910980224609,0.08526627218934911,0.0,0.0,0.0,21,0.024540083748953685,0.012951538632004024,0.0,0.025894364529521603,0
414,1774286482.9351819,23,0.02240616342295771,0.0,0.5153417587280273,0.01104479550539834,0.5153417587280273,6.043910980224609,0.08526627218934911,0.0,0.0,0.0,23,0.045830788819686226,0.02432286050328838,0.0,0.025676310661838526,0
415,1774286483.0406055,22,0.023424625396728516,0.0,0.5153417587280273,0.01152297457451823,0.5153417587280273,6.043910980224609,0.08526627218934911,0.0,0.0,0.0,22,-0.04379386487214462,-0.023171677324212204,0.0,0.02398256158383352,0
416,1774286483.1454058,22,0.04684925079345703,0.0,1.0306835174560547,0.04609189829807292,1.0306835174560547,6.043910980224609,0.17053254437869822,0.0,0.0,0.0,22,0.0020369239475416107,0.0010750523007473313,0.0,0.02229142142138053,0
417,1774286483.2354896,22,0.04471973939375444,0.0,0.5153417587280273,0.020048433921269218,0.5153417587280273,6.043910980224609,0.08526627218934911,0.0,0.0,0.0,22,0.02231357597079673,0.011841134197730105,0.0,0.022285883634129058,0
418,1774286483.34085,20,0.025767087936401367,0.0,0.5153417587280273,0.012614913593722576,0.5153417587280273,6.043910980224609,0.08526627218934911,0.0,0.0,0.0,20,0.025767087936401367,0.013634297546987076,0.0,0.022330337204311095,0
419,1774286483.4452891,22,0.023424625396728516,-0.9369850158691406,1.0306835174560547,0.09572549008008867,1.9676685333251953,6.043910980224609,0.3255621301775148,0.0,0.0,0.0,22,0.04471973939375444,0.023597227864119035,0.0,0.021952501952381485,0
420,1774286483.5357254,22,0.06814436479048296,0.0,1.0306835174560547,0.05361969750850199,1.0306835174560547,6.043910980224609,0.17053254437869822,0.0,0.0,0.0,22,0.027683648196133705,0.014683299255088555,0.0,0.022305739871260496,0
421,1774286483.6403039,21,0.024540083748953685,0.0,0.5153417587280273,0.012044314208113213,0.5153417587280273,6.043910980224609,0.08526627218934911,0.0,0.0,0.0,21,0.001115458352225169,0.0005900461396262852,0.0,0.02198272326635554,0
422,1774286483.745356,19,0.0,0.0,0.0,0.0,0.0,6.043910980224609,0.0,0.0,0.0,0.0,19,-0.021472573280334473,-0.011330251043766943,0.0,0.022551773700156392,0
423,1774286483.8352654,24,0.021472573280334473,0.0,0.5153417587280273,0.01060464227542468,0.5153417587280273,6.043910980224609,0.08526627218934911,0.0,0.0,0.0,24,0.021472573280334473,0.01138961022208744,0.0,0.022551773700156392,0
424,1774286483.9406948,22,0.04471973939375444,0.0,0.5153417587280273,0.020048433921269218,0.5153417587280273,6.043910980224609,0.08526627218934911,0.0,0.0,0.0,22,0.023247166113419968,0.01229457675809539,0.0,0.022481913112278543,0
425,1774286484.0457335,21,0.04908016749790737,0.0,1.0306835174560547,0.04817725683245285,1.0306835174560547,6.043910980224609,0.17053254437869822,0.0,0.0,0.0,21,0.04908016749790737,0.025894560011172938,0.0,0.02311193601198397,0
426,1774286484.1357143,21,0.024540083748953685,0.0,0.5153417587280273,0.012044314208113213,0.5153417587280273,6.043910980224609,0.08526627218934911,0.0,0.0,0.0,21,0.024540083748953685,0.013015892486018303,0.0,0.022361531163937725,0
427,1774286484.2403967,22,0.057496807791969994,0.0,0.7495880126953125,0.03430590423306983,0.7495880126953125,6.043910980224609,0.12402366863905326,0.0,0.0,0.0,22,0.012684480946054573,0.0067116742383766205,0.0,0.02242856906935409,0
428,1774286484.345695,21,-0.0044618334089006695,-0.5153417587280273,0.4216432571411133,0.021092480832224706,0.9369850158691406,6.043910980224609,0.15502958579881657,0.0,0.0,0.0,21,-0.0044618334089006695,-0.0023540393617304395,0.0,0.02331788812199323,0
429,1774286484.4353237,20,0.025767087936401367,0.0,0.5153417587280273,0.012614913593722576,0.5153417587280273,5.860805511474609,0.08793019282401758,0.0,0.0,0.0,20,-0.03941447838493016,-0.020908702024962516,0.0,0.022476098310640808,0
430,1774286484.540686,22,-0.11499361558393999,-1.0306835174560547,0.0,0.09332657093411462,1.0306835174560547,5.860805511474609,0.17586038564803516,0.0,0.0,0.0,22,-0.11499361558393999,-0.06083065610990597,0.0,0.03722968525746273,0
431,1774286484.6455295,22,-0.04684925079345703,-1.0306835174560547,0.0,0.04609189829807292,1.0306835174560547,5.860805511474609,0.17586038564803516,0.0,0.0,0.0,22,-0.029001917157854353,-0.015220872920190162,0.0,0.039768893331484076,0
432,1774286484.7354171,22,-0.04684925079345703,-1.0306835174560547,0.0,0.04609189829807292,1.0306835174560547,5.860805511474609,0.17586038564803516,0.0,0.0,0.0,22,-0.07138933454241071,-0.037766901494749455,0.0,0.04150878218794308,0
433,1774286484.8406572,22,-0.04471973939375444,-0.5153417587280273,0.0,0.020048433921269218,0.5153417587280273,5.860805511474609,0.08793019282401758,0.0,0.0,0.0,22,-0.06712590281671216,-0.035227903540733324,0.0,0.04346856377669453,0
434,1774286484.9451466,23,-0.04481232684591542,-0.5153417587280273,0.0,0.021085518692124102,0.5153417587280273,5.860805511474609,0.08793019282401758,0.0,0.0,0.0,23,-0.06823695224264394,-0.035828554850130694,0.0,0.04511865574522327,0
435,1774286485.035717,22,-0.09156899018721147,-1.0306835174560547,0.0,0.06195015964679008,1.0306835174560547,5.860805511474609,0.17586038564803516,0.0,0.0,0.0,22,-0.13841824098066852,-0.07322510598649712,0.0,0.049963602550150706,0
436,1774286485.1406271,22,-0.023424625396728516,-0.5153417587280273,0.0,0.01152297457451823,0.5153417587280273,5.860805511474609,0.08793019282401758,0.0,0.0,0.0,22,-0.06814436479048296,-0.035768737636377695,0.0,0.04922994162807939,0
437,1774286485.2458286,22,-0.023424625396728516,-0.5153417587280273,0.0,0.01152297457451823,0.5153417587280273,5.860805511474609,0.08793019282401758,0.0,0.0,0.0,22,-0.04919171333312988,-0.02582271294867785,0.0,0.04833934901922829,0
438,1774286485.335208,23,0.016295391580332882,-1.0306835174560547,1.0306835174560547,0.09821652862651743,2.0613670349121094,5.860805511474609,0.3517207712960703,0.0,0.0,0.0,23,-0.007129233816395634,-0.0037722434427713393,0.0,0.0480930535882844,0
439,1774286485.4402933,21,-0.024540083748953685,-0.5153417587280273,0.0,0.01204431420811321,0.5153417587280273,5.860805511474609,0.08793019282401758,0.0,0.0,0.0,21,-0.09268444853943664,-0.04866429060851504,0.0,0.04784695299263075,0
440,1774286485.5451224,18,0.049451986948649086,0.0,0.5153417587280273,0.02011270518033194,0.5153417587280273,5.860805511474609,0.08793019282401758,0.0,0.0,0.0,18,0.0249119031996954,0.013078360349765868,0.0,0.046540995213559845,0
441,1774286485.6356173,17,0.0,0.0,0.0,0.0,0.0,5.860805511474609,0.0,0.0,0.0,0.0,17,0.0,0.0,0.0,0.04599742426938796,0
442,1774286485.7406404,18,0.0,0.0,0.0,0.0,0.0,5.860805511474609,0.0,0.0,0.0,0.0,18,-0.021472573280334473,-0.011269473587794971,0.0,0.04599742426938796,0
443,1774286485.8451555,22,0.0,0.0,0.0,0.0,0.0,5.860805511474609,0.0,0.0,0.0,0.0,22,-0.04471973939375444,-0.02348157676969915,0.0,0.045525518499688125,0
444,1774286485.9356503,22,0.023424625396728516,0.0,0.5153417587280273,0.01152297457451823,0.5153417587280273,5.860805511474609,0.08793019282401758,0.0,0.0,0.0,22,-0.025655542101178853,-0.01357495779012627,0.0,0.04447211104480131,0
445,1774286486.0406814,22,-0.03407218239524148,-0.7495880126953125,0.0,0.024379185876666674,0.7495880126953125,5.860805511474609,0.1278984622894801,0.0,0.0,0.0,22,-0.058612266144195166,-0.0307681256430889,0.0,0.04250634124246619,0
446,1774286486.1453207,21,0.017847333635602678,0.0,0.37479400634765625,0.006370546358010297,0.37479400634765625,5.860805511474609,0.06394923114474005,0.0,0.0,0.0,21,-0.03964947415636731,-0.02081420356277268,0.0,0.042218027073756166,0
447,1774286486.2356315,23,0.016295391580332882,0.0,0.37479400634765625,0.005841875308640444,0.37479400634765625,6.043910980224609,0.06201183431952663,0.0,0.0,0.0,23,0.02075722498923355,0.010983028038115234,0.0,0.03952664055153556,0
448,1774286486.3404799,22,-0.006388534199107777,-0.5153417587280273,0.37479400634765625,0.018415899152742433,0.8901357650756836,5.992770195007324,0.14853494062182968,0.0,0.0,0.0,22,-0.03215562213550914,-0.016878208318644096,0.0,0.039497005742318125,0
449,1774286486.4456186,22,-0.023424625396728516,-0.5153417587280273,0.0,0.01152297457451823,0.5153417587280273,5.992770195007324,0.08599391299158561,0.0,0.0,0.0,22,0.09156899018721147,0.048069408641993897,0.0,0.038229398572054804,0
450,1774286486.5355613,25,0.06184101104736328,0.0,1.0306835174560547,0.04929111501041916,1.0306835174560547,5.992770195007324,0.17198782598317122,0.0,0.0,0.0,25,0.10869026184082031,0.05750710702467704,0.0,0.03561697585557856,0
451,1774286486.6402724,24,0.042945146560668945,0.0,0.5153417587280273,0.020287141744290693,0.5153417587280273,5.992770195007324,0.08599391299158561,0.0,0.0,0.0,24,0.08979439735412598,0.04713974843614315,0.0,0.03649472774991393,0
452,1774286486.7458274,23,0.02240616342295771,0.0,0.5153417587280273,0.011044795505398337,0.5153417587280273,5.992770195007324,0.08599391299158561,0.0,0.0,0.0,23,0.06712590281671216,0.03523354645020783,0.0,0.035805361917724404,0
453,1774286486.835462,24,0.0,-0.5153417587280273,0.5153417587280273,0.02213142735740803,1.0306835174560547,5.992770195007324,0.17198782598317122,0.0,0.0,0.0,24,0.04481232684591542,0.023706268118254346,0.0,0.03452187279683327,0
454,1774286486.9404771,22,0.04046071659434925,0.0,0.5153417587280273,0.016819642934627357,0.5153417587280273,5.992770195007324,0.08599391299158561,0.0,0.0,0.0,22,0.13202970678156073,0.06931566092542432,0.0,0.03411809480172846,0
455,1774286487.0453913,20,0.025767087936401367,0.0,0.5153417587280273,0.012614913593722576,0.5153417587280273,6.043910980224609,0.08526627218934911,0.0,0.0,0.0,20,0.04919171333312988,0.025825618713356598,0.0,0.02656986630760115,0
456,1774286487.1357708,19,0.0739725012528269,0.0,0.5153417587280273,0.029414668772731408,0.5153417587280273,5.860805511474609,0.08793019282401758,0.0,0.0,0.0,19,0.09739712664955541,0.05153444811029667,0.0,0.028983351919000384,0
457,1774286487.2404084,19,0.04931500083521793,0.0,0.5153417587280273,0.020902776196909997,0.5153417587280273,5.860805511474609,0.08793019282401758,0.0,0.0,0.0,19,0.03301960925488505,0.0173313042784688,0.0,0.028627783469850832,0
458,1774286487.3455122,20,0.051534175872802734,0.0,1.0306835174560547,0.050459654374890306,1.0306835174560547,5.860805511474609,0.17586038564803516,0.0,0.0,0.0,20,0.07607425962175642,0.039929407603336506,0.0,0.02956362442853028,0
459,1774286487.4356058,20,0.04919171333312988,0.0,0.5153417587280273,0.02183329325333716,0.5153417587280273,5.860805511474609,0.08793019282401758,0.0,0.0,0.0,20,-0.0002602736155192034,-0.0001376756962585745,0.0,0.028437421292581755,0
460,1774286487.5403278,20,0.04450678825378418,0.0,0.5153417587280273,0.018321529573483986,0.5153417587280273,5.860805511474609,0.08793019282401758,0.0,0.0,0.0,20,0.04450678825378418,0.023366694058719967,0.0,0.02822731905403122,0
461,1774286487.645118,20,0.025767087936401367,0.0,0.5153417587280273,0.012614913593722576,0.5153417587280273,5.860805511474609,0.08793019282401758,0.0,0.0,0.0,20,0.025767087936401367,0.013529740642101523,0.0,0.027741999276258058,0
462,1774286487.7356071,21,0.017847333635602678,0.0,0.37479400634765625,0.006370546358010297,0.37479400634765625,5.992770195007324,0.06254102763024408,0.0,0.0,0.0,21,0.017847333635602678,0.00944077752514089,0.0,0.027235840085137134,0
463,1774286487.8406425,21,0.024540083748953685,0.0,0.5153417587280273,0.012044314208113213,0.5153417587280273,5.992770195007324,0.08599391299158561,0.0,0.0,0.0,21,0.001115458352225169,0.0005855448692573969,0.0,0.026629676582958554,0
464,1774286487.9450765,21,0.0,0.0,0.0,0.0,0.0,6.043910980224609,0.0,0.0,0.0,0.0,21,0.03407218239524148,0.01789134110533798,0.0,0.027233777140998946,0
465,1774286488.0353243,21,0.024540083748953685,0.0,0.5153417587280273,0.012044314208113213,0.5153417587280273,6.043910980224609,0.08526627218934911,0.0,0.0,0.0,21,0.0066927501133510064,0.003541130728995374,0.0,0.023633056259590463,0
466,1774286488.1402156,23,0.0,0.0,0.0,0.0,0.0,6.043910980224609,0.0,0.0,0.0,0.0,23,-0.016295391580332882,-0.008555878937905192,0.0,0.024324448400767952,0
467,1774286488.2451937,24,0.0,0.0,0.0,0.0,0.0,6.043910980224609,0.0,0.0,0.0,0.0,24,0.006388534199107777,0.003354065039776139,0.0,0.024936449797540124,0
468,1774286488.3356755,25,0.020613670349121094,0.0,0.5153417587280273,0.01019816172629362,0.5153417587280273,6.043910980224609,0.08526627218934911,0.0,0.0,0.0,25,0.04403829574584961,0.023299984749238504,0.0,0.023840144998271737,0
469,1774286488.4403813,25,0.04122734069824219,0.0,1.0306835174560547,0.04079264690517448,1.0306835174560547,5.992770195007324,0.17198782598317122,0.0,0.0,0.0,25,-0.020613670349121094,-0.01082184706374476,0.0,0.02090620329056996,0
470,1774286488.5456853,24,0.021472573280334473,0.0,0.5153417587280273,0.01060464227542468,0.5153417587280273,6.043910980224609,0.08526627218934911,0.0,0.0,0.0,24,-0.021472573280334473,-0.011269249379463983,0.0,0.019729779344390116,0
471,1774286488.6357841,24,0.0,0.0,0.0,0.0,0.0,5.992770195007324,0.0,0.0,0.0,0.0,24,-0.02240616342295771,-0.011855384449878817,0.0,0.02039961510454146,0
472,1774286488.7404106,23,0.04277540289837381,0.0,0.5153417587280273,0.019259932658173967,0.5153417587280273,5.992770195007324,0.08599391299158561,0.0,0.0,0.0,23,0.04277540289837381,0.022454887103341276,0.0,0.02066860961318407,0
473,1774286488.845297,24,-0.0409930944442749,-0.5153417587280273,0.0,0.018530497802871082,0.5153417587280273,6.043910980224609,0.08526627218934911,0.0,0.0,0.0,24,-0.08145381103862415,-0.04276194733349556,0.0,0.024909172730730476,0
474,1774286488.9499638,24,0.021472573280334473,0.0,0.5153417587280273,0.01060464227542468,0.5153417587280273,5.992770195007324,0.08599391299158561,0.016111063460508983,0.1933327615261078,0.05343435247211316,24,-0.0042945146560668945,-0.0022548444260621333,0.0,0.024686562583433495,0
475,1774286489.049793,21,0.0,0.0,0.0,0.0,0.0,5.992770195007324,0.0,0.027618965932301114,0.1933327615261078,0.06765237375744962,21,-0.0739725012528269,-0.03864767136569247,0.0,0.02526175264935741,0
476,1774286489.1498005,22,0.04471973939375444,0.0,0.5153417587280273,0.020048433921269215,0.5153417587280273,6.043910980224609,0.08526627218934911,0.0,0.0,0.0,22,-0.004595261441463487,-0.0024066619931291202,0.0,0.023039809071418615,0
477,1774286489.250245,21,-0.024540083748953685,-0.5153417587280273,0.0,0.01204431420811321,0.5153417587280273,6.043910980224609,0.08526627218934911,0.036825287909734813,0.3866655230522156,0.11350316022706673,21,-0.07607425962175642,-0.03993959358872917,0.0,0.02424143589427101,0
478,1774286489.3502297,18,0.023424625396728516,0.0,0.4216432571411133,0.009328122274609996,0.4216432571411133,6.043910980224609,0.06976331360946746,0.0,0.0,0.0,18,-0.025767087936401367,-0.013458040984918153,0.0,0.023055872200279607,0
479,1774286489.4498763,22,0.0,0.0,0.0,0.0,0.0,6.043910980224609,0.0,0.07030282237313011,0.5799982845783234,0.18009738989136673,22,-0.04450678825378418,-0.023307492720583398,0.0,0.022075182882045512,0
480,1774286489.5498176,21,0.0,0.0,0.0,0.0,0.0,6.043910980224609,0.0,0.05523793186460223,0.5799982845783234,0.17025474034060006,21,-0.025767087936401367,-0.01352816392867644,0.0,0.02114874346783404,0
481,1774286489.6498506,22,-0.1341592181812633,-1.499176025390625,0.0,0.18003684123689423,1.499176025390625,6.043910980224609,0.24804733727810652,0.06151496957648884,0.5799982845783234,0.14731125637200104,22,-0.15200655181686598,-0.07940816046490047,0.0,0.03800355669757517,0
482,1774286489.7502563,20,0.0,0.0,0.0,0.0,0.0,6.043910980224609,0.0,0.11599965691566468,0.7733310461044312,0.27613441586624826,20,-0.024540083748953685,-0.012850809485955671,0.0,0.037880720936295235,0
483,1774286489.8502588,19,0.0,0.0,0.0,0.0,0.0,6.043910980224609,0.0,0.1628065360219855,1.3533293306827545,0.41257485908766994,19,0.0,0.0,0.0,0.03756753542176536,0
484,1774286489.9497416,17,0.0,0.0,0.0,0.0,0.0,6.043910980224609,0.0,0.056862576919443464,0.5799982845783234,0.14474848944772847,17,-0.024540083748953685,-0.01281856582362906,0.0,0.03756753542176536,0
485,1774286490.0499086,18,-0.1952052116394043,-1.499176025390625,0.0,0.22149717793240598,1.499176025390625,6.043910980224609,0.24804733727810652,0.11814779871039921,0.9666638076305389,0.27446662366289165,18,-0.1952052116394043,-0.1022181111641154,0.0,0.05665950940106089,0
486,1774286490.1497571,19,-0.044383500751696135,-1.452326774597168,0.6090402603149414,0.12856605743451388,2.0613670349121094,6.043910980224609,0.34106508875739644,0.1628065360219855,0.9666638076305389,0.32751540413230995,19,-0.044383500751696135,-0.023303766166650114,0.0,0.05713233982384599,0
487,1774286490.2499347,17,-0.2645604750689338,-1.546025276184082,0.0,0.32688869443823604,1.546025276184082,6.043910980224609,0.2557988165680473,0.23882282306166255,1.1599965691566467,0.43245475775242787,17,-0.2851741454180549,-0.14897363226155352,0.0,0.07932836886007517,0
488,1774286490.3502004,19,-0.09863000167043585,-1.452326774597168,0.0,0.11064244363914143,1.452326774597168,6.043910980224609,0.2402958579881657,0.09157867651236684,0.5799982845783234,0.21149189414577863,19,-0.13985734236867803,-0.07323067428492191,0.0,0.08019697451950547,0
489,1774286490.449725,22,-0.0021295113997025924,-0.7027387619018555,0.6558895111083984,0.04199695692035157,1.358628273010254,6.043910980224609,0.22479289940828404,0.13181779194961896,0.7733310461044312,0.2818970044571657,22,-0.023602084680037064,-0.012395794927452035,0.0,0.07880626219659605,0
490,1774286490.5497584,21,-0.0022309167044503348,-1.546025276184082,1.546025276184082,0.2716341243183483,3.092050552368164,6.043910980224609,0.5115976331360946,0.15650747361637296,0.9666638076305389,0.2899626069640039,21,-0.0022309167044503348,-0.0011655938754181233,0.0,0.07816069350489811,0
491,1774286490.6500528,20,0.0,0.0,0.0,0.0,0.0,6.043910980224609,0.0,0.1643328472971916,0.9666638076305389,0.3307911685318738,20,-0.04277540289837381,-0.022399694801783464,0.005445993282425571,0.07816069350489813,0
492,1774286490.7502215,22,-0.03194267099553889,-0.7027387619018555,0.0,0.02142701883691407,0.7027387619018555,6.043910980224609,0.11627218934911243,0.20212061432274905,0.9666638076305389,0.3754172360390104,22,0.009050423448736016,0.004751067015267313,0.014009620400442593,0.07617547389497918,0
493,1774286490.8500273,23,-0.06518156632133153,-0.7495880126953125,0.0,0.04461068417507244,0.7495880126953125,6.043910980224609,0.12402366863905326,0.16811544480531113,0.9666638076305389,0.3663991173773705,23,-0.086654139601666,-0.04560591734477664,0.014427818024336403,0.07641364637338652,0
494,1774286490.9497976,21,-0.037925583975655694,-0.7964372634887695,0.0,0.028766998397890247,0.7964372634887695,6.043910980224609,0.13177514792899409,0.10126954175177075,0.9666638076305389,0.2574480081946719,21,-0.037925583975655694,-0.019960785079278197,0.02114577079191804,0.07516257196052921,0
495,1774286491.0498648,20,-0.11243820190429688,-0.7964372634887695,0.0,0.07185946429899559,0.7964372634887695,6.043910980224609,0.13177514792899409,0.15466620922088622,0.7733310461044312,0.30933241844177245,20,-0.15715794129805133,-0.08271190984997853,0.012677558132859527,0.07603790115295872,0
496,1774286491.150158,19,-0.04191775070993524,-0.7964372634887695,0.0,0.031627760842444966,0.7964372634887695,6.043910980224609,0.13177514792899409,0.09157867651236684,0.5799982845783234,0.21149189414577863,19,-0.017377666960981555,-0.009146560120267962,0.03803267439857858,0.07308500653774812,0
497,1774286491.2497337,18,-0.04684925079345703,-0.8432865142822266,0.0,0.03731248909843998,0.8432865142822266,6.043910980224609,0.1395266272189349,0.2148141794734531,0.9666638076305389,0.4018805307053145,18,-0.07027387619018555,-0.03699590955149661,0.04437145346500834,0.07283344377079885,0
498,1774286491.3497357,15,-0.10306835174560547,-0.7964372634887695,0.0,0.06912321509844332,0.7964372634887695,6.043910980224609,0.13177514792899409,0.23199931383132935,1.1599965691566467,0.46399862766265865,15,-0.10306835174560547,-0.054250514645756566,0.06246135372381944,0.07142638325727484,0
499,1774286491.4502003,18,-0.049451986948649086,-0.8901357650756836,0.0,0.041573483223879125,0.8901357650756836,6.043910980224609,0.14727810650887574,0.25777701536814374,1.1599965691566467,0.4822566368463774,18,-0.049451986948649086,-0.02602211936602297,0.07671934981194753,0.07018524672094062,0
500,1774286491.5501122,19,0.0,0.0,0.0,0.0,0.0,6.043910980224609,0.0,0.13228031051786324,0.7733310461044312,0.2590236126959352,19,0.1341592181812633,0.07060039276619005,0.11092863366252086,0.07018524672094062,0
501,1774286491.6501172,18,-0.049451986948649086,-0.8901357650756836,0.0,0.041573483223879125,0.8901357650756836,6.043910980224609,0.14727810650887574,0.12888850768407187,0.9666638076305389,0.30906378407200275,18,-0.049451986948649086,-0.026029267731128812,0.11392823447074209,0.06820081837624202,0
502,1774286491.7502446,18,0.0,0.0,0.0,0.0,0.0,6.043910980224609,0.0,0.16111063460508981,0.9666638076305389,0.3173511461165321,18,0.0,0.0,0.11456756238584165,0.06820081837624202,0
503,1774286491.8498912,19,-0.1479450025056538,-0.9838342666625977,0.0,0.11696556383832303,0.9838342666625977,6.043910980224609,0.1627810650887574,0.21368357852885597,1.1599965691566467,0.37053020391488023,19,-0.1479450025056538,-0.07785966103179108,0.11456756238584165,0.06959714011115788,0
504,1774286491.9499466,19,-0.15534225263093648,-1.0306835174560547,0.0,0.12893085283062056,1.0306835174560547,6.043910980224609,0.17053254437869822,0.1729819445233596,0.9666638076305389,0.3542445385067235,19,0.03986295900846781,0.020980085096295033,0.17185134357876247,0.07060782302059133,0
505,1774286492.0498426,18,0.0,0.0,0.0,0.0,0.0,6.043910980224609,0.0,0.2148141794734531,0.9666638076305389,0.4018805307053145,18,0.044383500751696135,0.023358686721139364,0.16169649145819925,0.06632399658650173,0
506,1774286492.1500683,20,0.0,0.0,0.0,0.0,0.0,6.043910980224609,0.0,0.0966663807630539,0.7733310461044312,0.23280347330957232,20,0.2645604750689338,0.13923256433568199,0.14999955635646295,0.06762850955060556,0
507,1774286492.2502365,22,0.0,0.0,0.0,0.0,0.0,6.043910980224609,0.0,0.07909067516977136,0.7733310461044312,0.19904050096851772,22,0.09863000167043585,0.051909541007318906,0.12784908423500677,0.04998376908739961,0
508,1774286492.3497603,21,0.0,0.0,0.0,0.0,0.0,6.043910980224609,0.0,0.08285689779690333,0.5799982845783234,0.1845861816864304,21,0.0021295113997025924,0.0011207746027478587,0.15036992563141716,0.04953227517142266,0
509,1774286492.4499898,19,0.0,0.0,0.0,0.0,0.0,6.043910980224609,0.0,0.08140326801099275,0.5799982845783234,0.1808820180716376,19,0.0022309167044503348,0.0011740237266789596,0.17492011757124037,0.04962070846233617,0
510,1774286492.5502365,20,-0.04450678825378418,-0.8901357650756836,0.0,0.03763622981267645,0.8901357650756836,6.043910980224609,0.14727810650887574,0.14499957114458084,0.9666638076305389,0.32278466389154703,20,-0.04450678825378418,-0.02342236109947016,0.1784610106394841,0.048766690055829655,0
511,1774286492.649802,19,0.0,0.0,0.0,0.0,0.0,6.043910980224609,0.0,0.14245571901923731,0.9666638076305389,0.28636137838491815,19,0.03194267099553889,0.016815645009119987,0.15818135033954273,0.048766690055829655,0
512,1774286492.7497308,21,0.0,0.0,0.0,0.0,0.0,6.043910980224609,0.0,0.16571379559380667,1.1599965691566467,0.4059142425446977,21,0.06518156632133153,0.03431144188039536,0.1419787467457354,0.04966016473275395,0
513,1774286492.8501942,19,0.0,0.0,0.0,0.0,0.0,6.043910980224609,0.0,0.08140326801099275,0.9666638076305389,0.2201277426029789,19,0.037925583975655694,0.019956668132186876,0.11599965691566468,0.05021383758445282,0
514,1774286492.950132,19,0.0,0.0,0.0,0.0,0.0,6.043910980224609,0.0,0.050877042506870473,0.9666638076305389,0.21585301057994602,19,0.11243820190429688,0.05916968223772812,0.15263112752061142,0.050946177883453805,0
515,1774286493.0502186,17,0.06889595704920151,0.0,1.1712312698364258,0.0759464463636067,1.1712312698364258,6.043910980224609,0.1937869822485207,0.04549006153555477,0.3866655230522156,0.12457966422660721,17,0.11081370775913675,0.058321142298344265,0.1747430729178282,0.05290942281739266,0
516,1774286493.1496828,21,0.05577291761125837,0.0,1.1712312698364258,0.06221236677744429,1.1712312698364258,6.043910980224609,0.1937869822485207,0.018412643954867407,0.1933327615261078,0.056751580113533366,21,0.1026221684047154,0.0540131153094143,0.23503198460036634,0.0558700785753283,0
517,1774286493.2502031,22,0.0,0.0,0.0,0.0,0.0,6.043910980224609,0.0,0.07909067516977136,0.7733310461044312,0.2231837810418939,22,0.10306835174560547,0.05423315968184217,0.20448657469107553,0.055828197995237396,0
518,1774286493.3501709,22,0.0,0.0,0.0,0.0,0.0,6.043910980224609,0.0,0.02636355838992379,0.1933327615261078,0.06634683365617257,22,0.049451986948649086,0.026027765236208294,0.17224191481416876,0.0527081228310183,0
519,1774286493.449833,24,-0.04684925079345703,-1.1243820190429688,0.0,0.05048160289788939,1.1243820190429688,6.043910980224609,0.18603550295857987,0.03222212692101797,0.1933327615261078,0.07205086617502215,24,-0.04684925079345703,-0.024661126008188247,0.14060564474626022,0.052628772791892355,0
520,1774286493.5496879,19,0.0,0.0,0.0,0.0,0.0,6.043910980224609,0.0,0.0,0.0,0.0,19,0.049451986948649086,0.026033243646769403,0.16872677369551226,0.052628772791892355,0
521,1774286493.649867,21,0.0,0.0,0.0,0.0,0.0,6.043910980224609,0.0,0.027618965932301114,0.1933327615261078,0.0676523737574496,21,0.0,0.0,0.18297564930149487,0.05215726583908304,0
522,1774286493.7502391,23,-0.11610466500987178,-1.452326774597168,0.0,0.1427359334998924,1.452326774597168,6.043910980224609,0.2402958579881657,0.016811544480531113,0.1933327615261078,0.054475630259036005,23,0.03184033749578201,0.016755004012842193,0.20023750300918305,0.05660360289653735,0
523,1774286493.849733,17,0.0,0.0,0.0,0.0,0.0,6.043910980224609,0.0,0.04549006153555477,0.3866655230522156,0.12457966422660721,17,0.15534225263093648,0.08176826969464025,0.15941473318819413,0.04837824633837255,0
524,1774286493.950183,21,-0.21416800362723215,-4.497528076171875,0.0,0.9173586755534828,4.497528076171875,6.043910980224609,0.7441420118343195,0.018412643954867407,0.1933327615261078,0.056751580113533366,21,-0.21416800362723215,-0.11269981567092013,0.12566629499197007,0.057867066467215636,0
525,1774286494.0496476,18,-0.5543828010559082,-4.497528076171875,0.0,1.9412858911493913,4.497528076171875,6.043910980224609,0.7441420118343195,0.010740708973672655,0.1933327615261078,0.04428507759247181,18,-0.5543828010559082,-0.2918450443073555,0.08592567178938124,0.13085913816550993,0
526,1774286494.1496365,17,-0.07440763361313764,-1.2649297714233398,0.0,0.08858393503851086,1.2649297714233398,6.043910980224609,0.20928994082840235,0.022745030767777386,0.1933327615261078,0.062289832113303606,17,-0.07440763361313764,-0.03917428334080208,0.08107502902707746,0.13065360938216108,0
527,1774286494.2496343,18,0.0,0.0,0.0,0.0,0.0,6.043910980224609,0.0,0.0,0.0,0.0,18,0.0,0.0,0.10311080614725748,0.13065360938216106,0
528,1774286494.3498805,16,-0.07905811071395874,-1.2649297714233398,0.0,0.09375277304490837,1.2649297714233398,5.811095237731934,0.21767493384208259,0.0,0.0,0.0,16,-0.07905811071395874,-0.041611926584435965,0.12333296855975842,0.13038906813882628,0
529,1774286494.4501343,20,-0.28812289237976074,-4.497528076171875,0.0,1.0083755050160903,4.497528076171875,5.811095237731934,0.7739553203274048,0.0,0.0,0.0,20,-0.24361610412597656,-0.12822589844403431,0.15144399652878443,0.13963155324503912,0
530,1774286494.5501807,19,0.06410950108578331,0.0,1.2180805206298828,0.07398050633042494,1.2180805206298828,5.811095237731934,0.2096128992553388,0.0,0.0,0.0,19,0.06410950108578331,0.0337351186626361,0.131073058661768,0.14239418034915327,0
531,1774286494.6501024,16,0.0,0.0,0.0,0.0,0.0,5.811095237731934,0.0,0.0,0.0,0.0,16,0.0,0.0,0.1015816204628702,0.14239418034915327,0
532,1774286494.749651,19,-0.1454792524638929,-1.546025276184082,0.0,0.18272601390981189,1.546025276184082,5.677700042724609,0.27229780801209374,0.0,0.0,0.0,19,-0.1454792524638929,-0.07658992671129831,0.05975739901716059,0.14289834295408277,0
533,1774286494.8498683,21,-0.2877882548740932,-4.497528076171875,0.0,0.9942232989543507,4.497528076171875,5.677700042724609,0.7921390778533636,0.0,0.0,0.0,21,-0.2877882548740932,-0.15148851925176238,0.03730983117170501,0.14980149996743494,0
534,1774286494.949765,19,-0.14301350242213198,-1.546025276184082,0.0,0.17754591928509766,1.546025276184082,5.677700042724609,0.27229780801209374,0.020350817002748187,0.1933327615261078,0.05933231748191226,19,-0.2119094594713335,-0.11155792833791377,0.04833319038152695,0.14918216932887368,0
535,1774286495.0501897,20,-0.0773012638092041,-1.546025276184082,0.0,0.11353422234350319,1.546025276184082,5.629420280456543,0.2746331236897275,0.0,0.0,0.0,20,-0.13307418142046246,-0.07002035945794707,0.041640902482546295,0.14483216492477063,0
536,1774286495.150181,19,-0.3180817553871556,-4.497528076171875,0.0,1.089242573234792,4.497528076171875,5.629420280456543,0.7989327234610254,0.0,0.0,0.0,19,-0.3180817553871556,-0.16741339550868994,0.04549006153555477,0.14820893758539758,0
537,1774286495.250211,18,-0.08589029312133789,-1.546025276184082,0.0,0.12541142169197883,1.546025276184082,5.629420280456543,0.2746331236897275,0.0,0.0,0.0,18,-0.08589029312133789,-0.04520446219802729,0.020820451241273148,0.14607147520960767,0
538,1774286495.34963,17,-0.090942663304946,-1.546025276184082,0.0,0.13232908814394834,1.546025276184082,5.629420280456543,0.2746331236897275,0.0,0.0,0.0,17,-0.044093412511488975,-0.02320953651507879,0.02114577079191804,0.14371371342587083,0
539,1774286495.4498613,16,-0.02049654722213745,-1.546025276184082,1.2180805206298828,0.24169953588559778,2.764105796813965,5.629420280456543,0.49101073629375513,0.0,0.0,0.0,16,-0.02049654722213745,-0.010786671861207882,0.015343869962389506,0.1445232313240177,0
540,1774286495.55014,16,-0.023424625396728516,-1.546025276184082,1.1712312698364258,0.23457483955269254,2.717256546020508,5.629420280456543,0.4826885204243695,0.0,0.0,0.0,16,-0.023424625396728516,-0.012326980014107335,0.028524505798933935,0.1436255093421289,0
541,1774286495.6497998,14,0.0,0.0,0.0,0.0,0.0,5.629420280456543,0.0,0.0,0.0,0.0,14,0.11610466500987178,0.06112185076560296,0.025355116265719055,0.1436255093421289,0
542,1774286495.750164,18,-0.37479400634765625,-1.546025276184082,0.0,0.37263714602886466,1.546025276184082,5.629420280456543,0.2746331236897275,0.0,0.0,0.0,18,-0.37479400634765625,-0.19721527515106352,0.024166595190763474,0.1537389540917663,0
543,1774286495.8500586,16,-0.07905811071395874,-1.2649297714233398,0.0,0.09375277304490837,1.2649297714233398,5.811095237731934,0.21767493384208259,0.0,0.0,0.0,16,0.1351098929132734,0.07111512459387309,0.017261853707688197,0.15119533991833795,0
544,1774286495.9497948,18,-0.3097256024678548,-1.546025276184082,0.0,0.34096759509654684,1.546025276184082,5.629420280456543,0.2746331236897275,0.0,0.0,0.0,18,0.2446571985880534,0.12875697137337494,0.010943363859968365,0.15493926522830817,0
545,1774286496.0496378,19,-0.18246550309030632,-1.546025276184082,1.2180805206298828,0.5710993524514688,2.764105796813965,5.629420280456543,0.49101073629375513,0.0,0.0,0.0,19,-0.10805786947716868,-0.05687252434528941,0.007581676922592462,0.12380734864937834,0
546,1774286496.15032,18,-0.32534201939900714,-1.546025276184082,0.0,0.37348392546555764,1.546025276184082,5.629420280456543,0.2746331236897275,0.0,0.0,0.0,18,-0.32534201939900714,-0.17117085927081443,0.0,0.13049791629146726,0
547,1774286496.249857,20,-0.29280781745910645,-1.546025276184082,0.0,0.34566180158179804,1.546025276184082,5.629420280456543,0.2746331236897275,0.0,0.0,0.0,20,-0.2137497067451477,-0.1125012375959631,0.0,0.1305809059684212,0
548,1774286496.3496406,18,-0.32534201939900714,-1.546025276184082,0.0,0.37348392546555764,1.546025276184082,5.608320236206055,0.27566636908557585,0.0,0.0,0.0,18,-0.0372191270192464,-0.019594105279787662,0.0,0.13458024644327088,0
549,1774286496.4499974,15,-0.2873420715332031,-1.546025276184082,0.0,0.3332858830162877,1.546025276184082,5.629420280456543,0.2746331236897275,0.0,0.0,0.0,15,-0.3514515726189864,-0.18499235378632112,0.0,0.13454471856903452,0
550,1774286496.5501688,17,-0.24802544537712545,-1.546025276184082,0.0,0.2919837076895224,1.546025276184082,5.629420280456543,0.2746331236897275,0.0,0.0,0.0,17,-0.24802544537712545,-0.13053514790056672,0.0,0.12478269282623539,0
551,1774286496.6501484,17,-0.23149041568531709,-1.546025276184082,0.0,0.2549825990211732,1.546025276184082,5.629420280456543,0.2746331236897275,0.0,0.0,0.0,17,-0.08601116322142419,-0.04525718454993742,0.006553652933088399,0.1180223118756819,0
552,1774286496.749765,17,-0.3224330789902631,-1.546025276184082,0.0,0.3452069773011381,1.546025276184082,5.629420280456543,0.2746331236897275,0.0,0.0,0.0,17,-0.03464482411616987,-0.018235110121463026,0.006444425384203593,0.12077093613564432,0
553,1774286496.849638,16,-0.11712312698364258,-1.546025276184082,1.1712312698364258,0.3618762729473701,2.717256546020508,5.629420280456543,0.4826885204243695,0.0,0.0,0.0,16,0.025890375438489405,0.013627424143396759,0.006666646949176131,0.12038637132761085,0
554,1774286496.9498734,14,-0.11043037687029157,-1.546025276184082,0.0,0.1585332857642901,1.546025276184082,5.629420280456543,0.2746331236897275,0.0,0.0,0.0,14,-0.03312911306108747,-0.017439278348524767,0.0,0.1212657436350993,0
555,1774286497.0499485,17,-0.019290867973776424,-1.546025276184082,1.2180805206298828,0.22750517472682033,2.764105796813965,5.629420280456543,0.49101073629375513,0.0,0.0,0.0,17,0.29879088741337917,0.1572776159843194,0.0,0.12460147960984257,0
556,1774286497.1495862,14,-0.22086075374058314,-1.546025276184082,0.0,0.29267683525715105,1.546025276184082,5.629420280456543,0.2746331236897275,0.0,0.0,0.0,14,-0.13497046061924525,-0.07106045219498748,0.0,0.12129310686662981,0
557,1774286497.250171,17,-0.16259445863611557,-1.546025276184082,0.0,0.20144035433483043,1.546025276184082,5.629420280456543,0.2746331236897275,0.0,0.0,0.0,17,-0.07165179533116957,-0.03770073983624876,0.0,0.11934747344071953,0
558,1774286497.35024,18,-0.08589029312133789,-1.546025276184082,0.0,0.12541142169197883,1.546025276184082,5.629420280456543,0.2746331236897275,0.0,0.0,0.0,18,-0.06539374589920044,-0.03441090228969211,0.0,0.11955611413725757,0
559,1774286497.4498777,19,-0.08136975137810958,-1.546025276184082,0.0,0.1191786559080366,1.546025276184082,5.629420280456543,0.2746331236897275,0.0,0.0,0.0,19,-0.05794512598138106,-0.030501643393075532,0.0,0.11600190317548197,0
560,1774286497.5497155,20,-0.2272188663482666,-1.546025276184082,0.0,0.29285365524600593,1.546025276184082,5.629420280456543,0.2746331236897275,0.009666638076305389,0.1933327615261078,0.042135898498397606,20,-0.2272188663482666,-0.119594183533229,0.0,0.1097027756784284,0
561,1774286497.6496823,17,-0.15708278207217946,-1.546025276184082,0.0,0.190291416008653,1.546025276184082,5.629420280456543,0.2746331236897275,0.0,0.0,0.0,17,0.2177112242754768,0.11461391545610679,0.0,0.10031089062819366,0
562,1774286497.7499278,18,-0.08589029312133789,-1.546025276184082,0.0,0.12541142169197883,1.546025276184082,5.629420280456543,0.2746331236897275,0.0,0.0,0.0,18,-0.00683218240737915,-0.003596133036184769,0.0,0.09596421886879203,0
563,1774286497.8497956,19,-0.08136975137810958,-1.546025276184082,0.0,0.1191786559080366,1.546025276184082,5.629420280456543,0.2746331236897275,0.0,0.0,0.0,19,0.2283558510897452,0.1201872387700973,0.0,0.09582749949614508,0
564,1774286497.949649,15,0.0,0.0,0.0,0.0,0.0,5.629420280456543,0.0,0.0,0.0,0.0,15,0.18246550309030632,0.09603390410908014,0.0,0.100727949660296,0
565,1774286498.0496225,17,-0.17912948832792394,-1.546025276184082,0.0,0.24071985639408786,1.546025276184082,5.629420280456543,0.2746331236897275,0.0,0.0,0.0,17,0.1462125310710832,0.0769822250063855,0.0,0.10072354073590217,0
566,1774286498.1499236,16,-0.25181472301483154,-1.546025276184082,0.0,0.2787119475211597,1.546025276184082,5.629420280456543,0.2746331236897275,0.0,0.0,0.0,16,0.0409930944442749,0.021574556459743745,0.0,0.09653519125386276,0
567,1774286498.2501326,16,-0.18739700317382812,-1.546025276184082,0.0,0.24609781412721077,1.546025276184082,5.629420280456543,0.2746331236897275,0.0,0.0,0.0,16,0.13794501622517902,0.07258384652193219,0.0,0.09272771931906555,0
568,1774286498.3500285,14,-0.11043037687029157,-1.546025276184082,0.0,0.15853328576429013,1.546025276184082,5.629420280456543,0.2746331236897275,0.0,0.0,0.0,14,0.17691169466291157,0.09310989468237751,0.0,0.08622408532384578,0
569,1774286498.4500759,14,-0.11043037687029157,-1.546025276184082,0.0,0.1585332857642901,1.546025276184082,5.659818649291992,0.2731580942752433,0.0,0.0,0.0,14,0.1375950685068339,0.07242199770134272,0.0,0.08148237846826889,0
570,1774286498.5495768,13,-0.11892502124492939,-1.546025276184082,0.0,0.1697179281372829,1.546025276184082,5.659818649291992,0.2731580942752433,0.0,0.0,0.0,13,0.1125653944403877,0.05926277419018674,0.0,0.07848098319990322,0
571,1774286498.6498728,12,-0.12883543968200684,-1.546025276184082,0.0,0.18258427569861624,1.546025276184082,5.659818649291992,0.2731580942752433,0.0,0.0,0.0,12,0.19359763930825624,0.10188771033801775,0.0,0.0758421065589697,0
572,1774286498.7497425,14,-0.11043037687029157,-1.546025276184082,0.0,0.1585332857642901,1.546025276184082,5.659818649291992,0.2731580942752433,0.0,0.0,0.0,14,0.0066927501133510064,0.00352230629072073,0.0,0.0630501090979901,0
573,1774286498.8494847,12,0.0,0.0,0.0,0.0,0.0,5.629420280456543,0.0,0.0,0.0,0.0,12,0.11043037687029157,0.05813314580115705,0.0,0.06889418577840585,0
574,1774286498.9501805,12,0.0,0.0,0.0,0.0,0.0,5.629420280456543,0.0,0.0,0.0,0.0,12,0.019290867973776424,0.010151848403610214,0.0,0.07380766271739286,0
575,1774286499.0498526,14,-0.3212520054408482,-4.497528076171875,0.0,1.3416370629969687,4.497528076171875,5.629420280456543,0.7989327234610254,0.0,0.0,0.0,14,-0.10039125170026506,-0.05283009331165641,0.0,0.08282496897992847,0
576,1774286499.149982,13,-0.11892502124492939,-1.546025276184082,0.0,0.1697179281372829,1.546025276184082,5.629420280456543,0.2746331236897275,0.0,0.0,0.0,13,0.043669437391186186,0.022986200582376704,0.0,0.08023721429078343,0
577,1774286499.2495756,16,-0.24595856666564941,-1.546025276184082,0.0,0.2673604457825718,1.546025276184082,5.629420280456543,0.2746331236897275,0.0,0.0,0.0,16,-0.16006827354431152,-0.08427592871100603,0.0033918028337913647,0.08410472299806732,0
578,1774286499.3501034,15,-0.10306835174560547,-1.546025276184082,0.0,0.14872319184178195,1.546025276184082,5.629420280456543,0.2746331236897275,0.0,0.0,0.0,15,-0.021698600367495893,-0.01141895989520232,0.003452370741537639,0.08373557926135368,0
579,1774286499.450023,13,-0.025226519658015326,-1.546025276184082,1.2180805206298828,0.29735703111656175,2.764105796813965,5.629420280456543,0.49101073629375513,0.0,0.0,0.0,13,0.2019923466902513,0.1062945631281464,0.003515141118656505,0.0862547274830356,0
580,1774286499.549606,14,-0.39152588163103375,-1.546025276184082,0.0,0.39212828054023807,1.546025276184082,5.629420280456543,0.2746331236897275,0.013809482966150557,0.1933327615261078,0.04979079892210237,14,-0.23444309955885428,-0.12339605376982508,0.0,0.10173337948312633,0
581,1774286499.6500368,12,-0.3279447555541992,-1.546025276184082,0.0,0.3295936537028865,1.546025276184082,5.629420280456543,0.2746331236897275,0.0,0.0,0.0,12,-0.24205446243286133,-0.1273897738102184,0.0,0.10995471752851411,0
582,1774286499.7498615,16,-0.26938319206237793,-1.546025276184082,0.0,0.3189394748304153,1.546025276184082,5.629420280456543,0.2746331236897275,0.0,0.0,0.0,16,-0.18801344068426834,-0.09895101048525902,0.0,0.11227668299844101,0
583,1774286499.8500397,16,-0.09662657976150513,-1.546025276184082,0.0,0.14005043874609768,1.546025276184082,5.629420280456543,0.2746331236897275,0.0,0.0,0.0,16,-0.09662657976150513,-0.05084564114891123,0.0,0.11183086913972151,0
584,1774286499.9499211,15,-0.20613670349121094,-1.546025276184082,0.0,0.2762002134204522,1.546025276184082,5.629420280456543,0.2746331236897275,0.0,0.0,0.0,15,-0.027007215163286996,-0.014212090262160925,0.0,0.10645275767304552,0
585,1774286500.0496397,15,-0.10306835174560547,-1.546025276184082,0.0,0.14872319184178195,1.546025276184082,5.629420280456543,0.2746331236897275,0.0,0.0,0.0,15,0.14874637126922607,0.07829926178343413,0.0,0.10724191859077131,0
586,1774286500.1499445,15,-0.18739700317382812,-1.546025276184082,0.0,0.23089846195034625,1.546025276184082,5.629420280456543,0.2746331236897275,0.0,0.0,0.0,15,0.0,0.0,0.0,0.10542915232853006,0
587,1774286500.24978,17,-0.16535029691808364,-1.546025276184082,0.0,0.20737936644046454,1.546025276184082,5.629420280456543,0.2746331236897275,0.0,0.0,0.0,17,-0.05491992004779207,-0.02890900321544935,0.0,0.10523264527035488,0
588,1774286500.3495812,19,-0.29342425496954666,-1.546025276184082,0.0,0.32780514294141927,1.546025276184082,5.629420280456543,0.2746331236897275,0.0,0.0,0.0,19,-0.1829938780992551,-0.09633764680677757,0.0,0.10868071621242005,0
589,1774286500.4497135,17,-0.09369850158691406,-1.546025276184082,1.2180805206298828,0.3132183340927868,2.764105796813965,5.629420280456543,0.49101073629375513,0.0,0.0,0.0,17,0.025226519658015326,0.013276160360303893,0.0,0.10917005711053132,0
590,1774286500.5502956,18,-0.22383530934651694,-1.546025276184082,0.0,0.25400673406592333,1.546025276184082,5.629420280456543,0.2746331236897275,0.0,0.0,0.0,18,-0.0949998696645101,-0.04998880727448122,0.0,0.10933323297605632,0
591,1774286500.6496737,13,-0.11892502124492939,-1.546025276184082,0.0,0.1697179281372829,1.546025276184082,5.629420280456543,0.2746331236897275,0.0,0.0,0.0,13,-0.008494644374637816,-0.004471027376478816,0.0,0.10954367099522987,0
592,1774286500.7502615,16,-0.09662657976150513,-1.546025276184082,0.0,0.14005043874609768,1.546025276184082,5.629420280456543,0.2746331236897275,0.0,0.0,0.0,16,-0.09662657976150513,-0.05083530930822148,0.0,0.10996020037317568,0
593,1774286500.8500075,12,-0.12883543968200684,-1.546025276184082,0.0,0.18258427569861624,1.546025276184082,5.629420280456543,0.2746331236897275,0.0,0.0,0.0,12,-0.12883543968200684,-0.0678143006947899,0.0,0.10342613405905371,0
594,1774286500.9500947,16,-0.17568469047546387,-1.546025276184082,0.0,0.21852498210961357,1.546025276184082,5.629420280456543,0.2746331236897275,0.0,0.0,0.0,16,0.14556731496538433,0.07660461565090976,0.0,0.09525470940926531,0
595,1774286501.049473,13,-0.21622731135441706,-1.546025276184082,0.0,0.2601874022269915,1.546025276184082,5.629420280456543,0.2746331236897275,0.0,0.0,0.0,13,-0.09730229010948767,-0.05122545273263676,0.0,0.09034754539745446,0
596,1774286501.149729,14,-0.11043037687029157,-1.546025276184082,0.0,0.15853328576429013,1.546025276184082,5.629420280456543,0.2746331236897275,0.0,0.0,0.0,14,0.13552818979535786,0.07132486771929114,0.0,0.09065027447552373,0
597,1774286501.2406843,10,-0.12649297714233398,-1.2649297714233398,0.0,0.14400425939697925,1.2649297714233398,5.629420280456543,0.22469982847341338,0.0,0.0,0.0,10,-0.023424625396728516,-0.0123901735645779,0.004603160988716852,0.08997274571179192,0
598,1774286501.3454409,10,0.11243820190429688,0.0,1.1243820190429688,0.11378114322724286,1.1243820190429688,5.629420280456543,0.19973318086525635,0.0,0.0,0.0,10,0.1376647215623122,0.07263027297470241,0.004957250295541225,0.10866515007565783,0
599,1774286501.4494693,11,0.0,0.0,0.0,0.0,0.0,5.629420280456543,0.0,0.0,0.0,0.0,11,0.39152588163103375,0.20608108665314168,0.004603160988716852,0.11038083995755162,0
600,1774286501.5500364,15,0.0,0.0,0.0,0.0,0.0,5.629420280456543,0.0,0.0,0.0,0.0,15,0.3279447555541992,0.17260253757728528,0.0,0.10216665032728892,0
601,1774286501.6495113,13,0.0,0.0,0.0,0.0,0.0,5.629420280456543,0.0,0.0,0.0,0.0,13,0.26938319206237793,0.14180676026195232,0.0,0.09709959028205613,0
602,1774286501.7496083,13,0.09009471306434044,0.0,1.1712312698364258,0.09740468786575006,1.1712312698364258,5.629420280456543,0.20805539673464202,0.0,0.0,0.0,13,0.18672129282584557,0.0982966853526303,0.0,0.10186117839333744,0
603,1774286501.8498297,14,0.0,0.0,0.0,0.0,0.0,5.629420280456543,0.0,0.0,0.0,0.0,14,0.20613670349121094,0.1084982244490195,0.0,0.10449658823468666,0
604,1774286501.949587,14,0.0,0.0,0.0,0.0,0.0,5.629420280456543,0.0,0.0,0.0,0.0,14,0.10306835174560547,0.054248002593062054,0.0,0.10389895962495252,0
605,1774286502.0501704,14,0.0,0.0,0.0,0.0,0.0,5.629420280456543,0.0,0.0,0.0,0.0,14,0.18739700317382812,0.0986182776305265,0.0,0.10575539399230456,0
606,1774286502.1495023,16,-0.2810955047607422,-4.497528076171875,0.0,1.1852202419504465,4.497528076171875,5.629420280456543,0.7989327234610254,0.0,0.0,0.0,16,-0.11574520784265854,-0.060927434259368564,0.0,0.1120024827559454,0
607,1774286502.2499704,13,0.0,0.0,0.0,0.0,0.0,5.629420280456543,0.0,0.0,0.0,0.0,13,0.29342425496954666,0.1544021907830935,0.0,0.1123412088131441,0
608,1774286502.349644,12,0.0,0.0,0.0,0.0,0.0,5.629420280456543,0.0,0.0,0.0,0.0,12,0.09369850158691406,0.049316805385344956,0.0,0.10266381422094034,0
609,1774286502.449999,14,-0.3212520054408482,-4.497528076171875,0.0,1.3416370629969687,4.497528076171875,5.629420280456543,0.7989327234610254,0.0,0.0,0.0,14,-0.09741669609433126,-0.05127994761192023,0.0,0.11650584919463958,0
610,1774286502.5501106,12,0.0,0.0,0.0,0.0,0.0,5.629420280456543,0.0,0.0,0.0,0.0,12,0.11892502124492939,0.06257772757877512,0.0,0.112829194024887,0
611,1774286502.6500545,14,-0.3212520054408482,-4.497528076171875,0.0,1.3416370629969687,4.497528076171875,5.629420280456543,0.7989327234610254,0.0,0.0,0.0,14,-0.22462542567934307,-0.11823679546420343,0.0,0.12526794821656864,0
612,1774286502.7496283,14,0.0,0.0,0.0,0.0,0.0,5.629420280456543,0.0,0.0,0.0,0.0,14,0.12883543968200684,0.06782166294513006,0.0,0.12634473665000848,0
613,1774286502.8497398,16,0.0,0.0,0.0,0.0,0.0,5.629420280456543,0.0,0.0,0.0,0.0,16,0.17568469047546387,0.09248290188033192,0.0,0.1266654508539295,0
614,1774286502.9495316,15,0.0,0.0,0.0,0.0,0.0,5.629420280456543,0.0,0.0,0.0,0.0,15,0.21622731135441706,0.11380034375425635,0.0,0.12493799933367576,0
615,1774286503.0498896,17,-0.3555031383738798,-4.497528076171875,0.0,1.2040853392271662,4.497528076171875,5.629420280456543,0.7989327234610254,0.0,0.0,0.0,17,-0.24507276150358825,-0.1289747655088591,0.0,0.13683830035587882,0
616,1774286503.1495147,13,0.0,0.0,0.0,0.0,0.0,5.629420280456543,0.0,0.0,0.0,0.0,13,0.12649297714233398,0.06626726861569418,0.0,0.1371485966154104,0
617,1774286503.2500598,14,0.0,0.0,0.0,0.0,0.0,5.629420280456543,0.0,0.0,0.0,0.0,14,-0.11243820190429688,-0.05903448572838804,0.0,0.13685981013574905,0
618,1774286503.3499143,14,-0.21416800362723215,-2.99835205078125,0.0,0.5962831391097632,2.99835205078125,5.629420280456543,0.5326218156406836,0.0,0.0,0.0,14,-0.21416800362723215,-0.11269360880277594,0.0,0.13552540734442378,0
619,1774286503.450052,14,0.0,0.0,0.0,0.0,0.0,5.629420280456543,0.0,0.0,0.0,0.0,14,0.0,0.0,0.0,0.13552540734442378,0
620,1774286503.5499272,13,0.0,0.0,0.0,0.0,0.0,5.629420280456543,0.0,0.0,0.0,0.0,13,0.0,0.0,0.0,0.13552540734442378,0
621,1774286503.6502154,12,-0.37479400634765625,-4.497528076171875,0.0,1.545176019135397,4.497528076171875,5.629420280456543,0.7989327234610254,0.0,0.0,0.0,12,-0.4648887194119967,-0.24460011603319626,0.0,0.1496996237743954,0
622,1774286503.7500715,12,-0.2498626708984375,-2.99835205078125,0.0,0.6867448973935097,2.99835205078125,5.629420280456543,0.5326218156406836,0.0,0.0,0.0,12,-0.2498626708984375,-0.13148993148471202,0.0,0.14769764583035377,0
623,1774286503.8498287,13,-0.3459636981670673,-4.497528076171875,0.0,1.436290565393203,4.497528076171875,5.629420280456543,0.7989327234610254,0.0,0.0,0.0,13,-0.3459636981670673,-0.18206300489874372,0.0,0.15439003056881298,0
624,1774286503.949512,16,-0.35722553730010986,-4.497528076171875,0.0,1.2293573499189137,4.497528076171875,5.629420280456543,0.7989327234610254,0.0,0.0,0.0,16,-0.35722553730010986,-0.18807861653220218,0.0,0.15967760194246156,0
625,1774286504.049532,14,-0.4082577569144113,-4.497528076171875,0.0,1.38414552896866,4.497528076171875,5.629420280456543,0.7989327234610254,0.0,0.0,0.0,14,-0.1271622521536691,-0.06692645640197134,0.0,0.16629869741189435,0
626,1774286504.1495078,13,-0.09369850158691406,-1.2180805206298828,0.0,0.10535291039559525,1.2180805206298828,5.629420280456543,0.21637761260402769,0.0,0.0,0.0,13,-0.09369850158691406,-0.04932701261428523,0.0,0.16456480287208725,0
627,1774286504.24097,10,-0.12180805206298828,-1.2180805206298828,0.0,0.13353481392641697,1.2180805206298828,5.629420280456543,0.21637761260402769,0.0,0.0,0.0,10,-0.12180805206298828,-0.06440352178475281,0.0,0.16103929569048986,0
628,1774286504.35,13,-0.09369850158691406,-1.2180805206298828,0.0,0.10535291039559525,1.2180805206298828,5.629420280456543,0.21637761260402769,0.0,0.0,0.0,13,0.22755350385393414,0.11976495093141583,0.0,0.15769739042871792,0
629,1774286504.4494748,16,-0.35722553730010986,-4.497528076171875,0.0,1.2293573499189137,4.497528076171875,5.629420280456543,0.7989327234610254,0.0,0.0,0.0,16,-0.35722553730010986,-0.18807637370989633,0.0,0.159686184077505,0
630,1774286504.5495617,18,-0.32013654708862305,-4.497528076171875,0.0,1.1101684869174733,4.497528076171875,5.629420280456543,0.7989327234610254,0.0,0.0,0.0,18,0.0011154583522251516,0.0005872356276411063,0.0,0.15841732508440207,0
631,1774286504.650054,15,-0.38416385650634766,-4.497528076171875,0.0,1.3076052061933296,4.497528076171875,5.629420280456543,0.7989327234610254,0.0,0.0,0.0,15,-0.38416385650634766,-0.2021462149554577,0.0,0.16176654658060505,0
632,1774286504.7501779,12,-0.37479400634765625,-4.497528076171875,0.0,1.545176019135397,4.497528076171875,5.629420280456543,0.7989327234610254,0.0,0.0,0.0,12,-0.37479400634765625,-0.19721453290452973,0.0,0.1610934662830272,0
633,1774286504.850198,12,0.0,0.0,0.0,0.0,0.0,5.629420280456543,0.0,0.0,0.0,0.0,12,0.0,0.0,0.0,0.16109346628302718,0
634,1774286504.9498003,17,-0.090942663304946,-1.546025276184082,0.0,0.13232908814394834,1.546025276184082,5.629420280456543,0.2746331236897275,0.0,0.0,0.0,17,0.2645604750689338,0.1392489008479102,0.0,0.15653043437235753,0
635,1774286505.0502617,15,-0.299835205078125,-4.497528076171875,0.0,1.2586161028593779,4.497528076171875,5.629420280456543,0.7989327234610254,0.0,0.0,0.0,15,-0.299835205078125,-0.1577459785500089,0.0,0.15434673115414843,0
636,1774286505.1504843,15,0.0,0.0,0.0,0.0,0.0,5.629420280456543,0.0,0.0,0.0,0.0,15,0.0,0.0,0.0,0.15434673115414843,0
637,1774286505.2503383,17,-0.090942663304946,-1.546025276184082,0.0,0.13232908814394834,1.546025276184082,5.629420280456543,0.2746331236897275,0.0,0.0,0.0,17,0.12322534032228614,0.06484097237710584,0.0,0.14952439778918056,0
638,1774286505.3503196,15,0.0,0.0,0.0,0.0,0.0,5.629420280456543,0.0,0.0,0.0,0.0,15,0.0,0.0,0.0,0.1562783785846578,0
639,1774286505.4501839,15,-0.3779172897338867,-4.497528076171875,0.0,1.2971479543466558,4.497528076171875,5.629420280456543,0.7989327234610254,0.0,0.0,0.0,15,-0.3779172897338867,-0.19887697430972714,0.0,0.15400604165260573,0
640,1774286505.550026,15,-0.10306835174560547,-1.546025276184082,0.0,0.14872319184178195,1.546025276184082,5.629420280456543,0.2746331236897275,0.0,0.0,0.0,15,0.2717256546020508,0.14302776360021852,0.0,0.14827414305727982,0
641,1774286505.6497245,16,0.0,0.0,0.0,0.0,0.0,5.629420280456543,0.0,0.0,0.0,0.0,16,0.2498626708984375,0.13153069346545976,0.0,0.15145648907436773,0
642,1774286505.7503746,17,-0.090942663304946,-1.546025276184082,0.0,0.13232908814394834,1.546025276184082,5.629420280456543,0.2746331236897275,0.0,0.0,0.0,17,0.2550210348621213,0.1341830489427272,0.0,0.15297564234493888,0
643,1774286505.8501263,15,-0.10306835174560547,-1.546025276184082,0.0,0.14872319184178195,1.546025276184082,5.629420280456543,0.2746331236897275,0.0,0.0,0.0,15,0.2541571855545044,0.13372370748018567,0.0,0.15016664083416983,0
644,1774286505.9500682,13,-0.11892502124492939,-1.546025276184082,0.0,0.1697179281372829,1.546025276184082,5.629420280456543,0.2746331236897275,0.0,0.0,0.0,13,0.2893327356694819,0.15223741628060455,0.0,0.14527494748748793,0
645,1774286506.0501235,12,-0.12883543968200684,-1.546025276184082,0.0,0.18258427569861624,1.546025276184082,5.629420280456543,0.2746331236897275,0.0,0.0,0.0,12,-0.03513693809509277,-0.01848713458508535,0.0,0.1348966877606727,0
646,1774286506.1497972,15,-0.20613670349121094,-1.546025276184082,0.0,0.2762002134204522,1.546025276184082,5.629420280456543,0.2746331236897275,0.0,0.0,0.0,15,-0.08432865142822266,-0.04417825081105873,0.0,0.13446283460978767,0
647,1774286506.2497025,13,-0.11892502124492939,-1.546025276184082,0.0,0.1697179281372829,1.546025276184082,5.629420280456543,0.2746331236897275,0.0,0.0,0.0,13,-0.025226519658015326,-0.013279194509451302,0.0,0.13450858580693953,0
648,1774286506.3502266,18,-0.08589029312133789,-1.546025276184082,0.0,0.12541142169197883,1.546025276184082,5.629420280456543,0.2746331236897275,0.0,0.0,0.0,18,0.271335244178772,0.1427515365330416,0.0,0.13472026734330902,0
649,1774286506.449811,16,-0.09662657976150513,-1.546025276184082,0.0,0.14005043874609768,1.546025276184082,5.629420280456543,0.2746331236897275,0.0,0.0,0.0,16,0.22350996732711792,0.11762139528592863,0.0,0.1276836491508375,0
650,1774286506.5499806,17,-0.090942663304946,-1.546025276184082,0.0,0.13232908814394836,1.546025276184082,5.629420280456543,0.2746331236897275,0.0,0.0,0.0,17,0.29322119320140166,0.15433290084157625,0.0,0.12201932146544046,0
651,1774286506.6500893,19,-0.08136975137810958,-1.546025276184082,0.0,0.1191786559080366,1.546025276184082,5.629420280456543,0.2746331236897275,0.0,0.0,0.0,19,0.29342425496954666,0.15444101993646092,0.0,0.10859550484532558,0
652,1774286506.750057,15,-0.10306835174560547,-1.546025276184082,0.0,0.14872319184178195,1.546025276184082,5.629420280456543,0.2746331236897275,0.0,0.0,0.0,15,-0.10306835174560547,-0.05425052826185223,0.0,0.09196255444178073,0
653,1774286506.849418,13,-0.028830308180588942,-1.546025276184082,1.1712312698364258,0.2885516473334979,2.717256546020508,5.629420280456543,0.4826885204243695,0.0,0.0,0.0,13,0.06211235512435706,0.032697292745258635,0.0,0.09045037517994355,0
654,1774286506.9501498,17,-0.16259445863611557,-1.546025276184082,0.0,0.20144035433483043,1.546025276184082,5.629420280456543,0.2746331236897275,0.0,0.0,0.0,17,0.13724074644200943,0.07223622847828104,0.0,0.09100965474450973,0
655,1774286507.0500417,16,-0.09662657976150513,-1.546025276184082,0.0,0.14005043874609768,1.546025276184082,5.629420280456543,0.2746331236897275,0.0,0.0,0.0,16,-0.09662657976150513,-0.05086794544866462,0.0,0.0804731301213084,0
656,1774286507.149756,16,-0.09662657976150513,-1.546025276184082,0.0,0.14005043874609768,1.546025276184082,5.629420280456543,0.2746331236897275,0.012083297595381737,0.1933327615261078,0.046798410354181585,16,-0.005683916456559121,-0.0029924521814032657,0.0,0.07689099755284556,0
657,1774286507.2499533,16,-0.3777220845222473,-4.497528076171875,0.0,1.2709480862738154,4.497528076171875,5.629420280456543,0.7989327234610254,0.024166595190763474,0.1933327615261078,0.06393880090992969,16,-0.3777220845222473,-0.19883943691740127,0.0,0.0964312021920755,0
658,1774286507.349466,15,-0.10306835174560547,-1.546025276184082,0.0,0.14872319184178195,1.546025276184082,5.629420280456543,0.2746331236897275,0.02577770153681437,0.1933327615261078,0.06572050157589361,15,0.27484893798828125,0.14471200515881727,0.0,0.09236693026205864,0
659,1774286507.4495034,16,-0.09662657976150513,-1.546025276184082,0.0,0.14005043874609768,1.546025276184082,5.629420280456543,0.2746331236897275,0.0,0.0,0.0,16,0.006441771984100342,0.0033913389580451127,0.0,0.07263505765418528,0
660,1774286507.5500355,16,-0.3777220845222473,-4.497528076171875,0.0,1.2709480862738154,4.497528076171875,5.629420280456543,0.7989327234610254,0.0,0.0,0.0,16,-0.3777220845222473,-0.19876856255368244,0.0,0.09244008578693595,0
661,1774286507.6498084,14,-0.08700575147356306,-1.2180805206298828,0.0,0.09841001026323247,1.2180805206298828,5.811095237731934,0.2096128992553388,0.0,0.0,0.0,14,0.00393691183138295,0.0020726764603087124,0.0,0.08825583508211458,0
662,1774286507.7498274,16,-0.25181472301483154,-1.546025276184082,0.0,0.2787119475211597,1.546025276184082,5.629420280456543,0.2746331236897275,0.0,0.0,0.0,16,-0.14874637126922607,-0.07829988087235772,0.0,0.09137063397419942,0
663,1774286507.8495016,16,-0.17568469047546387,-1.546025276184082,0.0,0.21852498210961357,1.546025276184082,5.677700042724609,0.27229780801209374,0.0,0.0,0.0,16,-0.05675966923053448,-0.029882421776608666,0.0,0.09124895018326905,0
664,1774286507.9500725,18,-0.27068456013997394,-4.497528076171875,1.1712312698364258,1.2594929599016622,5.668759346008301,5.629420280456543,1.0069881201956674,0.03222212692101797,0.1933327615261078,0.07205086617502215,18,-0.1418491204579671,-0.07465943293674476,0.0,0.0950577656249255,0
665,1774286508.0501637,19,-0.1479450025056538,-1.546025276184082,0.0,0.18812498577218995,1.546025276184082,5.659818649291992,0.2731580942752433,0.020350817002748187,0.1933327615261078,0.05933231748191226,19,0.05819170098555715,0.030621303635938093,0.0,0.09491766842364875,0
666,1774286508.14993,21,-0.20301342010498047,-1.546025276184082,0.0,0.24923767227846838,1.546025276184082,5.677700042724609,0.27229780801209374,0.027618965932301114,0.1933327615261078,0.06765237375744962,21,-0.08408839886005108,-0.04425175237904563,0.0,0.09483231086866246,0
667,1774286508.249718,19,-0.08136975137810958,-1.546025276184082,0.0,0.11917865590803663,1.546025276184082,5.659818649291992,0.2731580942752433,0.020350817002748187,0.1933327615261078,0.05933231748191226,19,0.004520541743228315,0.0023798696625485557,0.0,0.0958476725434345,0
668,1774286508.3503036,20,-0.2178490161895752,-1.546025276184082,0.0,0.26958822086697865,1.546025276184082,5.860805511474609,0.26379057847205273,0.07733310461044311,0.3866655230522156,0.15466620922088622,20,-0.12122243642807007,-0.06378474300874494,0.0,0.09569673424560024,0
669,1774286508.4495003,20,-0.07027387619018555,-1.405477523803711,0.0,0.09382993582107702,1.405477523803711,5.860805511474609,0.2398096167927752,0.0,0.0,0.0,20,0.02066878711476046,0.010881059728612086,0.0,0.09670005101472814,0
670,1774286508.5494733,19,-0.0739725012528269,-1.405477523803711,0.0,0.09849475694879054,1.405477523803711,5.860805511474609,0.2398096167927752,0.030526225504122283,0.1933327615261078,0.07049729804859288,19,0.007397250125282681,0.0038945521498238334,0.0,0.09733988765913557,0
671,1774286508.6495886,18,0.0,0.0,0.0,0.0,0.0,5.860805511474609,0.0,0.010740708973672655,0.1933327615261078,0.04428507759247181,18,0.10306835174560547,0.05425987732473074,0.0,0.10193259697354767,0
672,1774286508.7500875,21,-0.058003834315708706,-1.2180805206298828,0.0,0.06728889590648375,1.2180805206298828,5.860805511474609,0.20783500122040519,0.036825287909734813,0.1933327615261078,0.07591727587280882,21,-0.029173526135119764,-0.015349078305285204,0.0,0.10345666968552258,0
673,1774286508.8500247,20,0.0,0.0,0.0,0.0,0.0,5.860805511474609,0.0,0.02899991422891617,0.1933327615261078,0.06903360396656207,20,0.16259445863611557,0.08558166458437758,0.0039455665617573014,0.105303594067258,0
674,1774286508.950286,22,-0.0553672963922674,-1.2180805206298828,0.0,0.06437628770557292,1.2180805206298828,5.860805511474609,0.20783500122040519,0.017575705593282528,0.1933327615261078,0.05557926115933376,22,0.041259283369237724,0.021712621245073494,0.012083297595381737,0.10710921460832291,0
675,1774286509.0502887,22,0.0,0.0,0.0,0.0,0.0,5.860805511474609,0.0,0.05272711677984758,0.3866655230522156,0.11920423501990257,22,0.09662657976150513,0.05084183956368081,0.020567315055968913,0.11115291211708152,0
676,1774286509.1504533,23,0.05092309868854025,0.0,1.1712312698364258,0.05704956356094181,1.1712312698364258,5.860805511474609,0.19984134732731268,0.05043463344159334,0.3866655230522156,0.11707885953199446,23,0.4286451832107876,0.22554336746903592,0.01645385204477513,0.11827214753453208,0
677,1774286509.2502356,23,0.0,0.0,0.0,0.0,0.0,5.860805511474609,0.0,0.05043463344159334,0.3866655230522156,0.11707885953199446,23,0.10306835174560547,0.05422454077533693,0.008226926022387565,0.1067849103835542,0
678,1774286509.3501635,21,0.0,0.0,0.0,0.0,0.0,5.860805511474609,0.0,0.05523793186460223,0.3866655230522156,0.1353047475148992,21,0.09662657976150513,0.050838433928177634,0.0,0.1094947258447193,0
679,1774286509.4497867,20,0.0,0.0,0.0,0.0,0.0,5.860805511474609,0.0,0.10633301883935928,0.5799982845783234,0.21593633774203058,20,0.3777220845222473,0.19882713443323116,0.0,0.11189917669609266,0
680,1774286509.5501683,19,0.0,0.0,0.0,0.0,0.0,5.992770195007324,0.0,0.050877042506870473,0.3866655230522156,0.1057459470728893,19,0.08700575147356306,0.045783829101377516,0.0,0.09405118900785267,0
681,1774286509.6499817,16,0.0,0.0,0.0,0.0,0.0,5.992770195007324,0.0,0.060416487976908684,0.3866655230522156,0.13181321486348935,16,0.25181472301483154,0.13252329881772812,0.011599965691566468,0.09572118370542933,0
682,1774286509.750055,17,0.0,0.0,0.0,0.0,0.0,5.992770195007324,0.0,0.056862576919443464,0.3866655230522156,0.12866532395353644,17,0.17568469047546387,0.09243869942152662,0.01823893976661394,0.08826899273855299,0
683,1774286509.8497386,17,0.0,0.0,0.0,0.0,0.0,5.992770195007324,0.0,0.03411754615166608,0.1933327615261078,0.07370232329163695,17,0.27068456013997394,0.14249060099615404,0.026666587796704524,0.08553241553059462,0
684,1774286509.949547,19,0.0,0.0,0.0,0.0,0.0,5.860805511474609,0.0,0.040701634005496375,0.3866655230522156,0.10073140493730812,19,0.1479450025056538,0.07789107232811045,0.022937785265809398,0.07067653386776376,0
685,1774286510.0495262,18,-0.062465667724609375,-1.1243820190429688,0.0,0.06633331395278219,1.1243820190429688,5.860805511474609,0.19184769343422017,0.07518496281570858,0.3866655230522156,0.14608943634831875,18,0.1405477523803711,0.07398822514108594,0.04188876499732335,0.06666214453060383,0
686,1774286510.1501892,17,0.0,0.0,0.0,0.0,0.0,5.860805511474609,0.0,0.07960760768722086,0.3866655230522156,0.14914914099305776,17,0.08136975137810958,0.04281556643921451,0.032768264665442,0.05534526053859303,0
687,1774286510.2502131,20,0.0,0.0,0.0,0.0,0.0,6.043910980224609,0.0,0.038666552305221556,0.3866655230522156,0.11599965691566468,20,0.2178490161895752,0.11466283873678314,0.0360450911319862,0.05428386203514807,0
688,1774286510.3495355,20,0.0,0.0,0.0,0.0,0.0,6.043910980224609,0.0,0.02899991422891617,0.1933327615261078,0.06903360396656207,20,0.07027387619018555,0.03698556653166987,0.013567211335165459,0.03139513910485456,0
689,1774286510.44989,21,0.0,0.0,0.0,0.0,0.0,5.992770195007324,0.0,0.05523793186460223,0.3866655230522156,0.13530474751489924,21,0.0739725012528269,0.038924360459386693,0.026666587796704524,0.028652442150442037,0
690,1774286510.549469,18,0.0,0.0,0.0,0.0,0.0,5.992770195007324,0.0,0.0966663807630539,0.5799982845783234,0.2161525985250665,18,0.0,0.0,0.026214611732353597,0.02464237438869296,0
691,1774286510.6500404,19,0.0,0.0,0.0,0.0,0.0,5.992770195007324,0.0,0.020350817002748187,0.1933327615261078,0.05933231748191226,19,0.058003834315708706,0.030529090835428662,0.027618965932301114,0.02464237438869296,0
692,1774286510.7496114,18,0.0,0.0,0.0,0.0,0.0,5.992770195007324,0.0,0.03222212692101797,0.1933327615261078,0.07205086617502215,18,0.0,0.0,0.033229068387299776,0.021606495122452645,0
693,1774286510.849808,17,0.0,0.0,0.0,0.0,0.0,5.992770195007324,0.0,0.0,0.0,0.0,17,0.0553672963922674,0.0291480143241866,0.04039789046814193,0.021606495122452645,0
694,1774286510.9497063,20,0.0,0.0,0.0,0.0,0.0,5.992770195007324,0.0,0.02899991422891617,0.1933327615261078,0.06903360396656207,20,0.0,0.0,0.05117631922749912,0.0180117462775358,0
695,1774286511.0495617,19,0.0,0.0,0.0,0.0,0.0,5.992770195007324,0.0,0.020350817002748187,0.1933327615261078,0.05933231748191226,19,-0.05092309868854025,-0.02681421367183313,0.05194014488761105,0.0180117462775358,0
696,1774286511.1495137,21,0.0,0.0,0.0,0.0,0.0,5.992770195007324,0.0,0.027618965932301114,0.1933327615261078,0.0676523737574496,21,0.0,0.0,0.06947896117344499,0.013614076652618127,0
697,1774286511.2500083,17,0.0,0.0,0.0,0.0,0.0,5.992770195007324,0.0,0.03411754615166608,0.1933327615261078,0.07370232329163695,17,0.0,0.0,0.07088867922623952,0.013614076652618127,0
698,1774286511.3500435,20,0.0,0.0,0.0,0.0,0.0,5.992770195007324,0.0,0.02899991422891617,0.1933327615261078,0.06903360396656207,20,0.0,0.0,0.07381796349178661,0.013614076652618127,0
699,1774286511.449881,20,0.0,0.0,0.0,0.0,0.0,5.860805511474609,0.0,0.02899991422891617,0.1933327615261078,0.06903360396656207,20,0.0,0.0,0.05576906582483879,0.013614076652618127,0
700,1774286511.5497746,19,0.0,0.0,0.0,0.0,0.0,5.860805511474609,0.0,0.0,0.0,0.0,19,0.0,0.0,0.050266517996788024,0.013614076652618127,0
701,1774286511.649989,21,0.0,0.0,0.0,0.0,0.0,5.836844444274902,0.0,0.07365057581946963,0.7733310461044312,0.22700632045413346,21,0.0,0.0,0.04377345543987346,0.013614076652618127,0
702,1774286511.7495773,20,0.0,0.0,0.0,0.0,0.0,5.860805511474609,0.0,0.009666638076305389,0.1933327615261078,0.042135898498397606,20,0.0,0.0,0.05012330854380572,0.013614076652618127,0
703,1774286511.8495226,18,-0.0546574592590332,-0.9838342666625977,0.0,0.050786443495098865,0.9838342666625977,5.860805511474609,0.16786673175494263,0.0,0.0,0.0,18,-0.0546574592590332,-0.028767454190103618,0.06444425384203593,0.017611794561050356,0
704,1774286511.9496844,19,0.0,0.0,0.0,0.0,0.0,5.992770195007324,0.0,0.0,0.0,0.0,19,0.062465667724609375,0.03287393060915519,0.0632725401358171,0.017611794561050356,0
705,1774286512.0498898,19,0.0,0.0,0.0,0.0,0.0,5.860805511474609,0.0,0.0,0.0,0.0,19,0.0,0.0,0.047485239673079105,0.011912317071040861,0
706,1774286512.149901,16,0.0,0.0,0.0,0.0,0.0,5.860805511474609,0.0,0.0,0.0,0.0,16,0.0,0.0,0.041202063931793466,0.011912317071040861,0
707,1774286512.2500255,17,0.0,0.0,0.0,0.0,0.0,5.860805511474609,0.0,0.0,0.0,0.0,17,0.0,0.0,0.0589828763977956,0.011912317071040861,0
708,1774286512.3500276,17,0.0,0.0,0.0,0.0,0.0,5.860805511474609,0.0,0.0,0.0,0.0,17,0.0,0.0,0.05666649906799711,0.011912317071040861,0
709,1774286512.449645,15,0.0,0.0,0.0,0.0,0.0,7.142543792724609,0.0,0.0,0.0,0.0,15,0.0,0.0,0.04921197566119107,0.011912317071040861,0
710,1774286512.54944,15,0.06558895111083984,0.0,0.9838342666625977,0.06022674710948195,0.9838342666625977,6.900787353515625,0.142568407960199,0.0,0.0,0.0,15,0.06558895111083984,0.03453141398420593,0.017901181622787758,0.019083203982517855,0
711,1774286512.649422,13,0.0,0.0,0.0,0.0,0.0,5.860805511474609,0.0,0.0,0.0,0.0,13,0.0,0.0,0.021090846711939032,0.019083203982517855,0
712,1774286512.749571,17,0.0,0.0,0.0,0.0,0.0,5.860805511474609,0.0,0.022745030767777386,0.1933327615261078,0.062289832113303606,17,0.0,0.0,0.017261853707688197,0.019083203982517855,0
713,1774286512.8499963,17,0.0,0.0,0.0,0.0,0.0,5.860805511474609,0.0,0.0,0.0,0.0,17,0.0,0.0,0.02577770153681437,0.019083203982517855,0
714,1774286512.9496074,16,0.0,0.0,0.0,0.0,0.0,5.860805511474609,0.0,0.0,0.0,0.0,16,0.0,0.0,0.027134422670330918,0.019083203982517855,0
715,1774286513.0496502,17,0.0,0.0,0.0,0.0,0.0,5.860805511474609,0.0,0.0,0.0,0.0,17,0.0,0.0,0.029999911271292586,0.019083203982517855,0
716,1774286513.1494627,17,0.0,0.0,0.0,0.0,0.0,7.142543792724609,0.0,0.0,0.0,0.0,17,0.0,0.0,0.030526225504122283,0.019083203982517855,0
717,1774286513.2494364,15,0.0,0.0,0.0,0.0,0.0,5.860805511474609,0.0,0.0,0.0,0.0,15,0.0,0.0,0.0196609587992652,0.019083203982517855,0
718,1774286513.349996,17,0.0,0.0,0.0,0.0,0.0,5.860805511474609,0.0,0.0,0.0,0.0,17,0.0,0.0,0.03544433961311976,0.019083203982517855,0
719,1774286513.4498613,13,0.07567955897404598,0.0,0.9838342666625977,0.06872874775807325,0.9838342666625977,5.811095237731934,0.1693027263216198,0.0,0.0,0.0,13,0.07567955897404598,0.039829530574355156,0.02899991422891617,0.025141271149964946,0
720,1774286513.550015,18,0.0,0.0,0.0,0.0,0.0,5.860805511474609,0.0,0.0,0.0,0.0,18,0.0,0.0,0.0294914381988978,0.025141271149964946,0
721,1774286513.649402,15,0.0,0.0,0.0,0.0,0.0,5.811095237731934,0.0,0.0,0.0,0.0,15,0.0,0.0,0.0033918028337913647,0.025141271149964946,0
722,1774286513.749469,14,0.0,0.0,0.0,0.0,0.0,5.860805511474609,0.0,0.0,0.0,0.0,14,0.0546574592590332,0.02876789460296729,0.0,0.025141271149964946,0
723,1774286513.8493938,15,0.0,0.0,0.0,0.0,0.0,5.992770195007324,0.0,0.0,0.0,0.0,15,0.0,0.0,0.0,0.021250254771703402,0
724,1774286513.9499362,18,0.0,0.0,0.0,0.0,0.0,5.860805511474609,0.0,0.0,0.0,0.0,18,0.0,0.0,0.0,0.021250254771703402,0
725,1774286514.049585,17,0.0,0.0,0.0,0.0,0.0,5.860805511474609,0.0,0.0,0.0,0.0,17,0.0,0.0,0.0,0.021250254771703402,0
726,1774286514.1495318,16,0.0,0.0,0.0,0.0,0.0,5.860805511474609,0.0,0.0,0.0,0.0,16,0.0,0.0,0.0,0.021250254771703402,0
727,1774286514.249531,17,0.0,0.0,0.0,0.0,0.0,5.860805511474609,0.0,0.0,0.0,0.0,17,0.0,0.0,0.0,0.021250254771703406,0
728,1774286514.3496606,16,0.0,0.0,0.0,0.0,0.0,5.860805511474609,0.0,0.0,0.0,0.0,16,0.0,0.0,0.0,0.021250254771703402,0
729,1774286514.4495587,18,0.0,0.0,0.0,0.0,0.0,5.860805511474609,0.0,0.0,0.0,0.0,18,-0.06558895111083984,-0.034518341774496225,0.008592567178938124,0.021250254771703406,0
730,1774286514.5495176,18,0.0,0.0,0.0,0.0,0.0,5.860805511474609,0.0,0.0,0.0,0.0,18,0.0,0.0,0.008226926022387565,0.016493977482979653,0
731,1774286514.6497455,16,0.0,0.0,0.0,0.0,0.0,5.860805511474609,0.0,0.0,0.0,0.0,16,0.0,0.0,0.007733310461044311,0.016493977482979653,0
732,1774286514.7494028,15,0.0,0.0,0.0,0.0,0.0,5.860805511474609,0.0,0.0,0.0,0.0,15,0.0,0.0,0.0,0.016493977482979653,0
733,1774286514.849852,15,0.0,0.0,0.0,0.0,0.0,5.860805511474609,0.0,0.0,0.0,0.0,15,0.0,0.0,0.0,0.016493977482979653,0
734,1774286514.949436,15,0.0,0.0,0.0,0.0,0.0,5.992770195007324,0.0,0.0,0.0,0.0,15,0.0,0.0,0.0,0.016493977482979653,0
735,1774286515.0499315,16,0.0,0.0,0.0,0.0,0.0,5.992770195007324,0.0,0.0,0.0,0.0,16,0.0,0.0,0.0,0.016493977482979653,0
736,1774286515.1497192,13,-0.07567955897404598,-0.9838342666625977,0.0,0.06872874775807325,0.9838342666625977,5.811095237731934,0.1693027263216198,0.0,0.0,0.0,13,-0.07567955897404598,-0.03982541787590591,0.0,0.023931977867502098,0
737,1774286515.2498465,15,0.0,0.0,0.0,0.0,0.0,5.811095237731934,0.0,0.0,0.0,0.0,15,0.0,0.0,0.0,0.023931977867502098,0
738,1774286515.3499892,16,0.0,0.0,0.0,0.0,0.0,5.992770195007324,0.0,0.0,0.0,0.0,16,-0.07567955897404598,-0.03982866598764735,0.0,0.023931977867502098,0
739,1774286515.4495263,18,0.0,0.0,0.0,0.0,0.0,5.811095237731934,0.0,0.0,0.0,0.0,18,0.0,0.0,0.0,0.016493977482979653,0
740,1774286515.5496006,18,0.0,0.0,0.0,0.0,0.0,5.992770195007324,0.0,0.010740708973672655,0.1933327615261078,0.04428507759247181,18,0.0,0.0,0.0,0.016493977482979653,0
741,1774286515.649841,19,0.0,0.0,0.0,0.0,0.0,5.811095237731934,0.0,0.010175408501374094,0.1933327615261078,0.04317060211598919,19,0.0,0.0,0.0,0.016493977482979653,0
742,1774286515.7497735,18,0.0,0.0,0.0,0.0,0.0,5.992770195007324,0.0,0.0,0.0,0.0,18,0.0,0.0,0.0,0.016493977482979653,0
743,1774286515.849498,19,0.0,0.0,0.0,0.0,0.0,5.992770195007324,0.0,0.0,0.0,0.0,19,0.0,0.0,0.0,0.016493977482979653,0
744,1774286515.9500136,17,0.0,0.0,0.0,0.0,0.0,5.860805511474609,0.0,0.022745030767777386,0.1933327615261078,0.062289832113303606,17,0.0,0.0,0.0,0.016493977482979653,0
745,1774286516.0496101,17,0.0,0.0,0.0,0.0,0.0,5.860805511474609,0.0,0.0,0.0,0.0,17,0.0,0.0,0.0,0.016493977482979653,0
746,1774286516.1495564,19,0.0,0.0,0.0,0.0,0.0,5.860805511474609,0.0,0.0,0.0,0.0,19,0.0,0.0,0.0,0.016493977482979653,0
747,1774286516.2499876,20,0.0,0.0,0.0,0.0,0.0,5.811095237731934,0.0,0.0,0.0,0.0,20,0.0,0.0,0.0,0.016493977482979653,0
748,1774286516.3494473,14,0.0,0.0,0.0,0.0,0.0,5.860805511474609,0.0,0.0,0.0,0.0,14,0.0,0.0,0.0,0.016493977482979653,0
749,1774286516.4494605,18,0.0,0.0,0.0,0.0,0.0,5.860805511474609,0.0,0.0,0.0,0.0,18,0.0,0.0,0.0,0.016493977482979653,0
750,1774286516.5500066,18,0.0,0.0,0.0,0.0,0.0,5.860805511474609,0.0,0.0,0.0,0.0,18,0.0,0.0,0.0,0.016493977482979653,0
751,1774286516.6500874,18,0.0,0.0,0.0,0.0,0.0,5.860805511474609,0.0,0.0,0.0,0.0,18,0.0,0.0,0.0,0.016493977482979653,0
752,1774286516.749781,15,0.0,0.0,0.0,0.0,0.0,5.860805511474609,0.0,0.0,0.0,0.0,15,0.0,0.0,0.0,0.016493977482979653,0
753,1774286516.849865,17,0.0,0.0,0.0,0.0,0.0,5.860805511474609,0.0,0.0,0.0,0.0,17,0.0,0.0,0.0,0.016493977482979653,0
754,1774286516.9500544,17,0.0,0.0,0.0,0.0,0.0,5.860805511474609,0.0,0.0,0.0,0.0,17,0.0,0.0,0.0,0.016493977482979653,0
755,1774286517.0496323,18,0.0,0.0,0.0,0.0,0.0,5.992770195007324,0.0,0.0,0.0,0.0,18,0.07567955897404598,0.03983316924654612,0.0,0.016493977482979653,0
756,1774286517.150357,14,0.0,0.0,0.0,0.0,0.0,5.860805511474609,0.0,0.0,0.0,0.0,14,0.0,0.0,0.0,0.0,0
757,1774286517.2494996,14,0.0,0.0,0.0,0.0,0.0,5.992770195007324,0.0,0.0,0.0,0.0,14,0.0,0.0,0.003717937721655919,0.0,0
758,1774286517.3496385,17,0.0,0.0,0.0,0.0,0.0,5.860805511474609,0.0,0.0,0.0,0.0,17,0.0,0.0,0.00703028223731301,0.0,0
759,1774286517.4495316,18,-0.05726019541422526,-1.0306835174560547,0.0,0.05573840964087948,1.0306835174560547,5.860805511474609,0.17586038564803516,0.0,0.0,0.0,18,-0.05726019541422526,-0.03013804017156053,0.00703028223731301,0.012479570264899948,0
760,1774286517.5493739,15,0.0,0.0,0.0,0.0,0.0,5.860805511474609,0.0,0.0,0.0,0.0,15,0.0,0.0,0.003452370741537639,0.012479570264899948,0
761,1774286517.6495352,15,0.0,0.0,0.0,0.0,0.0,5.860805511474609,0.0,0.0,0.0,0.0,15,0.0,0.0,0.007160472649115103,0.012479570264899948,0
762,1774286517.749933,14,0.0,0.0,0.0,0.0,0.0,5.860805511474609,0.0,0.0,0.0,0.0,14,0.0,0.0,0.007295575906645577,0.012479570264899948,0
763,1774286517.8497508,16,0.0,0.0,0.0,0.0,0.0,5.860805511474609,0.0,0.0,0.0,0.0,16,0.0,0.0,0.007295575906645577,0.012479570264899948,0
764,1774286517.9499712,15,0.0,0.0,0.0,0.0,0.0,5.860805511474609,0.0,0.0,0.0,0.0,15,0.0,0.0,0.0,0.012479570264899948,0
765,1774286518.0493484,14,0.0,0.0,0.0,0.0,0.0,5.860805511474609,0.0,0.0,0.0,0.0,14,0.0,0.0,0.0,0.012479570264899948,0
766,1774286518.1499016,14,0.0,0.0,0.0,0.0,0.0,5.860805511474609,0.0,0.0,0.0,0.0,14,0.0,0.0,0.0,0.012479570264899948,0
767,1774286518.249898,15,0.0,0.0,0.0,0.0,0.0,5.860805511474609,0.0,0.0,0.0,0.0,15,0.0,0.0,0.0,0.012479570264899948,0
768,1774286518.34982,14,0.0,0.0,0.0,0.0,0.0,5.860805511474609,0.0,0.0,0.0,0.0,14,0.0,0.0,0.0,0.012479570264899948,0
769,1774286518.4500754,16,0.0,0.0,0.0,0.0,0.0,5.860805511474609,0.0,0.0,0.0,0.0,16,0.0,0.0,0.0,0.012479570264899948,0
770,1774286518.5500917,16,0.0,0.0,0.0,0.0,0.0,5.860805511474609,0.0,0.0,0.0,0.0,16,0.0,0.0,0.0,0.012479570264899948,0
771,1774286518.6498823,14,0.0,0.0,0.0,0.0,0.0,5.860805511474609,0.0,0.0,0.0,0.0,14,0.0,0.0,0.0,0.012479570264899948,0
772,1774286518.750016,15,0.06871223449707031,0.0,1.0306835174560547,0.06609919637412531,1.0306835174560547,6.900787353515625,0.14935737976782754,0.0,0.0,0.0,15,0.06871223449707031,0.036161459788695116,0.0,0.01999192798168537,0
773,1774286518.8494296,15,0.06871223449707031,0.0,1.0306835174560547,0.06609919637412531,1.0306835174560547,5.860805511474609,0.17586038564803516,0.0,0.0,0.0,15,0.06871223449707031,0.03617623020835726,0.0,0.024899956606494564,0
774,1774286518.949674,17,0.060628442203297335,0.0,1.0306835174560547,0.058812928063977046,1.0306835174560547,5.860805511474609,0.17586038564803516,0.0,0.0,0.0,17,0.060628442203297335,0.03190900811597465,0.0,0.027754414857058294,0
775,1774286519.0494037,14,0.07362025124686104,0.0,1.0306835174560547,0.07045923811746231,1.0306835174560547,5.860805511474609,0.17586038564803516,0.0,0.0,0.0,14,0.07362025124686104,0.038766952291431775,0.0,0.0312398589098555,0
776,1774286519.1494203,13,0.0,0.0,0.0,0.0,0.0,5.860805511474609,0.0,0.0,0.0,0.0,13,0.0,0.0,0.0,0.0312398589098555,0
777,1774286519.2494273,17,0.0,0.0,0.0,0.0,0.0,5.860805511474609,0.0,0.0,0.0,0.0,17,0.0,0.0,0.0,0.0312398589098555,0
778,1774286519.349631,15,0.0,0.0,0.0,0.0,0.0,5.860805511474609,0.0,0.0,0.0,0.0,15,0.05726019541422526,0.030135366560868734,0.0,0.0312398589098555,0
779,1774286519.4494019,17,0.0,0.0,0.0,0.0,0.0,6.900787353515625,0.0,0.0,0.0,0.0,17,0.0,0.0,0.0,0.02724718001664204,0
780,1774286519.5495498,14,0.0,0.0,0.0,0.0,0.0,6.900787353515625,0.0,0.0,0.0,0.0,14,0.0,0.0,0.0,0.02724718001664204,0
781,1774286519.6498263,13,0.0,0.0,0.0,0.0,0.0,6.900787353515625,0.0,0.0,0.0,0.0,13,0.0,0.0,0.0,0.02724718001664204,0
782,1774286519.7498686,12,0.0,0.0,0.0,0.0,0.0,5.860805511474609,0.0,0.0,0.0,0.0,12,0.0,0.0,0.0,0.02724718001664204,0
783,1774286519.8494024,13,0.0,0.0,0.0,0.0,0.0,5.860805511474609,0.0,0.0,0.0,0.0,13,0.0,0.0,0.0,0.02724718001664204,0
784,1774286519.949701,11,0.0,0.0,0.0,0.0,0.0,5.860805511474609,0.0,0.0,0.0,0.0,11,0.0,0.0,0.0,0.02724718001664204,0
785,1774286520.0494637,13,-0.07567955897404598,-0.9838342666625977,0.0,0.06872874775807325,0.9838342666625977,6.900787353515625,0.142568407960199,0.0,0.0,0.0,13,-0.07567955897404598,-0.03984052859330069,0.0,0.033425448952298036,0
786,1774286520.1499555,15,0.0,0.0,0.0,0.0,0.0,5.860805511474609,0.0,0.0,0.0,0.0,15,0.0,0.0,0.0,0.033425448952298036,0
787,1774286520.2498739,13,0.0,0.0,0.0,0.0,0.0,5.860805511474609,0.0,0.0,0.0,0.0,13,0.0,0.0,0.0,0.033425448952298036,0
788,1774286520.3493493,14,0.0,0.0,0.0,0.0,0.0,5.860805511474609,0.0,0.0,0.0,0.0,14,0.0,0.0,0.0,0.033425448952298036,0
789,1774286520.449999,17,0.0,0.0,0.0,0.0,0.0,7.082462310791016,0.0,0.0,0.0,0.0,17,0.0,0.0,0.0,0.033425448952298036,0
790,1774286520.5494523,17,0.0,0.0,0.0,0.0,0.0,7.082462310791016,0.0,0.0,0.0,0.0,17,0.0,0.0,0.0,0.033425448952298036,0
791,1774286520.6497173,17,0.0,0.0,0.0,0.0,0.0,7.082462310791016,0.0,0.0,0.0,0.0,17,-0.06871223449707031,-0.036170019170612175,0.0,0.033425448952298036,0
792,1774286520.7494087,17,0.0,0.0,0.0,0.0,0.0,7.082462310791016,0.0,0.0,0.0,0.0,17,-0.06871223449707031,-0.036164731481260724,0.0,0.030605954379296536,0
793,1774286520.8493347,13,0.0,0.0,0.0,0.0,0.0,5.860805511474609,0.0,0.0,0.0,0.0,13,-0.060628442203297335,-0.03191540373004175,0.0,0.027066240843984565,0
794,1774286520.9494615,14,0.0,0.0,0.0,0.0,0.0,5.860805511474609,0.0,0.0,0.0,0.0,14,-0.07362025124686104,-0.038746322101948984,0.0,0.023608393637371102,0
795,1774286521.0500262,17,0.0,0.0,0.0,0.0,0.0,5.860805511474609,0.0,0.0,0.0,0.0,17,0.0,0.0,0.0,0.016493977482979653,0
796,1774286521.149882,16,0.0,0.0,0.0,0.0,0.0,5.860805511474609,0.0,0.0,0.0,0.0,16,0.0,0.0,0.0,0.016493977482979653,0
797,1774286521.2493668,15,0.0,0.0,0.0,0.0,0.0,5.860805511474609,0.0,0.0,0.0,0.0,15,0.0,0.0,0.0,0.016493977482979653,0
798,1774286521.3498793,16,0.0,0.0,0.0,0.0,0.0,5.860805511474609,0.0,0.0,0.0,0.0,16,0.0,0.0,0.0,0.016493977482979653,0
799,1774286521.449337,16,0.0,0.0,0.0,0.0,0.0,5.860805511474609,0.0,0.0,0.0,0.0,16,0.0,0.0,0.0,0.016493977482979653,0
800,1774286521.5494432,16,-0.06441771984100342,-1.0306835174560547,0.0,0.06224463944271008,1.0306835174560547,5.860805511474609,0.17586038564803516,0.0,0.0,0.0,16,-0.06441771984100342,-0.03391089957027054,0.0,0.02108989793651338,0
801,1774286521.6498094,18,0.0,0.0,0.0,0.0,0.0,5.860805511474609,0.0,0.0,0.0,0.0,18,0.0,0.0,0.0,0.021089897936513377,0
802,1774286521.7493808,14,0.0,0.0,0.0,0.0,0.0,5.860805511474609,0.0,0.0,0.0,0.0,14,0.0,0.0,0.0,0.021089897936513377,0
803,1774286521.8495185,17,0.0,0.0,0.0,0.0,0.0,5.860805511474609,0.0,0.0,0.0,0.0,17,0.0,0.0,0.0,0.021089897936513377,0
804,1774286521.9493425,15,0.0,0.0,0.0,0.0,0.0,5.860805511474609,0.0,0.0,0.0,0.0,15,0.07567955897404598,0.0398338890626624,0.0,0.021089897936513377,0
805,1774286522.0494998,16,0.0,0.0,0.0,0.0,0.0,5.860805511474609,0.0,0.0,0.0,0.0,16,0.0,0.0,0.0,0.014039516548012445,0
806,1774286522.149698,15,0.0,0.0,0.0,0.0,0.0,5.860805511474609,0.0,0.0,0.0,0.0,15,0.0,0.0,0.0,0.014039516548012445,0
807,1774286522.249741,14,0.0,0.0,0.0,0.0,0.0,5.860805511474609,0.0,0.0,0.0,0.0,14,0.0,0.0,0.0,0.014039516548012445,0
808,1774286522.3493624,16,0.0,0.0,0.0,0.0,0.0,5.860805511474609,0.0,0.0,0.0,0.0,16,0.0,0.0,0.0,0.014039516548012445,0
809,1774286522.4494908,16,0.0,0.0,0.0,0.0,0.0,5.860805511474609,0.0,0.0,0.0,0.0,16,0.0,0.0,0.0,0.014039516548012445,0
810,1774286522.5498788,17,0.0,0.0,0.0,0.0,0.0,5.860805511474609,0.0,0.0,0.0,0.0,17,0.0,0.0,0.0,0.014039516548012445,0
811,1774286522.6498988,13,0.0,0.0,0.0,0.0,0.0,5.860805511474609,0.0,0.0,0.0,0.0,13,0.0,0.0,0.0,0.014039516548012445,0
812,1774286522.7495844,16,0.0,0.0,0.0,0.0,0.0,5.860805511474609,0.0,0.0,0.0,0.0,16,0.0,0.0,0.0,0.014039516548012445,0
813,1774286522.8498602,15,0.0,0.0,0.0,0.0,0.0,5.860805511474609,0.0,0.0,0.0,0.0,15,0.0,0.0,0.0,0.014039516548012445,0
814,1774286522.949852,17,0.0,0.0,0.0,0.0,0.0,5.860805511474609,0.0,0.0,0.0,0.0,17,0.0,0.0,0.0,0.014039516548012445,0
815,1774286523.0498657,17,0.0,0.0,0.0,0.0,0.0,5.860805511474609,0.0,0.022745030767777386,0.1933327615261078,0.062289832113303606,17,0.0,0.0,0.0,0.014039516548012445,0
816,1774286523.1495473,17,0.0,0.0,0.0,0.0,0.0,5.860805511474609,0.0,0.03411754615166608,0.1933327615261078,0.07370232329163695,17,0.0,0.0,0.0,0.014039516548012445,0
817,1774286523.2494771,17,0.0,0.0,0.0,0.0,0.0,5.860805511474609,0.0,0.04549006153555477,0.3866655230522156,0.12457966422660721,17,0.0,0.0,0.0,0.014039516548012445,0
818,1774286523.349733,17,0.0,0.0,0.0,0.0,0.0,5.811095237731934,0.0,0.022745030767777386,0.1933327615261078,0.062289832113303606,17,0.0,0.0,0.0,0.014039516548012445,0
819,1774286523.44997,19,-0.05424650091873972,-1.0306835174560547,0.0,0.052968291514682915,1.0306835174560547,5.992770195007324,0.17198782598317122,0.030526225504122283,0.3866655230522156,0.09436285647756704,19,0.010171218922263699,0.005351789369971163,0.0,0.017872137011301956,0
820,1774286523.5494514,17,0.0,0.0,0.0,0.0,0.0,5.992770195007324,0.0,0.022745030767777386,0.1933327615261078,0.062289832113303606,17,0.0,0.0,0.0,0.011822750777273636,0
821,1774286523.6493986,15,-0.13430118560791016,-1.0306835174560547,0.0,0.11731241670531745,1.0306835174560547,5.992770195007324,0.17198782598317122,0.0,0.0,0.0,15,-0.13430118560791016,-0.07068417462517185,0.0,0.0309854641831372,0
822,1774286523.7493117,16,-0.06441771984100342,-1.0306835174560547,0.0,0.06224463944271008,1.0306835174560547,5.992770195007324,0.17198782598317122,0.024166595190763474,0.1933327615261078,0.06393880090992969,16,-0.06441771984100342,-0.03390775459288105,0.0,0.0331131085117311,0
823,1774286523.8497825,18,0.0,0.0,0.0,0.0,0.0,6.900787353515625,0.0,0.04296283589469062,0.1933327615261078,0.0803761061410629,18,0.0,0.0,0.0,0.0331131085117311,0
824,1774286523.9499106,17,0.0,0.0,0.0,0.0,0.0,5.992770195007324,0.0,0.03411754615166608,0.3866655230522156,0.09914329058446496,17,0.0,0.0,0.0,0.0331131085117311,0
825,1774286524.0498438,18,0.05986293156941732,0.0,1.0775327682495117,0.060920699793440586,1.0775327682495117,5.992770195007324,0.17980545443695173,0.04296283589469062,0.3866655230522156,0.12151725040056222,18,0.05986293156941732,0.03150438905388001,0.0,0.0366389657567976,0
826,1774286524.1497147,16,0.0,0.0,0.0,0.0,0.0,5.992770195007324,0.0,0.060416487976908684,0.3866655230522156,0.13181321486348935,16,0.0,0.0,0.0,0.0366389657567976,0
827,1774286524.2495794,16,0.0,0.0,0.0,0.0,0.0,5.992770195007324,0.0,0.03624989278614521,0.1933327615261078,0.07546016929721112,16,0.0,0.0,0.0,0.0366389657567976,0
828,1774286524.3495743,19,0.0,0.0,0.0,0.0,0.0,6.043910980224609,0.0,0.040701634005496375,0.1933327615261078,0.07881837533335848,19,0.0,0.0,0.0,0.0366389657567976,0
829,1774286524.4497185,19,0.0,0.0,0.0,0.0,0.0,5.992770195007324,0.0,0.030526225504122283,0.1933327615261078,0.07049729804859288,19,0.0,0.0,0.0,0.0366389657567976,0
830,1774286524.5498617,17,-0.060628442203297335,-1.0306835174560547,0.0,0.058812928063977046,1.0306835174560547,5.992770195007324,0.17198782598317122,0.022745030767777386,0.1933327615261078,0.062289832113303606,17,-0.060628442203297335,-0.031910329479208216,0.0,0.03819001414970445,0
831,1774286524.6498976,19,0.0,0.0,0.0,0.0,0.0,5.992770195007324,0.0,0.030526225504122283,0.1933327615261078,0.07049729804859288,19,0.0,0.0,0.0,0.03819001414970445,0
832,1774286524.7498636,18,-0.08068482081095378,-1.452326774597168,0.0,0.1106706852580272,1.452326774597168,5.992770195007324,0.2423464820671958,0.06444425384203593,0.3866655230522156,0.1441017323500443,18,-0.08068482081095378,-0.042465618429906905,0.007891133123514603,0.04080861339942628,0
833,1774286524.849875,21,-0.20747525351388113,-1.499176025390625,0.0,0.25848491847626764,1.499176025390625,6.043910980224609,0.24804733727810652,0.05523793186460223,0.3866655230522156,0.13530474751489924,21,-0.20747525351388113,-0.10919618094625504,0.018954192306481155,0.05799234489703176,0
834,1774286524.9497712,22,-0.06388534199107777,-1.405477523803711,0.0,0.08570807534765627,1.405477523803711,6.043910980224609,0.23254437869822486,0.035151411186565056,0.3866655230522156,0.11115852231866752,22,-0.06388534199107777,-0.0336255376392632,0.03411754615166608,0.058171136432985354,0
835,1774286525.0496986,24,-0.05856156349182129,-1.405477523803711,0.0,0.07887750452795217,1.405477523803711,6.043910980224609,0.23254437869822486,0.04833319038152695,0.5799982845783234,0.12787760181985938,24,-0.05856156349182129,-0.030819422089253798,0.03411754615166608,0.058046569769554426,0
836,1774286525.1494231,19,-0.056712250960500615,-1.0775327682495117,0.0,0.057893029362122435,1.0775327682495117,6.043910980224609,0.17828402366863905,0.09157867651236684,0.5799982845783234,0.21149189414577863,19,-0.056712250960500615,-0.029849401891495077,0.032830091579905095,0.057739042651463145,0
837,1774286525.2499003,20,-0.0773012638092041,-1.546025276184082,0.0,0.11353422234350319,1.546025276184082,6.043910980224609,0.2557988165680473,0.05799982845783234,0.3866655230522156,0.13806720793312413,20,-0.0773012638092041,-0.04068129516144473,0.025534515673259518,0.05778358039879631,0
838,1774286525.3493497,19,0.0,0.0,0.0,0.0,0.0,6.043910980224609,0.0,0.09157867651236684,0.5799982845783234,0.21149189414577863,19,0.05424650091873972,0.028560113628423766,0.018954192306481155,0.05778358039879631,0
839,1774286525.4495518,20,0.0,0.0,0.0,0.0,0.0,6.043910980224609,0.0,0.10633301883935928,0.9666638076305389,0.2627832490190858,20,0.0,0.0,0.016111063460508983,0.05831800893687539,0
840,1774286525.549654,19,-0.15041075254741468,-1.452326774597168,0.0,0.1923566123670269,1.452326774597168,5.860805511474609,0.24780327068586772,0.10175408501374095,0.5799982845783234,0.20197609175077,19,-0.01610956693950452,-0.008477579690751389,0.023673399370543812,0.06257790749391991,0
841,1774286525.6493409,19,-0.15534225263093648,-1.499176025390625,0.0,0.20517309061690658,1.499176025390625,5.860805511474609,0.2557969245789602,0.10175408501374095,0.7733310461044312,0.23776513672262922,19,-0.09092453278993307,-0.047854282255524,0.03411754615166608,0.06423005698104745,0
842,1774286525.749825,16,-0.1903250813484192,-1.546025276184082,0.0,0.2536340452663488,1.546025276184082,5.860805511474609,0.26379057847205273,0.0966663807630539,0.7733310461044312,0.25575520363971876,16,-0.1903250813484192,-0.10016885304157576,0.04012566748655067,0.07150658429511313,0
843,1774286525.8498392,18,-0.2498626708984375,-1.546025276184082,0.0,0.312400644020272,1.546025276184082,5.860805511474609,0.26379057847205273,0.22555488844712576,1.73999485373497,0.5515539690284695,18,-0.2498626708984375,-0.1315116130526782,0.04549006153555477,0.08232597359992434,0
844,1774286525.9498868,21,-0.2900191715785435,-1.546025276184082,0.0,0.357576776279381,1.546025276184082,5.659818649291992,0.2731580942752433,0.07365057581946963,0.3866655230522156,0.15183455174561764,21,-0.3498821031479608,-0.18414430682646013,0.04639986276626587,0.09434138293420163,0
845,1774286526.0496602,19,-0.24164350409256785,-1.546025276184082,0.0,0.3114987887354528,1.546025276184082,5.677700042724609,0.27229780801209374,0.09157867651236684,0.7733310461044312,0.20197609175077003,19,-0.24164350409256785,-0.1271844399794093,0.04549006153555477,0.09502369152431095,0
846,1774286526.149401,19,-0.3205475054289165,-1.546025276184082,0.0,0.3854306556797303,1.546025276184082,5.659818649291992,0.2731580942752433,0.09157867651236684,0.5799982845783234,0.21149189414577863,19,-0.3205475054289165,-0.16872506289640357,0.035802363245575515,0.10436686353137017,0
847,1774286526.2498236,16,-0.3806501626968384,-1.546025276184082,0.0,0.43482081735213285,1.546025276184082,5.659818649291992,0.2731580942752433,0.10874967835843563,0.5799982845783234,0.22638050789163336,16,-0.3806501626968384,-0.20031591336904878,0.03163627006790855,0.11653887999471352,0
848,1774286526.3494062,15,-0.5028486251831055,-1.546025276184082,0.0,0.5061231854597281,1.546025276184082,5.659818649291992,0.2731580942752433,0.10311080614725748,0.5799982845783234,0.2102107944865153,15,-0.5028486251831055,-0.2647006702420271,0.02812112894925204,0.13818493278269353,0
849,1774286526.4494262,16,-0.3806501626968384,-1.546025276184082,0.0,0.43482081735213285,1.546025276184082,5.659818649291992,0.2731580942752433,0.18124946393072605,0.7733310461044312,0.316711505150775,16,-0.32002172049354105,-0.16847109940969604,0.03938259957013307,0.1417830180538534,0
850,1774286526.549899,18,-0.3357529640197754,-1.546025276184082,0.0,0.3948905096251565,1.546025276184082,5.677700042724609,0.27229780801209374,0.0966663807630539,0.5799982845783234,0.2161525985250665,18,-0.3357529640197754,-0.17671194440986682,0.04999985211882098,0.14351259223991233,0
851,1774286526.6494615,15,-0.40602684020996094,-1.546025276184082,0.0,0.4535052596565947,1.546025276184082,5.659818649291992,0.2731580942752433,0.10311080614725748,0.5799982845783234,0.19800228254932783,15,-0.32534201939900714,-0.1712688892065687,0.05071023253143811,0.14432075466132588,0
852,1774286526.7494373,18,-0.33835570017496747,-1.546025276184082,0.0,0.40081796568200745,1.546025276184082,5.992770195007324,0.2579817389747568,0.08592567178938124,0.3866655230522156,0.1607522122821258,18,-0.13088044666108634,-0.06890031593376826,0.046169017677876484,0.14393132171015743,0
853,1774286526.8494906,16,-0.4714205861091614,-1.546025276184082,0.0,0.48930631096899546,1.546025276184082,5.659818649291992,0.2731580942752433,0.04833319038152695,0.3866655230522156,0.12787760181985938,16,-0.4075352441180836,-0.21452390688021433,0.05651265336916997,0.15390393610181102,0
854,1774286526.9494922,18,-0.4190405209859212,-1.546025276184082,0.0,0.45688831286207066,1.546025276184082,5.659818649291992,0.2731580942752433,0.053703544868363276,0.3866655230522156,0.1257167753652118,18,-0.3604789574940999,-0.189746377066226,0.06444425384203593,0.1537963891814945,0
855,1774286527.0496547,17,-0.35274730009191174,-1.546025276184082,0.0,0.40465785551456934,1.546025276184082,5.860805511474609,0.26379057847205273,0.03411754615166608,0.1933327615261078,0.07370232329163695,17,-0.2960350491314111,-0.15578893076052583,0.07999976339011357,0.14864358703099526,0
856,1774286527.1492982,18,-0.4450678825378418,-1.499176025390625,0.0,0.36855228202625767,1.499176025390625,5.860805511474609,0.2557969245789602,0.06444425384203593,0.3866655230522156,0.1441017323500443,18,-0.3677666187286377,-0.19362274139751554,0.0851974881301492,0.1453675630058953,0
857,1774286527.2494292,18,-0.2863009770711263,-1.546025276184082,0.7964372634887695,0.4452840474616299,2.3424625396728516,5.860805511474609,0.39968269465462536,0.11814779871039921,0.5799982845783234,0.22452963364635595,18,-0.2863009770711263,-0.1506784209637622,0.09999970423764196,0.13732188111167426,0
858,1774286527.3498333,19,0.0,0.0,0.0,0.0,0.0,5.860805511474609,0.0,0.09157867651236684,0.5799982845783234,0.18145352666180922,19,0.0,0.0,0.10333302771223002,0.13732188111167426,0
859,1774286527.4496617,21,0.0,0.0,0.0,0.0,0.0,6.043910980224609,0.0,0.04603160988716852,0.3866655230522156,0.11789844678263292,21,0.15041075254741468,0.07916323212120543,0.10024661708761144,0.13732188111167423,0
860,1774286527.54969,17,0.0,0.0,0.0,0.0,0.0,6.043910980224609,0.0,0.09098012307110954,0.3866655230522156,0.16401674939045488,17,0.15534225263093648,0.08174405920864937,0.14226373017958874,0.14872619963239045,0
861,1774286527.6499212,20,0.0,0.0,0.0,0.0,0.0,6.043910980224609,0.0,0.038666552305221556,0.1933327615261078,0.07733310461044311,20,0.1903250813484192,0.10016602503945941,0.1300602213902907,0.1591589717789187,0
862,1774286527.7499065,22,0.0,0.0,0.0,0.0,0.0,6.043910980224609,0.0,0.05272711677984758,0.3866655230522156,0.11920423501990257,22,0.2498626708984375,0.13150200891904848,0.12666629203434648,0.16961619801297284,0
863,1774286527.849592,22,0.06601485339078036,0.0,0.7495880126953125,0.04362949168887836,0.7495880126953125,6.043910980224609,0.12402366863905326,0.02636355838992379,0.1933327615261078,0.06634683365617257,22,0.3560340249693239,0.18741541071462942,0.0851974881301492,0.18487372823896417,0
864,1774286527.9497464,21,0.0,0.0,0.0,0.0,0.0,6.043910980224609,0.0,0.0,0.0,0.0,21,0.24164350409256785,0.12717502427549118,0.0966663807630539,0.19278299634790946,0
865,1774286528.049508,19,0.03698625062641345,0.0,0.7027387619018555,0.024623689237197634,0.7027387619018555,6.043910980224609,0.11627218934911243,0.0,0.0,0.0,19,0.35753375605533,0.18816505002779865,0.10053303599357605,0.20205959870301923,0
866,1774286528.1498692,23,0.0,0.0,0.0,0.0,0.0,6.043910980224609,0.0,0.0,0.0,0.0,23,0.3806501626968384,0.20033737928310258,0.13163081635820104,0.20665028682674788,0
867,1774286528.2499084,25,-0.0018739700317382812,-0.7495880126953125,0.7027387619018555,0.042225446486554574,1.452326774597168,6.043910980224609,0.2402958579881657,0.007733310461044311,0.1933327615261078,0.03788532930417179,25,0.5009746551513672,0.26360119649481817,0.12625812997623365,0.20757034704742836,0
868,1774286528.349481,22,-0.006388534199107777,-1.499176025390625,0.7027387619018555,0.14412107632930493,2.2019147872924805,6.043910980224609,0.36431952662721895,0.0,0.0,0.0,22,0.3742616284977306,0.19697410967722387,0.12625812997623365,0.19837658004047262,0
869,1774286528.4494686,22,0.03194267099553889,0.0,0.7027387619018555,0.02142701883691407,0.7027387619018555,6.043910980224609,0.11627218934911243,0.0,0.0,0.0,22,0.36769563501531427,0.19356787567183667,0.09477096153240577,0.19653387262134087,0
870,1774286528.5497124,22,0.09582801298661665,0.0,0.7495880126953125,0.058358583156031124,0.7495880126953125,6.043910980224609,0.12402366863905326,0.0,0.0,0.0,22,0.5018548531965776,0.26409925663146716,0.07891133123514604,0.19824471992409537,0
871,1774286528.6495225,21,0.0,0.0,0.0,0.0,0.0,6.043910980224609,0.0,0.0,0.0,0.0,21,0.33835570017496747,0.17807396123696886,0.06320494126815063,0.18898165077758136,0
872,1774286528.7498686,24,0.0,0.0,0.0,0.0,0.0,6.043910980224609,0.0,0.0,0.0,0.0,24,0.4714205861091614,0.24806674718593438,0.04549006153555477,0.1823188353789436,0
873,1774286528.849329,21,0.0,0.0,0.0,0.0,0.0,6.043910980224609,0.0,0.0,0.0,0.0,21,0.4190405209859212,0.220566590612972,0.051069031346519037,0.16031999388207888,0
874,1774286528.9499176,21,0.0646965844290597,0.0,0.7027387619018555,0.039815914737564344,0.7027387619018555,6.043910980224609,0.11627218934911243,0.0,0.0,0.0,21,0.4174438845209715,0.21967691908212117,0.07295575906645577,0.14015888942591473,0
875,1774286529.049956,23,0.0,0.0,0.0,0.0,0.0,5.992770195007324,0.0,0.0,0.0,0.0,23,0.4450678825378418,0.23416517215326715,0.09139366908506914,0.12048835845595236,0
876,1774286529.1499074,21,0.0,0.0,0.0,0.0,0.0,5.992770195007324,0.0,0.009206321977433703,0.1933327615261078,0.04117192352858409,21,0.2863009770711263,0.15064681532632399,0.08333308686470163,0.07145889294099861,0
877,1774286529.2495682,23,-0.12628928474757983,-2.2487640380859375,0.0,0.22262191872188325,2.2487640380859375,6.043910980224609,0.37207100591715975,0.0,0.0,0.0,23,-0.12628928474757983,-0.0664773173532841,0.07461966234341003,0.041721418466521804,0
878,1774286529.3497143,23,-0.06518156632133153,-1.499176025390625,0.0,0.0934700049382471,1.499176025390625,6.043910980224609,0.24804733727810652,0.0,0.0,0.0,23,-0.06518156632133153,-0.03430513877557955,0.05666649906799711,0.044664650133805064,0
879,1774286529.4494221,21,0.0,0.0,0.0,0.0,0.0,6.043910980224609,0.0,0.0,0.0,0.0,21,0.0,0.0,0.0589828763977956,0.04466465013380506,0
880,1774286529.5499218,18,0.041643778483072914,0.0,0.7495880126953125,0.029481472867903202,0.7495880126953125,6.043910980224609,0.12402366863905326,0.0,0.0,0.0,18,0.041643778483072914,0.021917771548222862,0.039270717184990644,0.04535826094489088,0
881,1774286529.6498094,19,-0.03698625062641345,-1.405477523803711,0.7027387619018555,0.12859037712758767,2.1082162857055664,5.860805511474609,0.3597144251891628,0.0,0.0,0.0,19,-0.03698625062641345,-0.01946744340059613,0.026769151595922618,0.04634389548476214,0
882,1774286529.7493808,20,0.037479400634765625,0.0,0.7495880126953125,0.02668940396688413,0.7495880126953125,6.043910980224609,0.12402366863905326,0.0,0.0,0.0,20,-0.02853545275601474,-0.015020328526660876,0.00935481104158586,0.046857943793433006,0
883,1774286529.849805,20,0.0,0.0,0.0,0.0,0.0,5.860805511474609,0.0,0.0,0.0,0.0,20,0.0,0.0,0.0,0.044859580162455316,0
884,1774286529.9493747,20,-0.07027387619018555,-1.405477523803711,0.0,0.09382993582107702,1.405477523803711,5.992770195007324,0.2345288536134153,0.0,0.0,0.0,20,-0.107260126816599,-0.05645666274219299,0.0028855636048672802,0.04766765311946865,0
885,1774286530.0493994,19,-0.02712325045936986,-0.6558895111083984,0.7495880126953125,0.07100134392888742,1.405477523803711,6.043910980224609,0.23254437869822486,0.0,0.0,0.0,19,-0.02712325045936986,-0.01427892583872075,0.002761896593230111,0.04723157819245831,0
886,1774286530.1494555,19,-0.15041075254741468,-1.405477523803711,0.0,0.13690771215881886,1.405477523803711,5.992770195007324,0.2345288536134153,0.0,0.0,0.0,19,-0.1485367825156764,-0.07819589338449488,0.0028019240800885186,0.05708248495379527,0
887,1774286530.2501152,16,0.0,0.0,0.0,0.0,0.0,5.992770195007324,0.0,0.012083297595381737,0.1933327615261078,0.046798410354181585,16,0.006388534199107777,0.0033612647305074784,0.0,0.057098344188273656,0
888,1774286530.3498468,17,-0.08543098674100988,-0.7495880126953125,0.0,0.0548029556959786,0.7495880126953125,5.860805511474609,0.1278984622894801,0.03411754615166608,0.1933327615261078,0.07370232329163695,17,-0.11737365773654876,-0.06176331429948715,0.0,0.05936386889003876,0
889,1774286530.4498026,18,0.0,0.0,0.0,0.0,0.0,5.860805511474609,0.0,0.04296283589469062,0.1933327615261078,0.0803761061410629,18,-0.09582801298661665,-0.050433401582449286,0.0,0.058516387931826654,0
890,1774286530.5492175,15,0.0,0.0,0.0,0.0,0.0,5.860805511474609,0.0,0.0,0.0,0.0,15,0.0,0.0,0.0,0.05279918125844686,0
891,1774286530.649894,17,-0.0771634718951057,-0.7495880126953125,0.0,0.0456893821323458,0.7495880126953125,5.860805511474609,0.1278984622894801,0.0,0.0,0.0,17,-0.0771634718951057,-0.04061181140282231,0.0,0.05393842984526082,0
892,1774286530.7502475,19,-0.21698600367495888,-1.405477523803711,0.0,0.15461244871652743,1.405477523803711,6.043910980224609,0.23254437869822486,0.030526225504122283,0.1933327615261078,0.07049729804859288,19,-0.21698600367495888,-0.11414797926985032,0.0,0.06788747884903107,0
893,1774286530.8503184,17,-0.08543098674100988,-1.405477523803711,0.7027387619018555,0.17100101863229686,2.1082162857055664,5.860805511474609,0.3597144251891628,0.03411754615166608,0.1933327615261078,0.07370232329163695,17,-0.15012757117006958,-0.07899784355348746,0.0029743501773247354,0.06820000765048315,0
894,1774286530.9497433,16,-0.08784234523773193,-1.405477523803711,0.0,0.11574416425297329,1.405477523803711,5.860805511474609,0.2398096167927752,0.03624989278614521,0.1933327615261078,0.07546016929721112,16,-0.08784234523773193,-0.046237992240488385,0.0028855636048672802,0.06450880775623247,0
895,1774286531.0503323,18,-0.15876690546671549,-1.405477523803711,0.0,0.14318701562703812,1.405477523803711,5.860805511474609,0.2398096167927752,0.03222212692101797,0.1933327615261078,0.07205086617502215,18,-0.15876690546671549,-0.08354284385653254,0.0028855636048672802,0.06785702735203668,0
896,1774286531.149714,14,-0.1505868775503976,-1.452326774597168,0.0,0.15871245738060927,1.452326774597168,5.860805511474609,0.24780327068586772,0.027618965932301114,0.1933327615261078,0.0676523737574496,14,-0.024297592802817763,-0.01278722569483706,0.0,0.06961953828556629,0
897,1774286531.2502024,16,0.03513693809509277,-1.405477523803711,0.7027387619018555,0.20316101601025593,2.1082162857055664,5.860805511474609,0.3597144251891628,0.0,0.0,0.0,16,0.1003185044164243,0.052785651433478055,0.0,0.07115107282322819,0
898,1774286531.3498447,17,-0.21495538599350872,-2.2487640380859375,0.0,0.3674592860856748,2.2487640380859375,5.992770195007324,0.37524616578146447,0.0,0.0,0.0,17,-0.21495538599350872,-0.11310925740270829,0.0,0.07925940332946067,0
899,1774286531.450314,15,-0.13742446899414062,-1.405477523803711,0.0,0.14148505670164013,1.405477523803711,5.860805511474609,0.2398096167927752,0.0,0.0,0.0,15,-0.17906824747721353,-0.09422699094769343,0.0,0.07950970422823649,0
900,1774286531.5498588,15,-0.09369850158691406,-1.405477523803711,0.0,0.12291172879486112,1.405477523803711,5.860805511474609,0.2398096167927752,0.0,0.0,0.0,15,-0.056712250960500615,-0.02984777634066262,0.0,0.07543826620192942,0
901,1774286531.6503358,19,-0.07890400133634869,-1.405477523803711,1.405477523803711,0.35788860327367944,2.810955047607422,5.860805511474609,0.4796192335855504,0.0,0.0,0.0,19,-0.11638340197111431,-0.06122365038166722,0.0,0.07490500717996786,0
902,1774286531.7502718,19,-0.03945200066817434,-0.7495880126953125,0.0,0.028016286420989325,0.7495880126953125,5.860805511474609,0.1278984622894801,0.0,0.0,0.0,19,-0.03945200066817434,-0.020759111997291017,0.0,0.07072885381605569,0
903,1774286531.8498418,17,-0.08267514845904182,-1.405477523803711,0.0,0.10936288276359368,1.405477523803711,5.860805511474609,0.2398096167927752,0.0,0.0,0.0,17,-0.012401272268856275,-0.006525380994248744,0.0,0.06818789953472998,0
904,1774286531.9503949,17,0.0,0.0,0.0,0.0,0.0,5.860805511474609,0.0,0.0,0.0,0.0,17,0.02712325045936986,0.014267919392849764,0.0035802363245575515,0.07067797805213424,0
905,1774286532.050318,20,-0.03513693809509277,-0.7027387619018555,0.0,0.023457483955269254,0.7027387619018555,5.860805511474609,0.1199048083963876,0.0,0.0,0.0,20,0.1152738144523219,0.060642901398146015,0.014871750886623677,0.07038452324514785,0
906,1774286532.1502812,19,0.0,0.0,0.0,0.0,0.0,5.860805511474609,0.0,0.010175408501374094,0.1933327615261078,0.04317060211598919,19,0.0,0.0,0.03032670769036985,0.07081283405571709,0
907,1774286532.2503467,22,0.0,0.0,0.0,0.0,0.0,5.860805511474609,0.0,0.035151411186565056,0.1933327615261078,0.07456740365489042,22,0.08543098674100988,0.04495185203918027,0.02706658661365509,0.0708128340557171,0
908,1774286532.349779,18,0.0,0.0,0.0,0.0,0.0,5.860805511474609,0.0,0.04296283589469062,0.1933327615261078,0.0803761061410629,18,0.0,0.0,0.015466620922088623,0.072636085368017,0
909,1774286532.4497724,19,0.0,0.0,0.0,0.0,0.0,5.860805511474609,0.0,0.020350817002748187,0.1933327615261078,0.05933231748191226,19,0.0,0.0,0.011372515383888693,0.072636085368017,0
910,1774286532.5501223,22,-0.057496807791969994,-0.6558895111083984,0.0,0.033108712069483515,0.6558895111083984,5.860805511474609,0.1119111545032951,0.017575705593282528,0.1933327615261078,0.05557926115933376,22,0.019666664103135702,0.010349632460985728,0.02188672771993673,0.07087796420100913,0
911,1774286532.6501727,20,0.1311779022216797,-1.3117790222167969,1.8271207809448242,0.43910215111964135,3.138899803161621,5.860805511474609,0.5355748108371979,0.009666638076305389,0.1933327615261078,0.042135898498397606,20,0.3481639058966386,0.18325137223547733,0.033461439494903274,0.08379146299708973,0
912,1774286532.7498653,16,-0.04392117261886597,-0.7027387619018555,0.0,0.028936041063243323,0.7027387619018555,5.860805511474609,0.1199048083963876,0.012083297595381737,0.1933327615261078,0.046798410354181585,16,0.04150981412214391,0.02185248227365067,0.03411754615166608,0.07609225617749792,0
913,1774286532.8502629,20,0.0,0.0,0.0,0.0,0.0,5.860805511474609,0.0,0.0,0.0,0.0,20,0.08784234523773193,0.04622017305209138,0.03222212692101797,0.07665978812993744,0
914,1774286532.9504879,21,-0.1026221684047154,-1.452326774597168,0.0,0.11342558710863639,1.452326774597168,5.860805511474609,0.24780327068586772,0.0,0.0,0.0,21,0.056144737062000086,0.02954744269803687,0.020138829325636227,0.07708407467535294,0
915,1774286533.0498369,19,0.09863000167043585,0.0,0.7027387619018555,0.052421098420522984,0.7027387619018555,5.860805511474609,0.1199048083963876,0.040701634005496375,0.1933327615261078,0.07881837533335848,19,0.24921687922083346,0.13115829598247494,0.008226926022387565,0.07954303894623005,0
916,1774286533.1502428,17,-0.08818682502297794,-1.499176025390625,0.0,0.12443065772213326,1.499176025390625,5.860805511474609,0.2557969245789602,0.03411754615166608,0.1933327615261078,0.07370232329163695,17,-0.12332376311807071,-0.06490586404898374,0.0,0.07624452757031472,0
917,1774286533.249893,17,-0.08818682502297794,-1.499176025390625,0.0,0.12443065772213326,1.499176025390625,5.860805511474609,0.2557969245789602,0.022745030767777386,0.1933327615261078,0.062289832113303606,17,0.1267685609705308,0.06671860073844404,0.0,0.07526495214723455,0
918,1774286533.350234,18,-0.11712312698364258,-0.7495880126953125,0.0,0.0688330068498999,0.7495880126953125,5.860805511474609,0.1278984622894801,0.010740708973672655,0.1933327615261078,0.04428507759247181,18,0.020301342010498047,0.010685366832470766,0.0,0.06651228998521957,0
919,1774286533.4502153,15,-0.37479400634765625,-1.499176025390625,0.0,0.3350807844526571,1.499176025390625,5.860805511474609,0.2557969245789602,0.06444425384203593,0.3866655230522156,0.1351794072865011,15,-0.2810955047607422,-0.14791724613467394,0.0,0.0974162215379811,0
920,1774286533.549716,17,-0.1681061352000517,-1.452326774597168,0.0,0.21201209966864454,1.452326774597168,5.992770195007324,0.2423464820671958,0.03411754615166608,0.1933327615261078,0.07370232329163695,17,-0.089202133863703,-0.046963811422302645,0.0,0.10044065960161584,0
921,1774286533.649876,16,-0.08784234523773193,-1.405477523803711,0.0,0.11574416425297329,1.405477523803711,5.860805511474609,0.2398096167927752,0.0,0.0,0.0,16,-0.04839034456955759,-0.025473907406230355,0.0,0.10057765659706773,0
922,1774286533.7502239,16,-0.26938319206237793,-1.452326774597168,0.0,0.3145497702305988,1.452326774597168,5.860805511474609,0.24780327068586772,0.0,0.0,0.0,16,-0.1867080436033361,-0.0982476362561314,0.0,0.11099776393326509,0
923,1774286533.849778,15,-0.24361610412597656,-1.499176025390625,0.7027387619018555,0.3957172373247886,2.2019147872924805,5.860805511474609,0.3757017329753478,0.0,0.0,0.0,15,-0.24361610412597656,-0.12826064853343777,0.003452370741537639,0.11767262941681188,0
924,1774286533.949745,18,-0.2810955047607422,-1.452326774597168,0.0,0.2963050604876116,1.452326774597168,5.992770195007324,0.2423464820671958,0.0,0.0,0.0,18,-0.24595856666564941,-0.12949093321838928,0.015846947666074408,0.12476726525067258,0
925,1774286534.0498185,16,-0.090770423412323,-1.452326774597168,0.0,0.12358904649678593,1.452326774597168,5.860805511474609,0.24780327068586772,0.0,0.0,0.0,16,-0.090770423412323,-0.047785543470088815,0.0294914381988978,0.12421262120838523,0
926,1774286534.1502557,18,0.0,0.0,0.0,0.0,0.0,5.992770195007324,0.0,0.0,0.0,0.0,18,0.0,0.0,0.032768264665442,0.12421262120838523,0
927,1774286534.2498825,20,0.037479400634765625,0.0,0.7495880126953125,0.02668940396688413,0.7495880126953125,5.860805511474609,0.1278984622894801,0.019333276152610778,0.1933327615261078,0.05799982845783234,20,0.037479400634765625,0.019724925128099084,0.026214611732353597,0.12581609887771808,0
928,1774286534.349942,16,0.0,0.0,0.0,0.0,0.0,5.860805511474609,0.0,0.0,0.0,0.0,16,0.0,0.0,0.015846947666074408,0.12581609887771808,0
929,1774286534.4502492,20,0.03513693809509277,0.0,0.7027387619018555,0.023457483955269254,0.7027387619018555,5.992770195007324,0.11726442680670765,0.0,0.0,0.0,20,0.09263374588706277,0.04875134614798919,0.013333293898352262,0.1272597927538952,0
930,1774286534.5498452,24,0.031232833862304688,0.0,0.7495880126953125,0.022436267954617506,0.7495880126953125,6.043910980224609,0.12402366863905326,0.0,0.0,0.0,24,-0.099945068359375,-0.052611735931255336,0.006904741483075278,0.1296835026769013,0
931,1774286534.650334,24,0.0,0.0,0.0,0.0,0.0,6.043910980224609,0.0,0.008055531730254492,0.1933327615261078,0.03863297300900034,24,0.04392117261886597,0.023110706958838902,0.0033918028337913647,0.12186288581059679,0
932,1774286534.7503126,23,0.11610466500987178,0.0,1.405477523803711,0.10723658325789835,1.405477523803711,6.043910980224609,0.23254437869822486,0.016811544480531113,0.1933327615261078,0.054475630259036005,23,0.11610466500987178,0.06110612045514739,0.012888850768407185,0.12948692934234937,0
933,1774286534.850354,24,0.0,0.0,0.0,0.0,0.0,6.043910980224609,0.0,0.008055531730254492,0.1933327615261078,0.03863297300900034,24,0.1026221684047154,0.05401547413359753,0.023742619836539552,0.12948692934234934,0
934,1774286534.95008,24,-0.031232833862304688,-0.7495880126953125,0.0,0.022436267954617506,0.7495880126953125,6.043910980224609,0.12402366863905326,0.024166595190763474,0.1933327615261078,0.06393880090992969,24,-0.12986283553274053,-0.06834011888618509,0.032830091579905095,0.12978828848835797,0
935,1774286535.050398,24,0.02537667751312256,0.0,0.6090402603149414,0.014811442516915463,0.6090402603149414,6.043910980224609,0.10076923076923076,0.03222212692101797,0.1933327615261078,0.07205086617502215,24,0.1135635025361005,0.05976537927490997,0.022307626329935513,0.12577766942422144,0
936,1774286535.1503441,24,0.0,0.0,0.0,0.0,0.0,6.043910980224609,0.0,0.0,0.0,0.0,24,0.08818682502297794,0.046403099325583196,0.030933241844177246,0.12694497611603672,0
937,1774286535.2503595,23,0.0,0.0,0.0,0.0,0.0,6.043910980224609,0.0,0.008405772240265556,0.1933327615261078,0.03942656658922785,23,0.11712312698364258,0.06163967946613826,0.0347998970746994,0.12794978396181594,0
938,1774286535.34981,21,0.0,0.0,0.0,0.0,0.0,6.043910980224609,0.0,0.027618965932301114,0.1933327615261078,0.06765237375744962,21,0.37479400634765625,0.19730210705346246,0.03222212692101797,0.12838120992516358,0
939,1774286535.4502738,21,0.0,0.0,0.0,0.0,0.0,6.043910980224609,0.0,0.027618965932301114,0.1933327615261078,0.06765237375744962,21,0.1681061352000517,0.0884509479555921,0.011836699685271906,0.10745241796341957,0
940,1774286535.5503528,21,0.06915841783796038,0.0,0.7495880126953125,0.04548968258766725,0.7495880126953125,6.043910980224609,0.12402366863905326,0.036825287909734813,0.1933327615261078,0.07591727587280882,21,0.15700076307569233,0.08261125409352077,0.0,0.10644637605274136,0
941,1774286535.6497378,16,0.0,0.0,0.0,0.0,0.0,6.043910980224609,0.0,0.012083297595381737,0.1933327615261078,0.046798410354181585,16,0.26938319206237793,0.141816905667141,0.0,0.10596481288787096,0
942,1774286535.7503636,22,-0.03407218239524148,-0.7495880126953125,0.0,0.024379185876666674,0.7495880126953125,6.043910980224609,0.12402366863905326,0.02636355838992379,0.1933327615261078,0.06634683365617257,22,0.20954392173073508,0.11025229069609932,0.0,0.09070622976411245,0
943,1774286535.8501613,22,0.0,0.0,0.0,0.0,0.0,6.043910980224609,0.0,0.008787852796641264,0.1933327615261078,0.04027100063673795,22,0.2810955047607422,0.1479125883021843,0.0,0.07455191742960238,0
944,1774286535.9501789,21,-0.23424625396728516,-1.405477523803711,0.0,0.20401674711527967,1.405477523803711,6.043910980224609,0.23254437869822486,0.0,0.0,0.0,21,-0.14347583055496216,-0.07549927616044234,0.007160472649115103,0.06613675451931948,0
945,1774286536.0500934,21,-0.06692750113351005,-1.405477523803711,0.0,0.08958580815951979,1.405477523803711,6.043910980224609,0.23254437869822486,0.0,0.0,0.0,21,-0.06692750113351005,-0.03522800921105771,0.007160472649115103,0.06475870977068496,0
946,1774286536.150062,21,0.06915841783796038,0.0,0.7495880126953125,0.045489682587667245,0.7495880126953125,6.043910980224609,0.12402366863905326,0.0,0.0,0.0,21,0.031679017203194756,0.01667159082951014,0.006904741483075278,0.06662473479872517,0
947,1774286536.250258,21,0.0,0.0,0.0,0.0,0.0,5.992770195007324,0.0,0.036825287909734813,0.1933327615261078,0.07591727587280882,21,0.0,0.0,0.0,0.06609330972237654,0
948,1774286536.3498163,17,-0.04409341251148897,-1.452326774597168,0.7027387619018555,0.15117899613139557,2.1550655364990234,5.992770195007324,0.35961090887390346,0.04549006153555477,0.3866655230522156,0.12457966422660721,17,-0.07923035060658173,-0.04170968715499411,0.0028431288459721733,0.06675476463704742,0
949,1774286536.4501643,17,0.0,0.0,0.0,0.0,0.0,5.860805511474609,0.0,0.022745030767777386,0.1933327615261078,0.062289832113303606,17,-0.031232833862304688,-0.016435573305417114,0.008168989923638357,0.06618207485339715,0
950,1774286536.5502498,22,0.0,0.0,0.0,0.0,0.0,5.860805511474609,0.0,0.043939263983206314,0.3866655230522156,0.09981082117702071,22,0.0,0.0,0.010891986564851143,0.06567578737374744,0
951,1774286536.649739,18,-0.07027387619018555,-0.6558895111083984,0.0,0.03956830951779011,0.6558895111083984,5.860805511474609,0.1119111545032951,0.04296283589469062,0.3866655230522156,0.10302126135733425,18,-0.1863785412000573,-0.09812358893533858,0.016337979847276713,0.06709645225566933,0
952,1774286536.7502732,21,-0.3078665052141462,-1.546025276184082,0.0,0.288167682913122,1.546025276184082,5.860805511474609,0.26379057847205273,0.027618965932301114,0.1933327615261078,0.06765237375744962,21,-0.3078665052141462,-0.1620418876935165,0.02148141794734531,0.08770083855592158,0
953,1774286536.8497808,20,-0.14757513999938965,-1.499176025390625,0.0,0.1960606688200528,1.499176025390625,5.860805511474609,0.2557969245789602,0.02899991422891617,0.1933327615261078,0.06903360396656207,20,-0.11634230613708496,-0.06124243419520997,0.018796240703927145,0.09091053709702995,0
954,1774286536.94988,21,-0.10485308510916573,-0.7495880126953125,0.0,0.06603469459225048,0.7495880126953125,5.992770195007324,0.12508205526048816,0.05523793186460223,0.3866655230522156,0.12143972742590917,21,-0.1302297626222883,-0.06856068031165972,0.013614983206063929,0.09202019879576809,0
955,1774286537.0498672,21,-0.06915841783796038,-0.7495880126953125,0.0,0.04548968258766726,0.7495880126953125,6.043910980224609,0.12402366863905326,0.009206321977433703,0.1933327615261078,0.04117192352858409,21,-0.06915841783796038,-0.036408307305263655,0.011372515383888693,0.09084236627341534,0
956,1774286537.1502943,22,-0.09795752438631924,-0.7495880126953125,0.0,0.06083912904043156,0.7495880126953125,5.992770195007324,0.12508205526048816,0.0,0.0,0.0,22,-0.09795752438631924,-0.05155836189815266,0.020820451241273148,0.09081499143040153,0
957,1774286537.2498136,21,-0.033463750566755025,-0.7027387619018555,0.0,0.022396452039879944,0.7027387619018555,5.992770195007324,0.11726442680670765,0.0,0.0,0.0,21,-0.033463750566755025,-0.017612466263164022,0.030687739924779012,0.09014853893295395,0
958,1774286537.3500245,22,-0.03407218239524148,-0.7495880126953125,0.0,0.024379185876666667,0.7495880126953125,5.992770195007324,0.12508205526048816,0.0,0.0,0.0,22,-0.03407218239524148,-0.0179350807578352,0.026666587796704524,0.08943850664432457,0
959,1774286537.450137,22,-0.06601485339078036,-0.7495880126953125,0.0,0.04362949168887835,0.7495880126953125,5.992770195007324,0.12508205526048816,0.035151411186565056,0.1933327615261078,0.07456740365489042,22,-0.13517327122874073,-0.07115191251099262,0.026214611732353597,0.0885500269114524,0
960,1774286537.5497787,23,-0.032590783160665764,-0.7495880126953125,0.0,0.02336750123456177,0.7495880126953125,5.992770195007324,0.12508205526048816,0.008405772240265556,0.1933327615261078,0.03942656658922785,23,-0.032590783160665764,-0.017152674851347714,0.016111063460508983,0.08386183361937076,0
961,1774286537.6504252,24,-0.031232833862304688,-0.7495880126953125,0.0,0.022436267954617506,0.7495880126953125,6.043910980224609,0.12402366863905326,0.008055531730254492,0.1933327615261078,0.03863297300900034,24,0.0028393485329367904,0.00149434551065984,0.011897400709298941,0.0829469026308576,0
962,1774286537.7503726,24,-0.031232833862304688,-0.7495880126953125,0.0,0.022436267954617506,0.7495880126953125,5.992770195007324,0.12508205526048816,0.0,0.0,0.0,24,-0.031232833862304688,-0.016436505403218844,0.003020824398845434,0.08300257508626085,0
963,1774286537.849864,22,0.0,0.0,0.0,0.0,0.0,5.992770195007324,0.0,0.02636355838992379,0.1933327615261078,0.06634683365617257,22,0.23424625396728516,0.12330793587284511,0.0,0.08300257508626085,0
964,1774286537.9502285,18,0.0,0.0,0.0,0.0,0.0,5.992770195007324,0.0,0.010740708973672655,0.1933327615261078,0.04428507759247181,18,0.06692750113351005,0.035222497198691166,0.012275095969911606,0.07439150529894116,0
965,1774286538.0499823,19,-0.029589000501130756,-0.5621910095214844,0.0,0.01575916111180649,0.5621910095214844,5.992770195007324,0.09381154144536612,0.0,0.0,0.0,19,-0.09874741833909113,-0.05197450768315091,0.026214611732353597,0.07449723468244797,0
966,1774286538.1501966,17,-0.03582589766558479,-0.6090402603149414,0.0,0.020535919096719264,0.6090402603149414,5.860805511474609,0.10391750061020259,0.0,0.0,0.0,17,-0.03582589766558479,-0.018856345136148055,0.035151411186565056,0.06932688275402805,0
967,1774286538.2502337,16,-0.04392117261886597,-0.7027387619018555,0.0,0.028936041063243323,0.7027387619018555,5.860805511474609,0.1199048083963876,0.024166595190763474,0.1933327615261078,0.06393880090992969,16,0.00017223989262300093,9.063266793881757e-05,0.03797607815691403,0.06817931584111728,0
968,1774286538.3501234,15,0.0,0.0,0.0,0.0,0.0,5.860805511474609,0.0,0.0,0.0,0.0,15,0.0,0.0,0.03730983117170501,0.06932847010805257,0
969,1774286538.4501364,17,0.03858173594755285,0.0,0.6558895111083984,0.023816805579627065,0.6558895111083984,5.860805511474609,0.1119111545032951,0.0,0.0,0.0,17,0.03858173594755285,0.02030738875813962,0.03803267439857858,0.07138778172494793,0
970,1774286538.5502384,17,0.0,0.0,0.0,0.0,0.0,5.860805511474609,0.0,0.0,0.0,0.0,17,0.07027387619018555,0.03697653272902995,0.032768264665442,0.07138778172494793,0
971,1774286538.6499465,18,-0.03904104232788086,-0.7027387619018555,0.0,0.025911450762805543,0.7027387619018555,5.860805511474609,0.1199048083963876,0.0,0.0,0.0,18,0.26882546288626535,0.14151142394459534,0.03741924416634344,0.07137496211240364,0
972,1774286538.7500577,19,0.0,0.0,0.0,0.0,0.0,5.860805511474609,0.0,0.0,0.0,0.0,19,0.14757513999938965,0.0776598084472944,0.031182703471952868,0.04194022605623954,0
973,1774286538.8497546,18,-0.03904104232788086,-0.7027387619018555,0.0,0.025911450762805543,0.7027387619018555,5.860805511474609,0.1199048083963876,0.0,0.0,0.0,18,0.06581204278128487,0.03464020191692575,0.02114577079191804,0.03358776321757055,0
974,1774286538.9497433,18,0.0,0.0,0.0,0.0,0.0,5.860805511474609,0.0,0.0,0.0,0.0,18,0.06915841783796038,0.03640154070753552,0.003020824398845434,0.029856465943546625,0
975,1774286539.0497205,19,0.0,0.0,0.0,0.0,0.0,5.860805511474609,0.0,0.0,0.0,0.0,19,0.09795752438631924,0.05157216598338729,0.0,0.028785611080233073,0
976,1774286539.150024,17,0.0,0.0,0.0,0.0,0.0,5.860805511474609,0.0,0.0,0.0,0.0,17,0.033463750566755025,0.017610550341797034,0.011897400709298941,0.023615333971197954,0
977,1774286539.2501478,17,0.0,0.0,0.0,0.0,0.0,5.860805511474609,0.0,0.0,0.0,0.0,17,0.03407218239524148,0.01793156336711642,0.014427818024336403,0.023707524414749062,0
978,1774286539.3501983,17,0.0,0.0,0.0,0.0,0.0,5.860805511474609,0.0,0.0,0.0,0.0,17,0.06601485339078036,0.0347435374824393,0.016811544480531113,0.023657968630041562,0
979,1774286539.450128,17,0.0,0.0,0.0,0.0,0.0,5.860805511474609,0.0,0.0,0.0,0.0,17,0.032590783160665764,0.017149890187518505,0.005445993282425571,0.020813435537313102,0
980,1774286539.5502768,18,-0.03904104232788086,-0.7027387619018555,0.0,0.025911450762805543,0.7027387619018555,5.860805511474609,0.1199048083963876,0.0,0.0,0.0,18,-0.007808208465576172,-0.004109904493349171,0.011047586372920444,0.021173837986859276,0
981,1774286539.6499143,17,0.0,0.0,0.0,0.0,0.0,5.860805511474609,0.0,0.0,0.0,0.0,17,0.031232833862304688,0.01644230039078704,0.012083297595381737,0.020885708549891593,0
982,1774286539.750032,17,-0.03582589766558479,-0.6090402603149414,0.0,0.020535919096719264,0.6090402603149414,5.860805511474609,0.10391750061020259,0.0,0.0,0.0,17,-0.03582589766558479,-0.018854069091907878,0.013107305866176798,0.02113121848892849,0
983,1774286539.8501873,17,0.0,0.0,0.0,0.0,0.0,5.860805511474609,0.0,0.0,0.0,0.0,17,0.0,0.0,0.0035802363245575515,0.02113121848892849,0
984,1774286539.9501038,18,0.0,0.0,0.0,0.0,0.0,5.860805511474609,0.0,0.0,0.0,0.0,18,0.029589000501130756,0.015572162765977476,0.007435875443311838,0.02113121848892849,0
985,1774286540.049735,18,0.0,0.0,0.0,0.0,0.0,5.860805511474609,0.0,0.0,0.0,0.0,18,0.03582589766558479,0.01886031651634944,0.008055531730254492,0.020824504051651815,0
986,1774286540.1502802,15,0.0,0.0,0.0,0.0,0.0,5.860805511474609,0.0,0.0,0.0,0.0,15,0.04392117261886597,0.023115839853398757,0.008055531730254492,0.02002618511507972,0
987,1774286540.249991,19,-0.03698625062641345,-0.7027387619018555,0.0,0.024623689237197634,0.7027387619018555,5.860805511474609,0.1199048083963876,0.0,0.0,0.0,19,-0.03698625062641345,-0.019467804966450716,0.0,0.01945153244921427,0
988,1774286540.3497157,17,0.0,0.0,0.0,0.0,0.0,5.860805511474609,0.0,0.0,0.0,0.0,17,-0.03858173594755285,-0.02031067416886318,0.0,0.01945153244921427,0
989,1774286540.4501786,15,0.0,0.0,0.0,0.0,0.0,5.860805511474609,0.0,0.0,0.0,0.0,15,0.0,0.0,0.0,0.016462557816732646,0
990,1774286540.5499432,15,0.0,0.0,0.0,0.0,0.0,5.860805511474609,0.0,0.0,0.0,0.0,15,0.03904104232788086,0.02054795208129736,0.0,0.01646255781673265,0
991,1774286540.6499393,16,0.0,0.0,0.0,0.0,0.0,5.860805511474609,0.0,0.0,0.0,0.0,16,0.0,0.0,0.0,0.01510203657490431,0
992,1774286540.7500427,19,0.0,0.0,0.0,0.0,0.0,5.860805511474609,0.0,0.0,0.0,0.0,19,0.03904104232788086,0.020544801719766144,0.0,0.01510203657490431,0
993,1774286540.849717,19,0.0,0.0,0.0,0.0,0.0,5.860805511474609,0.0,0.0,0.0,0.0,19,0.0,0.0,0.0,0.013323144997334259,0
994,1774286540.9502723,20,0.0,0.0,0.0,0.0,0.0,5.860805511474609,0.0,0.0,0.0,0.0,20,0.0,0.0,0.0,0.013323144997334259,0
995,1774286541.0502744,18,0.0,0.0,0.0,0.0,0.0,5.860805511474609,0.0,0.0,0.0,0.0,18,0.0,0.0,0.0,0.013323144997334259,0
996,1774286541.1501918,18,0.0,0.0,0.0,0.0,0.0,5.860805511474609,0.0,0.0,0.0,0.0,18,0.0,0.0,0.0,0.013323144997334257,0
997,1774286541.2498713,17,0.0,0.0,0.0,0.0,0.0,5.860805511474609,0.0,0.0,0.0,0.0,17,0.0,0.0,0.0,0.013323144997334257,0
998,1774286541.3500423,19,0.0,0.0,0.0,0.0,0.0,5.860805511474609,0.0,0.0,0.0,0.0,19,0.0,0.0,0.0,0.013323144997334257,0
999,1774286541.4499831,19,0.0,0.0,0.0,0.0,0.0,5.860805511474609,0.0,0.0,0.0,0.0,19,0.03904104232788086,0.020551093092247362,0.0,0.013323144997334257,0
1000,1774286541.5499182,18,0.0,0.0,0.0,0.0,0.0,5.860805511474609,0.0,0.0,0.0,0.0,18,0.0,0.0,0.0,0.010923363108493706,0
1001,1774286541.6504583,17,0.0,0.0,0.0,0.0,0.0,5.860805511474609,0.0,0.0,0.0,0.0,17,0.03582589766558479,0.018851505060033243,0.0,0.010923363108493706,0
1002,1774286541.7501466,17,0.0,0.0,0.0,0.0,0.0,5.860805511474609,0.0,0.0,0.0,0.0,17,0.0,0.0,0.0,0.008060966439050207,0
1003,1774286541.8503773,17,0.0,0.0,0.0,0.0,0.0,5.860805511474609,0.0,0.0,0.0,0.0,17,0.0,0.0,0.0,0.008060966439050207,0
1004,1774286541.9498267,17,0.0,0.0,0.0,0.0,0.0,5.860805511474609,0.0,0.0,0.0,0.0,17,0.0,0.0,0.0,0.008060966439050207,0
1005,1774286542.0503132,19,-0.03945200066817434,-0.7495880126953125,0.0,0.028016286420989318,0.7495880126953125,5.860805511474609,0.1278984622894801,0.0,0.0,0.0,19,-0.03945200066817434,-0.020763850274041876,0.0,0.011472364139689713,0
1006,1774286542.1502426,17,0.0,0.0,0.0,0.0,0.0,5.860805511474609,0.0,0.0,0.0,0.0,17,0.03698625062641345,0.01946386999569127,0.0,0.011472364139689713,0
1007,1774286542.249872,21,-0.035694667271205356,-0.7495880126953125,0.0,0.025482185432041178,0.7495880126953125,5.860805511474609,0.1278984622894801,0.0,0.0,0.0,21,-0.035694667271205356,-0.018785122061439143,0.0,0.01128764488988761,0
1008,1774286542.3501997,21,-0.035694667271205356,-0.7495880126953125,0.0,0.025482185432041178,0.7495880126953125,5.860805511474609,0.1278984622894801,0.0,0.0,0.0,21,-0.035694667271205356,-0.018786458591579916,0.0,0.013210580646516796,0
1009,1774286542.4501755,20,-0.0023424625396728516,-0.7495880126953125,0.7027387619018555,0.052780710682043264,1.452326774597168,5.860805511474609,0.24780327068586772,0.0,0.0,0.0,20,-0.0023424625396728516,-0.0012327242943421907,0.0,0.013171251700231363,0
1010,1774286542.5502179,17,0.0,0.0,0.0,0.0,0.0,5.860805511474609,0.0,0.0,0.0,0.0,17,0.0,0.0,0.0,0.013171251700231363,0
1011,1774286542.650283,20,-0.0679314136505127,-0.7027387619018555,0.0,0.04158696395251127,0.7027387619018555,5.860805511474609,0.1199048083963876,0.0,0.0,0.0,20,-0.0679314136505127,-0.0357488520343189,0.0,0.018821141040323897,0
1012,1774286542.749851,17,0.0,0.0,0.0,0.0,0.0,5.860805511474609,0.0,0.0,0.0,0.0,17,0.0,0.0,0.0,0.018821141040323897,0
1013,1774286542.8498905,17,-0.04133757422952091,-0.7027387619018555,0.0,0.02734072069089842,0.7027387619018555,5.860805511474609,0.1199048083963876,0.0,0.0,0.0,17,-0.04133757422952091,-0.02176099141585552,0.0,0.019949155298758778,0
1014,1774286542.9502149,18,0.0,0.0,0.0,0.0,0.0,5.860805511474609,0.0,0.0,0.0,0.0,18,0.0,0.0,0.0,0.019949155298758778,0
1015,1774286543.049982,19,0.0,0.0,0.0,0.0,0.0,5.860805511474609,0.0,0.0,0.0,0.0,19,0.0,0.0,0.0,0.019949155298758778,0
1016,1774286543.1497252,19,0.0,0.0,0.0,0.0,0.0,5.860805511474609,0.0,0.0,0.0,0.0,19,0.0,0.0,0.0,0.019949155298758778,0
1017,1774286543.2499952,18,0.0,0.0,0.0,0.0,0.0,6.043910980224609,0.0,0.0,0.0,0.0,18,0.0,0.0,0.0,0.019949155298758778,0
1018,1774286543.3492303,17,0.0,0.0,0.0,0.0,0.0,5.860805511474609,0.0,0.0,0.0,0.0,17,0.0,0.0,0.0,0.019949155298758778,0
1019,1774286543.4493308,17,0.0,0.0,0.0,0.0,0.0,5.860805511474609,0.0,0.0,0.0,0.0,17,0.0,0.0,0.0,0.019949155298758778,0
1020,1774286543.549528,15,0.0,0.0,0.0,0.0,0.0,5.860805511474609,0.0,0.0,0.0,0.0,15,0.0,0.0,0.0,0.019949155298758778,0
1021,1774286543.6493766,18,0.0,0.0,0.0,0.0,0.0,5.992770195007324,0.0,0.0,0.0,0.0,18,0.0,0.0,0.0,0.019949155298758778,0
1022,1774286543.749376,19,0.0,0.0,0.0,0.0,0.0,5.860805511474609,0.0,0.0,0.0,0.0,19,0.0,0.0,0.0,0.019949155298758778,0
1023,1774286543.849798,19,-0.10356150175395765,-0.7027387619018555,0.0,0.05743095519372075,0.7027387619018555,5.992770195007324,0.11726442680670765,0.030526225504122283,0.1933327615261078,0.07049729804859288,19,-0.10356150175395765,-0.05450687842396303,0.0,0.028146364686239423,0
1024,1774286543.9503844,23,0.0,0.0,0.0,0.0,0.0,5.992770195007324,0.0,0.033623088961062225,0.1933327615261078,0.07327982347547411,23,0.03945200066817434,0.020763433406478207,0.0,0.028146364686239427,0
1025,1774286544.05004,23,-0.032590783160665764,-0.7495880126953125,0.0,0.023367501234561775,0.7495880126953125,5.992770195007324,0.12508205526048816,0.02521731672079667,0.1933327615261078,0.06511083179712221,23,-0.032590783160665764,-0.017154872662610406,0.0,0.027902855919838408,0
1026,1774286544.1499574,22,0.0,0.0,0.0,0.0,0.0,5.992770195007324,0.0,0.05272711677984758,0.3866655230522156,0.13269366731234514,22,0.035694667271205356,0.018785822124937474,0.0,0.027902855919838408,0
1027,1774286544.2503197,22,-0.08943947878750888,-0.7027387619018555,0.0,0.050862527677212284,0.7027387619018555,5.992770195007324,0.11726442680670765,0.02636355838992379,0.1933327615261078,0.06634683365617257,22,-0.053744811516303524,-0.028284956188594994,0.0,0.031966381611828354,0
1028,1774286544.3500204,23,0.0,0.0,0.0,0.0,0.0,5.992770195007324,0.0,0.0,0.0,0.0,23,0.0023424625396728516,0.0012329756804488458,0.0,0.03196108799159128,0
1029,1774286544.450192,24,-0.029280781745910645,-0.7027387619018555,0.0,0.019719376131988042,0.7027387619018555,5.992770195007324,0.11726442680670765,0.024166595190763474,0.1933327615261078,0.06393880090992969,24,-0.029280781745910645,-0.015411147776484304,0.0,0.03188843640491447,0
1030,1774286544.5500336,22,-0.025554136796431107,-0.5621910095214844,0.0,0.013713292055625005,0.5621910095214844,6.043910980224609,0.09301775147928994,0.035151411186565056,0.3866655230522156,0.11115852231866752,22,0.04237727685408159,0.022306759492054264,0.0,0.03164433478796235,0
1031,1774286544.6499617,21,-0.06023475102015904,-0.6558895111083984,0.0,0.03452039807746828,0.6558895111083984,6.043910980224609,0.1085207100591716,0.027618965932301114,0.1933327615261078,0.06765237375744962,21,-0.06023475102015904,-0.03170065319657484,0.0,0.03109485522777031,0
1032,1774286544.7499163,21,0.0,0.0,0.0,0.0,0.0,5.992770195007324,0.0,0.036825287909734813,0.1933327615261078,0.07591727587280882,21,0.04133757422952091,0.02175632207718188,0.0,0.03109485522777031,0
1033,1774286544.850108,19,0.03452050058465255,0.0,0.6558895111083984,0.021449969291069952,0.6558895111083984,6.043910980224609,0.1085207100591716,0.07122785950961866,0.3866655230522156,0.14318068919245908,19,0.03452050058465255,0.01816970732524729,0.0,0.03273432365527907,0
1034,1774286544.9497893,20,0.0,0.0,0.0,0.0,0.0,6.043910980224609,0.0,0.11599965691566468,0.5799982845783234,0.23199931383132935,20,0.0,0.0,0.0,0.03273432365527907,0
1035,1774286545.049911,19,-0.07643825129458778,-1.452326774597168,0.0,0.10517051269754192,1.452326774597168,5.992770195007324,0.2423464820671958,0.061052451008244565,0.3866655230522156,0.14099459609718576,19,-0.07643825129458778,-0.04022672432961617,0.0,0.03510078139936624,0
1036,1774286545.150096,19,-0.07890400133634869,-1.499176025390625,0.0,0.1120651456839573,1.499176025390625,6.043910980224609,0.24804733727810652,0.061052451008244565,0.3866655230522156,0.14099459609718576,19,-0.07890400133634869,-0.04152622069125836,0.0,0.03710602620067611,0
1037,1774286545.2498767,19,0.02712325045936986,0.0,0.5153417587280273,0.013242072878670729,0.5153417587280273,6.043910980224609,0.08526627218934911,0.061052451008244565,0.3866655230522156,0.14099459609718576,19,0.02712325045936986,0.014270539629281948,0.0,0.038397736384851146,0
1038,1774286545.3497257,24,0.0546574592590332,-0.6558895111083984,1.9676685333251953,0.1762588333065196,2.6235580444335938,6.043910980224609,0.4340828402366864,0.06444425384203593,0.5799982845783234,0.14410173235004434,24,0.0546574592590332,0.02876110580147573,0.0,0.04165326529452472,0
1039,1774286545.4501832,24,-0.0273287296295166,-0.6558895111083984,0.0,0.017177767652754028,0.6558895111083984,6.043910980224609,0.1085207100591716,0.040277658651272454,0.1933327615261078,0.07851561111287364,24,-0.0273287296295166,-0.014378583042542041,0.0,0.041455836775063176,0
1040,1774286545.5502143,22,0.021295113997025925,0.0,0.4684925079345703,0.009523119483072915,0.4684925079345703,6.043910980224609,0.07751479289940828,0.035151411186565056,0.3866655230522156,0.09464807122150211,22,0.021295113997025925,0.011203015621473581,0.010357112224612917,0.04223109839449338,0
1041,1774286545.649901,26,0.04684925079345703,-0.6558895111083984,1.405477523803711,0.09876835349587054,2.0613670349121094,6.043910980224609,0.34106508875739644,0.08179462987643021,0.5799982845783234,0.18708284315817844,26,0.04684925079345703,0.02465069092813176,0.02218572673250417,0.044475593197173466,0
1042,1774286545.7502089,25,0.039353370666503906,0.0,0.5153417587280273,0.01785380654837354,0.5153417587280273,6.043910980224609,0.08526627218934911,0.023199931383132935,0.1933327615261078,0.06282571118049703,25,0.14291487242046155,0.07520209083673622,0.029743501773247354,0.04602524043556646,0
1043,1774286545.8500476,25,0.018739700317382812,0.0,0.4684925079345703,0.00842823283164762,0.4684925079345703,6.043910980224609,0.07751479289940828,0.0,0.0,0.0,25,0.018739700317382812,0.009864748772083515,0.036960674997638256,0.0417780432795542,0
1044,1774286545.9501376,22,-0.0276836481961337,-0.6090402603149414,0.0,0.016094071926393234,0.6090402603149414,6.043910980224609,0.10076923076923076,0.0,0.0,0.0,22,0.004907134964532062,0.0025825699387279025,0.03462676325840736,0.04191987570899838,0
1045,1774286546.0501344,22,0.0,0.0,0.0,0.0,0.0,6.043910980224609,0.0,0.0,0.0,0.0,22,0.0,0.0,0.025970072443805524,0.04165218451826635,0
1046,1774286546.1499672,19,0.032054750542891655,0.0,0.6090402603149414,0.018495126582606235,0.6090402603149414,6.043910980224609,0.10076923076923076,0.020350817002748187,0.1933327615261078,0.05933231748191226,19,0.12149422933040054,0.06395619764971246,0.016811544480531113,0.042559725737963364,0
1047,1774286546.249745,17,-0.027558382819680607,-0.4684925079345703,0.0,0.012151431418177077,0.4684925079345703,6.043910980224609,0.07751479289940828,0.0,0.0,0.0,17,-0.027558382819680607,-0.014506515581171544,0.01961346856061963,0.03851181259815641,0
1048,1774286546.3498106,17,0.0,0.0,0.0,0.0,0.0,5.992770195007324,0.0,0.011372515383888693,0.1933327615261078,0.04549006153555478,17,0.029280781745910645,0.015414031717041239,0.028855636048672806,0.03851181259815641,0
1049,1774286546.4497766,19,0.07890400133634869,-0.5153417587280273,1.405477523803711,0.13124122367262922,1.9208192825317383,5.992770195007324,0.3205227666050009,0.0,0.0,0.0,19,0.1044581381327798,0.054985402618299324,0.033229068387299776,0.0420086460548118,0
1050,1774286546.5498636,19,0.0739725012528269,0.0,1.405477523803711,0.09849475694879054,1.405477523803711,5.992770195007324,0.2345288536134153,0.010175408501374094,0.1933327615261078,0.04317060211598919,19,0.13420725227298594,0.07063904436867566,0.04437145346500834,0.04434051293912952,0
1051,1774286546.6501038,20,0.14757513999938965,0.0,1.546025276184082,0.19649963928003444,1.546025276184082,5.992770195007324,0.2579817389747568,0.009666638076305389,0.1933327615261078,0.042135898498397606,20,0.14757513999938965,0.07766346246984303,0.07411089191834132,0.051295774218220624,0
1052,1774286546.7504883,22,-0.05323778499256481,-0.6090402603149414,0.0,0.028392500515961695,0.6090402603149414,5.992770195007324,0.10162916989914662,0.017575705593282528,0.1933327615261078,0.05557926115933376,22,-0.08775828557721736,-0.04617932642538749,0.08333308686470163,0.053438045411192306,0
1053,1774286546.8504574,24,0.05856156349182129,0.0,1.405477523803711,0.07887750452795217,1.405477523803711,5.992770195007324,0.2345288536134153,0.0,0.0,0.0,24,0.05856156349182129,0.03081104066994649,0.07999976339011357,0.054147426134368126,0
1054,1774286546.9505868,25,0.11243820190429688,0.0,1.405477523803711,0.14538701634592144,1.405477523803711,5.992770195007324,0.2345288536134153,0.0,0.0,0.0,25,0.18887645319888466,0.09937331543879949,0.061052451008244565,0.057959786808567296,0
1055,1774286547.0504727,23,0.09573542553445567,-0.6090402603149414,1.405477523803711,0.1787331708420547,2.0145177841186523,5.992770195007324,0.3361580235125619,0.033623088961062225,0.1933327615261078,0.07327982347547411,23,0.17463942687080436,0.09189726330694298,0.062365406943905737,0.05558295117068869,0
1056,1774286547.150172,21,-0.006692750113351005,-0.5621910095214844,1.405477523803711,0.13216892897134483,1.9676685333251953,5.992770195007324,0.32834039505878143,0.009206321977433703,0.1933327615261078,0.04117192352858409,21,-0.03381600057272086,-0.017795129697893486,0.05482570849247833,0.050531505077335934,0
1057,1774286547.2501085,23,0.014258467632791271,-0.5621910095214844,1.405477523803711,0.11097073650915999,1.9676685333251953,5.992770195007324,0.32834039505878143,0.0,0.0,0.0,23,-0.04039899162624193,-0.02125834465370755,0.04695224208491189,0.05068688955134916,0
1058,1774286547.3498082,25,0.1592874526977539,0.0,1.405477523803711,0.16013642380130477,1.405477523803711,5.992770195007324,0.2345288536134153,0.0,0.0,0.0,25,0.1866161823272705,0.0982384292394013,0.053703544868363276,0.05761949998190884,0
1059,1774286547.4498286,24,0.11712312698364258,0.0,1.405477523803711,0.1508960956186911,1.405477523803711,5.992770195007324,0.2345288536134153,0.0,0.0,0.0,24,0.09582801298661665,0.05044603594849843,0.047671091883149865,0.0580515553322465,0
1060,1774286547.5503085,23,0.028516935265582542,-0.6090402603149414,1.405477523803711,0.22191657866331158,2.0145177841186523,5.992770195007324,0.3361580235125619,0.0,0.0,0.0,23,-0.01833231552787449,-0.009646517928033114,0.03561392975480933,0.057925002851943394,0
1061,1774286547.650184,21,-0.022309167044503347,-0.4684925079345703,0.0,0.009953978684391084,0.4684925079345703,5.992770195007324,0.07817628453780509,0.0,0.0,0.0,21,-0.061662537711007256,-0.032454393198735734,0.008055531730254492,0.05977071623874353,0
1062,1774286547.7497056,20,0.0,0.0,0.0,0.0,0.0,5.992770195007324,0.0,0.0,0.0,0.0,20,-0.018739700317382812,-0.009864776009969198,0.0,0.06046757359236974,0
1063,1774286547.8503513,21,0.0,0.0,0.0,0.0,0.0,5.992770195007324,0.0,0.0,0.0,0.0,21,0.0276836481961337,0.014568702419028527,0.006137547984955803,0.06093291420149337,0
1064,1774286547.9497304,19,0.0,0.0,0.0,0.0,0.0,5.992770195007324,0.0,0.0,0.0,0.0,19,0.0,0.0,0.006666646949176131,0.059703330767216824,0
1065,1774286548.049784,22,0.0,0.0,0.0,0.0,0.0,5.992770195007324,0.0,0.0,0.0,0.0,22,-0.032054750542891655,-0.016872548638134994,0.010943363859968365,0.059703330767216824,0
1066,1774286548.150243,22,0.04471973939375444,-0.5621910095214844,1.546025276184082,0.12101163971704798,2.1082162857055664,5.992770195007324,0.3517932804201229,0.0,0.0,0.0,22,0.07227812221343505,0.0380311457529022,0.0036477879533227883,0.05967828487773319,0
1067,1774286548.2502768,23,-0.02444308737049932,-0.5621910095214844,0.0,0.013144219444441002,0.5621910095214844,5.992770195007324,0.09381154144536612,0.0,0.0,0.0,23,-0.02444308737049932,-0.012861626964502383,0.00703028223731301,0.059502777678689465,0
1068,1774286548.3500037,23,0.0,0.0,0.0,0.0,0.0,5.992770195007324,0.0,0.0,0.0,0.0,23,-0.07890400133634869,-0.041523459268676,0.006666646949176131,0.059502777678689465,0
1069,1774286548.4501717,22,-0.021295113997025925,-0.4684925079345703,0.0,0.009523119483072915,0.4684925079345703,5.992770195007324,0.07817628453780509,0.0,0.0,0.0,22,-0.09526761524985282,-0.050132719866321396,0.012677558132859527,0.0603314889876868,0
1070,1774286548.549885,24,-0.02537667751312256,-0.6090402603149414,0.0,0.014811442516915463,0.6090402603149414,5.992770195007324,0.10162916989914662,0.0,0.0,0.0,24,-0.1729518175125122,-0.09103775479213781,0.008787852796641264,0.0611028953744449,0
1071,1774286548.6502864,22,-0.05110827359286221,-0.5621910095214844,0.0,0.02612055629642857,0.5621910095214844,5.992770195007324,0.09381154144536612,0.0,0.0,0.0,22,0.002129511399702598,0.0011209145531000414,0.005445993282425571,0.05742217177631227,0
1072,1774286548.7497191,23,0.0611077184262483,0.0,1.405477523803711,0.0821513715277562,1.405477523803711,5.992770195007324,0.2345288536134153,0.0,0.0,0.0,23,0.00254615493442701,0.001340602465137744,0.010740708973672655,0.055371070316952715,0
1073,1774286548.8503063,21,-0.024540083748953685,-0.5153417587280273,0.0,0.01204431420811321,0.5153417587280273,5.992770195007324,0.08599391299158561,0.0,0.0,0.0,21,-0.13697828565325057,-0.07210448033685883,0.014009620400442593,0.05596356546850575,0
1074,1774286548.9499826,22,0.06388534199107777,0.0,1.405477523803711,0.08570807534765627,1.405477523803711,5.992770195007324,0.2345288536134153,0.0,0.0,0.0,22,-0.0318500835433779,-0.016767526944651293,0.014427818024336403,0.053000210412745094,0
1075,1774286549.0498686,23,0.0611077184262483,0.0,1.405477523803711,0.0821513715277562,1.405477523803711,5.992770195007324,0.2345288536134153,0.0,0.0,0.0,23,0.0678004685395993,0.03569015649628296,0.0028019240800885186,0.051041744438530004,0
1076,1774286549.1506538,21,0.13831683567592076,0.0,1.8271207809448242,0.16753541523698634,1.8271207809448242,5.992770195007324,0.3048875096974399,0.0,0.0,0.0,21,0.12405836804312949,0.06527514193649099,0.0,0.05688308200055734,0
1077,1774286549.2496657,20,0.1452326774597168,0.0,1.8271207809448242,0.1749077797796872,1.8271207809448242,5.992770195007324,0.3048875096974399,0.0,0.0,0.0,20,-0.01405477523803711,-0.007397804878660941,0.0,0.06242770491152883,0
1078,1774286549.3498275,16,0.0,0.0,0.0,0.0,0.0,5.992770195007324,0.0,0.0,0.0,0.0,16,-0.11712312698364258,-0.06164378662629109,0.0,0.055525003496544885,0
1079,1774286549.4501963,20,0.023424625396728516,0.0,0.4684925079345703,0.010425548424564113,0.4684925079345703,5.992770195007324,0.07817628453780509,0.0,0.0,0.0,20,-0.005092309868854027,-0.002680321368595171,0.0,0.051309087207958536,0
1080,1774286549.5502532,23,0.0,0.0,0.0,0.0,0.0,5.992770195007324,0.0,0.0,0.0,0.0,23,0.022309167044503347,0.011741239010110658,0.0,0.051444813464816455,0
1081,1774286549.6497366,23,0.034627707108207374,-0.6090402603149414,1.405477523803711,0.10081383966572834,2.0145177841186523,5.992770195007324,0.3361580235125619,0.0,0.0,0.0,23,0.034627707108207374,0.018224810790947298,0.0,0.050681000472334065,0
1082,1774286549.7499998,24,0.1678764820098877,-0.6090402603149414,1.6865730285644531,0.2876933136164439,2.2956132888793945,5.992770195007324,0.38306379423524495,0.0,0.0,0.0,24,0.1678764820098877,0.0883723954068067,0.0,0.0595813930855643,0
1083,1774286549.8497121,22,-0.09795752438631924,-0.6090402603149414,0.0,0.04367937469569446,0.6090402603149414,5.992770195007324,0.10162916989914662,0.0,0.0,0.0,22,-0.09795752438631924,-0.05155708735071075,0.0,0.06554726107581692,0
1084,1774286549.9496377,21,-0.07808208465576172,-0.6090402603149414,0.0,0.0370686166206724,0.6090402603149414,5.992770195007324,0.10162916989914662,0.0,0.0,0.0,21,-0.07808208465576172,-0.04109899851466337,0.0,0.06913407880294484,0
1085,1774286550.0500085,21,-0.029001917157854353,-0.6090402603149414,0.0,0.016822223976620938,0.6090402603149414,5.992770195007324,0.10162916989914662,0.0,0.0,0.0,21,-0.0737216565516088,-0.03880566147875403,0.0,0.06985710097044763,0
1086,1774286550.150388,22,-0.0276836481961337,-0.6090402603149414,0.0,0.016094071926393234,0.6090402603149414,5.992770195007324,0.10162916989914662,0.0,0.0,0.0,22,-0.0032405608256343803,-0.001705458516491023,0.0,0.07032692821719715,0
1087,1774286550.2500403,22,-0.0276836481961337,-0.6090402603149414,0.0,0.016094071926393234,0.6090402603149414,5.992770195007324,0.10162916989914662,0.0,0.0,0.0,22,-0.0276836481961337,-0.014570060694384055,0.0,0.07042313631098035,0
1088,1774286550.350078,19,0.08136975137810958,0.0,1.546025276184082,0.11917865590803663,1.546025276184082,5.992770195007324,0.2579817389747568,0.0,0.0,0.0,19,0.1026648653751355,0.054036801783759046,0.0,0.07174004927657403,0
1089,1774286550.4502237,16,-0.03220885992050171,-0.5153417587280273,0.0,0.01556115986067752,0.5153417587280273,5.992770195007324,0.08599391299158561,0.0,0.0,0.0,16,-0.00683218240737915,-0.0035952446729843857,0.0,0.07209053622240547,0
1090,1774286550.5502653,20,0.0,0.0,0.0,0.0,0.0,5.992770195007324,0.0,0.0,0.0,0.0,20,0.05110827359286221,0.026899390427643152,0.0,0.07151644219176301,0
1091,1774286550.650246,20,-0.018739700317382812,-0.5153417587280273,0.6090402603149414,0.04244844348022525,1.1243820190429688,5.992770195007324,0.18762308289073223,0.0,0.0,0.0,20,-0.0798474187436311,-0.04201330933074594,0.0,0.07023386526909946,0
1092,1774286550.749868,18,0.03383557001749674,0.0,0.6090402603149414,0.01946237857295172,0.6090402603149414,5.992770195007324,0.10162916989914662,0.0,0.0,0.0,18,0.05837565376645043,0.030731118394138633,0.0,0.06972526893310964,0
1093,1774286550.8502786,19,0.0739725012528269,0.0,1.405477523803711,0.09849475694879054,1.405477523803711,5.992770195007324,0.2345288536134153,0.0,0.0,0.0,19,0.01008715926174912,0.005308204303963365,0.0,0.06983569826143171,0
1094,1774286550.9503336,19,-0.06164375104402241,-0.6090402603149414,0.0,0.03235735163465823,0.6090402603149414,5.992770195007324,0.10162916989914662,0.0,0.0,0.0,19,-0.12275146947027071,-0.06459022856050416,0.0,0.07172934732282472,0
1095,1774286551.050073,19,0.0,0.0,0.0,0.0,0.0,5.992770195007324,0.0,0.0,0.0,0.0,19,-0.13831683567592076,-0.0728205996834662,0.0,0.07118445871931878,0
1096,1774286551.149916,21,0.0,0.0,0.0,0.0,0.0,5.992770195007324,0.0,0.0,0.0,0.0,21,-0.1452326774597168,-0.07642818705163605,0.0,0.06548311844271963,0
1097,1774286551.2502134,18,-0.02863009770711263,-0.5153417587280273,0.0,0.01393460241021987,0.5153417587280273,5.992770195007324,0.08599391299158561,0.0,0.0,0.0,18,-0.02863009770711263,-0.015065412956664971,0.0,0.0579800087456014,0
1098,1774286551.3501277,19,0.029589000501130756,0.0,0.5621910095214844,0.01575916111180649,0.5621910095214844,5.992770195007324,0.09381154144536612,0.0,0.0,0.0,19,0.00616437510440224,0.0032445250414919434,0.0,0.05832044641790367,0
1099,1774286551.449684,18,0.0,0.0,0.0,0.0,0.0,5.992770195007324,0.0,0.0,0.0,0.0,18,0.0,0.0,0.0,0.058116356319451334,0
1100,1774286551.5499973,20,-0.03045201301574707,-0.6090402603149414,0.0,0.01761917683751335,0.6090402603149414,5.811095237731934,0.1048064496276694,0.0,0.0,0.0,20,-0.06507972012395444,-0.03424778535570278,0.0,0.058519647711077885,0
1101,1774286551.6501365,21,-0.029001917157854353,-0.6090402603149414,0.0,0.016822223976620938,0.6090402603149414,5.811095237731934,0.1048064496276694,0.0,0.0,0.0,21,-0.19687839916774205,-0.10361275492080708,0.0,0.05825022840365579,0
1102,1774286551.7502139,20,0.0,0.0,0.0,0.0,0.0,5.811095237731934,0.0,0.0,0.0,0.0,20,0.09795752438631924,0.05154298096136059,0.0,0.04302350497634569,0
1103,1774286551.8501527,19,0.032054750542891655,0.0,0.6090402603149414,0.018495126582606235,0.6090402603149414,5.811095237731934,0.1048064496276694,0.0,0.0,0.0,19,0.11013683519865337,0.05795104515967742,0.0,0.03921577891726987,0
1104,1774286551.9498215,20,0.03045201301574707,0.0,0.6090402603149414,0.01761917683751335,0.6090402603149414,5.811095237731934,0.1048064496276694,0.0,0.0,0.0,20,0.05945393017360143,0.03129462328763869,0.0,0.036206339696818926,0
1105,1774286552.049932,22,0.0276836481961337,0.0,0.6090402603149414,0.016094071926393234,0.6090402603149414,5.992770195007324,0.10162916989914662,0.0,0.0,0.0,22,0.0553672963922674,0.02914767774478102,0.0,0.03605826729060649,0
1106,1774286552.1499193,19,-0.02712325045936986,-0.5153417587280273,0.0,0.013242072878670729,0.5153417587280273,5.992770195007324,0.08599391299158561,0.0,0.0,0.0,19,0.0005603977367638416,0.00029496496515723803,0.0,0.03603489848024949,0
1107,1774286552.2492642,19,0.0739725012528269,0.0,1.405477523803711,0.09849475694879056,1.405477523803711,5.992770195007324,0.2345288536134153,0.0,0.0,0.0,19,-0.007397250125282681,-0.0038949579462150335,0.0,0.038480858900112616,0
1108,1774286552.3491876,23,0.12832620869512143,0.0,1.546025276184082,0.1733393939235656,1.546025276184082,5.992770195007324,0.2579817389747568,0.0,0.0,0.0,23,0.16053506861562314,0.08453824015808276,0.0,0.04394509516311902,0
1109,1774286552.4492455,23,0.07536618605903957,-0.5621910095214844,1.405477523803711,0.1913795031863275,1.9676685333251953,5.992770195007324,0.32834039505878143,0.0,0.0,0.0,23,0.07536618605903957,0.03968771681404335,0.0,0.045007506054889984,0
1110,1774286552.5492895,23,0.01018461973770805,-0.6090402603149414,1.405477523803711,0.11565087525074126,2.0145177841186523,5.992770195007324,0.3361580235125619,0.0,0.0,0.0,23,0.028924320055090862,0.015230993466344307,0.0,0.04488689873770077,0
1111,1774286552.6494212,22,-0.03833120519464666,-0.6090402603149414,1.405477523803711,0.14598488685670638,2.0145177841186523,5.992770195007324,0.3361580235125619,0.0,0.0,0.0,22,-0.0721667752121434,-0.03799144527928066,0.0,0.045837874138815314,0
1112,1774286552.7491353,20,0.04684925079345703,-0.4684925079345703,1.405477523803711,0.10754776269550348,1.8739700317382812,5.992770195007324,0.31270513815122036,0.0,0.0,0.0,20,-0.027123250459369863,-0.01428399063414297,0.0,0.04619145529886094,0
1113,1774286552.8491426,21,0.020078250340053012,-0.5621910095214844,1.405477523803711,0.14686100150950607,1.9676685333251953,5.992770195007324,0.32834039505878143,0.0,0.0,0.0,21,0.08172200138407543,0.043038559050161476,0.0,0.04424213113870685,0
1114,1774286552.9496245,22,0.04046071659434925,-0.5153417587280273,1.405477523803711,0.10022403033114026,1.9208192825317383,5.992770195007324,0.3205227666050009,0.0,0.0,0.0,22,0.04046071659434925,0.021300140493638615,0.0,0.04111863833922224,0
1115,1774286553.0492516,18,0.07808208465576172,0.0,1.405477523803711,0.10364580305122217,1.405477523803711,5.992770195007324,0.2345288536134153,0.0,0.0,0.0,18,0.07808208465576172,0.04111020912732001,0.0,0.04288608106026301,0
1116,1774286553.1498337,21,0.040156500680106025,-0.5621910095214844,1.405477523803711,0.10750296979142371,1.9676685333251953,5.992770195007324,0.32834039505878143,0.0,0.0,0.0,21,0.06878659838721865,0.036210709363239266,0.0,0.04274992055588866,0
1117,1774286553.2498217,25,-0.018739700317382812,-0.4684925079345703,0.0,0.00842823283164762,0.4684925079345703,5.992770195007324,0.07817628453780509,0.0,0.0,0.0,25,-0.048328700818513565,-0.025440256002137417,0.0,0.04219197649118757,0
1118,1774286553.349364,22,0.06388534199107777,0.0,1.405477523803711,0.08570807534765627,1.405477523803711,5.811095237731934,0.24186103760231398,0.0,0.0,0.0,22,0.06388534199107777,0.033629525689854244,0.0,0.043052931679919075,0
1119,1774286553.4496577,17,0.0,0.0,0.0,0.0,0.0,5.811095237731934,0.0,0.0,0.0,0.0,17,0.03045201301574707,0.01603024089727681,0.0,0.043052931679919075,0
1120,1774286553.5495894,21,0.0,0.0,0.0,0.0,0.0,5.811095237731934,0.0,0.0,0.0,0.0,21,0.029001917157854353,0.015268563269079908,0.0,0.04153433162568955,0
1121,1774286553.6496587,18,0.0,0.0,0.0,0.0,0.0,5.811095237731934,0.0,0.0,0.0,0.0,18,0.0,0.0,0.0,0.04000694229502806,0
1122,1774286553.7490811,16,0.0,0.0,0.0,0.0,0.0,5.811095237731934,0.0,0.0,0.0,0.0,16,-0.032054750542891655,-0.01688044187333666,0.0,0.04000694229502807,0
1123,1774286553.8496277,16,0.0,0.0,0.0,0.0,0.0,5.811095237731934,0.0,0.0,0.0,0.0,16,-0.03045201301574707,-0.016029009715292912,0.0,0.04049825027164584,0
1124,1774286553.9493823,17,-0.03307005938361673,-0.5621910095214844,0.0,0.017498061242174984,0.5621910095214844,5.811095237731934,0.0967444150409256,0.0,0.0,0.0,17,-0.06075370757975043,-0.031984889266022797,0.0,0.04258445051356508,0
1125,1774286554.0491345,18,0.0,0.0,0.0,0.0,0.0,5.811095237731934,0.0,0.0,0.0,0.0,18,0.02712325045936986,0.014281293743688629,0.0,0.04290359013755902,0
1126,1774286554.1492105,18,0.0,0.0,0.0,0.0,0.0,5.811095237731934,0.0,0.0,0.0,0.0,18,-0.0739725012528269,-0.038933997581455736,0.0,0.04170969483089426,0
1127,1774286554.2496433,17,0.0,0.0,0.0,0.0,0.0,5.811095237731934,0.0,0.0,0.0,0.0,17,-0.12832620869512143,-0.06752391429010297,0.0,0.040405778499406624,0
1128,1774286554.3497784,20,-0.053876638412475586,-0.5621910095214844,0.0,0.026179100807155464,0.5621910095214844,5.992770195007324,0.09381154144536612,0.0,0.0,0.0,20,-0.12924282447151514,-0.0680034638340999,0.0,0.03532507674405707,0
1129,1774286554.4491782,20,0.0,0.0,0.0,0.0,0.0,5.992770195007324,0.0,0.0,0.0,0.0,20,-0.01018461973770805,-0.005360640046344738,0.0,0.032198180463679726,0
1130,1774286554.5492005,21,0.0,0.0,0.0,0.0,0.0,5.992770195007324,0.0,0.0,0.0,0.0,21,0.03833120519464666,0.020176661992206982,0.0,0.0322367003633687,0
1131,1774286554.6493545,21,0.0,0.0,0.0,0.0,0.0,5.992770195007324,0.0,0.0,0.0,0.0,21,-0.04684925079345703,-0.02465465602237965,0.0,0.03056440211803201,0
1132,1774286554.7493968,21,0.0,0.0,0.0,0.0,0.0,5.992770195007324,0.0,0.0,0.0,0.0,21,-0.020078250340053012,-0.01056608627217507,0.0,0.029360065117286813,0
1133,1774286554.8491218,20,0.0,0.0,0.0,0.0,0.0,5.992770195007324,0.0,0.0,0.0,0.0,20,-0.04046071659434925,-0.02130075005683338,0.0,0.029233542693547023,0
1134,1774286554.9492018,21,-0.02677100045340402,-0.5621910095214844,0.0,0.01433372930552317,0.5621910095214844,5.992770195007324,0.09381154144536612,0.0,0.0,0.0,21,-0.10485308510916574,-0.05518727884193229,0.0,0.028923640016386414,0
1135,1774286555.0497205,19,-0.056712250960500615,-0.5621910095214844,0.0,0.02739613424760805,0.5621910095214844,5.992770195007324,0.09381154144536612,0.0,0.0,0.0,19,-0.09686875164060664,-0.05098658997345026,0.0,0.026088318774610493,0
1136,1774286555.1491692,17,-0.0633842804852654,-0.5621910095214844,0.0,0.030196307074170033,0.5621910095214844,5.992770195007324,0.09381154144536612,0.0,0.0,0.0,17,-0.044644580167882586,-0.023505219103043706,0.0,0.027018119258362543,0
1137,1774286555.2493136,17,-0.03307005938361673,-0.5621910095214844,0.0,0.017498061242174984,0.5621910095214844,5.992770195007324,0.09381154144536612,0.0,0.0,0.0,17,-0.0969554013746945,-0.051030513595802345,0.0,0.02744211271403629,0
1138,1774286555.3490896,17,0.03307005938361673,0.0,0.5621910095214844,0.017498061242174984,0.5621910095214844,5.992770195007324,0.09381154144536612,0.0,0.0,0.0,17,0.03307005938361673,0.017410499749641,0.0,0.023875360558591324,0
1139,1774286555.4494536,16,0.0,0.0,0.0,0.0,0.0,5.992770195007324,0.0,0.0,0.0,0.0,16,0.0,0.0,0.0,0.023875360558591324,0
1140,1774286555.5495393,16,0.0,0.0,0.0,0.0,0.0,5.992770195007324,0.0,0.0,0.0,0.0,16,0.0,0.0,0.0,0.023875360558591324,0
1141,1774286555.6494985,22,-0.10008703578602184,-1.1243820190429688,0.0,0.07388580273224142,1.1243820190429688,5.992770195007324,0.18762308289073223,0.0,0.0,0.0,22,-0.10008703578602184,-0.05266581940590287,0.0,0.030477059827341016,0
1142,1774286555.7492762,22,-0.04684925079345703,-0.5621910095214844,0.0,0.022148055026346727,0.5621910095214844,5.811095237731934,0.0967444150409256,0.0,0.0,0.0,22,-0.04684925079345703,-0.024662063834457685,0.0,0.030901319378483467,0
1143,1774286555.8492622,24,-0.01952052116394043,-0.4684925079345703,0.0,0.008764167169772463,0.4684925079345703,5.992770195007324,0.07817628453780509,0.0,0.0,0.0,24,0.013549538219676298,0.007131786587447444,0.0,0.030591325686127737,0
1144,1774286555.9490864,22,-0.021295113997025925,-0.4684925079345703,0.0,0.009523119483072915,0.4684925079345703,5.992770195007324,0.07817628453780509,0.0,0.0,0.0,22,-0.021295113997025925,-0.011208238275304358,0.0,0.030447349384494678,0
1145,1774286556.0495038,24,0.14835596084594727,0.0,1.405477523803711,0.15723678004064823,1.405477523803711,5.992770195007324,0.2345288536134153,0.0,0.0,0.0,24,0.14835596084594727,0.07807003104483484,0.0,0.047546508470946706,0
1146,1774286556.1497157,24,0.037088990211486816,-0.5153417587280273,1.405477523803711,0.09199708173035503,1.9208192825317383,5.992770195007324,0.3205227666050009,0.0,0.0,0.0,24,0.037088990211486816,0.019519778013147908,0.0,0.04868823183700939,0
1147,1774286556.2497432,22,-0.04259022799405185,-0.4684925079345703,0.0,0.018139275205853168,0.4684925079345703,5.992770195007324,0.07817628453780509,0.0,0.0,0.0,22,0.011286410418423737,0.005940326032608279,0.0,0.049127034356809124,0
1148,1774286556.3497498,23,0.03870155500329059,-0.5153417587280273,1.405477523803711,0.09593454608407978,1.9208192825317383,5.992770195007324,0.3205227666050009,0.0,0.0,0.0,23,0.03870155500329059,0.02036311355742394,0.0,0.04935078297709918,0
1149,1774286556.4493368,23,-0.02444308737049932,-0.5621910095214844,0.0,0.013144219444441002,0.5621910095214844,5.992770195007324,0.09381154144536612,0.0,0.0,0.0,23,-0.02444308737049932,-0.012863860471695505,0.0,0.04944868716451077,0
1150,1774286556.549749,23,0.02648001131804093,0.0,0.6090402603149414,0.015426201986878673,0.6090402603149414,5.992770195007324,0.10162916989914662,0.0,0.0,0.0,23,0.02648001131804093,0.013933955375211063,0.0,0.050019806817141445,0
1151,1774286556.6491072,20,-0.0773012638092041,-0.5621910095214844,0.0,0.03408056908682511,0.5621910095214844,5.992770195007324,0.09381154144536612,0.0,0.0,0.0,20,-0.0773012638092041,-0.0406910775062585,0.0,0.0522249368528853,0
1152,1774286556.749648,24,0.12883543968200684,0.0,1.6865730285644531,0.18423041492354741,1.6865730285644531,5.992770195007324,0.28143462433609834,0.0,0.0,0.0,24,0.12883543968200684,0.06778934902780383,0.0,0.060522388486477494,0
1153,1774286556.849092,21,0.0,0.0,0.0,0.0,0.0,5.992770195007324,0.0,0.0,0.0,0.0,21,0.02677100045340402,0.01409081465507111,0.0,0.0605223884864775,0
1154,1774286556.9501016,17,-0.0633842804852654,-0.5621910095214844,0.0,0.030196307074170033,0.5621910095214844,5.992770195007324,0.09381154144536612,0.03411754615166608,0.1933327615261078,0.07370232329163695,17,-0.006672029524764783,-0.003510890297737514,0.0,0.06169634145260886,0
1155,1774286557.049654,21,0.09369850158691406,0.0,1.405477523803711,0.10033610513866213,1.405477523803711,5.992770195007324,0.2345288536134153,0.018412643954867407,0.1933327615261078,0.056751580113533366,21,0.15708278207217946,0.08265405860871963,0.0,0.06426814994155255,0
1156,1774286557.1496663,17,0.0,0.0,0.0,0.0,0.0,5.992770195007324,0.0,0.0,0.0,0.0,17,0.03307005938361673,0.017402063889205267,0.0,0.06256947452506033,0
1157,1774286557.2501087,24,0.06441771984100342,-0.6090402603149414,1.6865730285644531,0.13897301776033544,2.2956132888793945,5.992770195007324,0.38306379423524495,0.024166595190763474,0.1933327615261078,0.06393880090992969,24,0.03134766045738669,0.016489924018738538,0.0,0.06329384799625215,0
1158,1774286557.3501482,24,0.0,0.0,0.0,0.0,0.0,5.992770195007324,0.0,0.05638872211178144,0.3866655230522156,0.1306387712481521,24,0.0,0.0,0.0,0.06306870321453364,0
1159,1774286557.4501371,21,-0.02677100045340402,-0.5621910095214844,0.0,0.01433372930552317,0.5621910095214844,5.992770195007324,0.09381154144536612,0.05523793186460223,0.3866655230522156,0.1353047475148992,21,-0.02677100045340402,-0.014085568394350038,0.0,0.06348799664679208,0
1160,1774286557.5501955,23,-0.09166157763937245,-1.1243820190429688,0.0,0.06765455879452487,1.1243820190429688,6.043910980224609,0.18603550295857987,0.05043463344159334,0.3866655230522156,0.13022166359424442,23,0.008425458146649384,0.004432825525708229,0.0,0.0669527663903895,0
1161,1774286557.6548903,26,0.03783977948702299,-0.6090402603149414,1.546025276184082,0.18943588378423956,2.1550655364990234,5.992770195007324,0.35961090887390346,0.08923050531974205,0.3866655230522156,0.16291186860402482,26,0.08468903028048003,0.04444185662105708,0.0,0.0631625534508037,0
1162,1774286557.7544382,22,-0.04471973939375444,-0.5621910095214844,0.0,0.02044749797579799,0.5621910095214844,6.043910980224609,0.09301775147928994,0.02636355838992379,0.1933327615261078,0.06634683365617257,22,-0.02519921822981401,-0.013226714608551194,0.0,0.06307159660531472,0
1163,1774286557.854502,22,-0.04471973939375444,-0.5621910095214844,0.0,0.02044749797579799,0.5621910095214844,6.043910980224609,0.09301775147928994,0.0,0.0,0.0,22,-0.023424625396728516,-0.012293709674755364,0.0,0.06385928670479661,0
1164,1774286557.9543586,20,0.21082162857055664,-0.5621910095214844,4.778623580932617,1.113119343898461,5.340814590454102,6.043910980224609,0.8836686390532544,0.038666552305221556,0.1933327615261078,0.07733310461044311,20,0.062465667724609375,0.03279287668626729,0.0,0.07734435340702339,0
1165,1774286558.0547907,19,-0.0665752511275442,-0.7495880126953125,0.0,0.039118226309167815,0.7495880126953125,6.043910980224609,0.12402366863905326,0.061052451008244565,0.3866655230522156,0.14099459609718576,19,-0.10366424133903102,-0.054414780181133805,0.0,0.07339018276147642,0
1166,1774286558.1543114,19,0.029589000501130756,0.0,0.5621910095214844,0.01575916111180649,0.5621910095214844,6.043910980224609,0.09301775147928994,0.040701634005496375,0.1933327615261078,0.07881837533335848,19,0.0721792284951826,0.03789794908456031,0.0,0.07325853865319079,0
1167,1774286558.254424,20,0.0,0.0,0.0,0.0,0.0,6.043910980224609,0.0,0.04833319038152695,0.5799982845783234,0.13498725451376528,20,-0.03870155500329059,-0.02031925099937271,0.0,0.07238797698463058,0
1168,1774286558.35441,22,0.0,0.0,0.0,0.0,0.0,6.043910980224609,0.0,0.035151411186565056,0.3866655230522156,0.09464807122150211,22,0.02444308737049932,0.01283052420668292,0.0,0.07209928530030611,0
1169,1774286558.4545512,20,0.0,0.0,0.0,0.0,0.0,6.043910980224609,0.0,0.11599965691566468,0.5799982845783234,0.23199931383132935,20,-0.02648001131804093,-0.01390171095804203,0.0,0.07175200579074927,0
1170,1774286558.5548217,18,0.026027361551920574,0.0,0.4684925079345703,0.011516200339024686,0.4684925079345703,6.043910980224609,0.07751479289940828,0.12888850768407187,0.5799982845783234,0.2411283184231887,18,0.10332862536112468,0.05422041167103249,0.0,0.0717465053162807,0
1171,1774286558.6543179,20,-0.0726163387298584,-1.499176025390625,1.0306835174560547,0.27665564527268316,2.5298595428466797,6.043910980224609,0.4185798816568047,0.11599965691566468,0.5799982845783234,0.23199931383132935,20,-0.20145177841186523,-0.1057673001730931,0.00935481104158586,0.07147211708490424,0
1172,1774286558.7549171,18,-0.08068482081095378,-1.452326774597168,0.0,0.1106706852580272,1.452326774597168,6.043910980224609,0.2402958579881657,0.10740708973672655,0.5799982845783234,0.2060425227146685,18,-0.08068482081095378,-0.042335899132765635,0.016384132332721,0.0684359342766436,0
1173,1774286558.8545058,21,-0.08031300136021205,-1.452326774597168,0.5621910095214844,0.12419579204514755,2.0145177841186523,6.043910980224609,0.33331360946745564,0.05523793186460223,0.3866655230522156,0.13530474751489924,21,-0.01692872087494665,-0.008889247986663441,0.017575705593282528,0.07055721143352484,0
1174,1774286558.9545481,23,0.07129233816395635,0.0,0.5153417587280273,0.024977336191772347,0.5153417587280273,6.043910980224609,0.08526627218934911,0.05043463344159334,0.1933327615261078,0.08489413825130886,23,-0.022406163422957717,-0.011762419372125158,0.015591351735976434,0.07113129226781503,0
1175,1774286559.054694,20,0.1358628273010254,0.0,1.6865730285644531,0.1505449192507058,1.6865730285644531,6.043910980224609,0.2790532544378698,0.038666552305221556,0.1933327615261078,0.07733310461044311,20,0.1358628273010254,0.07131803513400368,0.029743501773247354,0.07438937303827318,0
1176,1774286559.154401,23,0.27905858081320056,0.0,1.6865730285644531,0.2760700989249414,1.6865730285644531,6.043910980224609,0.2790532544378698,0.016811544480531113,0.1933327615261078,0.054475630259036005,23,0.21464086097219714,0.11271423819481872,0.0448307852814163,0.0955938983281928,0
1177,1774286559.2543683,25,0.12742996215820312,0.0,1.6865730285644531,0.14881449769745814,1.6865730285644531,6.043910980224609,0.2790532544378698,0.007733310461044311,0.1933327615261078,0.03788532930417179,25,0.12742996215820312,0.06691976514477872,0.054019448073471296,0.09809906418704803,0
1178,1774286559.3543622,23,0.04684925079345703,-0.4216432571411133,1.0306835174560547,0.06126500767569941,1.452326774597168,6.043910980224609,0.2402958579881657,0.016811544480531113,0.1933327615261078,0.054475630259036005,23,0.07362025124686106,0.038661527369472724,0.06628551823752267,0.09814109081680047,0
1179,1774286559.454444,26,0.18559510891254133,0.0,1.1243820190429688,0.15169481405919027,1.1243820190429688,5.992770195007324,0.18762308289073223,0.007435875443311838,0.1933327615261078,0.037179377216559194,26,0.27725668655191377,0.14559900666438688,0.0571829294654685,0.10353946277287804,0
1180,1774286559.5544436,22,0.025554136796431107,-0.4216432571411133,0.5153417587280273,0.02947632220951141,0.9369850158691406,5.992770195007324,0.15635256907561018,0.02636355838992379,0.1933327615261078,0.06634683365617257,22,-0.012285642690591882,-0.006467648313622813,0.04142844889845167,0.09953139835856797,0
1181,1774286559.6543367,22,0.09795752438631924,-0.4216432571411133,1.0306835174560547,0.09036986907556052,1.452326774597168,5.992770195007324,0.2423464820671958,0.05272711677984758,0.3866655230522156,0.13269366731234514,22,0.14267726378007367,0.0750973073552569,0.02114577079191804,0.10034592692582661,0
1182,1774286559.7548869,23,0.04888617474099864,0.0,1.1243820190429688,0.05257687777776401,1.1243820190429688,6.043910980224609,0.18603550295857987,0.0,0.0,0.0,23,0.09360591413475308,0.04925629223282346,0.031693895332148815,0.09834000036229149,0
1183,1774286559.8548245,20,0.06090402603149414,0.0,0.8432865142822266,0.03887083423137483,0.8432865142822266,5.860805511474609,0.1438857700756651,0.019333276152610778,0.1933327615261078,0.05799982845783234,20,-0.1499176025390625,-0.07888465527857273,0.046666528644232916,0.09608276381731108,0
1184,1774286559.9555583,22,0.01703609119762074,-0.4216432571411133,0.8432865142822266,0.07154130141188496,1.2649297714233398,5.860805511474609,0.2158286551134977,0.008787852796641264,0.1933327615261078,0.04027100063673795,22,0.08361134232516494,0.043988199227887,0.04999985211882098,0.08912568083648902,0
1185,1774286560.0546515,19,-0.07643825129458778,-1.405477523803711,0.37479400634765625,0.11487407023397832,1.7802715301513672,5.860805511474609,0.30375884793751523,0.0,0.0,0.0,19,-0.10602725179571854,-0.05579383021861197,0.041202063931793466,0.08975344019893071,0
1186,1774286560.1547084,20,0.0819861888885498,0.0,0.9369850158691406,0.04957622632417724,0.9369850158691406,5.860805511474609,0.15987307786185012,0.02899991422891617,0.1933327615261078,0.06903360396656207,20,0.0819861888885498,0.043144170220454005,0.06548367729110102,0.09011402853808274,0
1187,1774286560.2550004,21,0.058003834315708706,0.0,0.8432865142822266,0.037188064364885094,0.8432865142822266,6.043910980224609,0.1395266272189349,0.027618965932301114,0.1933327615261078,0.06765237375744962,21,0.058003834315708706,0.03051885020169143,0.0902219553788503,0.08955981154546933,0
1188,1774286560.3548038,23,0.0,0.0,0.0,0.0,0.0,6.043910980224609,0.0,0.008405772240265556,0.1933327615261078,0.03942656658922785,23,0.0,0.0,0.11999964508517035,0.08955981154546931,0
1189,1774286560.454911,22,0.0021295113997025924,-0.4216432571411133,0.4684925079345703,0.018053113648625375,0.8901357650756836,6.043910980224609,0.14727810650887574,0.0,0.0,0.0,22,-0.023897850152217983,-0.012577224978875663,0.11738060521227973,0.08950438319189236,0
1190,1774286560.5549426,21,0.0,0.0,0.0,0.0,0.0,5.992770195007324,0.0,0.0,0.0,0.0,21,0.0726163387298584,0.038206562685105666,0.09175114106323759,0.08999826734840528,0
1191,1774286560.6544178,23,0.02240616342295771,-0.4216432571411133,0.37479400634765625,0.03222989161755608,0.7964372634887695,5.992770195007324,0.13289968371426866,0.0,0.0,0.0,23,0.1030909842339115,0.05427267765833894,0.06860194763829632,0.08600826357179096,0
1192,1774286560.7547913,18,0.0,0.0,0.0,0.0,0.0,5.992770195007324,0.0,0.0,0.0,0.0,18,0.08031300136021205,0.04226365043766985,0.04833319038152695,0.0815029656146387,0
1193,1774286560.8543806,19,0.04931500083521793,0.0,0.9369850158691406,0.04377544753279581,0.9369850158691406,6.043910980224609,0.15502958579881657,0.0,0.0,0.0,19,-0.021977337328738418,-0.011568039539218842,0.035151411186565056,0.07539322191023459,0
1194,1774286560.9545662,20,0.018739700317382812,0.0,0.37479400634765625,0.006672350991721032,0.37479400634765625,6.043910980224609,0.06201183431952663,0.0,0.0,0.0,20,-0.11712312698364258,-0.06164789433381497,0.019901901921805215,0.07592672196561669,0
1195,1774286561.0549593,19,-0.022191750375848068,-1.499176025390625,0.4684925079345703,0.13916944361468003,1.9676685333251953,6.043910980224609,0.3255621301775148,0.0,0.0,0.0,19,-0.30125033118904865,-0.15850623565063968,0.013614983206063929,0.07574716195814958,0
1196,1774286561.154706,20,0.1405477523803711,0.0,0.9369850158691406,0.06035843824747644,0.9369850158691406,5.992770195007324,0.15635256907561018,0.0,0.0,0.0,20,0.013117790222167969,0.006902873236298323,0.010450419541951772,0.059095723168150274,0
1197,1774286561.254268,20,0.023424625396728516,0.0,0.4684925079345703,0.010425548424564113,0.4684925079345703,5.860805511474609,0.07993653893092506,0.0,0.0,0.0,20,-0.023424625396728516,-0.012329362253855105,0.016337979847276713,0.05604329255977233,0
1198,1774286561.354868,20,0.04450678825378418,0.0,0.4684925079345703,0.01788255911350234,0.4684925079345703,5.860805511474609,0.07993653893092506,0.0,0.0,0.0,20,-0.14108832065875715,-0.07424044339127048,0.027618965932301114,0.05602928591610698,0
1199,1774286561.454287,20,0.023424625396728516,0.0,0.4684925079345703,0.010425548424564113,0.4684925079345703,5.860805511474609,0.07993653893092506,0.0,0.0,0.0,20,-0.002129511399702591,-0.0011208878262124397,0.025970072443805524,0.04483110933069509,0
