frame_idx,t,numPts,centroid_z,centroid_z_min,centroid_z_max,z_variance,bbox_height,bbox_width,aspect_ratio,doppler_mean,doppler_max,doppler_std,point_count,delta_z,delta_z_rate,doppler_post,window_z_std,label
0,1774280178.7014508,21,0.08700575147356306,0.0,1.405477523803711,0.09496095664909093,1.405477523803711,6.043910980224609,0.23254437869822486,0.06444425384203593,0.7733310461044312,0.2008582321729362,21,nan,nan,nan,nan,0
1,1774280178.8019247,26,0.12252880976750301,-0.4684925079345703,1.405477523803711,0.1864065979916147,1.8739700317382812,6.043910980224609,0.31005917159763313,0.11153813164967757,0.9666638076305389,0.3088351019955032,26,0.03552305829393995,0.3535551530653781,0.09049618624626322,0.017761529146969976,0
2,1774280178.901658,28,0.05688837596348354,-3.279447555541992,1.546025276184082,0.5702472636134032,4.825472831726074,6.043910980224609,0.7984023668639053,0.10357112224612917,0.9666638076305389,0.29898407654537157,28,-0.030117375510079515,-0.1504310058845445,0.09537749568621318,0.026827868031726626,0
3,1774280179.0021212,27,0.2168946795993381,0.0,1.546025276184082,0.21593251982087594,1.546025276184082,6.043910980224609,0.2557988165680473,0.09308614443849635,0.9666638076305389,0.270207055473437,27,0.12988892812577507,0.43199774387472784,0.09537749568621318,0.060133018576600535,0
4,1774280179.101797,27,0.11972586313883464,-0.7495880126953125,1.405477523803711,0.12930660710076658,2.1550655364990234,6.043910980224609,0.3565680473372781,0.05012330854380572,0.7733310461044312,0.17915496844285997,27,0.032720111665271584,0.08172952608728772,0.09537749568621318,0.05378641823887475,0
5,1774280179.2018056,27,0.12493133544921875,-0.6090402603149414,1.405477523803711,0.12096074897272047,2.0145177841186523,5.992770195007324,0.3361580235125619,0.07876519914026614,0.7733310461044312,0.22484340194656216,27,0.037925583975655694,0.0757973871514069,0.09537749568621318,0.049126477831474745,0
6,1774280179.301984,24,0.12102723121643066,0.0,1.405477523803711,0.09930182454098713,1.405477523803711,5.992770195007324,0.2345288536134153,0.040277658651272454,0.9666638076305389,0.19316486504500172,24,0.03402147974286761,0.05665211695299606,0.09537749568621318,0.045482403301050446,0
7,1774280179.4017432,22,0.04897876219315962,0.0,0.5621910095214844,0.02403907446655693,0.5621910095214844,6.043910980224609,0.09301775147928994,0.017575705593282528,0.3866655230522156,0.0805420012734759,22,-0.038026989280403434,-0.05430159181692509,0.09537749568621318,0.04880489021624092,0
8,1774280179.501495,25,0.022487640380859375,-0.4216432571411133,0.5621910095214844,0.02635929818097793,0.9838342666625977,6.043910980224609,0.1627810650887574,0.030933241844177246,0.3866655230522156,0.10489972681751426,25,-0.06451811109270368,-0.08064319746663558,0.09537749568621318,0.05397219799119715,0
9,1774280179.6016777,22,0.07240338758988814,0.0,0.5621910095214844,0.03326743072753473,0.5621910095214844,6.043910980224609,0.09301775147928994,0.017575705593282528,0.3866655230522156,0.0805420012734759,22,-0.014602363883674918,-0.016220760561401346,0.09537749568621318,0.05198079084909225,0
10,1774280179.7023022,24,0.048801302909851074,0.0,0.6090402603149414,0.02624296491227085,0.6090402603149414,6.043910980224609,0.10076923076923076,0.040277658651272454,0.3866655230522156,0.1113296634698639,24,-0.03820444856371198,-0.038171949243026866,0.09537749568621318,0.051643127715682684,0
11,1774280179.8021262,25,-0.024361610412597656,-0.6090402603149414,0.0,0.014243713485484477,0.6090402603149414,6.043910980224609,0.10076923076923076,0.023199931383132935,0.1933327615261078,0.06282571118049703,25,-0.11136736188616071,-0.10118093627333286,0.09537749568621318,0.05939343926127603,0
12,1774280179.901878,21,0.0,0.0,0.0,0.0,0.0,6.043910980224609,0.0,0.018412643954867407,0.1933327615261078,0.056751580113533366,21,-0.08700575147356306,-0.07247898471199882,0.09537749568621318,0.061372185947845305,0
13,1774280180.002162,20,-0.03045201301574707,-0.6090402603149414,0.0,0.01761917683751335,0.6090402603149414,6.043910980224609,0.10076923076923076,0.0,0.0,0.0,20,-0.11745776448931013,-0.09030272712232718,0.09537749568621318,0.0654316228272782,0
14,1774280180.1016622,22,-0.0276836481961337,-0.6090402603149414,0.0,0.016094071926393234,0.6090402603149414,6.043910980224609,0.10076923076923076,0.008787852796641264,0.1933327615261078,0.04027100063673795,22,-0.11468939966969675,-0.08190863540816,0.09537749568621318,0.0677906989241327,0
15,1774280180.2020142,22,0.0,-0.6090402603149414,0.6090402603149414,0.03372091260768106,1.2180805206298828,6.043910980224609,0.20153846153846153,0.0,0.0,0.0,22,-0.08700575147356306,-0.057982056908305026,0.09537749568621318,0.06743844076441585,0
16,1774280180.3021178,18,0.06767114003499348,0.0,1.2180805206298828,0.07784951429180688,1.2180805206298828,6.043910980224609,0.20153846153846153,0.010740708973672655,0.1933327615261078,0.04428507759247181,18,-0.01933461143856957,-0.012079096677061075,0.09537749568621318,0.06545012640366062,0
17,1774280180.4021306,22,0.0,0.0,0.0,0.0,0.0,6.043910980224609,0.0,0.008787852796641264,0.1933327615261078,0.04027100063673795,22,-0.08700575147356306,-0.05115939669843349,0.09537749568621318,0.06509353258305244,0
18,1774280180.5015638,20,0.08432865142822266,0.0,0.6090402603149414,0.040516973456306005,0.6090402603149414,6.043910980224609,0.10076923076923076,0.0,0.0,0.0,20,-0.0026771000453404,-0.0014871844716295617,0.09537749568621318,0.06364959016902223,0
19,1774280180.6023374,23,0.028516935265582542,0.0,0.6558895111083984,0.01789074313271135,0.6558895111083984,6.043910980224609,0.1085207100591716,0.008405772240265556,0.1933327615261078,0.03942656658922785,23,-0.058488816207980514,-0.03076923062540857,0.09537749568621318,0.06238076587058129,0
20,1774280180.702348,23,0.02240616342295771,0.0,0.5153417587280273,0.01104479550539834,0.5153417587280273,6.043910980224609,0.08526627218934911,0.0,0.0,0.0,23,-0.10012264634454529,-0.052684392450126315,0.10263344130398315,0.06241512086658171,0
21,1774280180.8012385,25,0.0,0.0,0.0,0.0,0.0,5.992770195007324,0.0,0.0,0.0,0.0,25,-0.05688837596348354,-0.02994786301624226,0.08252008113919235,0.061368541705860175,0
22,1774280180.901639,26,0.0,0.0,0.0,0.0,0.0,5.992770195007324,0.0,0.0,0.0,0.0,26,-0.2168946795993381,-0.11418407476975435,0.07399155070752274,0.062186348804611484,0
23,1774280181.001589,23,-0.07332926211149796,-0.6090402603149414,0.0,0.03603872793384297,0.6090402603149414,5.992770195007324,0.10162916989914662,0.0,0.0,0.0,23,-0.19305512525033258,-0.10161908763005068,0.057008378398724094,0.05360031627980216,0
24,1774280181.1015646,22,-0.04897876219315962,-0.5621910095214844,0.0,0.02403907446655693,0.5621910095214844,5.992770195007324,0.09381154144536612,0.0,0.0,0.0,22,-0.17391009764237836,-0.09154323926466627,0.047671091883149865,0.05211319682306785,0
25,1774280181.2016904,22,-0.07666241038929332,-0.6090402603149414,0.0,0.03742132474967511,0.6090402603149414,5.992770195007324,0.10162916989914662,0.02636355838992379,0.1933327615261078,0.06634683365617257,22,-0.197689641605724,-0.10406326229437983,0.029952963053340644,0.05067422511740864,0
26,1774280181.301924,26,-0.09009471306434044,-0.6558895111083984,0.0,0.045065902252553684,0.6558895111083984,5.992770195007324,0.10944679835292713,0.04461525265987103,0.3866655230522156,0.12353404079820125,26,-0.13907347525750008,-0.07318960071529226,0.02241539264070815,0.04876627485636465,0
27,1774280181.4017708,24,0.0,0.0,0.0,0.0,0.0,5.992770195007324,0.0,0.04833319038152695,0.3866655230522156,0.12787760181985938,24,-0.022487640380859375,-0.011833881511881245,0.029952963053340644,0.047519380145955,0
28,1774280181.5019026,22,-0.05110827359286221,-0.5621910095214844,0.0,0.02612055629642857,0.5621910095214844,6.043910980224609,0.09301775147928994,0.08787852796641263,0.5799982845783234,0.19092103183778797,22,-0.12351166118275035,-0.06499844287752402,0.027229966412127857,0.048380663665771484,0
29,1774280181.6015162,20,-0.025767087936401367,-0.5153417587280273,0.0,0.012614913593722576,0.5153417587280273,6.043910980224609,0.08526627218934911,0.17399948537349702,1.1599965691566467,0.4142016237993725,20,-0.07456839084625244,-0.039262763277533266,0.027618965932301114,0.04515871460090383,0
30,1774280181.7016807,25,-0.018739700317382812,-0.6090402603149414,1.8271207809448242,0.18612347503221827,2.4361610412597656,6.043910980224609,0.40307692307692305,0.30933241844177245,2.1266603767871857,0.6607343354286583,25,0.005621910095214844,0.0029595940109766045,0.01464642132773544,0.04312718784442842,0
31,1774280181.8021147,21,-0.08031300136021205,-0.6090402603149414,0.0,0.038910102677284744,0.6090402603149414,6.043910980224609,0.10076923076923076,0.35904655711991446,2.5133258998394012,0.8794808588468449,21,-0.08031300136021205,-0.04226473749708511,0.009206321977433703,0.04550862975964288,0
32,1774280181.9020019,19,-0.11095875187924034,-0.7495880126953125,0.0,0.06589420838339458,0.7495880126953125,6.043910980224609,0.12402366863905326,0.12210490201648913,0.9666638076305389,0.30219421481192443,19,-0.08050673886349327,-0.04237553900845469,0.003020824398845434,0.04978151987871346,0
33,1774280182.0021288,21,-0.10039125170026507,-0.7495880126953125,0.0,0.06067945406004805,0.7495880126953125,6.043910980224609,0.12402366863905326,0.06444425384203593,0.5799982845783234,0.1615702949816924,21,-0.07270760350413137,-0.03825776281643608,0.006236540694390574,0.05265689155792034,0
34,1774280182.101378,20,-0.03279447555541992,-0.6558895111083984,0.0,0.02043407491214566,0.6558895111083984,6.043910980224609,0.1085207100591716,0.038666552305221556,0.7733310461044312,0.16854359399359042,20,-0.03279447555541992,-0.017266032085070136,0.006236540694390574,0.052681422818318537,0
35,1774280182.2021422,18,0.0,0.0,0.0,0.0,0.0,6.043910980224609,0.0,0.0,0.0,0.0,18,-0.06767114003499348,-0.03561593184495128,0.006444425384203593,0.052681422818318537,0
36,1774280182.3019483,17,0.0,0.0,0.0,0.0,0.0,6.043910980224609,0.0,0.0,0.0,0.0,17,0.0,0.0,0.005948700354649471,0.048617219474391314,0
37,1774280182.4022558,22,0.05110827359286221,-0.7027387619018555,1.8271207809448242,0.17157940417216516,2.5298595428466797,6.043910980224609,0.4185798816568047,0.017575705593282528,0.3866655230522156,0.0805420012734759,22,-0.03322037783536044,-0.017478043827503443,0.0029292842655470877,0.0513259999414331,0
38,1774280182.501494,18,0.0,0.0,0.0,0.0,0.0,6.043910980224609,0.0,0.0,0.0,0.0,18,-0.028516935265582542,-0.015015578867758764,0.0027229966412127857,0.04517287035108684,0
39,1774280182.6015801,19,-0.03698625062641345,-0.7027387619018555,0.0,0.024623689237197634,0.7027387619018555,6.043910980224609,0.11627218934911243,0.0,0.0,0.0,19,-0.05939241404937116,-0.03127180322677283,0.0,0.0431133728014013,1
40,1774280182.701585,21,-0.06915841783796038,-0.7495880126953125,0.0,0.04548968258766725,0.7495880126953125,6.043910980224609,0.12402366863905326,0.0,0.0,0.0,21,-0.06915841783796038,-0.03639253009848638,0.0,0.04176013918903608,1
41,1774280182.8024886,19,0.0,0.0,0.0,0.0,0.0,6.043910980224609,0.0,0.0,0.0,0.0,19,0.0,0.0,0.0,0.04176013918903607,1
42,1774280182.901339,19,0.0,0.0,0.0,0.0,0.0,6.043910980224609,0.0,0.010175408501374094,0.1933327615261078,0.04317060211598919,19,0.07332926211149796,0.038599427468017186,0.00865669081460184,0.04176013918903607,1
43,1774280183.001755,19,-0.03698625062641345,-0.7027387619018555,0.0,0.024623689237197634,0.7027387619018555,6.043910980224609,0.11627218934911243,0.0,0.0,0.0,19,0.011992511566746175,0.006311215897569798,0.024857069339071003,0.04097571511628493,1
44,1774280183.1018915,22,-0.06601485339078036,-0.7495880126953125,0.0,0.04362949168887836,0.7495880126953125,6.043910980224609,0.12402366863905326,0.017575705593282528,0.1933327615261078,0.05557926115933376,22,0.010647556998512955,0.00560338434605014,0.040277658651272454,0.04140336654998507,1
45,1774280183.2019663,21,-0.06915841783796038,-0.7495880126953125,0.0,0.04548968258766725,0.7495880126953125,6.043910980224609,0.12402366863905326,0.0,0.0,0.0,21,0.02093629522638006,0.0110188574625157,0.059073899355199605,0.041077164638606466,1
46,1774280183.3014784,21,-0.033463750566755025,-0.7027387619018555,0.0,0.022396452039879947,0.7027387619018555,6.043910980224609,0.11627218934911243,0.0,0.0,0.0,21,-0.033463750566755025,-0.01761521159670069,0.09959566502860098,0.03922042815545039,1
47,1774280183.4015708,21,-0.033463750566755025,-0.7027387619018555,0.0,0.022396452039879947,0.7027387619018555,5.992770195007324,0.11726442680670765,0.0,0.0,0.0,21,0.017644523026107188,0.009288213000009473,0.19621832513097506,0.038438708276444696,1
48,1774280183.501437,20,-0.03513693809509277,-0.7027387619018555,0.0,0.023457483955269254,0.7027387619018555,5.992770195007324,0.11726442680670765,0.0,0.0,0.0,20,-0.009369850158691406,-0.00493170591221187,0.2841405737580675,0.038276067470132354,1
49,1774280183.6018407,21,-0.033463750566755025,-0.7027387619018555,0.0,0.022396452039879947,0.7027387619018555,5.992770195007324,0.11726442680670765,0.0,0.0,0.0,21,-0.014724050249372213,-0.007748847293987987,0.2706658661365509,0.03822084819335948,1
50,1774280183.7014549,20,-0.03513693809509277,-0.7027387619018555,0.0,0.023457483955269254,0.7027387619018555,5.992770195007324,0.11726442680670765,0.0,0.0,0.0,20,0.045176063265119276,0.023785135695644943,0.18382459292646314,0.038032310863721906,1
51,1774280183.802198,20,0.0,0.0,0.0,0.0,0.0,5.992770195007324,0.0,0.0,0.0,0.0,20,0.11095875187924034,0.05839331704417883,0.07411089191834132,0.037388235559344445,1
52,1774280183.9018207,18,0.0,0.0,0.0,0.0,0.0,5.992770195007324,0.0,0.0,0.0,0.0,18,0.10039125170026507,0.052846072523816366,0.0360450911319862,0.033281961688580095,1
53,1774280184.0022917,18,0.0,0.0,0.0,0.0,0.0,5.992770195007324,0.0,0.0,0.0,0.0,18,0.03279447555541992,0.01725195377906211,0.01406056447462602,0.02907120646097144,1
54,1774280184.101631,17,0.0,0.0,0.0,0.0,0.0,5.992770195007324,0.0,0.0,0.0,0.0,17,0.0,0.0,0.006783605667582729,0.029313615937424247,1
55,1774280184.2015092,18,0.0,0.0,0.0,0.0,0.0,5.992770195007324,0.0,0.0,0.0,0.0,18,0.0,0.0,0.006783605667582729,0.029313615937424247,1
56,1774280184.3018546,18,0.0,0.0,0.0,0.0,0.0,5.992770195007324,0.0,0.0,0.0,0.0,18,-0.05110827359286221,-0.02690477199717557,0.006553652933088399,0.029313615937424247,1
57,1774280184.4013793,16,0.0,0.0,0.0,0.0,0.0,5.992770195007324,0.0,0.0,0.0,0.0,16,0.0,0.0,0.0,0.024909540404619974,1
58,1774280184.5015628,17,0.0,0.0,0.0,0.0,0.0,5.992770195007324,0.0,0.0,0.0,0.0,17,0.03698625062641345,0.01946662504100127,0.0,0.02490954040461997,1
59,1774280184.6020005,17,0.0,0.0,0.0,0.0,0.0,5.992770195007324,0.0,0.0,0.0,0.0,17,0.06915841783796038,0.036391210622039684,0.0032768264665441996,0.025133534733405946,1
60,1774280184.7018247,16,0.0,0.0,0.0,0.0,0.0,5.992770195007324,0.0,0.0,0.0,0.0,16,0.0,0.0,0.0033918028337913647,0.022870362897399483,1
61,1774280184.8019955,17,0.0,0.0,0.0,0.0,0.0,5.992770195007324,0.0,0.0,0.0,0.0,17,0.0,0.0,0.009666638076305389,0.022870362897399483,1
62,1774280184.9015553,19,0.0,0.0,0.0,0.0,0.0,5.992770195007324,0.0,0.0,0.0,0.0,19,0.03698625062641345,0.01946849393316154,0.006236540694390574,0.02287036289739948,1
63,1774280185.0013845,19,0.0,0.0,0.0,0.0,0.0,5.992770195007324,0.0,0.0,0.0,0.0,19,0.06601485339078036,0.034753933875453245,0.006041648797690868,0.02268553278043675,1
64,1774280185.1014326,17,0.0,0.0,0.0,0.0,0.0,5.992770195007324,0.0,0.0,0.0,0.0,17,0.06915841783796038,0.03640939494722234,0.0,0.019666973263495976,0
65,1774280185.2017791,18,0.0,0.0,0.0,0.0,0.0,5.992770195007324,0.0,0.0,0.0,0.0,18,0.033463750566755025,0.017609712947698725,0.0,0.014785714980151556,0
66,1774280185.3018239,16,0.0,0.0,0.0,0.0,0.0,5.992770195007324,0.0,0.0,0.0,0.0,16,0.033463750566755025,0.017610154834396166,0.0,0.013725237965894805,0
67,1774280185.4014225,18,0.0,0.0,0.0,0.0,0.0,5.992770195007324,0.0,0.0,0.0,0.0,18,0.03513693809509277,0.018493265941508952,0.0,0.012351025623673212,0
68,1774280185.5020974,17,0.0,0.0,0.0,0.0,0.0,5.992770195007324,0.0,0.0,0.0,0.0,17,0.033463750566755025,0.0176101216921246,0.0,0.010293503525156997,0
69,1774280185.6017807,16,0.0,0.0,0.0,0.0,0.0,5.992770195007324,0.0,0.0,0.0,0.0,16,0.03513693809509277,0.018489955014362885,0.0,0.007657918117097697,0
70,1774280185.7018175,15,0.0,0.0,0.0,0.0,0.0,5.992770195007324,0.0,0.0,0.0,0.0,15,0.0,0.0,0.0,0.0,0
71,1774280185.8020394,19,0.0,0.0,0.0,0.0,0.0,5.992770195007324,0.0,0.0,0.0,0.0,19,0.0,0.0,0.0,0.0,0
72,1774280185.902106,18,0.0,0.0,0.0,0.0,0.0,5.992770195007324,0.0,0.0,0.0,0.0,18,0.0,0.0,0.0,0.0,0
73,1774280186.0015714,17,0.0,0.0,0.0,0.0,0.0,5.992770195007324,0.0,0.0,0.0,0.0,17,0.0,0.0,0.0,0.0,0
74,1774280186.1017184,17,0.0,0.0,0.0,0.0,0.0,5.992770195007324,0.0,0.0,0.0,0.0,17,0.0,0.0,0.0,0.0,0
75,1774280186.2019,17,0.0,0.0,0.0,0.0,0.0,5.992770195007324,0.0,0.0,0.0,0.0,17,0.0,0.0,0.0,0.0,0
76,1774280186.301753,17,0.0,0.0,0.0,0.0,0.0,5.992770195007324,0.0,0.0,0.0,0.0,17,0.0,0.0,0.0,0.0,0
77,1774280186.401727,17,0.0,0.0,0.0,0.0,0.0,5.992770195007324,0.0,0.0,0.0,0.0,17,0.0,0.0,0.0,0.0,0
78,1774280186.5019205,17,0.0,0.0,0.0,0.0,0.0,5.992770195007324,0.0,0.0,0.0,0.0,17,0.0,0.0,0.0,0.0,0
79,1774280186.6018863,17,0.0,0.0,0.0,0.0,0.0,5.992770195007324,0.0,0.0,0.0,0.0,17,0.0,0.0,0.0,0.0,0
80,1774280186.701472,17,0.0,0.0,0.0,0.0,0.0,5.992770195007324,0.0,0.0,0.0,0.0,17,0.0,0.0,0.0,0.0,0
81,1774280186.8017004,17,0.0,0.0,0.0,0.0,0.0,5.992770195007324,0.0,0.0,0.0,0.0,17,0.0,0.0,0.0,0.0,0
82,1774280186.9014776,17,0.0,0.0,0.0,0.0,0.0,5.992770195007324,0.0,0.0,0.0,0.0,17,0.0,0.0,0.0,0.0,0
83,1774280187.0015414,17,0.0,0.0,0.0,0.0,0.0,5.992770195007324,0.0,0.0,0.0,0.0,17,0.0,0.0,0.0,0.0,0
84,1774280187.1017864,17,0.0,0.0,0.0,0.0,0.0,5.992770195007324,0.0,0.0,0.0,0.0,17,0.0,0.0,0.0,0.0,0
85,1774280187.2016013,18,0.0,0.0,0.0,0.0,0.0,5.992770195007324,0.0,0.0,0.0,0.0,18,0.0,0.0,0.0,0.0,0
86,1774280187.301436,18,0.0,0.0,0.0,0.0,0.0,5.992770195007324,0.0,0.0,0.0,0.0,18,0.0,0.0,0.0,0.0,0
87,1774280187.4019501,18,0.0,0.0,0.0,0.0,0.0,5.992770195007324,0.0,0.0,0.0,0.0,18,0.0,0.0,0.0,0.0,0
88,1774280187.5017776,19,0.0,0.0,0.0,0.0,0.0,5.992770195007324,0.0,0.0,0.0,0.0,19,0.0,0.0,0.0,0.0,0
89,1774280187.601369,19,0.0,0.0,0.0,0.0,0.0,5.992770195007324,0.0,0.0,0.0,0.0,19,0.0,0.0,0.0,0.0,0
90,1774280187.7017045,19,0.0,0.0,0.0,0.0,0.0,5.992770195007324,0.0,0.0,0.0,0.0,19,0.0,0.0,0.0,0.0,0
91,1774280187.8016393,19,0.0,0.0,0.0,0.0,0.0,5.992770195007324,0.0,0.0,0.0,0.0,19,0.0,0.0,0.0,0.0,0
92,1774280187.9016697,20,0.0,0.0,0.0,0.0,0.0,5.992770195007324,0.0,0.0,0.0,0.0,20,0.0,0.0,0.0,0.0,0
93,1774280188.001615,19,0.0,0.0,0.0,0.0,0.0,5.992770195007324,0.0,0.0,0.0,0.0,19,0.0,0.0,0.0,0.0,0
94,1774280188.1018066,19,0.0,0.0,0.0,0.0,0.0,5.992770195007324,0.0,0.0,0.0,0.0,19,0.0,0.0,0.0,0.0,0
95,1774280188.1925492,19,0.0,0.0,0.0,0.0,0.0,5.992770195007324,0.0,0.0,0.0,0.0,19,0.0,0.0,0.0,0.0,0
96,1774280188.2971783,18,0.0,0.0,0.0,0.0,0.0,5.992770195007324,0.0,0.0,0.0,0.0,18,0.0,0.0,0.0,0.0,0
97,1774280188.387277,19,0.0,0.0,0.0,0.0,0.0,5.992770195007324,0.0,0.0,0.0,0.0,19,0.0,0.0,0.0,0.0,0
98,1774280188.4925575,17,0.0,0.0,0.0,0.0,0.0,5.992770195007324,0.0,0.0,0.0,0.0,17,0.0,0.0,0.0,0.0,0
99,1774280188.5970747,19,-0.04191775070993524,-0.7964372634887695,0.0,0.031627760842444966,0.7964372634887695,5.992770195007324,0.13289968371426866,0.0,0.0,0.0,19,-0.04191775070993524,-0.02211315200253011,0.0,0.009135761964256901,0
100,1774280188.6875372,19,0.0,0.0,0.0,0.0,0.0,5.992770195007324,0.0,0.0,0.0,0.0,19,0.0,0.0,0.0,0.009135761964256901,0
101,1774280188.7926633,19,0.0,0.0,0.0,0.0,0.0,5.992770195007324,0.0,0.0,0.0,0.0,19,0.0,0.0,0.0,0.009135761964256901,0
102,1774280188.8976195,19,0.0,0.0,0.0,0.0,0.0,5.992770195007324,0.0,0.0,0.0,0.0,19,0.0,0.0,0.0,0.009135761964256901,0
103,1774280188.9869056,19,-0.04191775070993524,-0.7964372634887695,0.0,0.031627760842444966,0.7964372634887695,5.992770195007324,0.13289968371426866,0.0,0.0,0.0,19,-0.04191775070993524,-0.022236127410633685,0.0,0.01257532521298057,0
104,1774280189.0917783,19,0.0,0.0,0.0,0.0,0.0,5.992770195007324,0.0,0.0,0.0,0.0,19,0.0,0.0,0.0,0.01257532521298057,0
105,1774280189.1969037,19,0.0,0.0,0.0,0.0,0.0,5.992770195007324,0.0,0.0,0.0,0.0,19,0.0,0.0,0.0,0.01257532521298057,0
106,1774280189.2874212,18,0.0,0.0,0.0,0.0,0.0,5.992770195007324,0.0,0.0,0.0,0.0,18,0.0,0.0,0.0,0.01257532521298057,0
107,1774280189.3926578,18,0.0,0.0,0.0,0.0,0.0,5.992770195007324,0.0,0.0,0.0,0.0,18,0.0,0.0,0.0,0.01257532521298057,0
108,1774280189.4974809,17,0.0,0.0,0.0,0.0,0.0,5.992770195007324,0.0,0.0,0.0,0.0,17,0.0,0.0,0.0,0.01257532521298057,0
109,1774280189.5870044,18,-0.036438306172688804,-0.6558895111083984,0.0,0.02257175266448838,0.6558895111083984,5.992770195007324,0.10944679835292713,0.0,0.0,0.0,18,-0.036438306172688804,-0.019327591205048122,0.0,0.014350359518587966,0
110,1774280189.6920407,17,0.0,0.0,0.0,0.0,0.0,5.992770195007324,0.0,0.0,0.0,0.0,17,0.0,0.0,0.0,0.014350359518587966,0
111,1774280189.7974353,17,0.0,0.0,0.0,0.0,0.0,5.992770195007324,0.0,0.0,0.0,0.0,17,0.0,0.0,0.0,0.014350359518587966,0
112,1774280189.8867753,17,0.0,0.0,0.0,0.0,0.0,5.992770195007324,0.0,0.0,0.0,0.0,17,0.0,0.0,0.0,0.014350359518587966,0
113,1774280189.99264,17,0.0,0.0,0.0,0.0,0.0,5.992770195007324,0.0,0.0,0.0,0.0,17,0.0,0.0,0.0,0.014350359518587966,0
114,1774280190.0971434,18,-0.044246514638264976,-0.7964372634887695,0.0,0.033281818979781344,0.7964372634887695,5.992770195007324,0.13289968371426866,0.0,0.0,0.0,18,-0.044246514638264976,-0.023231465807225526,0.0,0.016502049936572498,0
115,1774280190.1871474,18,-0.044246514638264976,-0.7964372634887695,0.0,0.033281818979781344,0.7964372634887695,5.992770195007324,0.13289968371426866,0.0,0.0,0.0,18,-0.044246514638264976,-0.023411236931178955,0.0,0.018135978485247645,0
116,1774280190.2924767,17,0.0,0.0,0.0,0.0,0.0,5.992770195007324,0.0,0.0,0.0,0.0,17,0.0,0.0,0.0,0.018135978485247645,0
117,1774280190.3972232,17,0.0,0.0,0.0,0.0,0.0,5.992770195007324,0.0,0.0,0.0,0.0,17,0.0,0.0,0.0,0.018135978485247645,0
118,1774280190.4874587,17,0.0,0.0,0.0,0.0,0.0,5.992770195007324,0.0,0.0,0.0,0.0,17,0.04191775070993524,0.022174199328361725,0.0,0.018135978485247645,0
119,1774280190.5921206,17,0.0,0.0,0.0,0.0,0.0,5.992770195007324,0.0,0.0,0.0,0.0,17,0.0,0.0,0.0,0.016745783378176192,0
120,1774280190.6969323,17,0.0,0.0,0.0,0.0,0.0,5.992770195007324,0.0,0.0,0.0,0.0,17,0.0,0.0,0.0,0.016745783378176192,0
121,1774280190.7878222,17,0.0,0.0,0.0,0.0,0.0,5.992770195007324,0.0,0.0,0.0,0.0,17,0.0,0.0,0.0,0.016745783378176192,0
122,1774280190.8919678,17,0.0,0.0,0.0,0.0,0.0,5.992770195007324,0.0,0.0,0.0,0.0,17,0.04191775070993524,0.022003350200263092,0.0,0.016745783378176192,0
123,1774280190.9972146,17,0.0,0.0,0.0,0.0,0.0,5.992770195007324,0.0,0.0,0.0,0.0,17,0.0,0.0,0.0,0.014937982365679012,0
124,1774280191.0870519,17,0.0,0.0,0.0,0.0,0.0,5.992770195007324,0.0,0.0,0.0,0.0,17,0.0,0.0,0.0,0.014937982365679012,0
125,1774280191.1923552,17,0.0,0.0,0.0,0.0,0.0,5.992770195007324,0.0,0.0,0.0,0.0,17,0.0,0.0,0.0,0.014937982365679012,0
126,1774280191.296888,16,0.0,0.0,0.0,0.0,0.0,5.992770195007324,0.0,0.0,0.0,0.0,16,0.0,0.0,0.0,0.014937982365679012,0
127,1774280191.3868504,16,0.0,0.0,0.0,0.0,0.0,5.992770195007324,0.0,0.0,0.0,0.0,16,0.0,0.0,0.0,0.014937982365679012,0
128,1774280191.5013976,21,0.0,0.0,0.0,0.0,0.0,5.992770195007324,0.0,0.05523793186460223,0.3866655230522156,0.13530474751489924,21,0.036438306172688804,0.019033867456449704,0.0,0.014937982365679012,0
129,1774280191.6016927,19,-0.044383500751696135,-0.8432865142822266,0.0,0.03545811250156461,0.8432865142822266,5.992770195007324,0.14071731216804917,0.0,0.0,0.0,19,-0.044383500751696135,-0.023241669620829408,0.0,0.01581549025896305,0
130,1774280191.7020137,20,0.0,0.0,0.0,0.0,0.0,5.992770195007324,0.0,0.009666638076305389,0.1933327615261078,0.042135898498397606,20,0.0,0.0,0.0,0.01581549025896305,0
131,1774280191.801673,19,-0.12821900217156662,-0.8432865142822266,0.0,0.0877576124567187,0.8432865142822266,5.992770195007324,0.14071731216804917,0.0,0.0,0.0,19,-0.12821900217156662,-0.06695867016385157,0.0,0.030754651620024703,0
132,1774280191.9015036,20,0.0,0.0,0.0,0.0,0.0,5.992770195007324,0.0,0.0,0.0,0.0,20,0.0,0.0,0.0,0.030754651620024703,0
133,1774280192.0018961,17,-0.04409341251148897,-0.7495880126953125,0.0,0.031107664430533314,0.7495880126953125,5.992770195007324,0.12508205526048816,0.0,0.0,0.0,17,0.00015310212677600854,8.037900366713093e-05,0.0,0.03131511631810223,0
134,1774280192.1017215,17,-0.04409341251148897,-0.7495880126953125,0.0,0.031107664430533314,0.7495880126953125,5.992770195007324,0.12508205526048816,0.0,0.0,0.0,17,0.00015310212677600854,7.996667409001845e-05,0.0,0.03130804729237909,0
135,1774280192.2012794,19,-0.03945200066817434,-0.7495880126953125,0.0,0.028016286420989325,0.7495880126953125,5.992770195007324,0.12508205526048816,0.10175408501374095,0.9666638076305389,0.2966615874095612,19,-0.03945200066817434,-0.02066845341414418,0.0,0.031102799951916584,0
136,1774280192.3021035,16,0.0,0.0,0.0,0.0,0.0,5.992770195007324,0.0,0.04833319038152695,0.7733310461044312,0.18719364141672634,16,0.0,0.0,0.0,0.031102799951916584,0
137,1774280192.4019432,22,-0.10647556998512962,-0.8432865142822266,0.0,0.07226687242011905,0.8432865142822266,5.992770195007324,0.14071731216804917,0.15818135033954273,1.1599965691566467,0.35761270505970766,22,-0.10647556998512962,-0.055615791058067646,0.0,0.036688582209403325,0
138,1774280192.5019102,18,-0.044246514638264976,-0.7964372634887695,0.0,0.033281818979781344,0.7964372634887695,5.992770195007324,0.13289968371426866,0.1933327615261078,0.9666638076305389,0.3702040534049744,18,-0.044246514638264976,-0.023168267076875037,0.0,0.03672963866193348,0
139,1774280192.6014075,18,0.0,0.0,0.0,0.0,0.0,5.992770195007324,0.0,0.16111063460508981,0.7733310461044312,0.3039829374076166,18,0.0,0.0,0.0,0.03672963866193348,0
140,1774280192.7014487,20,-0.037479400634765625,-0.7495880126953125,0.0,0.02668940396688413,0.7495880126953125,6.043910980224609,0.12402366863905326,0.08699974268674851,0.5799982845783234,0.20710081189968624,20,-0.037479400634765625,-0.01958553665429447,0.0,0.03648671914507528,0
141,1774280192.8018813,21,0.0,0.0,0.0,0.0,0.0,6.043910980224609,0.0,0.09206321977433704,0.5799982845783234,0.17516222165606582,21,0.0,0.0,0.0,0.03648671914507528,0
142,1774280192.901898,24,-0.11321902275085449,-0.7495880126953125,0.0,0.06454999645910675,0.7495880126953125,6.043910980224609,0.12402366863905326,0.040277658651272454,0.3866655230522156,0.09633014885470996,24,-0.11321902275085449,-0.05944243837732752,0.0,0.04078794640014657,0
143,1774280193.0020666,24,-0.05270540714263916,-0.6558895111083984,0.0,0.03060218545236637,0.6558895111083984,6.043910980224609,0.1085207100591716,0.05638872211178144,0.3866655230522156,0.1306387712481521,24,-0.05270540714263916,-0.027522193922078685,0.0,0.04046048391310328,0
144,1774280193.1015978,21,-0.1293931688581194,-0.7495880126953125,0.0,0.07167860050630022,0.7495880126953125,6.043910980224609,0.12402366863905326,0.06444425384203593,0.5799982845783234,0.17223451315942054,21,-0.1293931688581194,-0.06777198813007254,0.0,0.044821542020915435,0
145,1774280193.201345,21,-0.16731875283377512,-0.7964372634887695,0.0,0.09063097592138085,0.7964372634887695,6.043910980224609,0.13177514792899409,0.07365057581946963,0.3866655230522156,0.15183455174561764,21,-0.16731875283377512,-0.08785641559380646,0.02188672771993673,0.051798367688535706,0
146,1774280193.3015714,24,-0.056609511375427246,-0.7495880126953125,0.0,0.03566253936604369,0.7495880126953125,6.043910980224609,0.12402366863905326,0.04833319038152695,0.3866655230522156,0.12787760181985938,24,-0.056609511375427246,-0.029565409799771434,0.020714224449225833,0.050656593923989184,0
147,1774280193.4017696,23,-0.11406774106233017,-0.7027387619018555,0.0,0.06199524208927944,0.7027387619018555,6.043910980224609,0.11627218934911243,0.058840405681858894,0.3866655230522156,0.13290692885927638,23,-0.11406774106233017,-0.06002390024721622,0.022555488844712576,0.051082389395495725,0
148,1774280193.5024087,22,-0.057496807791969994,-0.6558895111083984,0.0,0.03310871206948352,0.6558895111083984,6.043910980224609,0.1085207100591716,0.08787852796641263,0.5799982845783234,0.1996216423540414,22,-0.013113307040273858,-0.006899140419948921,0.0033333234745880655,0.049436351793542874,0
149,1774280193.6017134,21,0.058003834315708706,-0.6090402603149414,1.8271207809448242,0.1732689069591956,2.4361610412597656,6.043910980224609,0.40307692307692305,0.05523793186460223,0.3866655230522156,0.13530474751489924,21,0.058003834315708706,0.030533159890163815,0.0032768264665441996,0.05559834009442956,0
150,1774280193.7017791,22,0.1384182409806685,-0.6090402603149414,1.8271207809448242,0.3011890603367876,2.4361610412597656,6.043910980224609,0.40307692307692305,0.12302993915297768,0.9666638076305389,0.2705745483653498,22,0.26663724315223514,0.14032754817917892,0.0,0.0688951832948663,0
151,1774280193.8019147,19,-0.07150675121106599,-0.7027387619018555,0.0,0.04352009075552117,0.7027387619018555,6.043910980224609,0.11627218934911243,0.1729819445233596,1.3533293306827545,0.42493753443087884,19,-0.07150675121106599,-0.037626990349596434,0.0,0.06662032815405092,0
152,1774280193.9018698,20,-0.037479400634765625,-0.7495880126953125,0.0,0.02668940396688413,0.7495880126953125,6.043910980224609,0.12402366863905326,0.038666552305221556,0.3866655230522156,0.11599965691566468,20,0.006614011876723343,0.0034811071949311283,0.03647787953322788,0.06587683251315209,0
153,1774280194.0019825,18,0.0,0.0,0.0,0.0,0.0,6.043910980224609,0.0,0.0,0.0,0.0,18,0.04409341251148897,0.023203872649589403,0.05205112810318287,0.06663588841395655,0
154,1774280194.101669,17,0.0,0.0,0.0,0.0,0.0,6.043910980224609,0.0,0.0,0.0,0.0,17,0.03945200066817434,0.02075995321562299,0.10853769068132367,0.06731422615119409,0
155,1774280194.2012537,19,0.0,0.0,0.0,0.0,0.0,6.043910980224609,0.0,0.0,0.0,0.0,19,0.0,0.0,0.13809482966150557,0.06792215731696984,0
156,1774280194.3018034,21,0.08700575147356306,0.0,1.8271207809448242,0.1514000157895884,1.8271207809448242,6.043910980224609,0.30230769230769233,0.0,0.0,0.0,21,0.19348132145869268,0.10183977073481128,0.16999949720399132,0.07292018104927321,0
157,1774280194.401632,21,0.08700575147356306,0.0,1.8271207809448242,0.1514000157895884,1.8271207809448242,6.043910980224609,0.30230769230769233,0.0,0.0,0.0,21,0.13125226611182803,0.06909025411258904,0.14499957114458084,0.07561097028458018,0
158,1774280194.5014625,27,0.1405477523803711,-0.5153417587280273,1.8271207809448242,0.2835424008177749,2.3424625396728516,6.043910980224609,0.3875739644970414,0.028641890596460412,0.1933327615261078,0.0686808409048895,27,0.1405477523803711,0.07397036266683799,0.11141209986250279,0.08362818813395133,0
159,1774280194.6019433,24,-0.021472573280334473,-0.5153417587280273,0.0,0.01060464227542468,0.5153417587280273,6.043910980224609,0.08526627218934911,0.024166595190763474,0.3866655230522156,0.08487029310508004,24,0.016006827354431152,0.008422453586964758,0.07138440425579365,0.08354964281827203,0
160,1774280194.7013261,27,0.006940629747178819,-0.7027387619018555,1.546025276184082,0.12270097480172865,2.2487640380859375,6.043910980224609,0.37207100591715975,0.035802363245575515,0.3866655230522156,0.10572311169182523,27,0.006940629747178819,0.003654030735502971,0.06164232976194741,0.0835764468033525,0
161,1774280194.8021665,26,0.0,0.0,0.0,0.0,0.0,6.043910980224609,0.0,0.022307626329935513,0.1933327615261078,0.061767020399100626,26,0.11321902275085449,0.059580537956895996,0.053236557521681854,0.08357644680335248,0
162,1774280194.901444,26,0.0,0.0,0.0,0.0,0.0,6.043910980224609,0.0,0.022307626329935513,0.1933327615261078,0.061767020399100626,26,0.05270540714263916,0.027748781595482924,0.06444425384203593,0.08052187337169074,0
163,1774280195.0016158,27,0.0,0.0,0.0,0.0,0.0,5.992770195007324,0.0,0.0,0.0,0.0,27,0.1293931688581194,0.068101023485424,0.06151496957648884,0.0799252047423683,0
164,1774280195.1014569,27,-0.02429220411512587,-0.6558895111083984,0.0,0.015342890700044395,0.6558895111083984,5.992770195007324,0.10944679835292713,0.028641890596460412,0.1933327615261078,0.0686808409048895,27,0.14302654871864925,0.0752726971968552,0.05970570576541564,0.07500010059381763,0
165,1774280195.2021165,26,0.0,0.0,0.0,0.0,0.0,5.992770195007324,0.0,0.05205112810318287,0.5799982845783234,0.1568599643177295,26,0.056609511375427246,0.029785933926315167,0.06444425384203593,0.06467061253133635,0
166,1774280195.3016136,27,-0.07981724209255642,-0.6090402603149414,0.0,0.03703850890736776,0.6090402603149414,5.992770195007324,0.10162916989914662,0.07160472649115103,0.5799982845783234,0.17568712494759747,27,0.03425049896977375,0.018028059256516914,0.06737353810758302,0.0659917742060469,0
167,1774280195.4017942,29,0.1502407008203967,0.0,1.546025276184082,0.19608043162509564,1.546025276184082,5.992770195007324,0.2579817389747568,0.05333317559340905,0.3866655230522156,0.13333293898352258,29,0.2077375086123667,0.10937090644978838,0.08923050531974205,0.06716080414849691,0
168,1774280195.5018945,26,0.11351933846106896,0.0,1.546025276184082,0.1550195607383412,1.546025276184082,5.992770195007324,0.2579817389747568,0.0,0.0,0.0,26,0.05551550414536025,0.029215902346392587,0.11537600284622561,0.06778570123621525,0
169,1774280195.6017413,27,0.06767114003499348,0.0,1.405477523803711,0.07516691703636348,1.405477523803711,5.992770195007324,0.2345288536134153,0.04296283589469062,0.5799982845783234,0.12151725040056219,27,-0.070747100945675,-0.03723605734719022,0.11092863366252086,0.06803652685722066,0
170,1774280195.7014196,27,0.08849302927652995,-0.8432865142822266,1.405477523803711,0.17141525492863566,2.2487640380859375,5.992770195007324,0.37524616578146447,0.02148141794734531,0.1933327615261078,0.0607586252002811,27,0.15999978048759594,0.08423235996358595,0.07122785950961866,0.06477109764046265,0
171,1774280195.8018622,25,0.039353370666503906,-0.8432865142822266,1.405477523803711,0.11302260227239458,2.2487640380859375,5.992770195007324,0.37524616578146447,0.04639986276626587,0.3866655230522156,0.12565142236099405,25,0.07683277130126953,0.040438461034595176,0.01406056447462602,0.06087194133650408,0
172,1774280195.901454,27,0.053789880540635854,-0.6090402603149414,1.8271207809448242,0.1613954079408516,2.4361610412597656,5.992770195007324,0.4065166795965865,0.05012330854380572,0.3866655230522156,0.12443574769629141,27,0.053789880540635854,0.02831834009368329,0.0,0.05896700628370419,0
173,1774280196.0017116,23,0.01018461973770805,-0.6090402603149414,0.4216432571411133,0.03148306096730375,1.0306835174560547,5.992770195007324,0.17198782598317122,0.06724617792212445,0.5799982845783234,0.16727275556487595,23,0.01018461973770805,0.005360206182826796,0.0,0.058702053696025776,0
174,1774280196.1022909,23,-0.01833231552787449,-0.6558895111083984,1.405477523803711,0.14958188112720544,2.0613670349121094,5.992770195007324,0.34397565196634244,0.10086926688318668,0.3866655230522156,0.1697882765026177,23,-0.01833231552787449,-0.00964332279861889,0.0,0.0593954111446429,0
175,1774280196.2013905,24,-0.04489719867706299,-0.6558895111083984,0.0,0.02331649517905987,0.6558895111083984,5.992770195007324,0.10944679835292713,0.08861084903279941,0.5799982845783234,0.20106581379686678,24,-0.13190295015062603,-0.06943769326187732,0.011207696320354074,0.06148895529160289,0
176,1774280196.3013964,27,0.08502271440294054,-1.546025276184082,1.8271207809448242,0.4262951126803936,3.3731460571289062,5.992770195007324,0.5628692486721967,0.10740708973672655,0.5799982845783234,0.2252990121441686,27,-0.0019830370706225148,-0.0010438332119707874,0.018796240703927145,0.06140300173007894,0
177,1774280196.4017942,25,-0.06746292114257812,-0.6090402603149414,0.0,0.03355139019731723,0.6090402603149414,5.992770195007324,0.10162916989914662,0.08506641507148743,0.5799982845783234,0.19776722506328212,25,-0.20801067352294922,-0.10946019035780256,0.029743501773247354,0.06375593379656432,0
178,1774280196.501273,25,0.0693368911743164,-0.6090402603149414,1.6865730285644531,0.1410183823281841,2.2956132888793945,5.992770195007324,0.38306379423524495,0.06186648368835449,0.7733310461044312,0.17903908123138088,25,0.09080946445465088,0.04781132325579819,0.027618965932301114,0.059014264600377404,0
179,1774280196.6014192,24,0.029280781745910645,0.0,0.7027387619018555,0.019719376131988042,0.7027387619018555,5.992770195007324,0.11726442680670765,0.12888850768407187,0.7733310461044312,0.2882034647000886,24,0.022340151998731825,0.011757398755978855,0.026919751604901083,0.05820116507533878,0
180,1774280196.701316,24,0.0,0.0,0.0,0.0,0.0,5.992770195007324,0.0,0.11277744422356288,1.1599965691566467,0.3052610773296337,24,0.0,0.0,0.014683500875400591,0.058322126673453586,0
181,1774280196.8016047,23,0.0,0.0,0.0,0.0,0.0,5.992770195007324,0.0,0.10086926688318668,0.7733310461044312,0.26044332718848884,23,0.0,0.0,0.016916616633534432,0.058322126673453586,0
182,1774280196.9020047,22,0.0,0.0,0.0,0.0,0.0,5.992770195007324,0.0,0.07030282237313011,0.3866655230522156,0.14913480730978085,22,0.0,0.0,0.02658325470983982,0.058322126673453586,0
183,1774280197.0018818,21,-0.10485308510916573,-0.7495880126953125,0.0,0.06603469459225048,0.7495880126953125,5.992770195007324,0.12508205526048816,0.018412643954867407,0.1933327615261078,0.056751580113533366,21,-0.08056088099403987,-0.042390982440863506,0.05074984990060329,0.06458478366085248,0
184,1774280197.1012208,22,-0.10008703578602184,-0.7495880126953125,0.0,0.06351013731449341,0.7495880126953125,6.043910980224609,0.12402366863905326,0.02636355838992379,0.1933327615261078,0.06634683365617257,22,-0.10008703578602184,-0.05270223062226774,0.05894291509942311,0.06904615006924983,0
185,1774280197.201477,23,-0.0611077184262483,-0.7495880126953125,0.0,0.03939946585997845,0.7495880126953125,5.992770195007324,0.12508205526048816,0.09246349464292111,0.7733310461044312,0.21983947042642224,23,0.01870952366630812,0.009847825303386328,0.042438898871584634,0.07094920789866947,0
186,1774280197.3019412,21,0.0,0.0,0.0,0.0,0.0,6.043910980224609,0.0,0.036825287909734813,0.3866655230522156,0.11350316022706673,21,-0.1502407008203967,-0.07906793731604521,0.03300803245567694,0.06787783152086577,0
187,1774280197.4016018,20,0.0,0.0,0.0,0.0,0.0,5.992770195007324,0.0,0.05799982845783234,0.5799982845783234,0.17399948537349702,20,-0.11351933846106896,-0.059756225300687804,0.021749935671687128,0.06045943554108749,0
188,1774280197.5018237,23,0.0,0.0,0.0,0.0,0.0,5.992770195007324,0.0,0.15130390032478,0.9666638076305389,0.33707041873174254,23,-0.06767114003499348,-0.03561484587387894,0.036708752188501476,0.05540360970882265,0
189,1774280197.6016448,21,-0.040156500680106025,-0.8432865142822266,0.0,0.03225089093742711,0.8432865142822266,5.992770195007324,0.14071731216804917,0.09206321977433704,0.7733310461044312,0.23579689356526584,21,-0.12864952995663598,-0.06770225576161044,0.03915600233440158,0.05401076576159685,0
190,1774280197.7018898,20,-0.04216432571411133,-0.8432865142822266,0.0,0.033778776895587725,0.8432865142822266,5.992770195007324,0.14071731216804917,0.05799982845783234,0.3866655230522156,0.13806720793312413,20,-0.08151769638061523,-0.042903429451019055,0.05413317322731018,0.05031590376854185,0
191,1774280197.8019505,18,-0.091095765431722,-0.8432865142822266,0.0,0.06644847595617241,0.8432865142822266,5.992770195007324,0.14071731216804917,0.15036992563141716,0.9666638076305389,0.33828970812467124,18,-0.14488564597235787,-0.0762356822440172,0.0715066378247248,0.05197445081139032,0
192,1774280197.9018185,19,-0.18246550309030632,-0.9369850158691406,0.0,0.12542881702799688,0.9369850158691406,5.992770195007324,0.15635256907561018,0.1628065360219855,1.1599965691566467,0.3617640361432752,19,-0.19265012282801436,-0.10138909664995972,0.08561879439013345,0.06083425067408627,0
193,1774280198.0017314,18,0.0,0.0,0.0,0.0,0.0,6.043910980224609,0.0,0.0966663807630539,0.5799982845783234,0.2161525985250665,18,0.01833231552787449,0.009651429074851227,0.09927898564854183,0.06055497272463058,0
194,1774280198.101401,20,0.0,0.0,0.0,0.0,0.0,6.043910980224609,0.0,0.1933327615261078,0.9666638076305389,0.3866655230522156,20,0.04489719867706299,0.023629972913290657,0.09412252863771037,0.06083925240920584,0
195,1774280198.201413,19,-0.04931500083521793,-0.9369850158691406,0.0,0.04377544753279581,0.9369850158691406,6.043910980224609,0.15502958579881657,0.15263112752061142,0.9666638076305389,0.3524864902429644,19,-0.13433771523815846,-0.07070344492701368,0.08536771288165798,0.06090987668479845,0
196,1774280198.3015242,18,-0.10671218236287434,-0.9838342666625977,0.0,0.09116088703662069,0.9838342666625977,5.992770195007324,0.16417019752939072,0.17185134357876247,0.7733310461044312,0.3215044245642516,18,-0.03924926122029622,-0.02066044222056142,0.091441170992078,0.057392593397949714,0
197,1774280198.401749,18,-0.05726019541422526,-1.0306835174560547,0.0,0.05573840964087948,1.0306835174560547,5.992770195007324,0.17198782598317122,0.17185134357876247,0.7733310461044312,0.3215044245642516,18,-0.12659708658854166,-0.06661335791524142,0.10063897175331639,0.05716748069445962,0
198,1774280198.5013585,19,-0.05424650091873972,-1.0306835174560547,0.0,0.052968291514682915,1.0306835174560547,5.992770195007324,0.17198782598317122,0.1628065360219855,0.7733310461044312,0.3152735013334339,19,-0.08352728266465037,-0.04396313225632544,0.114365858930937,0.05178354198559147,0
199,1774280198.6017227,21,0.040156500680106025,-1.0775327682495117,2.951502799987793,0.5190900344123107,4.029035568237305,6.043910980224609,0.6666272189349113,0.17492011757124037,1.3533293306827545,0.3768974219257167,21,0.040156500680106025,0.021130478446186127,0.09526541872300963,0.05259062730392063,0
200,1774280198.7021973,19,-0.056712250960500615,-1.0775327682495117,0.0,0.057893029362122435,1.0775327682495117,6.043910980224609,0.17828402366863905,0.2035081700274819,0.9666638076305389,0.39409187666679235,19,-0.056712250960500615,-0.029839246974267673,0.06444425384203593,0.05174665887509405,0
201,1774280198.8013067,20,-0.053876638412475586,-1.0775327682495117,0.0,0.05515115116594416,1.0775327682495117,6.043910980224609,0.17828402366863905,0.1933327615261078,0.9666638076305389,0.3866655230522156,20,-0.053876638412475586,-0.028366546367487838,0.038666552305221556,0.05071023703766026,0
202,1774280198.901518,19,-0.11589025196276213,-1.1243820190429688,0.0,0.11421743852098637,1.1243820190429688,6.043910980224609,0.18603550295857987,0.2035081700274819,0.9666638076305389,0.39409187666679235,19,-0.011037166853596403,-0.005810147466619627,0.0468685482487534,0.051509865320717566,0
203,1774280199.00169,18,-0.1275340716044108,-1.1712312698364258,0.0,0.13018048347943376,1.1712312698364258,6.043910980224609,0.1937869822485207,0.12888850768407187,0.7733310461044312,0.2577770153681437,18,-0.027447035818388962,-0.014442242879939093,0.05272711677984758,0.05285375261435167,0
204,1774280199.1020987,20,-0.11478066444396973,-1.1712312698364258,0.0,0.11862627967929029,1.1712312698364258,6.043910980224609,0.1937869822485207,0.11599965691566468,0.5799982845783234,0.23199931383132935,20,-0.05367294601772143,-0.028239679340814266,0.06343731237575412,0.05357365355425169,0
205,1774280199.2019575,22,-0.21295113997025925,-1.2180805206298828,0.0,0.2042663780931126,1.2180805206298828,5.992770195007324,0.20325833979829325,0.07909067516977136,0.5799982845783234,0.19904050096851772,22,-0.21295113997025925,-0.11207858537455341,0.08458308316767216,0.06362441437045081,0
206,1774280199.3013875,24,-0.1952052116394043,-1.2180805206298828,0.0,0.1907082776142488,1.2180805206298828,6.043910980224609,0.20153846153846153,0.06444425384203593,0.3866655230522156,0.1441017323500443,24,-0.1952052116394043,-0.1027511712378545,0.10270802956074476,0.06799543957386538,0
207,1774280199.401981,24,-0.14640390872955322,-1.2180805206298828,0.0,0.15022163579736514,1.2180805206298828,5.992770195007324,0.20325833979829325,0.10472191249330838,0.7733310461044312,0.23664624110158428,24,-0.14640390872955322,-0.07704830386765703,0.10270802956074476,0.06762098583971092,0
208,1774280199.5019817,22,0.0,0.0,0.0,0.0,0.0,6.043910980224609,0.0,0.11424208635633643,0.9666638076305389,0.2894660551797874,22,0.040156500680106025,0.021131252554367853,0.098304793996326,0.06762098583971092,0
209,1774280199.6014812,23,-0.04684925079345703,-1.0775327682495117,0.0,0.048286750597981154,1.0775327682495117,6.043910980224609,0.17828402366863905,0.10086926688318668,0.5799982845783234,0.21983947042642232,23,-0.004684925079345703,-0.0024662803622332026,0.12210490201648913,0.06743765872399453,0
210,1774280199.7019477,22,0.0,0.0,0.0,0.0,0.0,6.043910980224609,0.0,0.07909067516977136,0.5799982845783234,0.19904050096851772,22,0.091095765431722,0.04794520949034482,0.1370905036276037,0.0692432061263553,0
211,1774280199.8012857,23,0.0,0.0,0.0,0.0,0.0,6.043910980224609,0.0,0.06724617792212445,0.7733310461044312,0.18568957804396802,23,0.18246550309030632,0.09606141144397345,0.15263112752061142,0.0712360548197684,0
212,1774280199.90205,22,0.0,0.0,0.0,0.0,0.0,6.043910980224609,0.0,0.035151411186565056,0.3866655230522156,0.11115852231866752,22,0.0,0.0,0.14923932468682005,0.068388195637262,0
213,1774280200.0021534,21,-0.11823858533586774,-1.2649297714233398,0.0,0.13286570747925225,1.2649297714233398,6.043910980224609,0.20928994082840235,0.027618965932301114,0.1933327615261078,0.06765237375744962,21,-0.11823858533586774,-0.06220620380866823,0.1729819445233596,0.06763055505105113,0
214,1774280200.102785,20,-0.06090402603149414,-1.2180805206298828,0.0,0.0704767073500534,1.2180805206298828,6.043910980224609,0.20153846153846153,0.05799982845783234,0.5799982845783234,0.17399948537349702,20,-0.011589025196276213,-0.006095085029158503,0.16521163257685575,0.06571862940843809,0
215,1774280200.2023928,23,0.0,0.0,0.0,0.0,0.0,6.043910980224609,0.0,0.05043463344159334,0.5799982845783234,0.163426890777108,23,0.10671218236287434,0.05613864068105045,0.16872677369551226,0.06749357699785098,0
216,1774280200.3020759,23,0.0,0.0,0.0,0.0,0.0,6.043910980224609,0.0,0.033623088961062225,0.3866655230522156,0.10895126051807201,23,0.05726019541422526,0.030131759639977957,0.16999949720399132,0.06869606272352581,0
217,1774280200.4019384,24,0.0,0.0,0.0,0.0,0.0,6.043910980224609,0.0,0.016111063460508983,0.1933327615261078,0.05343435247211316,24,0.05424650091873972,0.028542078173602783,0.18022545565993098,0.07017928697999151,0
218,1774280200.5019536,21,0.0,0.0,0.0,0.0,0.0,6.043910980224609,0.0,0.018412643954867407,0.1933327615261078,0.056751580113533366,21,-0.040156500680106025,-0.021132432383117124,0.190110548834006,0.0715075267470215,0
219,1774280200.602244,22,0.0,0.0,0.0,0.0,0.0,6.043910980224609,0.0,0.008787852796641264,0.1933327615261078,0.04027100063673795,22,0.056712250960500615,0.02984782128438857,0.1999994084752839,0.06918008165671263,0
220,1774280200.7025027,23,-0.054996946583623474,-1.2649297714233398,0.0,0.06654261093748251,1.2649297714233398,6.043910980224609,0.20928994082840235,0.0,0.0,0.0,23,-0.001120308171147888,-0.0005892649518532244,0.17637374735715097,0.06918822603515425,0
221,1774280200.8020926,23,-0.05296002263608186,-1.2180805206298828,0.0,0.06170480794751469,1.2180805206298828,6.043910980224609,0.20153846153846153,0.0,0.0,0.0,23,0.06293022932668027,0.03311116250576107,0.14923932468682005,0.06919414789469375,0
222,1774280200.9021556,24,-0.10345876216888428,-1.2649297714233398,0.0,0.11778659625427679,1.2649297714233398,5.992770195007324,0.21107596825207375,0.024166595190763474,0.1933327615261078,0.06393880090992969,24,0.02407530943552652,0.012668110292838824,0.10633301883935928,0.06876477705404903,0
223,1774280201.0023348,19,-0.15534225263093648,-1.499176025390625,0.0,0.20517309061690658,1.499176025390625,6.043910980224609,0.24804733727810652,0.0,0.0,0.0,19,-0.04056158818696676,-0.021345551508945283,0.08494924370086554,0.07034457590384284,0
224,1774280201.102051,22,0.0,0.0,0.0,0.0,0.0,6.043910980224609,0.0,0.017575705593282528,0.1933327615261078,0.05557926115933376,22,0.21295113997025925,0.11207402886000352,0.08285689779690333,0.07057627715213542,0
225,1774280201.2021897,18,-0.07808208465576172,-1.405477523803711,0.0,0.10364580305122217,1.405477523803711,5.992770195007324,0.2345288536134153,0.04296283589469062,0.3866655230522156,0.12151725040056222,18,0.11712312698364258,0.06161773747946389,0.09390448416982378,0.0612098937184557,0
226,1774280201.3027482,20,-0.0773012638092041,-1.546025276184082,0.0,0.11353422234350319,1.546025276184082,6.043910980224609,0.2557988165680473,0.06766646653413773,0.7733310461044312,0.1861925987252469,20,0.06910264492034912,0.03635513543922497,0.10647311504336371,0.051983384440778074,0
227,1774280201.4023552,21,-0.21416800362723215,-1.546025276184082,0.0,0.27541663621841694,1.546025276184082,5.992770195007324,0.2579817389747568,0.05523793186460223,0.3866655230522156,0.1353047475148992,21,-0.21416800362723215,-0.11269785032435044,0.09810916256548753,0.06007825151442632,0
228,1774280201.5021408,23,-0.1629539158033288,-1.2649297714233398,0.0,0.1770901434114995,1.2649297714233398,5.992770195007324,0.21107596825207375,0.05043463344159334,0.3866655230522156,0.11707885953199446,23,-0.11610466500987177,-0.06108651300982109,0.08245073653319303,0.06392696262078904,0
229,1774280201.60192,24,-0.21082162857055664,-1.3117790222167969,0.0,0.2224116997240344,1.3117790222167969,5.992770195007324,0.21889359670585426,0.03222212692101797,0.3866655230522156,0.10686870494422632,24,-0.21082162857055664,-0.11096037538174196,0.06059683570221289,0.0721763863988246,0
230,1774280201.7022488,25,0.0,0.0,0.0,0.0,0.0,6.043910980224609,0.0,0.030933241844177246,0.3866655230522156,0.08951954061569044,25,0.0,0.0,0.043939263983206314,0.0721763863988246,0
231,1774280201.8024158,25,0.0,0.0,0.0,0.0,0.0,6.043910980224609,0.0,0.06186648368835449,0.7733310461044312,0.17048398186877303,25,0.0,0.0,0.039894061902212716,0.07217638639882461,0
232,1774280201.9024546,23,-0.057033870531165085,-1.3117790222167969,0.0,0.07156297253084541,1.3117790222167969,6.043910980224609,0.2170414201183432,0.05043463344159334,0.3866655230522156,0.13022166359424442,23,0.06120471480470266,0.03220790168627101,0.04531236598268151,0.07068446468449413,0
233,1774280202.0025125,21,0.0,0.0,0.0,0.0,0.0,6.043910980224609,0.0,0.05523793186460223,0.3866655230522156,0.1353047475148992,21,0.06090402603149414,0.03205935115236707,0.0468685482487534,0.07112119713467818,0
234,1774280202.1025865,23,-0.057033870531165085,-1.3117790222167969,0.0,0.07156297253084541,1.3117790222167969,6.043910980224609,0.2170414201183432,0.10086926688318668,0.5799982845783234,0.21983947042642232,23,-0.057033870531165085,-0.030014766807028345,0.033142759118761335,0.07112755114709363,0
235,1774280202.202116,23,-0.054996946583623474,-1.2649297714233398,0.0,0.06654261093748251,1.2649297714233398,6.043910980224609,0.20928994082840235,0.10086926688318668,0.5799982845783234,0.21983947042642232,23,-0.054996946583623474,-0.02894514970782775,0.022745030767777386,0.06975798733361892,0
236,1774280202.3017933,22,0.0,0.0,0.0,0.0,0.0,5.992770195007324,0.0,0.10545423355969516,0.7733310461044312,0.2653873346246903,22,0.0,0.0,0.014427818024336403,0.06975798733361892,0
237,1774280202.4018776,22,-0.0553672963922674,-1.2180805206298828,0.0,0.06437628770557294,1.2180805206298828,5.992770195007324,0.20325833979829325,0.08787852796641263,0.5799982845783234,0.19092103183778797,22,-0.0553672963922674,-0.02914184737454543,0.008787852796641264,0.06824715790572101,0
238,1774280202.5018473,21,0.0,0.0,0.0,0.0,0.0,6.043910980224609,0.0,0.16571379559380667,1.1599965691566467,0.4059142425446977,21,0.0,0.0,0.0028431288459721733,0.06824715790572101,0
239,1774280202.6018705,20,0.0,0.0,0.0,0.0,0.0,6.043910980224609,0.0,0.08699974268674851,0.5799982845783234,0.20710081189968624,20,0.054996946583623474,0.02895539574508114,0.008285689779690334,0.06824715790572101,0
240,1774280202.7024713,21,-0.05577291761125837,-1.1712312698364258,0.0,0.06221236677744429,1.1712312698364258,6.043910980224609,0.1937869822485207,0.07365057581946963,0.5799982845783234,0.1631364410748995,21,-0.0028128949751765053,-0.0014801760139442955,0.008787852796641264,0.06824069925663526,0
241,1774280202.802369,19,-0.11095875187924034,-1.0775327682495117,0.0,0.10470843852914018,1.0775327682495117,6.043910980224609,0.17828402366863905,0.08140326801099275,0.7733310461044312,0.20146280987461626,19,-0.007499989710356064,-0.003946919537889462,0.014871750886623677,0.06882231466938481,0
242,1774280202.9024074,20,0.0,0.0,0.0,0.0,0.0,5.992770195007324,0.0,0.11599965691566468,0.7733310461044312,0.24758673824352911,20,0.15534225263093648,0.08175595748618887,0.0196609587992652,0.0699664708090392,0
243,1774280203.0022218,22,-0.05110827359286221,-1.1243820190429688,0.0,0.05485316822250002,1.1243820190429688,6.043910980224609,0.18603550295857987,0.07030282237313011,0.3866655230522156,0.14913480730978085,22,-0.05110827359286221,-0.026896673451822114,0.04188876499732335,0.06681623505499151,0
244,1774280203.1020699,20,-0.053876638412475586,-1.0775327682495117,0.0,0.05515115116594416,1.0775327682495117,6.043910980224609,0.17828402366863905,0.02899991422891617,0.1933327615261078,0.06903360396656207,20,0.024205446243286133,0.012740512067564557,0.055706049931251396,0.06544392064382522,0
245,1774280203.2025023,17,-0.06889595704920151,-1.1712312698364258,0.0,0.0759464463636067,1.1712312698364258,6.043910980224609,0.1937869822485207,0.022745030767777386,0.1933327615261078,0.062289832113303606,17,0.00840530676000259,0.004424418398546651,0.05739566357806325,0.0653614391928203,0
246,1774280203.3022637,18,-0.06506840387980144,-1.1712312698364258,0.0,0.0719762521189043,1.1712312698364258,6.043910980224609,0.1937869822485207,0.10740708973672655,0.5799982845783234,0.2060425227146685,18,0.1490995997474307,0.07847725108956859,0.04549006153555477,0.06526801668161233,0
247,1774280203.402238,18,-0.20561615626017252,-1.452326774597168,0.0,0.21561714152400985,1.452326774597168,5.992770195007324,0.2423464820671958,0.08592567178938124,0.3866655230522156,0.1607522122821258,18,-0.04266224045684372,-0.022452662942562436,0.03759248140785429,0.06428310686692743,0
248,1774280203.5022545,20,-0.22487640380859375,-1.546025276184082,0.0,0.2867794015060099,1.546025276184082,6.043910980224609,0.2557988165680473,0.07733310461044311,0.5799982845783234,0.177192402801647,20,-0.01405477523803711,-0.007395947673074272,0.04180167816780709,0.07034930759472055,0
249,1774280203.601819,18,0.0,0.0,0.0,0.0,0.0,5.992770195007324,0.0,0.08592567178938124,0.5799982845783234,0.18479014438035152,18,0.0,0.0,0.047671091883149865,0.06289550383604466,0
250,1774280203.7022893,17,0.0,0.0,0.0,0.0,0.0,6.043910980224609,0.0,0.022745030767777386,0.1933327615261078,0.062289832113303606,17,0.0,0.0,0.05603848160177037,0.06289550383604466,0
251,1774280203.8024306,20,-0.1311779022216797,-1.546025276184082,0.0,0.1603559090312956,1.546025276184082,6.043910980224609,0.2557988165680473,0.02899991422891617,0.1933327615261078,0.06903360396656207,20,-0.0741440316905146,-0.03902366719453861,0.06925352651681473,0.06385583282078068,0
252,1774280203.902485,19,-0.1356162522968493,-1.499176025390625,0.0,0.16100852799493034,1.499176025390625,6.043910980224609,0.24804733727810652,0.020350817002748187,0.1933327615261078,0.05933231748191226,19,-0.1356162522968493,-0.07137801029452201,0.08656690814601842,0.06596066098216631,0
253,1774280204.0024183,23,-0.2423939497574516,-1.546025276184082,0.0,0.28507355731965023,1.546025276184082,5.992770195007324,0.2579817389747568,0.016811544480531113,0.1933327615261078,0.054475630259036005,23,-0.1853600792262865,-0.09756657508982028,0.10235263845499824,0.07484663112120382,0
254,1774280204.1022,24,-0.10541081428527832,-1.452326774597168,0.0,0.12515230718435078,1.452326774597168,6.043910980224609,0.2402958579881657,0.03222212692101797,0.7733310461044312,0.15453189203600137,24,-0.050413867701654846,-0.02653244130538711,0.09810916256548753,0.07498788420802066,0
255,1774280204.2023468,22,0.0,0.0,0.0,0.0,0.0,5.992770195007324,0.0,0.017575705593282528,0.1933327615261078,0.05557926115933376,22,0.0,0.0,0.11897400709298941,0.0767702850039831,0
256,1774280204.302309,22,0.0,0.0,0.0,0.0,0.0,5.992770195007324,0.0,0.017575705593282528,0.1933327615261078,0.05557926115933376,22,0.0553672963922674,0.029134067428195874,0.11354463772168236,0.07677028500398309,0
257,1774280204.4016504,21,-0.1405477523803711,-1.0306835174560547,0.0,0.11873105774741687,1.0306835174560547,6.043910980224609,0.17053254437869822,0.036825287909734813,0.1933327615261078,0.07591727587280882,21,-0.1405477523803711,-0.0739801655348559,0.10913946215183504,0.0779004217208513,0
258,1774280204.50183,22,0.04259022799405185,0.0,0.9369850158691406,0.03809247793229166,0.9369850158691406,5.992770195007324,0.15635256907561018,0.05272711677984758,0.3866655230522156,0.11920423501990257,22,0.04259022799405185,0.022416386535985867,0.08055531730254491,0.08058232254350198,0
259,1774280204.6020148,22,0.04259022799405185,0.0,0.9369850158691406,0.03809247793229166,0.9369850158691406,6.043910980224609,0.15502958579881657,0.02636355838992379,0.1933327615261078,0.06634683365617257,22,0.09836314560531022,0.05178251741720275,0.0902219553788503,0.08312325830428308,0
260,1774280204.7023072,21,0.08700575147356306,0.0,0.9369850158691406,0.07196726588814754,0.9369850158691406,6.043910980224609,0.15502958579881657,0.027618965932301114,0.1933327615261078,0.06765237375744962,21,0.1979645033528034,0.104195238082595,0.08874290693001669,0.09031447250773987,0
261,1774280204.8018253,24,0.0,0.0,0.0,0.0,0.0,6.043910980224609,0.0,0.016111063460508983,0.1933327615261078,0.05343435247211316,24,0.0,0.0,0.0717202179854916,0.09092148427797543,0
262,1774280204.9018607,24,0.0,0.0,0.0,0.0,0.0,6.043910980224609,0.0,0.03222212692101797,0.1933327615261078,0.07205086617502215,24,0.05110827359286221,0.026904204703893268,0.0425987440650746,0.09092148427797543,0
263,1774280205.002399,21,0.0,0.0,0.0,0.0,0.0,6.043910980224609,0.0,0.09206321977433704,0.5799982845783234,0.1944256631750854,21,0.053876638412475586,0.028351214557374778,0.05272711677984758,0.09192183624601291,0
264,1774280205.1020083,21,-0.0959294182913644,-1.0306835174560547,0.0,0.08747556467842887,1.0306835174560547,6.043910980224609,0.17053254437869822,0.08285689779690333,1.1599965691566467,0.25010037363408316,21,-0.02703346124216288,-0.014231837083860657,0.07295575906645577,0.0922366639622356,0
265,1774280205.2023287,20,0.037479400634765625,-0.9838342666625977,2.670407295227051,0.44744258985929264,3.6542415618896484,6.043910980224609,0.6046153846153847,0.0966663807630539,0.3866655230522156,0.1674310828654081,20,0.10254780451456706,0.05397068388240928,0.08976163927997861,0.09472868002952474,0
266,1774280205.3018851,18,-0.10150671005249023,-0.9369850158691406,0.0,0.08248986560488447,0.9369850158691406,6.043910980224609,0.15502958579881657,0.0966663807630539,0.5799982845783234,0.2161525985250665,18,0.10410944620768228,0.0548046206905265,0.08285689779690333,0.0952183943717123,0
267,1774280205.402496,19,0.0,0.0,0.0,0.0,0.0,6.043910980224609,0.0,0.12210490201648913,0.5799982845783234,0.23645512600007546,19,0.22487640380859375,0.11834095318418342,0.0632725401358171,0.08974022200517287,0
268,1774280205.502671,20,0.0,0.0,0.0,0.0,0.0,6.043910980224609,0.0,0.12566629499197007,0.7733310461044312,0.25410574405847164,20,0.0,0.0,0.04569683454253457,0.08053933088826241,0
269,1774280205.6023104,17,-0.05236092735739315,-0.8901357650756836,0.0,0.04386666741961925,0.8901357650756836,6.043910980224609,0.14727810650887574,0.06823509230333216,0.3866655230522156,0.1474046465832739,17,-0.05236092735739315,-0.02755807712514848,0.024166595190763474,0.0801393400486239,0
270,1774280205.7026377,18,-0.09630123774210612,-0.8901357650756836,0.0,0.07425239524473505,0.8901357650756836,6.043910980224609,0.14727810650887574,0.03222212692101797,0.1933327615261078,0.07205086617502215,18,0.03487666447957356,0.01835413915218724,0.021827892430367007,0.08049778932467165,0
271,1774280205.8023715,18,-0.049451986948649086,-0.8901357650756836,0.0,0.041573483223879125,0.8901357650756836,6.043910980224609,0.14727810650887574,0.03222212692101797,0.1933327615261078,0.07205086617502215,18,0.08616426534820021,0.04535231996465893,0.0234342741243767,0.07803470264466784,0
272,1774280205.9024508,18,0.0,0.0,0.0,0.0,0.0,6.043910980224609,0.0,0.03222212692101797,0.1933327615261078,0.07205086617502215,18,0.2423939497574516,0.1275735794879557,0.02241539264070815,0.07531927672032673,0
273,1774280206.002012,19,-0.16273950275621915,-0.8432865142822266,0.0,0.09989313930053265,0.8432865142822266,5.992770195007324,0.14071731216804917,0.07122785950961866,0.3866655230522156,0.14318068919245908,19,-0.05732868847094083,-0.030175980034160107,0.022745030767777386,0.06566678966073264,0
274,1774280206.1024978,19,-0.044383500751696135,-0.8432865142822266,0.0,0.03545811250156461,0.8432865142822266,5.992770195007324,0.14071731216804917,0.11192949351511504,0.5799982845783234,0.2201277426029789,19,-0.044383500751696135,-0.02335788072475522,0.023794801418597883,0.0634599727181697,0
275,1774280206.2022822,20,-0.1499176025390625,-0.7964372634887695,0.0,0.0901206354342321,0.7964372634887695,5.992770195007324,0.13289968371426866,0.08699974268674851,0.5799982845783234,0.20710081189968624,20,-0.1499176025390625,-0.0789051162212882,0.035692202127896824,0.06851859268104589,0
276,1774280206.3019264,20,0.0,0.0,0.0,0.0,0.0,5.992770195007324,0.0,0.07733310461044311,0.5799982845783234,0.18744306676575745,20,0.1405477523803711,0.07396175944925779,0.038666552305221556,0.06851859268104588,0
277,1774280206.4021375,20,0.0,0.0,0.0,0.0,0.0,5.992770195007324,0.0,0.019333276152610778,0.3866655230522156,0.08427179699679521,20,-0.04259022799405185,-0.022412283199511853,0.035692202127896824,0.06432754326637981,0
278,1774280206.5023873,20,-0.11243820190429688,-0.7964372634887695,0.0,0.07185946429899559,0.7964372634887695,5.992770195007324,0.13289968371426866,0.009666638076305389,0.1933327615261078,0.042135898498397606,20,-0.15502842989834872,-0.08157791668482019,0.023084508838938242,0.06479602693508729,0
279,1774280206.6021605,21,0.0,0.0,0.0,0.0,0.0,5.992770195007324,0.0,0.027618965932301114,0.1933327615261078,0.06765237375744962,21,-0.08700575147356306,-0.04579603841051515,0.02521731672079667,0.06288611829271591,0
280,1774280206.7018707,19,0.0,0.0,0.0,0.0,0.0,5.992770195007324,0.0,0.0,0.0,0.0,19,0.0,0.0,0.0448307852814163,0.056877771792865,0
281,1774280206.801736,19,-0.11835600200452302,-0.7964372634887695,0.0,0.07494113420683904,0.7964372634887695,5.992770195007324,0.13289968371426866,0.0,0.0,0.0,19,-0.11835600200452302,-0.06229671790679593,0.06737353810758302,0.05840154419305512,0
282,1774280206.9023914,21,0.07585116795131139,-0.7964372634887695,2.3893117904663086,0.2963000834982694,3.185749053955078,5.992770195007324,0.5315987348570747,0.0,0.0,0.0,21,0.07585116795131139,0.039921825643909295,0.09042984006866332,0.06358275792694078,0
283,1774280207.001774,20,0.04216432571411133,-0.7964372634887695,2.3893117904663086,0.3434724364126396,3.185749053955078,5.992770195007324,0.5315987348570747,0.009666638076305389,0.1933327615261078,0.042135898498397606,20,0.13809374400547572,0.07268988056355835,0.09175114106323759,0.0656554670919178,0
284,1774280207.102563,19,-0.11835600200452302,-0.7964372634887695,0.0,0.07494113420683904,0.7964372634887695,5.992770195007324,0.13289968371426866,0.030526225504122283,0.1933327615261078,0.07049729804859288,19,-0.15583540263928863,-0.08200852337112165,0.1051458878475323,0.06675952165660884,0
285,1774280207.202264,20,0.0,0.0,0.0,0.0,0.0,5.992770195007324,0.0,0.02899991422891617,0.1933327615261078,0.06903360396656207,20,0.10150671005249023,0.05341393118127779,0.1153212963489064,0.06499030603302863,0
286,1774280207.302006,18,0.0,0.0,0.0,0.0,0.0,5.992770195007324,0.0,0.03222212692101797,0.1933327615261078,0.07205086617502215,18,0.0,0.0,0.10702349298766681,0.06429141922421756,0
287,1774280207.4019804,17,-0.1322802375344669,-0.7964372634887695,0.0,0.0819158370477862,0.7964372634887695,5.992770195007324,0.13289968371426866,0.03411754615166608,0.1933327615261078,0.07370232329163695,17,-0.1322802375344669,-0.06964649243627795,0.07733310461044311,0.06666702112235301,0
288,1774280207.50235,18,-0.13794501622517905,-1.6865730285644531,0.0,0.1742401111294435,1.6865730285644531,6.043910980224609,0.2790532544378698,0.0,0.0,0.0,18,-0.0855840888677859,-0.04504331677419244,0.04377345543987346,0.0686644045001301,0
289,1774280207.6017547,17,0.0,0.0,0.0,0.0,0.0,5.992770195007324,0.0,0.0,0.0,0.0,17,0.09630123774210612,0.05070842823247765,0.03222212692101797,0.06962372725221373,0
290,1774280207.702507,20,-0.0726163387298584,-0.7495880126953125,0.0,0.0475130651622635,0.7495880126953125,6.043910980224609,0.12402366863905326,0.0,0.0,0.0,20,-0.023164351781209312,-0.012190894582253104,0.04569683454253457,0.06902852728926193,0
291,1774280207.8018007,18,0.0,0.0,0.0,0.0,0.0,6.043910980224609,0.0,0.0,0.0,0.0,18,0.0,0.0,0.07249978557229042,0.06984969260636903,0
292,1774280207.9021947,18,-0.091095765431722,-0.8432865142822266,0.0,0.06644847595617241,0.8432865142822266,6.043910980224609,0.1395266272189349,0.0,0.0,0.0,18,0.07164373732449715,0.037703604195347885,0.08999973381387777,0.06963545716368867,0
293,1774280208.00206,20,0.03982186317443848,0.0,0.7964372634887695,0.030129834946990286,0.7964372634887695,6.043910980224609,0.13177514792899409,0.009666638076305389,0.1933327615261078,0.042135898498397606,20,0.08420536392613462,0.044328828744350485,0.09175114106323759,0.06735579839620853,0
294,1774280208.1016681,20,0.0,0.0,0.0,0.0,0.0,6.043910980224609,0.0,0.0,0.0,0.0,20,0.1499176025390625,0.07892951097594683,0.06122204114993413,0.06793568181578073,0
295,1774280208.2017365,18,0.0,0.0,0.0,0.0,0.0,5.992770195007324,0.0,0.0,0.0,0.0,18,0.0,0.0,0.03544433961311976,0.06337476441927127,0
296,1774280208.3019571,18,0.0,0.0,0.0,0.0,0.0,5.992770195007324,0.0,0.0,0.0,0.0,18,0.0,0.0,0.01901633719928929,0.06337476441927127,0
297,1774280208.4018025,18,0.0,0.0,0.0,0.0,0.0,6.043910980224609,0.0,0.0,0.0,0.0,18,0.11243820190429688,0.05919621927454506,0.012888850768407185,0.06337476441927127,0
298,1774280208.5021474,18,-0.04684925079345703,-0.8432865142822266,0.0,0.03731248909843998,0.8432865142822266,6.043910980224609,0.1395266272189349,0.0,0.0,0.0,18,-0.04684925079345703,-0.024657669357092366,0.0098304793996326,0.06073120011858414,0
299,1774280208.6021986,18,-0.12493133544921875,-0.7964372634887695,0.0,0.07828306536339369,0.7964372634887695,6.043910980224609,0.13177514792899409,0.0,0.0,0.0,18,-0.12493133544921875,-0.06574198804022757,0.0,0.06387530712077374,0
300,1774280208.7022355,22,0.0,0.0,0.0,0.0,0.0,6.043910980224609,0.0,0.0,0.0,0.0,22,0.11835600200452302,0.06227626564889254,0.0032222126921017964,0.06387530712077374,0
301,1774280208.8019872,21,-0.11377675192696708,-0.8432865142822266,0.0,0.07787992922667586,0.8432865142822266,6.043910980224609,0.1395266272189349,0.036825287909734813,0.1933327615261078,0.07591727587280882,21,-0.18962791987827848,-0.09982540818506311,0.012888850768407185,0.06358087245986457,0
302,1774280208.9023447,18,0.04684925079345703,0.0,0.8432865142822266,0.03731248909843998,0.8432865142822266,6.043910980224609,0.1395266272189349,0.03222212692101797,0.1933327615261078,0.07205086617502215,18,0.004684925079345703,0.002465009720166828,0.022937785265809398,0.06135053987399258,0
303,1774280209.0026393,20,0.0,0.0,0.0,0.0,0.0,6.043910980224609,0.0,0.02899991422891617,0.1933327615261078,0.06903360396656207,20,0.11835600200452302,0.06229012826549162,0.030526225504122283,0.05933866275302025,0
304,1774280209.1022682,21,-0.07362025124686104,-0.7964372634887695,0.0,0.05154170162777703,0.7964372634887695,6.043910980224609,0.13177514792899409,0.018412643954867407,0.1933327615261078,0.056751580113533366,21,-0.07362025124686104,-0.038747416054659756,0.03163627006790855,0.05704985978276999,0
305,1774280209.2022126,21,0.0,0.0,0.0,0.0,0.0,6.043910980224609,0.0,0.018412643954867407,0.1933327615261078,0.056751580113533366,21,0.0,0.0,0.02188672771993673,0.057049859782769996,0
306,1774280209.3017948,22,-0.03620169379494407,-0.7964372634887695,0.0,0.027521815306080746,0.7964372634887695,6.043910980224609,0.13177514792899409,0.0,0.0,0.0,22,0.09607854373952285,0.05057259561435812,0.011153813164967757,0.05647181517921926,0
307,1774280209.4025002,22,0.0,0.0,0.0,0.0,0.0,6.043910980224609,0.0,0.02636355838992379,0.1933327615261078,0.06634683365617257,22,0.13794501622517905,0.07259690646628374,0.0,0.05255096885984161,0
308,1774280209.5016975,21,-0.035694667271205356,-0.7495880126953125,0.0,0.02548218543204119,0.7495880126953125,6.043910980224609,0.12402366863905326,0.11047586372920445,1.1599965691566467,0.2706094950297984,21,-0.035694667271205356,-0.018787231838707456,0.0,0.04647344296732641,0
309,1774280209.601857,24,0.0,0.0,0.0,0.0,0.0,6.043910980224609,0.0,0.16916616633534431,1.1599965691566467,0.3543518441740637,24,0.0726163387298584,0.03823220653713931,0.0,0.04647344296732641,0
310,1774280209.7023635,22,0.0,0.0,0.0,0.0,0.0,6.043910980224609,0.0,0.06151496957648884,0.5799982845783234,0.15842526929759843,22,0.0,0.0,0.003452370741537639,0.04546898580696312,0
311,1774280209.8021317,20,0.0,0.0,0.0,0.0,0.0,5.992770195007324,0.0,0.02899991422891617,0.1933327615261078,0.06903360396656207,20,0.091095765431722,0.04794673167260495,0.0033333234745880655,0.04546898580696312,0
312,1774280209.9023616,18,0.0,0.0,0.0,0.0,0.0,5.992770195007324,0.0,0.0,0.0,0.0,18,-0.03982186317443848,-0.020955547891127257,0.0033333234745880655,0.04277991400855158,1
313,1774280210.0022552,21,-0.035694667271205356,-0.7495880126953125,0.0,0.02548218543204119,0.7495880126953125,5.992770195007324,0.12508205526048816,0.04603160988716852,0.5799982845783234,0.13213557831465694,21,-0.035694667271205356,-0.018780863876728716,0.0,0.040868570619150016,1
314,1774280210.1023257,20,-0.037479400634765625,-0.7495880126953125,0.0,0.02668940396688413,0.7495880126953125,6.043910980224609,0.12402366863905326,0.038666552305221556,0.3866655230522156,0.0985807523638404,20,-0.037479400634765625,-0.019719884806769592,0.0,0.04072188531277292,1
315,1774280210.2026873,22,-0.12990019538185812,-0.9838342666625977,0.0,0.10693556215730592,0.9838342666625977,5.992770195007324,0.16417019752939072,0.008787852796641264,0.1933327615261078,0.04027100063673795,22,-0.12990019538185812,-0.0683422612830157,0.0,0.046504933965635285,1
316,1774280210.3022635,19,0.0,0.0,0.0,0.0,0.0,5.992770195007324,0.0,0.0,0.0,0.0,19,0.0,0.0,0.0,0.046504933965635285,1
317,1774280210.4013832,18,-0.05205472310384115,-0.9369850158691406,0.0,0.04606480135609874,0.9369850158691406,5.992770195007324,0.15635256907561018,0.0,0.0,0.0,18,-0.005205472310384117,-0.0027408247648037605,0.0,0.046244577336599396,1
318,1774280210.5015192,19,-0.05178075087697882,-0.9838342666625977,0.0,0.04826243090490738,0.9838342666625977,5.992770195007324,0.16417019752939072,0.0,0.0,0.0,19,0.07315058457223993,0.03851407944459282,0.012677558132859527,0.046336324445301814,1
319,1774280210.6022065,21,-0.13608591897147043,-0.9838342666625977,0.0,0.11118594190464841,0.9838342666625977,5.992770195007324,0.16417019752939072,0.0,0.0,0.0,21,-0.13608591897147043,-0.0716252607944673,0.02218572673250417,0.047501443924574616,1
320,1774280210.7018595,21,-0.04461833408900669,-0.9369850158691406,0.0,0.03981591473756434,0.9369850158691406,5.992770195007324,0.15635256907561018,0.0,0.0,0.0,21,0.0691584178379604,0.0364016137971098,0.032768264665442,0.04695451862521562,1
321,1774280210.8013039,20,-0.09604096412658691,-0.9838342666625977,0.0,0.0830696724207769,0.9838342666625977,5.992770195007324,0.16417019752939072,0.0,0.0,0.0,20,-0.14289021492004395,-0.0752465971575977,0.026214611732353597,0.04560654239636748,1
322,1774280210.9011192,21,-0.13831683567592076,-0.9838342666625977,0.0,0.1148589600391887,0.9838342666625977,5.992770195007324,0.16417019752939072,0.0,0.0,0.0,21,-0.13831683567592076,-0.07285662222203405,0.021827892430367007,0.047003834760378456,1
323,1774280211.001702,22,-0.13202970678156073,-0.9838342666625977,0.0,0.11046818600364583,0.9838342666625977,5.992770195007324,0.16417019752939072,0.0,0.0,0.0,22,-0.058409455534699686,-0.03075098166567104,0.012083297595381737,0.049645763667047066,1
324,1774280211.1015294,22,-0.12990019538185812,-0.9838342666625977,0.0,0.10693556215730592,0.9838342666625977,5.992770195007324,0.16417019752939072,0.0,0.0,0.0,22,-0.12990019538185812,-0.06839311705227075,0.014871750886623677,0.052423516873522986,1
325,1774280211.201645,23,-0.0407384789508322,-0.9369850158691406,0.0,0.03651172067900277,0.9369850158691406,5.992770195007324,0.15635256907561018,0.0,0.0,0.0,23,-0.00453678515588813,-0.0023879700214533674,0.04461525265987103,0.05110772164473708,1
326,1774280211.3016648,24,-0.2322942018508911,-0.9838342666625977,0.0,0.16250671186490706,0.9838342666625977,5.992770195007324,0.16417019752939072,0.0,0.0,0.0,24,-0.2322942018508911,-0.12231388078397383,0.1038802897752221,0.06382207468770144,1
327,1774280211.4015913,21,-0.09146758488246373,-0.9838342666625977,0.0,0.07953228968828477,0.9838342666625977,5.992770195007324,0.16417019752939072,0.0,0.0,0.0,21,-0.055772917611258375,-0.029355808606509975,0.11542254419469122,0.06228554480444495,1
328,1774280211.5019205,23,-0.0407384789508322,-0.9369850158691406,0.0,0.03651172067900277,0.9369850158691406,5.992770195007324,0.15635256907561018,0.0,0.0,0.0,23,-0.0407384789508322,-0.021440587977955713,0.09080781223195972,0.06215943691553427,1
329,1774280211.6019456,22,-0.04259022799405185,-0.9369850158691406,0.0,0.03809247793229167,0.9369850158691406,5.992770195007324,0.15635256907561018,0.0,0.0,0.0,22,-0.04259022799405185,-0.022420840313697794,0.03222212692101797,0.06044946745225343,1
330,1774280211.7015588,21,-0.09146758488246373,-0.9838342666625977,0.0,0.07953228968828477,0.9838342666625977,5.992770195007324,0.16417019752939072,0.0,0.0,0.0,21,-0.09146758488246373,-0.04815535234054648,0.026214611732353597,0.05828167414503581,1
331,1774280211.8015056,23,-0.04277540289837381,-0.9838342666625977,0.0,0.04025417204860055,0.9838342666625977,6.043910980224609,0.1627810650887574,0.0,0.0,0.0,23,-0.04277540289837381,-0.022523518163603116,0.0294914381988978,0.05619509644019999,1
332,1774280211.9013052,23,-0.15073237211807913,-0.9369850158691406,0.0,0.10878003326841978,0.9369850158691406,6.043910980224609,0.15502958579881657,0.0,0.0,0.0,23,-0.11503770484687378,-0.0605764487552357,0.030687739924779012,0.055289113100107826,1
333,1774280212.0013387,22,-0.07453289898959073,-0.8901357650756836,0.0,0.05600047737927023,0.8901357650756836,5.992770195007324,0.14853494062182968,0.0,0.0,0.0,22,-0.037053498354825104,-0.01951197676189823,0.015846947666074408,0.05416454617991721,1
334,1774280212.1017787,20,-0.13820528984069824,-0.9369850158691406,0.0,0.10831047386972159,0.9369850158691406,6.043910980224609,0.15502958579881657,0.0,0.0,0.0,20,-0.008305094458840118,-0.004373193464794646,0.0032768264665441996,0.053935979206681334,1
335,1774280212.2018294,20,-0.04684925079345703,-0.9369850158691406,0.0,0.04170219369825645,0.9369850158691406,6.043910980224609,0.15502958579881657,0.0,0.0,0.0,20,-0.04684925079345703,-0.024663134838817942,0.0,0.054117563937708786,1
336,1774280212.3017275,19,-0.04931500083521793,-0.9369850158691406,0.0,0.04377544753279581,0.9369850158691406,5.992770195007324,0.15635256907561018,0.0,0.0,0.0,19,0.002739722268623221,0.001441697783457232,0.0,0.05105876748141831,1
337,1774280212.4013216,19,-0.04931500083521793,-0.9369850158691406,0.0,0.04377544753279581,0.9369850158691406,6.043910980224609,0.15502958579881657,0.0,0.0,0.0,19,0.002465750041760896,0.0012978981296072616,0.0,0.05116697093552559,0
338,1774280212.5016901,19,-0.04931500083521793,-0.9369850158691406,0.0,0.04377544753279581,0.9369850158691406,6.043910980224609,0.15502958579881657,0.0,0.0,0.0,19,0.08677091813625251,0.04568131804276891,0.0,0.05126417524724587,0
339,1774280212.6015873,19,-0.09616425162867497,-0.9369850158691406,0.0,0.0786620472471267,0.9369850158691406,5.992770195007324,0.15635256907561018,0.0,0.0,0.0,19,-0.05154591753966827,-0.027133317183845655,0.0,0.05023141026704453,0
340,1774280212.7012982,19,0.0,0.0,0.0,0.0,0.0,5.992770195007324,0.0,0.0,0.0,0.0,19,0.09604096412658691,0.050548025549512536,0.0,0.05305848199702374,0
341,1774280212.8011405,21,-0.08700575147356306,-0.9369850158691406,0.0,0.07196726588814754,0.9369850158691406,6.043910980224609,0.15502958579881657,0.0,0.0,0.0,21,0.05131108420235771,0.027005530836686203,0.0,0.05301495729817793,0
342,1774280212.901988,20,0.0,0.0,0.0,0.0,0.0,6.043910980224609,0.0,0.0,0.0,0.0,20,0.13202970678156073,0.06947886245189246,0.0,0.05475673599652933,0
343,1774280213.0012622,21,0.0,0.0,0.0,0.0,0.0,6.043910980224609,0.0,0.0,0.0,0.0,21,0.12990019538185812,0.06837813899811573,0.0,0.05594418695919315,0
344,1774280213.1019194,21,0.0,0.0,0.0,0.0,0.0,6.043910980224609,0.0,0.0,0.0,0.0,21,0.0407384789508322,0.021438207283211434,0.0,0.05646107609242378,0
345,1774280213.2018268,21,0.0,0.0,0.0,0.0,0.0,5.992770195007324,0.0,0.0,0.0,0.0,21,0.2322942018508911,0.12224968402820778,0.0,0.058054380851235085,0
346,1774280213.301454,19,0.0,0.0,0.0,0.0,0.0,5.992770195007324,0.0,0.0,0.0,0.0,19,0.09146758488246373,0.04814431152953268,0.0,0.04502530427955304,0
347,1774280213.4015257,19,0.0,0.0,0.0,0.0,0.0,6.043910980224609,0.0,0.0,0.0,0.0,19,0.0407384789508322,0.021445760076645073,0.0,0.045480412450810706,0
348,1774280213.5013149,17,0.0,0.0,0.0,0.0,0.0,6.043910980224609,0.0,0.0,0.0,0.0,17,0.04259022799405185,0.022423353554139196,0.0,0.0466549033564094,0
349,1774280213.6014638,21,-0.04461833408900669,-0.9369850158691406,0.0,0.03981591473756434,0.9369850158691406,6.043910980224609,0.15502958579881657,0.0,0.0,0.0,21,0.04684925079345704,0.02465873379096095,0.0,0.046649773954444876,0
350,1774280213.701245,19,-0.04931500083521793,-0.9369850158691406,0.0,0.04377544753279581,0.9369850158691406,6.043910980224609,0.15502958579881657,0.010175408501374094,0.1933327615261078,0.04317060211598919,19,-0.006539597936844117,-0.0034423656104191945,0.0,0.04548632895813353,0
351,1774280213.8011217,19,-0.09369850158691406,-0.9369850158691406,0.0,0.07485601528108084,0.9369850158691406,6.043910980224609,0.15502958579881657,0.010175408501374094,0.1933327615261078,0.04317060211598919,19,0.05703387053116507,0.030020725759066023,0.0,0.04675914849363105,0
352,1774280213.9011276,20,-0.0819861888885498,-0.8432865142822266,0.0,0.06055048782371841,0.8432865142822266,6.043910980224609,0.1395266272189349,0.009666638076305389,0.1933327615261078,0.042135898498397606,20,-0.007453289898959076,-0.003923220137560678,0.0,0.04115854909830987,0
353,1774280214.001166,20,-0.11946558952331543,-0.8432865142822266,0.0,0.08109430535085949,0.8432865142822266,6.043910980224609,0.1395266272189349,0.019333276152610778,0.1933327615261078,0.05799982845783234,20,0.018739700317382812,0.009866181441336138,0.0,0.04394928818838815,0
354,1774280214.102034,19,-0.04931500083521793,-0.9369850158691406,0.0,0.04377544753279581,0.9369850158691406,6.043910980224609,0.15502958579881657,0.0,0.0,0.0,19,-0.002465750041760896,-0.0012976234063632702,0.0,0.03847974347022127,0
355,1774280214.2015991,19,-0.1257532521298057,-0.8432865142822266,0.0,0.08457173266405411,0.8432865142822266,6.043910980224609,0.1395266272189349,0.010175408501374094,0.1933327615261078,0.04317060211598919,19,-0.07643825129458778,-0.04023337776474687,0.0,0.04270838295058023,0
356,1774280214.3014367,18,-0.091095765431722,-0.8432865142822266,0.0,0.06644847595617241,0.8432865142822266,6.043910980224609,0.1395266272189349,0.0,0.0,0.0,18,-0.04178076459650407,-0.021988545065934485,0.0,0.043885540667462704,0
357,1774280214.4012547,16,0.0,0.0,0.0,0.0,0.0,6.043910980224609,0.0,0.0,0.0,0.0,16,0.04931500083521793,0.025961214117861495,0.0,0.04504791689206101,0
358,1774280214.5017128,19,-0.1257532521298057,-0.8432865142822266,0.0,0.08457173266405411,0.8432865142822266,6.043910980224609,0.1395266272189349,0.0,0.0,0.0,19,-0.02958900050113074,-0.015572129549340183,0.0,0.04842024064694929,0
359,1774280214.601179,16,-0.049777328968048096,-0.7964372634887695,0.0,0.0371667371878992,0.7964372634887695,5.992770195007324,0.13289968371426866,0.0,0.0,0.0,16,-0.049777328968048096,-0.026200240014747744,0.0,0.047162229584833876,0
360,1774280214.7015085,15,0.0,0.0,0.0,0.0,0.0,5.992770195007324,0.0,0.0,0.0,0.0,15,0.08700575147356306,0.04578363380534476,0.0,0.047162229584833876,0
361,1774280214.8016703,16,-0.049777328968048096,-0.7964372634887695,0.0,0.0371667371878992,0.7964372634887695,5.992770195007324,0.13289968371426866,0.0,0.0,0.0,16,-0.049777328968048096,-0.026202975836000827,0.0,0.04622811202663989,0
362,1774280214.9012997,15,0.0,0.0,0.0,0.0,0.0,5.992770195007324,0.0,0.0,0.0,0.0,15,0.0,0.0,0.0,0.04622811202663989,0
363,1774280215.0014203,16,-0.04684925079345703,-0.7495880126953125,0.0,0.032922784498623514,0.7495880126953125,5.992770195007324,0.12508205526048816,0.0,0.0,0.0,16,-0.04684925079345703,-0.0246639799454857,0.0,0.04511127340637806,0
364,1774280215.1013653,18,-0.13273954391479492,-0.8432865142822266,0.0,0.08834280507130643,0.8432865142822266,5.992770195007324,0.14071731216804917,0.0,0.0,0.0,18,-0.13273954391479492,-0.06987989068237165,0.0,0.047502109437002546,0
365,1774280215.2011347,17,-0.09369850158691406,-0.8432865142822266,0.0,0.06610378691488329,0.8432865142822266,5.992770195007324,0.14071731216804917,0.0,0.0,0.0,17,-0.09369850158691406,-0.049323291964520365,0.0,0.04665621778735695,0
366,1774280215.301741,19,-0.1257532521298057,-0.8432865142822266,0.0,0.08457173266405411,0.8432865142822266,5.992770195007324,0.14071731216804917,0.0,0.0,0.0,19,-0.1257532521298057,-0.06617842837475316,0.0,0.046930422228513846,0
367,1774280215.401536,19,-0.1257532521298057,-0.8432865142822266,0.0,0.08457173266405411,0.8432865142822266,5.992770195007324,0.14071731216804917,0.0,0.0,0.0,19,-0.1257532521298057,-0.06617822079145162,0.0033918028337913647,0.04635792273997809,0
368,1774280215.5016613,18,-0.08849302927652995,-0.8432865142822266,0.0,0.06289200232206188,0.8432865142822266,5.992770195007324,0.14071731216804917,0.0,0.0,0.0,18,-0.04387469518752326,-0.0230895446658145,0.006553652933088399,0.04357995145168146,0
369,1774280215.6012428,17,-0.05236092735739315,-0.8901357650756836,0.0,0.04386666741961925,0.8901357650756836,5.992770195007324,0.14853494062182968,0.0,0.0,0.0,17,-0.003045926522175224,-0.0016031211533833432,0.009999970423764196,0.0433448356610394,0
370,1774280215.70181,17,-0.049605089075425095,-0.8432865142822266,0.0,0.039370637794893734,0.8432865142822266,6.043910980224609,0.1395266272189349,0.0,0.0,0.0,17,0.04409341251148897,0.023198656768258285,0.013107305866176798,0.04333625947336092,0
371,1774280215.8017046,18,-0.09630123774210612,-0.8901357650756836,0.0,0.07425239524473505,0.8901357650756836,6.043910980224609,0.14727810650887574,0.0,0.0,0.0,18,-0.01431504885355632,-0.007531948633971092,0.0098304793996326,0.04339580033341463,0
372,1774280215.9019597,20,-0.1639723777770996,-0.8901357650756836,0.0,0.10809647577048054,0.8901357650756836,5.992770195007324,0.14853494062182968,0.0,0.0,0.0,20,-0.04450678825378418,-0.023414845971893906,0.009999970423764196,0.04751756961606809,0
373,1774280216.0014129,21,-0.15616416931152344,-0.8901357650756836,0.0,0.1041683869321527,0.8901357650756836,5.992770195007324,0.14853494062182968,0.0,0.0,0.0,21,-0.10684916847630552,-0.05625479751351549,0.003452370741537639,0.04969113218612085,0
374,1774280216.1019773,21,-0.15616416931152344,-0.8901357650756836,0.0,0.1041683869321527,0.8901357650756836,5.992770195007324,0.14853494062182968,0.0,0.0,0.0,21,-0.030410917181717734,-0.016002560303999394,0.0036477879533227883,0.05168426095480535,0
375,1774280216.2015054,19,-0.1257532521298057,-0.8432865142822266,0.0,0.08457173266405411,0.8432865142822266,6.043910980224609,0.1395266272189349,0.0,0.0,0.0,19,-0.0346574866980837,-0.01824012237303218,0.0,0.05168426095480535,0
376,1774280216.3017287,19,-0.1257532521298057,-0.8432865142822266,0.0,0.08457173266405411,0.8432865142822266,6.043910980224609,0.1395266272189349,0.0,0.0,0.0,19,-0.1257532521298057,-0.06616941215639627,0.0,0.05238552072668652,0
377,1774280216.4017768,20,-0.1639723777770996,-0.8901357650756836,0.0,0.10809647577048054,0.8901357650756836,5.992770195007324,0.14853494062182968,0.0,0.0,0.0,20,-0.038219125647293906,-0.020114651831375407,0.0,0.050740392471551,0
378,1774280216.5013306,20,-0.11946558952331543,-0.8432865142822266,0.0,0.08109430535085949,0.8432865142822266,5.992770195007324,0.14071731216804917,0.0,0.0,0.0,20,-0.06968826055526733,-0.03667510308270682,0.0,0.05057696276442112,0
379,1774280216.6014342,19,-0.1257532521298057,-0.8432865142822266,0.0,0.08457173266405411,0.8432865142822266,5.992770195007324,0.14071731216804917,0.0,0.0,0.0,19,-0.1257532521298057,-0.06618851018715242,0.0,0.049801005361182434,0
380,1774280216.7016904,20,-0.1639723777770996,-0.8901357650756836,0.0,0.10809647577048054,0.8901357650756836,5.992770195007324,0.14853494062182968,0.0,0.0,0.0,20,-0.11419504880905151,-0.060102020739185136,0.0,0.04603167745199042,0
381,1774280216.8014085,19,-0.1257532521298057,-0.8432865142822266,0.0,0.08457173266405411,0.8432865142822266,5.992770195007324,0.14071731216804917,0.0,0.0,0.0,19,-0.1257532521298057,-0.066182131879714,0.0,0.044157387073742706,0
382,1774280216.9018235,20,-0.11946558952331543,-0.8432865142822266,0.0,0.08109430535085949,0.8432865142822266,5.992770195007324,0.14071731216804917,0.0,0.0,0.0,20,-0.0726163387298584,-0.03821101563706542,0.0,0.03592784468294638,0
383,1774280217.00168,18,-0.044246514638264976,-0.7964372634887695,0.0,0.033281818979781344,0.7964372634887695,5.992770195007324,0.13289968371426866,0.0,0.0,0.0,18,0.08849302927652994,0.04656756870577414,0.0,0.03618868746292484,0
384,1774280217.101397,18,-0.091095765431722,-0.8432865142822266,0.0,0.06644847595617241,0.8432865142822266,5.992770195007324,0.14071731216804917,0.0,0.0,0.0,18,0.002602736155192062,0.0013696720072583022,0.0,0.03646372224080268,0
385,1774280217.2014408,21,-0.15616416931152344,-0.8432865142822266,0.0,0.10375031982740827,0.8432865142822266,5.992770195007324,0.14071731216804917,0.0,0.0,0.0,21,-0.030410917181717734,-0.016008274127654588,0.0,0.03711696813443014,0
386,1774280217.3016107,20,-0.12180805206298828,-0.8432865142822266,0.0,0.0841506371784817,0.8432865142822266,6.043910980224609,0.1395266272189349,0.0,0.0,0.0,20,0.0039452000668174225,0.002076339432600223,0.0,0.0370899543432397,0
387,1774280217.401785,18,-0.044246514638264976,-0.7964372634887695,0.0,0.033281818979781344,0.7964372634887695,5.992770195007324,0.13289968371426866,0.0,0.0,0.0,18,0.044246514638264976,0.02328612450629652,0.0,0.04040949322809191,0
388,1774280217.5009916,18,-0.091095765431722,-0.8432865142822266,0.0,0.06644847595617241,0.8432865142822266,5.992770195007324,0.14071731216804917,0.0,0.0,0.0,18,-0.03873483807432885,-0.0203894525580312,0.0,0.040329559151820966,0
389,1774280217.6016126,19,-0.08630125146163137,-0.8432865142822266,0.0,0.06336496030372193,0.8432865142822266,5.992770195007324,0.14071731216804917,0.0,0.0,0.0,19,-0.03669616238620627,-0.019315775622445616,0.0,0.03833745338137294,0
390,1774280217.7016351,18,-0.091095765431722,-0.8432865142822266,0.0,0.06644847595617241,0.8432865142822266,5.992770195007324,0.14071731216804917,0.0,0.0,0.0,18,0.005205472310384124,0.0027398225214080576,0.0,0.03570140187980517,0
391,1774280217.8016613,19,-0.1257532521298057,-0.8432865142822266,0.0,0.08457173266405411,0.8432865142822266,5.992770195007324,0.14071731216804917,0.0,0.0,0.0,19,0.038219125647293906,0.020118488999389228,0.0,0.03536420623396955,0
392,1774280217.9017599,20,-0.11946558952331543,-0.8432865142822266,0.0,0.08109430535085949,0.8432865142822266,6.043910980224609,0.1395266272189349,0.0,0.0,0.0,20,0.03669857978820801,0.01931151515820638,0.0,0.03389048430474271,0
393,1774280218.001194,19,-0.08136975137810958,-0.7964372634887695,0.0,0.05633656900540083,0.7964372634887695,5.992770195007324,0.13289968371426866,0.0,0.0,0.0,19,0.07479441793341386,0.039381719751634785,0.0,0.03356200815239351,0
394,1774280218.101372,19,-0.1257532521298057,-0.8432865142822266,0.0,0.08457173266405411,0.8432865142822266,5.992770195007324,0.14071731216804917,0.0,0.0,0.0,19,0.0,0.0,0.0,0.03227869366916473,0
395,1774280218.2015362,19,-0.1257532521298057,-0.8432865142822266,0.0,0.08457173266405411,0.8432865142822266,5.992770195007324,0.14071731216804917,0.0,0.0,0.0,19,0.0,0.0,0.0,0.03227869366916473,0
396,1774280218.301076,19,-0.1257532521298057,-0.8432865142822266,0.0,0.08457173266405411,0.8432865142822266,5.992770195007324,0.14071731216804917,0.0,0.0,0.0,19,0.038219125647293906,0.020122751991460387,0.0,0.03227869366916473,0
397,1774280218.401539,19,-0.1257532521298057,-0.8432865142822266,0.0,0.08457173266405411,0.8432865142822266,5.992770195007324,0.14071731216804917,0.0,0.0,0.0,19,-0.006287662606490274,-0.0033089330434798395,0.0,0.030236511934905598,0
398,1774280218.501495,20,-0.11946558952331543,-0.8432865142822266,0.0,0.08109430535085949,0.8432865142822266,5.992770195007324,0.14071731216804917,0.0,0.0,0.0,20,0.006287662606490274,0.003309190469415208,0.0,0.0302365119349056,0
399,1774280218.6012626,20,-0.11946558952331543,-0.8432865142822266,0.0,0.08109430535085949,0.8432865142822266,5.992770195007324,0.14071731216804917,0.0,0.0,0.0,20,0.04450678825378418,0.02342990163771467,0.0,0.030108734280438174,0
400,1774280218.7016032,19,-0.1257532521298057,-0.8432865142822266,0.0,0.08457173266405411,0.8432865142822266,5.992770195007324,0.14071731216804917,0.0,0.0,0.0,19,0.0,0.0,0.0,0.027755421385916697,0
401,1774280218.8017204,19,-0.1257532521298057,-0.8432865142822266,0.0,0.08457173266405411,0.8432865142822266,5.992770195007324,0.14071731216804917,0.0,0.0,0.0,19,-0.006287662606490274,-0.003309475760744331,0.0,0.027755421385916697,0
402,1774280218.9011767,20,-0.11946558952331543,-0.8432865142822266,0.0,0.08109430535085949,0.8432865142822266,5.992770195007324,0.14071731216804917,0.0,0.0,0.0,20,-0.07521907488505045,-0.039599474520129754,0.0,0.027755421385916693,0
403,1774280219.001677,19,-0.1257532521298057,-0.8432865142822266,0.0,0.08457173266405411,0.8432865142822266,5.992770195007324,0.14071731216804917,0.0,0.0,0.0,19,-0.0346574866980837,-0.01823809476516461,0.0,0.023749173722904252,0
404,1774280219.101342,18,-0.08589029312133789,-0.7964372634887695,0.0,0.05907810773919664,0.7964372634887695,5.992770195007324,0.13289968371426866,0.0,0.0,0.0,18,0.07027387619018555,0.03698817495262439,0.0,0.02400782982016092,0
405,1774280219.2013402,19,-0.08136975137810958,-0.7964372634887695,0.0,0.05633656900540082,0.7964372634887695,5.992770195007324,0.13289968371426866,0.0,0.0,0.0,19,0.040438300684878706,0.021286346762409477,0.0,0.022637863396549347,0
406,1774280219.301733,20,-0.0773012638092041,-0.7964372634887695,0.0,0.053834239785999216,0.7964372634887695,5.992770195007324,0.13289968371426866,0.0,0.0,0.0,20,-0.033054749170939125,-0.017397711453773976,0.0,0.023381200712895178,0
407,1774280219.4012089,21,-0.15616416931152344,-0.8901357650756836,0.0,0.1041683869321527,0.8901357650756836,5.992770195007324,0.14853494062182968,0.0,0.0,0.0,21,-0.06506840387980144,-0.03424261217994764,0.0,0.021191563258232078,0
408,1774280219.5017004,19,-0.1257532521298057,-0.8432865142822266,0.0,0.08457173266405411,0.8432865142822266,5.992770195007324,0.14071731216804917,0.0,0.0,0.0,19,-0.039452000668174336,-0.020763251032182548,0.0,0.020848139455234307,0
409,1774280219.60119,19,-0.08136975137810958,-0.7964372634887695,0.0,0.05633656900540083,0.7964372634887695,5.992770195007324,0.13289968371426866,0.0,0.0,0.0,19,0.009726014053612425,0.005120154045589887,0.0,0.021194145670719523,0
410,1774280219.7017236,18,-0.041643778483072914,-0.7495880126953125,0.0,0.029481472867903202,0.7495880126953125,5.992770195007324,0.12508205526048816,0.0,0.0,0.0,18,0.0841094736467328,0.04426669201613639,0.0,0.025975235985978073,0
411,1774280219.8011963,19,-0.16767100283974096,-0.8432865142822266,0.0,0.10565690655901742,0.8432865142822266,5.992770195007324,0.14071731216804917,0.0,0.0,0.0,19,-0.04820541331642553,-0.02537879733287822,0.0,0.0286551497242317,0
412,1774280219.9014933,19,-0.12328750208804481,-0.7964372634887695,0.0,0.08114265594065177,0.7964372634887695,5.992770195007324,0.13289968371426866,0.0,0.0,0.0,19,-0.04191775070993524,-0.022058499139718534,0.0,0.02871142980058517,0
413,1774280220.0016077,20,-0.1592874526977539,-0.8432865142822266,0.0,0.10170945557774758,0.8432865142822266,5.992770195007324,0.14071731216804917,0.02899991422891617,0.1933327615261078,0.06903360396656207,20,-0.0335342005679482,-0.017647390478309665,0.0,0.029429239636840576,0
414,1774280220.1014135,21,-0.07362025124686104,-0.7964372634887695,0.0,0.05154170162777703,0.7964372634887695,5.992770195007324,0.13289968371426866,0.027618965932301114,0.1933327615261078,0.06765237375744962,21,0.05213300088294466,0.027440193434624897,0.0,0.03080794761802517,0
415,1774280220.201222,21,-0.035694667271205356,-0.7495880126953125,0.0,0.02548218543204119,0.7495880126953125,5.992770195007324,0.12508205526048816,0.036825287909734813,0.3866655230522156,0.09655671949035795,21,0.09005858485860035,0.047395613022020264,0.0,0.03509071173439469,0
416,1774280220.3018997,23,-0.06721849026887314,-0.7964372634887695,0.0,0.04749013123771201,0.7964372634887695,5.992770195007324,0.13289968371426866,0.058840405681858894,0.3866655230522156,0.13290692885927638,23,0.058534761860932566,0.030801923774774444,0.0,0.03606645887608934,0
417,1774280220.401717,25,-0.0299835205078125,-0.7495880126953125,0.0,0.021576276049017906,0.7495880126953125,5.992770195007324,0.12508205526048816,0.023199931383132935,0.1933327615261078,0.06282571118049703,25,0.08948206901550293,0.04709032210224477,0.0,0.039442898949132374,0
418,1774280220.5019536,24,-0.031232833862304688,-0.7495880126953125,0.0,0.022436267954617506,0.7495880126953125,6.043910980224609,0.12402366863905326,0.016111063460508983,0.1933327615261078,0.05343435247211316,24,0.08823275566101074,0.04642140892786271,0.0,0.04209834128666541,0
419,1774280220.601331,24,-0.031232833862304688,-0.7495880126953125,0.0,0.022436267954617506,0.7495880126953125,6.043910980224609,0.12402366863905326,0.016111063460508983,0.1933327615261078,0.05343435247211316,24,0.09452041826750102,0.049754716020491446,0.0,0.04415736976777454,0
420,1774280220.701722,22,-0.03407218239524148,-0.7495880126953125,0.0,0.024379185876666674,0.7495880126953125,5.992770195007324,0.12508205526048816,0.017575705593282528,0.1933327615261078,0.05557926115933376,22,0.09168106973456422,0.04825315584531135,0.0,0.04529174224424296,0
421,1774280220.8018758,24,-0.031232833862304688,-0.7495880126953125,0.0,0.022436267954617506,0.7495880126953125,5.992770195007324,0.12508205526048816,0.016111063460508983,0.1933327615261078,0.05343435247211316,24,0.08823275566101074,0.0464212109466628,0.0,0.0461017592681489,0
422,1774280220.901198,24,0.0,0.0,0.0,0.0,0.0,5.992770195007324,0.0,0.07249978557229042,0.5799982845783234,0.19181640272978906,24,0.1257532521298057,0.06620261659112153,0.0,0.048776536977134105,0
423,1774280221.0014248,24,0.0,0.0,0.0,0.0,0.0,6.043910980224609,0.0,0.0,0.0,0.0,24,0.08589029312133789,0.045203446880460255,0.0,0.05029570855052967,0
424,1774280221.1020484,22,0.0,0.0,0.0,0.0,0.0,6.043910980224609,0.0,0.008787852796641264,0.1933327615261078,0.04027100063673795,22,0.08136975137810958,0.04281022801937577,0.0,0.05251859494005055,0
425,1774280221.201316,20,-0.11946558952331543,-0.8432865142822266,0.0,0.08109430535085949,0.8432865142822266,6.043910980224609,0.1395266272189349,0.019333276152610778,0.1933327615261078,0.05799982845783234,20,-0.04216432571411133,-0.022196620766874734,0.0,0.053668727841794,0
426,1774280221.3016973,19,-0.1331505022550884,-0.8901357650756836,0.0,0.09478600375503983,0.8901357650756836,6.043910980224609,0.14727810650887574,0.020350817002748187,0.1933327615261078,0.05933231748191226,19,0.02301366705643504,0.012109343755838024,0.0,0.05543566735068141,0
427,1774280221.4019275,23,-0.07129233816395635,-0.8432865142822266,0.0,0.05341498772971382,0.8432865142822266,6.043910980224609,0.1395266272189349,0.04202886120132778,0.1933327615261078,0.07974415731556585,23,0.05446091396584936,0.028660213734357887,0.0,0.05197915680704832,0
428,1774280221.5012012,22,-0.14906579797918146,-0.8901357650756836,0.0,0.10049158464042662,0.8901357650756836,6.043910980224609,0.14727810650887574,0.05272711677984758,0.5799982845783234,0.13269366731234516,22,-0.06769604660107188,-0.035629290761943974,0.0,0.05350337074240256,0
429,1774280221.6011338,22,0.0,0.0,0.0,0.0,0.0,6.043910980224609,0.0,0.043939263983206314,0.3866655230522156,0.09981082117702071,22,0.041643778483072914,0.02192458344965078,0.0,0.05546773525366184,0
430,1774280221.7010758,21,-0.11823858533586774,-0.8901357650756836,0.0,0.08436992332889884,0.8901357650756836,6.043910980224609,0.14727810650887574,0.04603160988716852,0.3866655230522156,0.11789844678263292,21,0.04943241750387321,0.026018712586760435,0.009999970423764196,0.05636283670283629,0
431,1774280221.801597,22,-0.03833120519464666,-0.8432865142822266,0.0,0.03085490712515626,0.8432865142822266,6.043910980224609,0.1395266272189349,0.008787852796641264,0.1933327615261078,0.04027100063673795,22,0.08495629689339815,0.04471139764065927,0.019333276152610778,0.051888601856900314,0
432,1774280221.9015534,23,-0.10388312132462212,-0.8432865142822266,0.0,0.07213554269603888,0.8432865142822266,6.043910980224609,0.1395266272189349,0.0,0.0,0.0,23,0.05540433137313179,0.029161007246331343,0.031182703471952868,0.050911778145018335,0
433,1774280222.0011368,21,-0.11377675192696708,-0.8432865142822266,0.0,0.07787992922667586,0.8432865142822266,6.043910980224609,0.1395266272189349,0.018412643954867407,0.1933327615261078,0.056751580113533366,21,-0.04015650068010604,-0.021138078825455753,0.041640902482546295,0.0473779756842432,0
434,1774280222.1013372,24,-0.24400651454925537,-0.9369850158691406,0.0,0.1455880587197811,0.9369850158691406,6.043910980224609,0.15502958579881657,0.016111063460508983,0.3866655230522156,0.07726594601800069,24,-0.20831184727805002,-0.10963116427232153,0.03922693712123926,0.062221428441388386,0
435,1774280222.201804,23,-0.10388312132462212,-0.8432865142822266,0.0,0.07213554269603888,0.8432865142822266,6.043910980224609,0.1395266272189349,0.033623088961062225,0.3866655230522156,0.10895126051807201,23,-0.03666463105574898,-0.019298146753736353,0.03222212692101797,0.062248288329130375,0
436,1774280222.3014576,23,0.09777234948199728,-0.8432865142822266,2.3893117904663086,0.5414439233146023,3.232598304748535,6.043910980224609,0.5348520710059171,0.05043463344159334,0.1933327615261078,0.08489413825130886,23,0.12775586998980978,0.06724910945053823,0.018538757954558283,0.07232108540383006,0
437,1774280222.4021504,23,0.0,0.0,0.0,0.0,0.0,6.043910980224609,0.0,0.058840405681858894,0.3866655230522156,0.13290692885927638,23,0.031232833862304688,0.01643663120327558,0.016571379559380667,0.07328914778119518,0
438,1774280222.5017488,22,-0.15332482077858664,-0.8901357650756836,0.0,0.10598778502780015,0.8901357650756836,6.043910980224609,0.14727810650887574,0.05272711677984758,0.3866655230522156,0.13269366731234514,22,-0.12209198691628195,-0.06424481322642515,0.016571379559380667,0.07558316008957659,0
439,1774280222.6018562,22,0.07879192178899591,-0.7964372634887695,2.5298595428466797,0.31354190675197346,3.326296806335449,6.043910980224609,0.5503550295857988,0.02636355838992379,0.5799982845783234,0.12081300191021387,22,0.1128641041842374,0.0593979608165891,0.035904655711991446,0.08176369727701643,0
440,1774280222.70105,20,-0.17334222793579102,-0.9369850158691406,0.0,0.12073882501795197,0.9369850158691406,6.043910980224609,0.15502958579881657,0.07733310461044311,0.5799982845783234,0.177192402801647,20,-0.14210939407348633,-0.074826939556203,0.029536949677599802,0.0849685031686459,0
441,1774280222.8012009,22,-0.07027387619018555,-0.7964372634887695,0.0,0.04943405975475137,0.7964372634887695,6.043910980224609,0.13177514792899409,0.05272711677984758,0.3866655230522156,0.11920423501990257,22,-0.07027387619018555,-0.03698619307608427,0.027618965932301114,0.08452985431241965,0
442,1774280222.9016726,21,-0.037925583975655694,-0.7964372634887695,0.0,0.028766998397890247,0.7964372634887695,6.043910980224609,0.13177514792899409,0.0,0.0,0.0,21,-0.037925583975655694,-0.019958230569058356,0.008787852796641264,0.08333789789262198,0
443,1774280223.0015533,19,-0.04191775070993524,-0.7964372634887695,0.0,0.031627760842444966,0.7964372634887695,5.992770195007324,0.13289968371426866,0.12210490201648913,0.7733310461044312,0.2819891921943715,19,-0.04191775070993524,-0.022067724442514813,0.015846947666074408,0.08200031685907551,0
444,1774280223.101815,23,-0.06721849026887314,-0.7964372634887695,0.0,0.047490131237712015,0.7964372634887695,5.992770195007324,0.13289968371426866,0.016811544480531113,0.1933327615261078,0.054475630259036005,23,0.05224709925444229,0.027491255143948748,0.028064433124757582,0.08022536281014232,0
445,1774280223.2014477,23,-0.15073237211807913,-0.9838342666625977,0.0,0.10954346015534439,0.9838342666625977,5.992770195007324,0.16417019752939072,0.016811544480531113,0.1933327615261078,0.054475630259036005,23,-0.017581869862990734,-0.009254831163521469,0.039270717184990644,0.08131297013590878,0
446,1774280223.3018382,21,-0.1338550022670201,-0.9838342666625977,0.0,0.10771200334379595,0.9838342666625977,5.992770195007324,0.16417019752939072,0.027618965932301114,0.3866655230522156,0.09020316500993282,21,-0.06256266410306376,-0.0329292658255119,0.046169017677876484,0.08133627102498688,0
447,1774280223.4015603,18,0.0,0.0,0.0,0.0,0.0,5.992770195007324,0.0,0.03222212692101797,0.1933327615261078,0.07205086617502215,18,0.14906579797918146,0.0784408556062783,0.047589602837195766,0.08316929694807558,0
448,1774280223.501216,19,-0.29342425496954666,-0.9838342666625977,0.0,0.18733459574729222,0.9838342666625977,5.992770195007324,0.16417019752939072,0.0,0.0,0.0,19,-0.29342425496954666,-0.15442714460362736,0.032717851950572086,0.0946543749434517,0
449,1774280223.60109,22,-0.08730996738780629,-0.9838342666625977,0.0,0.07628018705941407,0.9838342666625977,5.992770195007324,0.16417019752939072,0.02636355838992379,0.1933327615261078,0.06634683365617257,22,0.030928617948061454,0.016278098640312235,0.017575705593282528,0.09270149668270554,0
450,1774280223.7011304,21,-0.2253225871494838,-0.9838342666625977,0.0,0.1627575054684786,0.9838342666625977,5.992770195007324,0.16417019752939072,0.018412643954867407,0.1933327615261078,0.056751580113533366,21,-0.18699138195483714,-0.09844069842413053,0.008787852796641264,0.09728719216119587,0
451,1774280223.8013854,23,-0.08351388184920601,-0.9838342666625977,0.0,0.07328068302642579,0.9838342666625977,5.992770195007324,0.16417019752939072,0.02521731672079667,0.1933327615261078,0.06511083179712221,23,0.020369239475416107,0.010721600312719348,0.011372515383888693,0.0965107039941414,0
452,1774280223.9016113,20,-0.09838342666625977,-0.9838342666625977,0.0,0.08711368778335782,0.9838342666625977,5.992770195007324,0.16417019752939072,0.02899991422891617,0.1933327615261078,0.06903360396656207,20,0.015393325260707316,0.008099727130865356,0.022745030767777386,0.09649385348807667,0
453,1774280224.0014288,20,0.0,0.0,0.0,0.0,0.0,5.992770195007324,0.0,0.019333276152610778,0.1933327615261078,0.05799982845783234,20,0.24400651454925537,0.12841828697737717,0.033142759118761335,0.09855586818610128,0
454,1774280224.101314,19,-0.20219150342439351,-1.0306835174560547,0.0,0.15388285792431414,1.0306835174560547,5.992770195007324,0.17198782598317122,0.040701634005496375,0.1933327615261078,0.07881837533335848,19,-0.0983083820997714,-0.05175459702010369,0.047632709361504814,0.09565457699064893,0
455,1774280224.2015731,18,-0.1639723777770996,-1.0306835174560547,0.0,0.13467857584714693,1.0306835174560547,5.992770195007324,0.17198782598317122,0.04296283589469062,0.1933327615261078,0.0803761061410629,18,-0.2617447272590969,-0.13775200962371292,0.054019448073471296,0.09706151440903528,0
456,1774280224.301865,18,0.0,0.0,0.0,0.0,0.0,5.992770195007324,0.0,0.02148141794734531,0.1933327615261078,0.06075862520028111,18,0.0,0.0,0.046169017677876484,0.08964436815967304,0
457,1774280224.401593,18,0.0,0.0,0.0,0.0,0.0,6.043910980224609,0.0,0.03222212692101797,0.1933327615261078,0.07205086617502215,18,0.15332482077858664,0.08070389310378046,0.05135401478037238,0.08964436815967304,0
458,1774280224.5013578,19,0.0,0.0,0.0,0.0,0.0,6.043910980224609,0.0,0.040701634005496375,0.1933327615261078,0.07881837533335848,19,-0.07879192178899591,-0.04148031428893305,0.05135401478037238,0.09089281880181788,0
459,1774280224.6016386,18,0.0,0.0,0.0,0.0,0.0,6.043910980224609,0.0,0.04296283589469062,0.1933327615261078,0.0803761061410629,18,0.17334222793579102,0.09120450155463501,0.04296283589469062,0.08512293139683323,0
460,1774280224.701763,21,0.0,0.0,0.0,0.0,0.0,6.043910980224609,0.0,0.07365057581946963,0.3866655230522156,0.15183455174561764,21,0.07027387619018555,0.03697531278480243,0.056128866249515165,0.0851702126187434,0
461,1774280224.8013082,20,0.0,0.0,0.0,0.0,0.0,6.043910980224609,0.0,0.02899991422891617,0.1933327615261078,0.06903360396656207,20,0.037925583975655694,0.019964663173720202,0.04296283589469062,0.08704355413734412,0
462,1774280224.9017148,22,-0.09582801298661665,-1.0775327682495117,0.0,0.0918799637364478,1.0775327682495117,6.043910980224609,0.17828402366863905,0.13181779194961896,1.1599965691566467,0.3317341682808628,22,-0.053910262276681414,-0.02837141061012201,0.047589602837195766,0.08658136423669438,0
463,1774280225.0016844,21,-0.0513110842023577,-1.0775327682495117,0.0,0.05265654724042886,1.0775327682495117,6.043910980224609,0.17828402366863905,0.11968218570663816,1.73999485373497,0.37958637936404416,21,0.015907406066515438,0.008372894323667928,0.020198945234070963,0.08638692515860309,0
464,1774280225.1021247,22,-0.04471973939375444,-0.9838342666625977,0.0,0.04199695692035156,0.9838342666625977,6.043910980224609,0.1627810650887574,0.043939263983206314,0.3866655230522156,0.09981082117702071,22,0.10601263272432469,0.055776249534611626,0.024946162777562297,0.08672641521163728,0
465,1774280225.2015927,21,0.0,0.0,0.0,0.0,0.0,6.043910980224609,0.0,0.10126954175177075,0.5799982845783234,0.21194544842165117,21,0.1338550022670201,0.07045910435255112,0.019999940847528392,0.08693418275740807,0
466,1774280225.3023343,23,0.0,0.0,0.0,0.0,0.0,6.043910980224609,0.0,0.06724617792212445,0.5799982845783234,0.15725759897164482,23,0.0,0.0,0.0196609587992652,0.08721992671531077,0
467,1774280225.4022162,22,0.0,0.0,0.0,0.0,0.0,6.043910980224609,0.0,0.043939263983206314,0.5799982845783234,0.1294531553121419,22,0.29342425496954666,0.15435255898799535,0.015591351735976434,0.08721992671531077,0
468,1774280225.5022824,23,0.0,0.0,0.0,0.0,0.0,6.043910980224609,0.0,0.02521731672079667,0.1933327615261078,0.06511083179712221,23,0.08730996738780629,0.04592379296408389,0.0234342741243767,0.07114697965307738,0
469,1774280225.6014705,25,0.0,0.0,0.0,0.0,0.0,6.043910980224609,0.0,0.030933241844177246,0.1933327615261078,0.0708769611206588,25,0.2253225871494838,0.11856961261297494,0.024166595190763474,0.07156238729258135,0
470,1774280225.7018332,24,0.0,0.0,0.0,0.0,0.0,6.043910980224609,0.0,0.024166595190763474,0.1933327615261078,0.06393880090992969,24,0.08351388184920601,0.04394431662450397,0.02455019193982321,0.05952470919520492,0
471,1774280225.801935,20,-0.18271207809448242,-1.546025276184082,0.0,0.19729527323875118,1.546025276184082,6.043910980224609,0.2557988165680473,0.019333276152610778,0.3866655230522156,0.08427179699679521,20,-0.08432865142822266,-0.04437594214190139,0.0294914381988978,0.06687341318161161,0
472,1774280225.9022408,19,-0.08136975137810958,-1.546025276184082,0.0,0.11917865590803663,1.546025276184082,6.043910980224609,0.2557988165680473,0.0,0.0,0.0,19,-0.08136975137810958,-0.04280789220811003,0.033918028337913644,0.06625555857709049,0
473,1774280226.0022707,20,-0.0773012638092041,-1.546025276184082,0.0,0.11353422234350319,1.546025276184082,6.043910980224609,0.2557988165680473,0.009666638076305389,0.1933327615261078,0.042135898498397606,20,0.12489023961518941,0.06569862646932374,0.035151411186565056,0.0659991363260899,0
474,1774280226.1018035,22,0.0,0.0,0.0,0.0,0.0,6.043910980224609,0.0,0.0,0.0,0.0,22,0.1639723777770996,0.0862907872178972,0.03222212692101797,0.05584687411518038,0
475,1774280226.2021413,21,-0.05354200090680804,-1.1243820190429688,0.0,0.05733491722209268,1.1243820190429688,5.992770195007324,0.18762308289073223,0.0,0.0,0.0,21,-0.05354200090680804,-0.02817590482652533,0.03163627006790855,0.0476691161153642,0
476,1774280226.3016446,22,-0.10008703578602184,-1.1243820190429688,0.0,0.10022403033114023,1.1243820190429688,5.992770195007324,0.18762308289073223,0.017575705593282528,0.1933327615261078,0.05557926115933376,22,-0.10008703578602184,-0.0526759568601395,0.038666552305221556,0.04954315805054973,0
477,1774280226.4020045,21,-0.1606260027204241,-1.1712312698364258,0.0,0.15501331005202235,1.1712312698364258,5.992770195007324,0.19544071134451274,0.0,0.0,0.0,21,-0.1606260027204241,-0.0845112370735529,0.05333317559340905,0.055932206076015546,0
478,1774280226.5018497,25,-0.09182453155517578,-1.1712312698364258,0.0,0.0970089598922641,1.1712312698364258,5.992770195007324,0.19544071134451274,0.023199931383132935,0.1933327615261078,0.06282571118049703,25,-0.09182453155517578,-0.048323331948568034,0.049152396998163,0.056034047540902396,0
479,1774280226.6025188,24,-0.09760260581970215,-1.1712312698364258,0.0,0.10478895529075771,1.1712312698364258,5.992770195007324,0.19544071134451274,0.0,0.0,0.0,24,-0.09760260581970215,-0.051349364076931914,0.07978812380442543,0.05598134612868896,0
480,1774280226.70196,23,-0.0998092734295389,-1.1712312698364258,0.0,0.10464757033702358,1.1712312698364258,5.992770195007324,0.19544071134451274,0.02521731672079667,0.1933327615261078,0.06511083179712221,23,-0.0998092734295389,-0.052513178116192036,0.09513199376681494,0.05558441986220143,0
481,1774280226.8022008,22,-0.15332482077858664,-1.1712312698364258,0.0,0.1490867029169073,1.1712312698364258,5.992770195007324,0.19544071134451274,0.008787852796641264,0.1933327615261078,0.04027100063673795,22,-0.05749680779196999,-0.03025373931770145,0.09815355585171626,0.05774802424515592,0
482,1774280226.9022448,22,-0.15332482077858664,-1.1712312698364258,0.0,0.14908670291690723,1.1712312698364258,6.043910980224609,0.1937869822485207,0.0,0.0,0.0,22,-0.10201373657622895,-0.05367560941598943,0.08760390756651759,0.060596807544356986,0
483,1774280227.002211,20,-0.11478066444396973,-1.1712312698364258,0.0,0.11862627967929029,1.1712312698364258,6.043910980224609,0.1937869822485207,0.0,0.0,0.0,20,-0.07006092505021529,-0.03687249429475455,0.07030282237313011,0.061329821784986874,0
484,1774280227.1014795,23,-0.14869544817053754,-1.1712312698364258,0.0,0.14746586095149047,1.1712312698364258,5.992770195007324,0.19544071134451274,0.0,0.0,0.0,23,-0.14869544817053754,-0.0782654232493642,0.07030282237313011,0.06329519983569012,0
485,1774280227.2020833,21,-0.05577291761125837,-1.1712312698364258,0.0,0.062212366777444274,1.1712312698364258,6.043910980224609,0.1937869822485207,0.0,0.0,0.0,21,-0.05577291761125837,-0.02935804488867474,0.04549006153555477,0.06108646952821184,0
486,1774280227.3024502,22,-0.05323778499256481,-1.1712312698364258,0.0,0.05951949676920574,1.1712312698364258,6.043910980224609,0.1937869822485207,0.0,0.0,0.0,22,-0.05323778499256481,-0.028016436628862055,0.033142759118761335,0.05872019890168266,0
487,1774280227.4016147,21,-0.05354200090680804,-1.1243820190429688,0.0,0.05733491722209266,1.1243820190429688,5.992770195007324,0.18762308289073223,0.0,0.0,0.0,21,-0.05354200090680804,-0.02818990722776848,0.026851772434181638,0.05612012290799709,0
488,1774280227.5023618,22,-0.10008703578602184,-1.1243820190429688,0.0,0.10022403033114023,1.1243820190429688,6.043910980224609,0.18603550295857987,0.017575705593282528,0.1933327615261078,0.05557926115933376,22,-0.10008703578602184,-0.05265268749168492,0.02521731672079667,0.052780572739295796,0
489,1774280227.601599,23,-0.04888617474099864,-1.1243820190429688,0.0,0.052576877777763986,1.1243820190429688,6.043910980224609,0.18603550295857987,0.016811544480531113,0.1933327615261078,0.054475630259036005,23,-0.04888617474099864,-0.02573273850111218,0.015343869962389506,0.04964672204846392,0
490,1774280227.7019198,23,-0.09573542553445567,-1.1243820190429688,0.0,0.09628306705419751,1.1243820190429688,6.043910980224609,0.18603550295857987,0.02521731672079667,0.5799982845783234,0.11827969976768359,23,0.08697665256002675,0.04577755089701696,0.0098304793996326,0.04500923344577248,0
491,1774280227.801649,20,0.0,0.0,0.0,0.0,0.0,6.043910980224609,0.0,0.0,0.0,0.0,20,0.08136975137810958,0.042839525153741335,0.003169389533214882,0.045047627623459895,0
492,1774280227.9018452,19,0.0,0.0,0.0,0.0,0.0,6.043910980224609,0.0,0.0,0.0,0.0,19,0.0773012638092041,0.040693988610829165,0.0030687739924779014,0.04888167260974178,0
493,1774280228.00207,18,0.0,0.0,0.0,0.0,0.0,6.043910980224609,0.0,0.0,0.0,0.0,18,0.0,0.0,0.005948700354649471,0.05212103134198897,0
494,1774280228.1020045,18,0.0,0.0,0.0,0.0,0.0,6.043910980224609,0.0,0.0,0.0,0.0,18,0.05354200090680804,0.028182028944019378,0.006041648797690868,0.05212103134198897,0
495,1774280228.2016828,18,0.0,0.0,0.0,0.0,0.0,6.043910980224609,0.0,0.0,0.0,0.0,18,0.10008703578602184,0.05267632701053143,0.014215644229860866,0.05467462622292257,0
496,1774280228.3016884,18,-0.05986293156941732,-1.0775327682495117,0.0,0.0609206997934406,1.0775327682495117,6.043910980224609,0.17828402366863905,0.0,0.0,0.0,18,0.10076307115100677,0.053042018398553624,0.008285689779690334,0.054504644937905355,0
497,1774280228.4021535,17,0.0,0.0,0.0,0.0,0.0,6.043910980224609,0.0,0.0,0.0,0.0,17,0.09182453155517578,0.04832097351568016,0.016111063460508983,0.05301474826562016,0
498,1774280228.5019863,18,0.0,0.0,0.0,0.0,0.0,6.043910980224609,0.0,0.0,0.0,0.0,18,0.09760260581970215,0.05138419449163945,0.011207696320354074,0.05456113012453426,0
499,1774280228.6021364,17,0.0,0.0,0.0,0.0,0.0,6.043910980224609,0.0,0.0,0.0,0.0,17,0.0998092734295389,0.052526323019751485,0.011542254419469121,0.05549161118248071,0
500,1774280228.7014039,17,0.0,0.0,0.0,0.0,0.0,6.043910980224609,0.0,0.0,0.0,0.0,17,0.15332482077858664,0.08073113604423253,0.003020824398845434,0.055890651661201225,0
501,1774280228.801467,16,0.0,0.0,0.0,0.0,0.0,6.043910980224609,0.0,0.0,0.0,0.0,16,0.15332482077858664,0.08073032527850335,0.0,0.05181456869719311,0
502,1774280228.9022796,17,0.0,0.0,0.0,0.0,0.0,5.992770195007324,0.0,0.0,0.0,0.0,17,0.11478066444396973,0.060408697447068276,0.0,0.046132327191510974,0
503,1774280229.0020108,17,0.0,0.0,0.0,0.0,0.0,6.043910980224609,0.0,0.0,0.0,0.0,17,0.14869544817053754,0.07823888446322748,0.0,0.04307921831604943,0
504,1774280229.102327,19,0.0,0.0,0.0,0.0,0.0,6.043910980224609,0.0,0.0,0.0,0.0,19,0.05577291761125837,0.029350401674810095,0.0,0.03395400330447375,0
505,1774280229.2015748,19,0.0,0.0,0.0,0.0,0.0,5.992770195007324,0.0,0.0,0.0,0.0,19,0.05323778499256481,0.028032802253297476,0.005948700354649471,0.03346388045419121,0
506,1774280229.3023431,20,0.0,0.0,0.0,0.0,0.0,6.043910980224609,0.0,0.0,0.0,0.0,20,0.05354200090680804,0.028169200344674895,0.01171713706218835,0.03287141201268376,0
507,1774280229.4023993,20,0.0,0.0,0.0,0.0,0.0,6.043910980224609,0.0,0.0,0.0,0.0,20,0.10008703578602184,0.05267634684016352,0.019901901921805215,0.032029613720064534,0
508,1774280229.5017142,20,0.0,0.0,0.0,0.0,0.0,6.043910980224609,0.0,0.0,0.0,0.0,20,0.04888617474099864,0.025728005025667914,0.01464642132773544,0.025542126155593124,0
509,1774280229.601801,18,0.0,0.0,0.0,0.0,0.0,6.043910980224609,0.0,0.0,0.0,0.0,18,0.09573542553445567,0.05039021878794083,0.00935481104158586,0.024019054770823965,0
510,1774280229.7016976,18,0.0,0.0,0.0,0.0,0.0,6.043910980224609,0.0,0.0,0.0,0.0,18,0.0,0.0,0.0,0.013046823458759038,0
511,1774280229.801647,17,0.0,0.0,0.0,0.0,0.0,6.043910980224609,0.0,0.0,0.0,0.0,17,0.0,0.0,0.0,0.013046823458759038,0
512,1774280229.9019265,18,0.0,0.0,0.0,0.0,0.0,6.043910980224609,0.0,0.0,0.0,0.0,18,0.0,0.0,0.0,0.01304682345875904,0
513,1774280230.0016122,18,0.0,0.0,0.0,0.0,0.0,6.043910980224609,0.0,0.0,0.0,0.0,18,0.0,0.0,0.0,0.01304682345875904,0
514,1774280230.1023486,17,0.0,0.0,0.0,0.0,0.0,6.043910980224609,0.0,0.0,0.0,0.0,17,0.0,0.0,0.0,0.01304682345875904,0
515,1774280230.2015607,17,0.0,0.0,0.0,0.0,0.0,6.043910980224609,0.0,0.0,0.0,0.0,17,0.05986293156941732,0.031508923770616544,0.0,0.01304682345875904,0
516,1774280230.3016028,16,0.0,0.0,0.0,0.0,0.0,6.043910980224609,0.0,0.0,0.0,0.0,16,0.0,0.0,0.0,0.0,0
517,1774280230.4016979,16,0.0,0.0,0.0,0.0,0.0,5.992770195007324,0.0,0.0,0.0,0.0,16,0.0,0.0,0.0,0.0,0
518,1774280230.502108,17,0.0,0.0,0.0,0.0,0.0,5.992770195007324,0.0,0.0,0.0,0.0,17,0.0,0.0,0.0,0.0,0
519,1774280230.6021986,18,0.0,0.0,0.0,0.0,0.0,5.992770195007324,0.0,0.0,0.0,0.0,18,0.0,0.0,0.0,0.0,0
520,1774280230.7017245,18,0.0,0.0,0.0,0.0,0.0,5.992770195007324,0.0,0.0,0.0,0.0,18,0.0,0.0,0.0,0.0,0
521,1774280230.8019254,18,0.0,0.0,0.0,0.0,0.0,5.992770195007324,0.0,0.0,0.0,0.0,18,0.0,0.0,0.0,0.0,0
522,1774280230.9016984,18,0.0,0.0,0.0,0.0,0.0,5.992770195007324,0.0,0.0,0.0,0.0,18,0.0,0.0,0.0,0.0,0
523,1774280231.0020077,18,0.0,0.0,0.0,0.0,0.0,5.992770195007324,0.0,0.0,0.0,0.0,18,0.0,0.0,0.0,0.0,0
524,1774280231.1019435,18,0.0,0.0,0.0,0.0,0.0,5.992770195007324,0.0,0.0,0.0,0.0,18,0.0,0.0,0.0,0.0,0
525,1774280231.2019231,18,0.0,0.0,0.0,0.0,0.0,5.992770195007324,0.0,0.0,0.0,0.0,18,0.0,0.0,0.0,0.0,0
526,1774280231.30156,18,0.0,0.0,0.0,0.0,0.0,6.043910980224609,0.0,0.0,0.0,0.0,18,0.0,0.0,0.0,0.0,0
527,1774280231.4019141,18,0.0,0.0,0.0,0.0,0.0,5.992770195007324,0.0,0.0,0.0,0.0,18,0.0,0.0,0.0,0.0,0
528,1774280231.5020149,18,0.0,0.0,0.0,0.0,0.0,6.043910980224609,0.0,0.0,0.0,0.0,18,0.0,0.0,0.0,0.0,0
529,1774280231.6017516,18,0.0,0.0,0.0,0.0,0.0,6.043910980224609,0.0,0.0,0.0,0.0,18,0.0,0.0,0.0,0.0,0
530,1774280231.7022989,16,0.0,0.0,0.0,0.0,0.0,5.992770195007324,0.0,0.0,0.0,0.0,16,0.0,0.0,0.0,0.0,0
531,1774280231.8017187,17,0.0,0.0,0.0,0.0,0.0,6.043910980224609,0.0,0.0,0.0,0.0,17,0.0,0.0,0.0,0.0,0
532,1774280231.9017909,15,0.0,0.0,0.0,0.0,0.0,5.992770195007324,0.0,0.0,0.0,0.0,15,0.0,0.0,0.0,0.0,0
533,1774280232.001611,15,0.0,0.0,0.0,0.0,0.0,5.992770195007324,0.0,0.0,0.0,0.0,15,0.0,0.0,0.0,0.0,0
534,1774280232.1019611,14,0.0,0.0,0.0,0.0,0.0,6.043910980224609,0.0,0.0,0.0,0.0,14,0.0,0.0,0.0,0.0,0
535,1774280232.2015429,14,0.0,0.0,0.0,0.0,0.0,5.992770195007324,0.0,0.0,0.0,0.0,14,0.0,0.0,0.0,0.0,0
536,1774280232.3019693,17,0.0,0.0,0.0,0.0,0.0,5.992770195007324,0.0,0.06823509230333216,0.5799982845783234,0.18686949633991082,17,0.0,0.0,0.0,0.0,0
537,1774280232.4017644,17,0.0,0.0,0.0,0.0,0.0,5.992770195007324,0.0,0.06823509230333216,0.5799982845783234,0.18686949633991082,17,0.0,0.0,0.0,0.0,0
538,1774280232.5021956,19,0.0,0.0,0.0,0.0,0.0,6.043910980224609,0.0,0.061052451008244565,0.5799982845783234,0.17799695244573677,19,0.0,0.0,0.0,0.0,0
539,1774280232.6011357,21,0.0,0.0,0.0,0.0,0.0,6.043910980224609,0.0,0.05523793186460223,0.5799982845783234,0.17025474034060006,21,0.0,0.0,0.0,0.0,0
540,1774280232.7014353,23,0.0,0.0,0.0,0.0,0.0,6.043910980224609,0.0,0.05043463344159334,0.3866655230522156,0.13022166359424442,23,0.0,0.0,0.0,0.0,0
541,1774280232.801574,22,0.04897876219315962,0.0,1.0775327682495117,0.050377302065455744,1.0775327682495117,5.992770195007324,0.17980545443695173,0.13181779194961896,0.7733310461044312,0.2818970044571657,22,0.04897876219315962,0.02577998324708937,0.0,0.010674673738984666,0
542,1774280232.9015868,19,-0.056712250960500615,-1.0775327682495117,0.0,0.057893029362122435,1.0775327682495117,5.992770195007324,0.17980545443695173,0.10175408501374095,0.9666638076305389,0.2966615874095612,19,-0.056712250960500615,-0.029855167657029856,0.0,0.01675143010694185,0
543,1774280233.0013566,20,-0.05856156349182129,-1.1712312698364258,0.0,0.0651596776535257,1.1712312698364258,5.992770195007324,0.19544071134451274,0.14499957114458084,0.9666638076305389,0.3451680198328103,20,-0.05856156349182129,-0.03083139903568798,0.0,0.021005836779196933,0
544,1774280233.1016757,21,0.0,0.0,0.0,0.0,0.0,6.043910980224609,0.0,0.07365057581946963,0.3866655230522156,0.15183455174561764,21,0.0,0.0,0.0,0.021005836779196933,0
545,1774280233.2014532,23,-0.15480622001316235,-1.2180805206298828,0.0,0.15983005727233457,1.2180805206298828,5.992770195007324,0.20325833979829325,0.06724617792212445,0.3866655230522156,0.14655964695094822,23,-0.15480622001316235,-0.08148153442594828,0.0,0.0390930507880423,0
546,1774280233.3009293,20,0.0,0.0,0.0,0.0,0.0,6.043910980224609,0.0,0.038666552305221556,0.3866655230522156,0.0985807523638404,20,0.0,0.0,0.0,0.0390930507880423,0
547,1774280233.4017577,20,0.0,0.0,0.0,0.0,0.0,6.043910980224609,0.0,0.05799982845783234,0.3866655230522156,0.12379336912176456,20,0.0,0.0,0.0,0.039093050788042295,0
548,1774280233.50176,23,0.0,0.0,0.0,0.0,0.0,5.992770195007324,0.0,0.05043463344159334,0.3866655230522156,0.11707885953199446,23,0.0,0.0,0.0,0.0390930507880423,0
549,1774280233.6016557,25,-0.04872322082519531,-1.2180805206298828,0.0,0.05697485394193791,1.2180805206298828,6.043910980224609,0.20153846153846153,0.030933241844177246,0.1933327615261078,0.0708769611206588,25,-0.04872322082519531,-0.02565248390757273,0.0,0.03983924599070946,0
550,1774280233.7011387,24,-0.24595856666564941,-1.546025276184082,0.0,0.30293534347691775,1.546025276184082,5.992770195007324,0.2579817389747568,0.040277658651272454,0.3866655230522156,0.1113296634698639,24,-0.24595856666564941,-0.12949140458242356,0.0,0.0642563543765205,0
551,1774280233.80183,21,-0.16731875283377512,-1.2180805206298828,0.0,0.1681824238514717,1.2180805206298828,6.043910980224609,0.20153846153846153,0.009206321977433703,0.1933327615261078,0.04117192352858409,21,-0.16731875283377512,-0.08806068484521236,0.0,0.07090252129626314,0
552,1774280233.9011862,24,0.029280781745910645,-1.2649297714233398,4.356980323791504,0.9757604571003498,5.621910095214844,6.043910980224609,0.9301775147928995,0.040277658651272454,0.9666638076305389,0.19316486504500172,24,0.029280781745910645,0.01541438382126356,0.0,0.07188811515212327,0
553,1774280234.0009198,20,-0.22487640380859375,-1.546025276184082,0.0,0.2867794015060099,1.546025276184082,6.043910980224609,0.2557988165680473,0.0,0.0,0.0,20,-0.22487640380859375,-0.11842090395125558,0.02577770153681437,0.08267286644591117,0
554,1774280234.1018293,22,-0.17249042337590997,-1.405477523803711,0.0,0.18983204984805493,1.405477523803711,6.043910980224609,0.23254437869822486,0.0,0.0,0.0,22,-0.17249042337590997,-0.0907707491359285,0.04833319038152695,0.08654613409155648,0
555,1774280234.201601,24,0.0,0.0,0.0,0.0,0.0,6.043910980224609,0.0,0.024166595190763474,0.1933327615261078,0.06393880090992969,24,0.0,0.0,0.06566018315981019,0.0865461340915565,0
556,1774280234.301412,25,0.09557247161865234,0.0,1.2180805206298828,0.1050860163559264,1.2180805206298828,6.043910980224609,0.20153846153846153,0.030933241844177246,0.3866655230522156,0.10489972681751426,25,0.09557247161865234,0.050310629165254715,0.061052451008244565,0.09179556665803748,0
557,1774280234.401259,24,0.0,0.0,0.0,0.0,0.0,6.043910980224609,0.0,0.0,0.0,0.0,24,0.0,0.0,0.05523793186460223,0.09179556665803748,0
558,1774280234.5016549,26,0.0,0.0,0.0,0.0,0.0,6.043910980224609,0.0,0.022307626329935513,0.1933327615261078,0.06176702039910063,26,0.0,0.0,0.07909067516977136,0.09179556665803748,0
559,1774280234.6018188,27,0.0,0.0,0.0,0.0,0.0,6.043910980224609,0.0,0.0,0.0,0.0,27,0.0,0.0,0.09364555636420846,0.0917955666580375,0
560,1774280234.7012484,28,0.0033463750566755024,-1.1243820190429688,1.2180805206298828,0.09813005461273397,2.3424625396728516,6.043910980224609,0.3875739644970414,0.05523793186460223,0.3866655230522156,0.1353047475148992,28,-0.04563238713648412,-0.024021162132854525,0.12677558132859526,0.09188551143281813,0
561,1774280234.8013127,26,0.0,0.0,0.0,0.0,0.0,6.043910980224609,0.0,0.06692287898980655,0.5799982845783234,0.16034616701975865,26,0.056712250960500615,0.02985285958491004,0.10633301883935928,0.08990995033282066,0
562,1774280234.9015732,26,0.0,0.0,0.0,0.0,0.0,6.043910980224609,0.0,0.08179462987643021,0.9666638076305389,0.23479004850636806,26,0.05856156349182129,0.030818362562210745,0.09364555636420846,0.09054755421829143,0
563,1774280235.0010777,26,0.0,0.0,0.0,0.0,0.0,6.043910980224609,0.0,0.06692287898980655,0.5799982845783234,0.1853010611973019,26,0.0,0.0,0.060416487976908684,0.09107897936445376,0
564,1774280235.101845,26,0.0,0.0,0.0,0.0,0.0,6.043910980224609,0.0,0.11897400709298941,0.7733310461044312,0.279018778939151,26,0.15480622001316235,0.0814601592265197,0.05523793186460223,0.09107897936445376,0
565,1774280235.2015495,26,0.0,0.0,0.0,0.0,0.0,6.043910980224609,0.0,0.0966663807630539,0.7733310461044312,0.22906841594688948,26,0.0,0.0,0.04910038387964642,0.08788055062491444,0
566,1774280235.3012636,23,-0.04684925079345703,-1.0775327682495117,0.0,0.048286750597981154,1.0775327682495117,6.043910980224609,0.17828402366863905,0.07565195016239,0.7733310461044312,0.21887313840587774,23,-0.04684925079345703,-0.024663914935224275,0.04549006153555477,0.0874984191770384,0
567,1774280235.4018855,25,0.0,0.0,0.0,0.0,0.0,6.043910980224609,0.0,0.08506641507148743,0.9666638076305389,0.23885791281701366,25,0.0,0.0,0.040277658651272454,0.08749841917703842,0
568,1774280235.5013413,24,0.0,0.0,0.0,0.0,0.0,6.043910980224609,0.0,0.08055531730254491,0.7733310461044312,0.22265932693972781,24,0.04872322082519531,0.02564804422367414,0.027618965932301114,0.0874984191770384,0
569,1774280235.6014102,24,0.0,0.0,0.0,0.0,0.0,6.043910980224609,0.0,0.12888850768407187,0.7733310461044312,0.2882034647000886,24,0.24595856666564941,0.12943338758463277,0.030821164880973705,0.08786852868633596,0
570,1774280235.7011812,23,0.0,0.0,0.0,0.0,0.0,6.043910980224609,0.0,0.08405772240265556,0.7733310461044312,0.1960546142880579,23,0.16731875283377512,0.08809258650091262,0.017846101063948412,0.07376814161259625,0
571,1774280235.8015108,24,0.0,0.0,0.0,0.0,0.0,6.043910980224609,0.0,0.08055531730254491,0.5799982845783234,0.19266029770941995,24,-0.029280781745910645,-0.015408305511082751,0.01464642132773544,0.06615381144108119,0
572,1774280235.9015274,23,0.04888617474099864,0.0,1.1243820190429688,0.05257687777776401,1.1243820190429688,6.043910980224609,0.18603550295857987,0.06724617792212445,0.3866655230522156,0.14655964695094822,23,0.2737625785495924,0.14403950640813165,0.008787852796641264,0.06695497493156163,0
573,1774280236.001629,23,0.0,0.0,0.0,0.0,0.0,6.043910980224609,0.0,0.016811544480531113,0.3866655230522156,0.0788531331784557,23,0.17249042337590997,0.09079399904061207,0.0190609764884895,0.046490370920874304,0
574,1774280236.1014683,22,0.0,0.0,0.0,0.0,0.0,6.043910980224609,0.0,0.017575705593282528,0.1933327615261078,0.05557926115933376,22,0.0,0.0,0.018538757954558283,0.025710311702632917,0
575,1774280236.2015944,23,0.0,0.0,0.0,0.0,0.0,6.043910980224609,0.0,0.02521731672079667,0.1933327615261078,0.06511083179712221,23,-0.09557247161865234,-0.0502964764360895,0.01804439107577006,0.025710311702632917,0
576,1774280236.3013258,22,-0.04897876219315962,-1.0775327682495117,0.0,0.050377302065455744,1.0775327682495117,6.043910980224609,0.17828402366863905,0.0,0.0,0.0,22,-0.04897876219315962,-0.025777388899197184,0.00753244525426394,0.018573905798426982,0
577,1774280236.401185,24,-0.08784234523773193,-1.0775327682495117,0.0,0.08492477987509517,1.0775327682495117,6.043910980224609,0.17828402366863905,0.008055531730254492,0.1933327615261078,0.03863297300900034,24,-0.08784234523773193,-0.04624424845494789,0.02625506638008871,0.026312839542107804,0
578,1774280236.5011535,21,-0.21416800362723215,-4.497528076171875,0.0,0.9173586755534828,4.497528076171875,6.043910980224609,0.7441420118343195,0.0,0.0,0.0,21,-0.21416800362723215,-0.11275948736682191,0.04057601167831892,0.05225268906045731,0
579,1774280236.6011066,19,-0.10602725179571855,-1.0306835174560547,0.0,0.09561287331954817,1.0306835174560547,6.043910980224609,0.17053254437869822,0.010175408501374094,0.1933327615261078,0.04317060211598919,19,-0.10937362685239405,-0.057569362156546997,0.06766646653413773,0.055507745429125226,0
580,1774280236.7015007,18,0.0,0.0,0.0,0.0,0.0,6.043910980224609,0.0,0.0,0.0,0.0,18,0.0,0.0,0.07188012928534777,0.05543433257161435,0
581,1774280236.8010592,23,0.0,0.0,0.0,0.0,0.0,6.043910980224609,0.0,0.016811544480531113,0.1933327615261078,0.054475630259036005,23,0.0,0.0,0.08923050531974205,0.05543433257161435,0
582,1774280236.9015467,19,0.0,0.0,0.0,0.0,0.0,6.043910980224609,0.0,0.0,0.0,0.0,19,0.0,0.0,0.09418775561528328,0.05543433257161435,0
583,1774280237.0013049,20,0.0,0.0,0.0,0.0,0.0,6.043910980224609,0.0,0.0,0.0,0.0,20,0.0,0.0,0.09795526583989461,0.05543433257161435,0
584,1774280237.101599,22,-0.04897876219315962,-1.0775327682495117,0.0,0.050377302065455744,1.0775327682495117,6.043910980224609,0.17828402366863905,0.017575705593282528,0.1933327615261078,0.05557926115933376,22,-0.04897876219315962,-0.025777625021481353,0.08621596122110212,0.05545712071852692,0
585,1774280237.201269,19,0.056712250960500615,0.0,1.0775327682495117,0.057893029362122435,1.0775327682495117,5.992770195007324,0.17980545443695173,0.010175408501374094,0.1933327615261078,0.04317060211598919,19,0.10356150175395765,0.05450590034791843,0.08055531730254491,0.058061764787068496,0
586,1774280237.3012521,24,0.0,0.0,0.0,0.0,0.0,5.992770195007324,0.0,0.016111063460508983,0.1933327615261078,0.05343435247211316,24,0.0,0.0,0.09799057775980806,0.05797158332205336,0
587,1774280237.40114,24,-0.04489719867706299,-1.0775327682495117,0.0,0.04636244432809633,1.0775327682495117,6.043910980224609,0.17828402366863905,0.0,0.0,0.0,24,-0.04489719867706299,-0.023632609229559055,0.09802787908366029,0.05802214705088706,0
588,1774280237.5014882,22,0.0,0.0,0.0,0.0,0.0,5.992770195007324,0.0,0.0,0.0,0.0,22,0.0,0.0,0.09802787908366029,0.05802214705088706,0
589,1774280237.6012547,19,0.0,0.0,0.0,0.0,0.0,5.992770195007324,0.0,0.0,0.0,0.0,19,0.0,0.0,0.07733310461044311,0.05802214705088706,0
590,1774280237.7016122,19,0.0,0.0,0.0,0.0,0.0,6.043910980224609,0.0,0.0,0.0,0.0,19,0.0,0.0,0.05523793186460223,0.05802214705088707,0
591,1774280237.8015003,20,0.0,0.0,0.0,0.0,0.0,5.992770195007324,0.0,0.0,0.0,0.0,20,-0.04888617474099864,-0.02572993243132061,0.03411754615166608,0.05802214705088706,0
592,1774280237.9008534,21,0.0,0.0,0.0,0.0,0.0,6.043910980224609,0.0,0.0,0.0,0.0,21,0.0,0.0,0.019901901921805215,0.055966583088511074,0
593,1774280238.0009832,19,0.0,0.0,0.0,0.0,0.0,5.992770195007324,0.0,0.0,0.0,0.0,19,0.0,0.0,0.014427818024336403,0.05596658308851107,0
594,1774280238.101581,20,0.0,0.0,0.0,0.0,0.0,6.043910980224609,0.0,0.0,0.0,0.0,20,0.0,0.0,0.011207696320354074,0.05596658308851107,0
595,1774280238.2012599,21,0.0,0.0,0.0,0.0,0.0,6.043910980224609,0.0,0.0,0.0,0.0,21,0.04897876219315962,0.025779190653995847,0.0028855636048672802,0.05596658308851107,0
596,1774280238.3012512,20,0.0,0.0,0.0,0.0,0.0,6.043910980224609,0.0,0.0,0.0,0.0,20,0.08784234523773193,0.04623120401583295,0.006041648797690868,0.05592259658458286,0
597,1774280238.4013789,20,0.0,0.0,0.0,0.0,0.0,6.043910980224609,0.0,0.0,0.0,0.0,20,0.21416800362723215,0.11270663128859044,0.0033333234745880655,0.05401638519924924,0
598,1774280238.5017347,20,0.0,0.0,0.0,0.0,0.0,6.043910980224609,0.0,0.0,0.0,0.0,20,0.10602725179571855,0.05578537556026027,0.009666638076305389,0.02987269033053,0
599,1774280238.6014528,20,0.0,0.0,0.0,0.0,0.0,6.043910980224609,0.0,0.0,0.0,0.0,20,0.0,0.0,0.006444425384203593,0.01944466499752034,0
600,1774280238.701436,20,0.0,0.0,0.0,0.0,0.0,5.992770195007324,0.0,0.0,0.0,0.0,20,0.0,0.0,0.006236540694390574,0.019444664997520338,0
601,1774280238.8009326,18,0.0,0.0,0.0,0.0,0.0,5.992770195007324,0.0,0.0,0.0,0.0,18,0.0,0.0,0.006338779066429764,0.01944466499752034,0
602,1774280238.901237,18,0.0,0.0,0.0,0.0,0.0,5.992770195007324,0.0,0.0,0.0,0.0,18,0.0,0.0,0.009508168599644646,0.019444664997520338,0
603,1774280239.0010002,18,0.0,0.0,0.0,0.0,0.0,5.992770195007324,0.0,0.0,0.0,0.0,18,0.04897876219315962,0.025786422850138085,0.014871750886623677,0.01944466499752034,0
604,1774280239.101203,18,0.0,0.0,0.0,0.0,0.0,5.992770195007324,0.0,0.0,0.0,0.0,18,-0.056712250960500615,-0.029849589178310983,0.00865669081460184,0.016163319716307432,0
605,1774280239.201131,18,0.0,0.0,0.0,0.0,0.0,5.992770195007324,0.0,0.0,0.0,0.0,18,0.0,0.0,0.005523793186460222,0.00978511759406928,0
606,1774280239.30133,18,0.0,0.0,0.0,0.0,0.0,5.992770195007324,0.0,0.0,0.0,0.0,18,0.04489719867706299,0.023627740363050074,0.0,0.00978511759406928,0
607,1774280239.4016218,16,0.0,0.0,0.0,0.0,0.0,5.992770195007324,0.0,0.0,0.0,0.0,16,0.0,0.0,0.0,0.0,0
608,1774280239.5009716,18,0.0,0.0,0.0,0.0,0.0,5.992770195007324,0.0,0.0,0.0,0.0,18,0.0,0.0,0.0,0.0,0
609,1774280239.601252,18,0.0,0.0,0.0,0.0,0.0,6.043910980224609,0.0,0.0,0.0,0.0,18,0.0,0.0,0.0,0.0,0
610,1774280239.700961,18,0.0,0.0,0.0,0.0,0.0,5.992770195007324,0.0,0.0,0.0,0.0,18,0.0,0.0,0.0,0.0,0
611,1774280239.8014524,18,0.0,0.0,0.0,0.0,0.0,6.043910980224609,0.0,0.0,0.0,0.0,18,0.0,0.0,0.0,0.0,0
612,1774280239.9015424,17,0.0,0.0,0.0,0.0,0.0,5.992770195007324,0.0,0.0,0.0,0.0,17,0.0,0.0,0.0,0.0,0
613,1774280240.0009184,18,0.0,0.0,0.0,0.0,0.0,5.992770195007324,0.0,0.0,0.0,0.0,18,0.0,0.0,0.0,0.0,0
614,1774280240.1009557,18,0.0,0.0,0.0,0.0,0.0,6.043910980224609,0.0,0.0,0.0,0.0,18,0.0,0.0,0.0,0.0,0
615,1774280240.2013888,18,0.0,0.0,0.0,0.0,0.0,6.043910980224609,0.0,0.0,0.0,0.0,18,0.0,0.0,0.0,0.0,0
616,1774280240.3016887,18,0.0,0.0,0.0,0.0,0.0,6.043910980224609,0.0,0.0,0.0,0.0,18,0.0,0.0,0.0,0.0,0
617,1774280240.4015012,17,0.0,0.0,0.0,0.0,0.0,5.992770195007324,0.0,0.0,0.0,0.0,17,0.0,0.0,0.0,0.0,0
618,1774280240.5008936,17,0.0,0.0,0.0,0.0,0.0,5.992770195007324,0.0,0.0,0.0,0.0,17,0.0,0.0,0.0,0.0,0
619,1774280240.6014283,16,-0.05270540714263916,-0.8432865142822266,0.0,0.041667899131070385,0.8432865142822266,6.043910980224609,0.1395266272189349,0.012083297595381737,0.1933327615261078,0.046798410354181585,16,-0.05270540714263916,-0.027739801446704758,0.0,0.011486877175646545,0
620,1774280240.7014976,17,0.0,0.0,0.0,0.0,0.0,6.043910980224609,0.0,0.0,0.0,0.0,17,0.0,0.0,0.0,0.011486877175646545,0
621,1774280240.8014743,16,0.0,0.0,0.0,0.0,0.0,6.043910980224609,0.0,0.0,0.0,0.0,16,0.0,0.0,0.0,0.011486877175646545,0
622,1774280240.9016612,17,0.0,0.0,0.0,0.0,0.0,6.043910980224609,0.0,0.0,0.0,0.0,17,0.0,0.0,0.0,0.011486877175646545,0
623,1774280241.0010672,16,0.0,0.0,0.0,0.0,0.0,5.992770195007324,0.0,0.0,0.0,0.0,16,0.0,0.0,0.0,0.011486877175646545,0
624,1774280241.1008518,16,-0.049777328968048096,-0.7964372634887695,0.0,0.0371667371878992,0.7964372634887695,5.992770195007324,0.13289968371426866,0.024166595190763474,0.3866655230522156,0.09359682070836317,16,-0.049777328968048096,-0.026202446383700013,0.0,0.015379380451156024,0
625,1774280241.201002,19,0.0,0.0,0.0,0.0,0.0,6.043910980224609,0.0,0.061052451008244565,0.3866655230522156,0.14099459609718576,19,0.0,0.0,0.0,0.015379380451156024,0
626,1774280241.3013396,21,0.0,0.0,0.0,0.0,0.0,5.992770195007324,0.0,0.05523793186460223,0.3866655230522156,0.1353047475148992,21,0.0,0.0,0.0,0.015379380451156024,0
627,1774280241.4008143,19,0.0,0.0,0.0,0.0,0.0,5.992770195007324,0.0,0.0,0.0,0.0,19,0.0,0.0,0.0,0.015379380451156024,0
628,1774280241.5013852,20,0.0,0.0,0.0,0.0,0.0,5.992770195007324,0.0,0.07733310461044311,0.7733310461044312,0.23199931383132935,20,0.0,0.0,0.0,0.015379380451156024,0
629,1774280241.6010797,20,-0.11946558952331543,-0.8432865142822266,0.0,0.08109430535085949,0.8432865142822266,6.043910980224609,0.1395266272189349,0.05799982845783234,0.3866655230522156,0.13806720793312413,20,-0.11946558952331543,-0.0628727018353948,0.0,0.02921011514769419,1
630,1774280241.7016158,23,-0.10999389316724695,-0.8901357650756836,0.0,0.0808485669489827,0.8901357650756836,5.992770195007324,0.14853494062182968,0.02521731672079667,0.1933327615261078,0.06511083179712221,23,-0.10999389316724695,-0.057886544108343714,0.0,0.03613657717906527,1
631,1774280241.801502,24,-0.10345876216888428,-0.8901357650756836,0.0,0.07535278512271759,0.8901357650756836,5.992770195007324,0.14853494062182968,0.04833319038152695,0.3866655230522156,0.12787760181985938,24,-0.10345876216888428,-0.054453138960332326,0.0,0.04052859533313218,1
632,1774280241.9014442,19,-0.21698600367495888,-0.8901357650756836,0.0,0.1324328886332442,0.8901357650756836,5.992770195007324,0.14853494062182968,0.030526225504122283,0.1933327615261078,0.07049729804859288,19,-0.21698600367495888,-0.11417156385007404,0.0,0.05836631237671987,1
633,1774280242.0011923,21,-0.031232833862304688,-0.8901357650756836,2.670407295227051,0.4706042042406417,3.5605430603027344,5.992770195007324,0.5941397624873187,0.04603160988716852,0.1933327615261078,0.08234384705716817,21,-0.031232833862304688,-0.01643628680442199,0.0,0.05788853703200602,1
634,1774280242.101293,19,-0.03945200066817434,-0.7495880126953125,0.0,0.028016286420989318,0.7495880126953125,6.043910980224609,0.12402366863905326,0.020350817002748187,0.3866655230522156,0.08634120423197839,19,-0.03945200066817434,-0.020765257325657833,0.0,0.057359948910084946,1
635,1774280242.2012641,19,-0.1331505022550884,-0.8901357650756836,0.0,0.09478600375503983,0.8901357650756836,5.992770195007324,0.14853494062182968,0.030526225504122283,0.1933327615261078,0.07049729804859288,19,-0.1331505022550884,-0.07009487342108424,0.0,0.0604227360472122,1
636,1774280242.301405,19,-0.09123275154515316,-0.8901357650756836,0.0,0.07080678638429722,0.8901357650756836,5.992770195007324,0.14853494062182968,0.0,0.0,0.0,19,-0.09123275154515316,-0.04801966961753992,0.0038666552305221557,0.06046231595115523,1
637,1774280242.4009476,17,-0.10196601643281825,-0.8901357650756836,0.0,0.07804256828324228,0.8901357650756836,5.992770195007324,0.14853494062182968,0.0,0.0,0.0,17,-0.10196601643281825,-0.05366479985055787,0.0038666552305221557,0.060551724224552184,1
638,1774280242.5015714,17,-0.1405477523803711,-0.8432865142822266,0.0,0.0924420145137821,0.8432865142822266,5.992770195007324,0.14071731216804917,0.0,0.0,0.0,17,-0.08784234523773193,-0.046229330352740065,0.0039455665617573014,0.062187955326512154,1
639,1774280242.6010497,17,-0.14881526722627528,-0.8901357650756836,0.0,0.1036061421292323,0.8901357650756836,5.992770195007324,0.14853494062182968,0.0,0.0,0.0,17,-0.14881526722627528,-0.0783422927378821,0.0,0.06512155189425167,1
640,1774280242.701062,17,-0.1956645180197323,-0.8901357650756836,0.0,0.12478001137540587,0.8901357650756836,5.992770195007324,0.14853494062182968,0.0,0.0,0.0,17,-0.1956645180197323,-0.10300368080070749,0.0,0.06929022547224045,1
641,1774280242.801383,19,-0.1257532521298057,-0.8432865142822266,0.0,0.08457173266405413,0.8432865142822266,5.992770195007324,0.14071731216804917,0.0,0.0,0.0,19,-0.1257532521298057,-0.0661956124835988,0.007891133123514603,0.06797517578048776,1
642,1774280242.9011416,17,-0.19290867973776424,-0.8901357650756836,0.0,0.12159026062813437,0.8901357650756836,5.992770195007324,0.14853494062182968,0.0,0.0,0.0,17,-0.19290867973776424,-0.10152690411291355,0.03032670769036985,0.06955413683596826,1
643,1774280243.0012264,18,-0.08589029312133789,-0.7964372634887695,0.0,0.05907810773919664,0.7964372634887695,5.992770195007324,0.13289968371426866,0.0,0.0,0.0,18,-0.036112964153289795,-0.01900307612245725,0.04833319038152695,0.06644550839883573,1
644,1774280243.1014729,21,-0.23870808737618582,-0.8901357650756836,0.0,0.14316807541759702,0.8901357650756836,5.992770195007324,0.14853494062182968,0.0,0.0,0.0,21,-0.23870808737618582,-0.12560470056393166,0.0393219175985304,0.07258829649304398,1
645,1774280243.2011588,20,-0.2084791660308838,-0.8901357650756836,0.0,0.13113693778876723,0.8901357650756836,5.992770195007324,0.14853494062182968,0.0,0.0,0.0,20,-0.2084791660308838,-0.10973632285149663,0.04511097768942515,0.0719053049058294,1
646,1774280243.3012722,21,-0.11377675192696708,-0.8432865142822266,0.0,0.07787992922667586,0.8432865142822266,5.992770195007324,0.14071731216804917,0.0,0.0,0.0,21,-0.11377675192696708,-0.05986807409898683,0.045875570531618795,0.06697838881279547,1
647,1774280243.4010246,19,-0.12821900217156662,-0.8432865142822266,0.0,0.08798864954091956,0.8432865142822266,5.992770195007324,0.14071731216804917,0.0,0.0,0.0,19,-0.12821900217156662,-0.06749649661277307,0.052169157872124325,0.06107369389519891,1
648,1774280243.5018268,19,-0.08136975137810958,-0.7964372634887695,0.0,0.05633656900540083,0.7964372634887695,5.992770195007324,0.13289968371426866,0.0,0.0,0.0,19,0.038095838145205854,0.02004256059702005,0.04328345407300921,0.054926468615166535,1
649,1774280243.6014547,22,-0.15119530937888406,-0.9369850158691406,0.0,0.1037430497210758,0.9369850158691406,5.992770195007324,0.15635256907561018,0.0,0.0,0.0,22,-0.041201416211637115,-0.021686794434152667,0.035151411186565056,0.05504717612306879,1
650,1774280243.7013555,20,-0.0773012638092041,-0.7964372634887695,0.0,0.053834239785999216,0.7964372634887695,5.992770195007324,0.13289968371426866,0.0,0.0,0.0,20,0.026157498359680176,0.013768166230222438,0.04229154158383608,0.056148977467650366,1
651,1774280243.801067,18,-0.13273954391479492,-0.8432865142822266,0.0,0.08834280507130643,0.8432865142822266,5.992770195007324,0.14071731216804917,0.0,0.0,0.0,18,0.08424645976016396,0.04434904369622841,0.032768264665442,0.05581060311430747,1
652,1774280243.9011023,19,-0.17506825296502365,-0.9369850158691406,0.0,0.11594413672922448,0.9369850158691406,5.992770195007324,0.15635256907561018,0.0,0.0,0.0,19,-0.14383541910271896,-0.07570643932388949,0.032768264665442,0.05330175314473384,1
653,1774280244.0010657,17,-0.09645433986888212,-0.8432865142822266,0.0,0.06984035207597274,0.8432865142822266,5.992770195007324,0.14071731216804917,0.0,0.0,0.0,17,-0.057002339200707776,-0.030004821566121314,0.016959014168956822,0.049000911662805326,1
654,1774280244.1013966,14,-0.06023475102015904,-0.8432865142822266,0.0,0.047166927995987165,0.8432865142822266,5.992770195007324,0.14071731216804917,0.0,0.0,0.0,14,0.07291575123492935,0.0383740367547657,0.010545423355969516,0.0471945237077216,0
655,1774280244.2007442,18,-0.08589029312133789,-0.7964372634887695,0.0,0.05907810773919664,0.7964372634887695,5.992770195007324,0.13289968371426866,0.0,0.0,0.0,18,0.005342458423815269,0.0028127984861482176,0.0,0.04834569643431141,0
656,1774280244.301282,16,-0.09662657976150513,-0.7964372634887695,0.0,0.06542546054921772,0.7964372634887695,5.992770195007324,0.13289968371426866,0.0,0.0,0.0,16,0.005339436671313119,0.0028097353753723446,0.0,0.04813428195672699,0
657,1774280244.4016924,17,-0.090942663304946,-0.7964372634887695,0.0,0.06209381454688485,0.7964372634887695,5.992770195007324,0.13289968371426866,0.0,0.0,0.0,17,0.04960508907542509,0.02610627942376791,0.0,0.048535108517741316,0
658,1774280244.5014708,17,-0.090942663304946,-0.7964372634887695,0.0,0.06209381454688485,0.7964372634887695,5.992770195007324,0.13289968371426866,0.0,0.0,0.0,17,0.05787260392132927,0.030452515300276484,0.0,0.04926266339985412,0
659,1774280244.6011643,17,-0.090942663304946,-0.7964372634887695,0.0,0.06209381454688485,0.7964372634887695,5.992770195007324,0.13289968371426866,0.0,0.0,0.0,17,0.1047218547147863,0.055113795964800656,0.0,0.04970260516885721,0
660,1774280244.7013824,16,-0.09662657976150513,-0.7964372634887695,0.0,0.06542546054921772,0.7964372634887695,5.992770195007324,0.13289968371426866,0.0,0.0,0.0,16,0.029126672368300577,0.01532983256372869,0.0,0.04739059526184538,0
661,1774280244.8011718,16,-0.09662657976150513,-0.7964372634887695,0.0,0.06542546054921772,0.7964372634887695,5.992770195007324,0.13289968371426866,0.0,0.0,0.0,16,0.09628209997625911,0.050673985715543476,0.0,0.04766897628452838,0
662,1774280244.900952,18,-0.182191530863444,-0.8901357650756836,0.0,0.11678781990869741,0.8901357650756836,5.992770195007324,0.14853494062182968,0.0,0.0,0.0,18,-0.09630123774210611,-0.050692180971106976,0.0,0.046895249106406744,0
663,1774280245.0016687,18,-0.1405477523803711,-0.8901357650756836,0.0,0.09901222597363812,0.8901357650756836,5.992770195007324,0.14853494062182968,0.0,0.0,0.0,18,0.09816033499581472,0.0516580097079417,0.0,0.04647619455449416,0
664,1774280245.1008983,17,0.0,0.0,0.0,0.0,0.0,5.992770195007324,0.0,0.0,0.0,0.0,17,0.2084791660308838,0.10974092269347026,0.0,0.04554818526073923,0
665,1774280245.2012577,17,-0.10196601643281825,-0.8901357650756836,0.0,0.07804256828324228,0.8901357650756836,5.992770195007324,0.14853494062182968,0.0,0.0,0.0,17,0.011810735494148836,0.006216223845885364,0.0,0.039529200089775535,0
666,1774280245.3012016,17,0.0,0.0,0.0,0.0,0.0,5.992770195007324,0.0,0.0,0.0,0.0,17,0.12821900217156662,0.06747739923163727,0.0,0.04551606597232527,0
667,1774280245.4009166,16,0.0,0.0,0.0,0.0,0.0,5.992770195007324,0.0,0.0,0.0,0.0,16,0.08136975137810958,0.042846710466847765,0.0,0.049752755842140145,0
668,1774280245.501713,16,0.0,0.0,0.0,0.0,0.0,5.992770195007324,0.0,0.0,0.0,0.0,16,0.15119530937888406,0.07956566176554206,0.0,0.053660536089978644,0
669,1774280245.6007726,16,0.0,0.0,0.0,0.0,0.0,5.992770195007324,0.0,0.0,0.0,0.0,16,0.0773012638092041,0.04069735988390724,0.0,0.05490519960238857,0
670,1774280245.7008176,16,0.0,0.0,0.0,0.0,0.0,5.992770195007324,0.0,0.0,0.0,0.0,16,0.13273954391479492,0.0698720942213425,0.0,0.05766380915291929,0
671,1774280245.8014896,16,0.0,0.0,0.0,0.0,0.0,5.992770195007324,0.0,0.0,0.0,0.0,16,0.17506825296502365,0.09212240796901122,0.0,0.05848684113691161,0
672,1774280245.9016128,16,0.0,0.0,0.0,0.0,0.0,5.992770195007324,0.0,0.0,0.0,0.0,16,0.09645433986888212,0.050750830402391395,0.0,0.05515026086769559,0
673,1774280246.001433,16,0.0,0.0,0.0,0.0,0.0,5.992770195007324,0.0,0.0,0.0,0.0,16,0.06023475102015904,0.031701894280053294,0.0,0.05609198892660492,0
674,1774280246.101537,16,0.0,0.0,0.0,0.0,0.0,5.992770195007324,0.0,0.0,0.0,0.0,16,0.08589029312133789,0.045186561861438,0.0,0.05742143602474241,0
675,1774280246.2011254,16,0.0,0.0,0.0,0.0,0.0,5.992770195007324,0.0,0.0,0.0,0.0,16,0.09662657976150513,0.05086028511438948,0.0,0.05805904771059567,0
676,1774280246.3009286,16,0.0,0.0,0.0,0.0,0.0,5.992770195007324,0.0,0.0,0.0,0.0,16,0.090942663304946,0.04788380886889516,0.0,0.05794590757258925,0
677,1774280246.4012938,17,0.0,0.0,0.0,0.0,0.0,5.992770195007324,0.0,0.0,0.0,0.0,17,0.090942663304946,0.047869020261894366,0.0,0.0576938111458314,0
678,1774280246.5011535,17,0.0,0.0,0.0,0.0,0.0,5.992770195007324,0.0,0.0,0.0,0.0,17,0.090942663304946,0.04786483351895642,0.0,0.05707951160097359,0
679,1774280246.600702,17,0.0,0.0,0.0,0.0,0.0,5.992770195007324,0.0,0.0,0.0,0.0,17,0.09662657976150513,0.050874311664953625,0.0,0.05609110985383971,0
680,1774280246.7011378,17,0.0,0.0,0.0,0.0,0.0,5.992770195007324,0.0,0.0,0.0,0.0,17,0.09662657976150513,0.05085700464359863,0.0,0.05435616000749067,0
681,1774280246.801126,17,0.0,0.0,0.0,0.0,0.0,5.992770195007324,0.0,0.0,0.0,0.0,17,0.182191530863444,0.0958815035942912,0.0,0.052118021617309204,0
682,1774280246.9015486,18,-0.04684925079345703,-0.8432865142822266,0.0,0.03731248909843998,0.8432865142822266,5.992770195007324,0.14071731216804917,0.0,0.0,0.0,18,0.09369850158691406,0.049318117418280634,0.0,0.03752268890315984,0
683,1774280247.0013165,16,0.0,0.0,0.0,0.0,0.0,5.992770195007324,0.0,0.0,0.0,0.0,16,0.0,0.0,0.0,0.02396311918251108,0
684,1774280247.1012533,17,0.0,0.0,0.0,0.0,0.0,5.992770195007324,0.0,0.0,0.0,0.0,17,0.10196601643281825,0.053666449695411435,0.0,0.02396311918251108,0
685,1774280247.2011478,16,0.0,0.0,0.0,0.0,0.0,5.992770195007324,0.0,0.0,0.0,0.0,16,0.0,0.0,0.0,0.010210557489463595,0
686,1774280247.3015244,17,0.0,0.0,0.0,0.0,0.0,5.992770195007324,0.0,0.0,0.0,0.0,17,0.0,0.0,0.0,0.010210557489463595,0
687,1774280247.4007874,14,0.0,0.0,0.0,0.0,0.0,5.992770195007324,0.0,0.0,0.0,0.0,14,0.0,0.0,0.0,0.010210557489463595,0
688,1774280247.501438,19,-0.12082175204628393,-0.7964372634887695,0.0,0.07793245645491342,0.7964372634887695,5.992770195007324,0.13289968371426866,0.020350817002748187,0.1933327615261078,0.05933231748191226,19,-0.12082175204628393,-0.0635681374906092,0.0,0.027737222110169688,0
689,1774280247.6017559,21,-0.037925583975655694,-0.7964372634887695,0.0,0.028766998397890247,0.7964372634887695,5.992770195007324,0.13289968371426866,0.018412643954867407,0.1933327615261078,0.056751580113533366,21,-0.037925583975655694,-0.019950981325791893,0.0,0.028388025787142553,0
690,1774280247.7009075,21,-0.15839508601597377,-0.8901357650756836,0.0,0.10691568504904464,0.8901357650756836,5.992770195007324,0.14853494062182968,0.018412643954867407,0.1933327615261078,0.056751580113533366,21,-0.15839508601597377,-0.08339138423278276,0.0,0.04283433457333918,0
691,1774280247.8010297,22,-0.15119530937888406,-0.8901357650756836,0.0,0.1031444536392827,0.8901357650756836,6.043910980224609,0.14727810650887574,0.05272711677984758,0.5799982845783234,0.13269366731234516,22,-0.15119530937888406,-0.07960090673429092,0.0,0.05143405559917242,0
692,1774280247.9008524,21,-0.15170233590262278,-0.8432865142822266,0.0,0.09801682810519899,0.8432865142822266,6.043910980224609,0.1395266272189349,0.036825287909734813,0.3866655230522156,0.11350316022706673,21,-0.15170233590262278,-0.07986773444125339,0.0,0.05786045861690864,0
693,1774280248.0019858,21,-0.15839508601597377,-0.8901357650756836,0.0,0.10691568504904463,0.8901357650756836,5.992770195007324,0.14853494062182968,0.018412643954867407,0.1933327615261078,0.056751580113533366,21,-0.15839508601597377,-0.0833461475458901,0.0,0.06333561693349365,0
694,1774280248.1015072,21,-0.22755350385393416,-0.8432865142822266,0.0,0.12986955989525054,0.8432865142822266,5.992770195007324,0.14071731216804917,0.027618965932301114,0.1933327615261078,0.06765237375744962,21,-0.22755350385393416,-0.11974094018019713,0.0,0.07437739539798521,0
695,1774280248.2008595,18,-0.08589029312133789,-0.7964372634887695,0.0,0.05907810773919664,0.7964372634887695,6.043910980224609,0.13177514792899409,0.0,0.0,0.0,18,-0.08589029312133789,-0.0452070602573408,0.0,0.0736903550680212,0
696,1774280248.3013906,22,-0.07453289898959073,-0.8901357650756836,0.0,0.05600047737927023,0.8901357650756836,5.992770195007324,0.14853494062182968,0.0,0.0,0.0,22,-0.07453289898959073,-0.03922584119367289,0.0,0.07259321338192519,0
697,1774280248.4013722,20,-0.037479400634765625,-0.7495880126953125,0.0,0.02668940396688413,0.7495880126953125,5.992770195007324,0.12508205526048816,0.0,0.0,0.0,20,-0.037479400634765625,-0.019723729767336527,0.0,0.07147822496960868,0
698,1774280248.5012248,21,-0.07585116795131139,-0.8432865142822266,0.0,0.05486633050836365,0.8432865142822266,6.043910980224609,0.1395266272189349,0.027618965932301114,0.1933327615261078,0.06765237375744962,21,-0.07585116795131139,-0.03991068751580433,0.0,0.07005763691893005,0
699,1774280248.6016138,21,-0.035694667271205356,-0.7495880126953125,0.0,0.02548218543204119,0.7495880126953125,5.992770195007324,0.12508205526048816,0.0,0.0,0.0,21,-0.035694667271205356,-0.01878196181820717,0.0,0.06878830889020558,0
700,1774280248.7009292,20,-0.11478066444396973,-0.7964372634887695,0.0,0.0747292336811256,0.7964372634887695,5.992770195007324,0.13289968371426866,0.0,0.0,0.0,20,-0.11478066444396973,-0.060417135186798976,0.0,0.06764469181053172,0
701,1774280248.8013742,16,0.0,0.0,0.0,0.0,0.0,5.992770195007324,0.0,0.0,0.0,0.0,16,0.04684925079345703,0.024659764275242625,0.0,0.06764469181053172,0
702,1774280248.9007692,19,0.0,0.0,0.0,0.0,0.0,5.992770195007324,0.0,0.010175408501374094,0.1933327615261078,0.04317060211598919,19,0.0,0.0,0.0,0.06932944537566883,0
703,1774280249.0010111,20,0.0,0.0,0.0,0.0,0.0,5.992770195007324,0.0,0.0,0.0,0.0,20,0.0,0.0,0.0,0.06932944537566883,0
704,1774280249.1009088,17,0.0,0.0,0.0,0.0,0.0,5.992770195007324,0.0,0.03411754615166608,0.1933327615261078,0.07370232329163695,17,0.0,0.0,0.0,0.06932944537566883,0
705,1774280249.2011425,20,-0.20613670349121094,-0.8901357650756836,0.0,0.1280476831766464,0.8901357650756836,6.043910980224609,0.14727810650887574,0.009666638076305389,0.1933327615261078,0.042135898498397606,20,-0.20613670349121094,-0.1085148105270662,0.007733310461044311,0.07314954757348877,0
706,1774280249.3013365,18,-0.13273954391479492,-0.8432865142822266,0.0,0.08834280507130643,0.8432865142822266,5.992770195007324,0.14071731216804917,0.0,0.0,0.0,18,-0.13273954391479492,-0.06984273060426287,0.014320945298230206,0.07142654584195121,0
707,1774280249.4016263,17,-0.090942663304946,-0.7964372634887695,0.0,0.06209381454688485,0.7964372634887695,6.043910980224609,0.13177514792899409,0.011372515383888693,0.1933327615261078,0.04549006153555478,17,0.02987908874133792,0.015724276612421605,0.01901633719928929,0.06848483651668029,0
708,1774280249.5009637,18,0.0,0.0,0.0,0.0,0.0,5.992770195007324,0.0,0.04296283589469062,0.3866655230522156,0.10302126135733425,18,0.037925583975655694,0.019969159440063694,0.030208243988454342,0.0710453921501406,0
709,1774280249.6015615,17,0.0,0.0,0.0,0.0,0.0,5.992770195007324,0.0,0.0,0.0,0.0,17,0.15839508601597377,0.08333714582183427,0.03624989278614521,0.07281303509845337,0
710,1774280249.7011771,17,0.0,0.0,0.0,0.0,0.0,6.043910980224609,0.0,0.03411754615166608,0.3866655230522156,0.09914329058446496,17,0.15119530937888406,0.07957030404656418,0.03624989278614521,0.07302016675315438,0
711,1774280249.800795,16,-0.049777328968048096,-0.7964372634887695,0.0,0.0371667371878992,0.7964372634887695,5.992770195007324,0.13289968371426866,0.024166595190763474,0.3866655230522156,0.09359682070836317,16,0.10192500693457468,0.053646360146367617,0.027618965932301114,0.07120045553926871,0
712,1774280249.901327,16,-0.049777328968048096,-0.7964372634887695,0.0,0.0371667371878992,0.7964372634887695,6.043910980224609,0.13177514792899409,0.03624989278614521,0.5799982845783234,0.14039523106254476,16,0.10861775704792567,0.05718707223314566,0.016111063460508983,0.0689300709222094,0
713,1774280250.0010827,16,0.0,0.0,0.0,0.0,0.0,6.043910980224609,0.0,0.0,0.0,0.0,16,0.22755350385393416,0.11979176780428683,0.009508168599644646,0.06704531067512509,0
714,1774280250.1009955,16,-0.049777328968048096,-0.7964372634887695,0.0,0.0371667371878992,0.7964372634887695,6.043910980224609,0.13177514792899409,0.03624989278614521,0.5799982845783234,0.14039523106254476,16,0.036112964153289795,0.01900546290798655,0.0,0.05477982434698624,0
715,1774280250.2016401,17,-0.04684925079345703,-0.7964372634887695,0.0,0.03511763679853175,0.7964372634887695,6.043910980224609,0.13177514792899409,0.0,0.0,0.0,17,0.027683648196133698,0.014568428235346504,0.009206321977433703,0.05416427922257907,0
716,1774280250.3013592,16,0.0,0.0,0.0,0.0,0.0,6.043910980224609,0.0,0.0,0.0,0.0,16,0.037479400634765625,0.019726135485673896,0.00935481104158586,0.05478593338107363,0
717,1774280250.4010437,17,0.0,0.0,0.0,0.0,0.0,6.043910980224609,0.0,0.056862576919443464,0.9666638076305389,0.22745030767777388,17,0.07585116795131139,0.03992547292861107,0.00935481104158586,0.05562821627638877,0
718,1774280250.5012083,18,0.0,0.0,0.0,0.0,0.0,6.043910980224609,0.0,0.08592567178938124,0.7733310461044312,0.24303450080112443,18,0.035694667271205356,0.01879067686223452,0.0,0.05581840934295268,0
719,1774280250.6010947,15,0.0,0.0,0.0,0.0,0.0,6.043910980224609,0.0,0.0,0.0,0.0,15,0.11478066444396973,0.06040561253681364,0.003515141118656505,0.05645692388321072,0
720,1774280250.701219,18,0.0,0.0,0.0,0.0,0.0,5.992770195007324,0.0,0.25777701536814374,1.5466620922088623,0.5764069294001772,18,0.0,0.0,0.003515141118656505,0.05404492830092362,0
721,1774280250.8011217,18,0.0,0.0,0.0,0.0,0.0,6.043910980224609,0.0,0.13962921665774453,1.1599965691566467,0.3634424844448108,18,0.0,0.0,0.013809482966150557,0.05404492830092362,0
722,1774280250.9010494,19,0.0,0.0,0.0,0.0,0.0,6.043910980224609,0.0,0.040701634005496375,0.1933327615261078,0.07881837533335848,19,0.0,0.0,0.013567211335165459,0.05404492830092362,0
723,1774280251.0009532,20,-0.051534175872802734,-1.0306835174560547,0.0,0.050459654374890306,1.0306835174560547,5.992770195007324,0.17198782598317122,0.02899991422891617,0.1933327615261078,0.06903360396656207,20,-0.051534175872802734,-0.027122616058194857,0.01406056447462602,0.05371872487565919,0
724,1774280251.1010785,17,0.0,0.0,0.0,0.0,0.0,5.992770195007324,0.0,0.06823509230333216,0.5799982845783234,0.18686949633991082,17,0.20613670349121094,0.10849665870196284,0.00703028223731301,0.05371872487565919,0
725,1774280251.2009554,20,0.0,0.0,0.0,0.0,0.0,5.992770195007324,0.0,0.038666552305221556,0.1933327615261078,0.07733310461044311,20,0.13273954391479492,0.06987693501376013,0.01823893976661394,0.03678555402855251,0
726,1774280251.3013213,20,-0.053876638412475586,-1.0775327682495117,0.0,0.05515115116594416,1.0775327682495117,5.992770195007324,0.17980545443695173,0.038666552305221556,0.1933327615261078,0.07733310461044311,20,0.03706602489247042,0.019511567099702865,0.018589688608279593,0.02806515282400733,0
727,1774280251.4011202,19,0.0,0.0,0.0,0.0,0.0,5.992770195007324,0.0,0.0,0.0,0.0,19,0.0,0.0,0.026025564051591434,0.023063797276298065,0
728,1774280251.5013819,19,0.0,0.0,0.0,0.0,0.0,5.992770195007324,0.0,0.010175408501374094,0.1933327615261078,0.04317060211598919,19,0.0,0.0,0.019333276152610778,0.023063797276298065,0
729,1774280251.601421,18,0.0,0.0,0.0,0.0,0.0,5.992770195007324,0.0,0.0,0.0,0.0,18,0.0,0.0,0.03156453249405841,0.023063797276298065,0
730,1774280251.7019594,18,-0.11712312698364258,-1.0775327682495117,0.0,0.10980358311485361,1.0775327682495117,5.992770195007324,0.17980545443695173,0.02148141794734531,0.1933327615261078,0.06075862520028111,18,-0.06734579801559448,-0.03542344985823409,0.020138829325636227,0.03173197914295908,0
731,1774280251.8019795,19,-0.056712250960500615,-1.0775327682495117,0.0,0.057893029362122435,1.0775327682495117,5.992770195007324,0.17980545443695173,0.0,0.0,0.0,19,-0.00693492199245252,-0.003648705618741742,0.024166595190763474,0.03208121457249273,0
732,1774280251.9016604,20,-0.07495880126953125,-1.499176025390625,0.0,0.10675761586753651,1.499176025390625,6.043910980224609,0.24804733727810652,0.0,0.0,0.0,20,-0.07495880126953125,-0.039440007095187024,0.011836699685271906,0.03363151128584061,0
733,1774280252.0015652,21,-0.11823858533586774,-1.405477523803711,0.0,0.13537411010771874,1.405477523803711,6.043910980224609,0.23254437869822486,0.0,0.0,0.0,21,-0.06846125636781965,-0.036021439878579885,0.011836699685271906,0.039097536490041405,0
734,1774280252.101654,22,-0.04897876219315962,-1.0775327682495117,0.0,0.05037730206545572,1.0775327682495117,5.992770195007324,0.17980545443695173,0.008787852796641264,0.1933327615261078,0.04027100063673795,22,-0.002129511399702591,-0.0011207872601361256,0.019333276152610778,0.03907614107435766,0
735,1774280252.2016623,23,-0.04684925079345703,-1.0775327682495117,0.0,0.048286750597981154,1.0775327682495117,6.043910980224609,0.17828402366863905,0.033623088961062225,0.3866655230522156,0.10895126051807201,23,-0.04684925079345703,-0.02465356719552437,0.04928089999685101,0.03907614107435766,0
736,1774280252.3020916,21,-0.0513110842023577,-1.0775327682495117,0.0,0.05265654724042886,1.0775327682495117,6.043910980224609,0.17828402366863905,0.036825287909734813,0.3866655230522156,0.11350316022706673,21,-0.0513110842023577,-0.026990946933612536,0.050266517996788024,0.038809933566940465,0
737,1774280252.401827,21,-0.0513110842023577,-1.0775327682495117,0.0,0.05265654724042886,1.0775327682495117,5.992770195007324,0.17980545443695173,0.036825287909734813,0.1933327615261078,0.07591727587280882,21,-0.0513110842023577,-0.026997041400236274,0.1213068307614794,0.03837073036661481,0
738,1774280252.501678,21,0.0,0.0,0.0,0.0,0.0,5.992770195007324,0.0,0.04603160988716852,0.3866655230522156,0.11789844678263292,21,0.0,0.0,0.14026102306796054,0.03837073036661481,0
739,1774280252.602251,21,0.0,0.0,0.0,0.0,0.0,6.043910980224609,0.0,0.009206321977433703,0.1933327615261078,0.04117192352858409,21,0.0,0.0,0.14412078586491672,0.03837073036661481,0
740,1774280252.7020717,21,0.0,0.0,0.0,0.0,0.0,6.043910980224609,0.0,0.0,0.0,0.0,21,0.0,0.0,0.06783605667582729,0.03837073036661481,0
741,1774280252.8017476,18,0.0,0.0,0.0,0.0,0.0,6.043910980224609,0.0,0.010740708973672655,0.1933327615261078,0.04428507759247181,18,0.0,0.0,0.04488081963998931,0.03837073036661481,0
742,1774280252.9019063,20,0.0,0.0,0.0,0.0,0.0,6.043910980224609,0.0,0.05799982845783234,0.3866655230522156,0.13806720793312413,20,0.051534175872802734,0.027109652052036987,0.04409343683928774,0.03837073036661481,0
743,1774280253.0018759,19,-0.05424650091873972,-1.0306835174560547,0.0,0.052968291514682915,1.0306835174560547,6.043910980224609,0.17053254437869822,0.0,0.0,0.0,19,-0.05424650091873972,-0.028538813162193054,0.047485239673079105,0.03843880495419103,0
744,1774280253.10169,20,0.0,0.0,0.0,0.0,0.0,6.043910980224609,0.0,0.019333276152610778,0.1933327615261078,0.05799982845783234,20,0.0,0.0,0.026214611732353597,0.03843880495419103,0
745,1774280253.2018747,19,0.0,0.0,0.0,0.0,0.0,6.043910980224609,0.0,0.0,0.0,0.0,19,0.053876638412475586,0.028347867822601496,0.016666617372940326,0.03843880495419103,0
746,1774280253.301547,23,-0.1385108284328295,-2.1550655364990234,0.0,0.22892848865734744,2.1550655364990234,6.043910980224609,0.3565680473372781,0.016811544480531113,0.1933327615261078,0.054475630259036005,23,-0.1385108284328295,-0.07288406147648949,0.003452370741537639,0.04459497399071355,0
747,1774280253.4013283,21,-0.0513110842023577,-1.0775327682495117,0.0,0.05265654724042886,1.0775327682495117,6.043910980224609,0.17828402366863905,0.027618965932301114,0.1933327615261078,0.06765237375744962,21,-0.0513110842023577,-0.027006594933397864,0.010545423355969516,0.04380913548419655,0
748,1774280253.5016782,19,0.0,0.0,0.0,0.0,0.0,6.043910980224609,0.0,0.030526225504122283,0.1933327615261078,0.07049729804859288,19,0.0,0.0,0.00703028223731301,0.04380913548419655,0
749,1774280253.6019764,20,0.04216432571411133,-1.0775327682495117,0.9838342666625977,0.14856955218078838,2.0613670349121094,6.043910980224609,0.34106508875739644,0.009666638076305389,0.1933327615261078,0.042135898498397606,20,0.1592874526977539,0.08383475030081254,0.006783605667582729,0.04663001426261695,0
750,1774280253.7020836,19,-0.056712250960500615,-1.0775327682495117,0.0,0.057893029362122435,1.0775327682495117,6.043910980224609,0.17828402366863905,0.010175408501374094,0.1933327615261078,0.04317060211598919,19,0.0,0.0,0.0,0.04326603502522075,0
751,1774280253.8018224,19,0.0,0.0,0.0,0.0,0.0,6.043910980224609,0.0,0.040701634005496375,0.1933327615261078,0.07881837533335848,19,0.07495880126953125,0.039448637535152764,0.0030687739924779014,0.04362987696796719,0
752,1774280253.901684,18,-0.05726019541422526,-1.0306835174560547,0.0,0.05573840964087948,1.0306835174560547,6.043910980224609,0.17053254437869822,0.03222212692101797,0.1933327615261078,0.07205086617502215,18,0.060978389921642485,0.03209188237538198,0.01464642132773544,0.04293392935795735,0
753,1774280254.0013072,18,0.0,0.0,0.0,0.0,0.0,6.043910980224609,0.0,0.04296283589469062,0.1933327615261078,0.0803761061410629,18,0.04897876219315962,0.025783002017241083,0.02636355838992379,0.0385139112649791,0
754,1774280254.1019452,19,0.0,0.0,0.0,0.0,0.0,6.043910980224609,0.0,0.11192949351511504,0.5799982845783234,0.22012774260297893,19,0.04684925079345703,0.024653830113656038,0.035692202127896824,0.03851406931537213,0
755,1774280254.2014782,20,-0.053876638412475586,-1.0775327682495117,0.0,0.05515115116594416,1.0775327682495117,6.043910980224609,0.17828402366863905,0.04833319038152695,0.3866655230522156,0.10366314458524724,20,-0.002565554210117886,-0.001350727729781292,0.039894061902212716,0.03875888499288516,0
756,1774280254.3023036,21,0.0,0.0,0.0,0.0,0.0,6.043910980224609,0.0,0.0,0.0,0.0,21,0.0513110842023577,0.026999063339497923,0.030687739924779012,0.03853852856401703,0
757,1774280254.4019856,23,0.0,0.0,0.0,0.0,0.0,6.043910980224609,0.0,0.033623088961062225,0.1933327615261078,0.07327982347547411,23,0.0,0.0,0.018412643954867407,0.038144738366612335,0
758,1774280254.5021067,25,-0.0899505615234375,-1.1243820190429688,0.0,0.09304769046138972,1.1243820190429688,6.043910980224609,0.18603550295857987,0.038666552305221556,0.1933327615261078,0.07733310461044311,25,-0.0899505615234375,-0.047345998756113394,0.006444425384203593,0.040902945549997675,0
759,1774280254.601372,23,-0.1405477523803711,-1.1243820190429688,0.0,0.13188199471622522,1.1243820190429688,6.043910980224609,0.18603550295857987,0.02521731672079667,0.1933327615261078,0.06511083179712221,23,-0.1405477523803711,-0.07399975120015796,0.022937785265809398,0.04783616497900198,0
760,1774280254.7016628,25,0.0,0.0,0.0,0.0,0.0,6.043910980224609,0.0,0.030933241844177246,0.1933327615261078,0.0708769611206588,25,0.0,0.0,0.023742619836539552,0.047836164979001984,0
761,1774280254.8019829,25,-0.04497528076171875,-1.1243820190429688,0.0,0.04854662111029029,1.1243820190429688,6.043910980224609,0.18603550295857987,0.007733310461044311,0.1933327615261078,0.03788532930417179,25,-0.04497528076171875,-0.023670245770781827,0.026214611732353597,0.047427820301034956,0
762,1774280254.9015572,25,0.0,0.0,0.0,0.0,0.0,6.043910980224609,0.0,0.030933241844177246,0.1933327615261078,0.0708769611206588,25,0.05424650091873972,0.02855557933315608,0.006666646949176131,0.047427820301034956,0
763,1774280255.001599,23,0.0,0.0,0.0,0.0,0.0,6.043910980224609,0.0,0.02521731672079667,0.1933327615261078,0.06511083179712221,23,0.0,0.0,0.012473081388781148,0.047643611957740535,0
764,1774280255.10161,24,0.0,0.0,0.0,0.0,0.0,6.043910980224609,0.0,0.03222212692101797,0.1933327615261078,0.07205086617502215,24,0.0,0.0,0.015343869962389506,0.04764361195774054,0
765,1774280255.202202,25,-0.12555599212646484,-1.1243820190429688,0.0,0.1163658012956148,1.1243820190429688,6.043910980224609,0.18603550295857987,0.05413317322731018,0.3866655230522156,0.11625714814685079,25,0.012954836306364653,0.006815985064978721,0.02455019193982321,0.05145593048490157,0
766,1774280255.301891,24,0.0,0.0,0.0,0.0,0.0,6.043910980224609,0.0,0.04833319038152695,0.3866655230522156,0.12787760181985938,24,0.0513110842023577,0.02699783726983246,0.022555488844712576,0.046224748049739285,0
767,1774280255.4019492,25,-0.16490936279296875,-1.1243820190429688,0.0,0.14365220508807397,1.1243820190429688,6.043910980224609,0.18603550295857987,0.06186648368835449,0.3866655230522156,0.13078214685671988,25,-0.16490936279296875,-0.08678202640448042,0.016666617372940326,0.05481118471230834,0
768,1774280255.501531,24,-0.08589029312133789,-1.0775327682495117,0.0,0.08133147133548846,1.0775327682495117,6.043910980224609,0.17828402366863905,0.06444425384203593,0.5799982845783234,0.164301253939734,24,-0.12805461883544922,-0.06741297469446711,0.019999940847528392,0.05529612482559283,0
769,1774280255.6013908,24,-0.13078749179840088,-1.1243820190429688,0.0,0.12053016162916208,1.1243820190429688,6.043910980224609,0.18603550295857987,0.04833319038152695,0.3866655230522156,0.12787760181985938,24,-0.07407524083790026,-0.03900118888074226,0.027618965932301114,0.05546976813029811,0
770,1774280255.701749,23,0.0,0.0,0.0,0.0,0.0,6.043910980224609,0.0,0.033623088961062225,0.1933327615261078,0.07327982347547411,23,0.0,0.0,0.038666552305221556,0.05636981273537708,0
771,1774280255.8017275,24,-0.048801302909851074,-1.1712312698364258,0.0,0.054776044811077895,1.1712312698364258,6.043910980224609,0.1937869822485207,0.06444425384203593,0.5799982845783234,0.17352146390608722,24,0.008458892504374184,0.00445194678953726,0.0632725401358171,0.05543102502315539,0
772,1774280255.9019115,23,-0.09573542553445567,-1.1243820190429688,0.0,0.09628306705419751,1.1243820190429688,6.043910980224609,0.18603550295857987,0.016811544480531113,0.1933327615261078,0.054475630259036005,23,-0.09573542553445567,-0.05037104680410802,0.06783605667582729,0.05640832992648615,0
773,1774280256.0013769,23,0.0,0.0,0.0,0.0,0.0,6.043910980224609,0.0,0.02521731672079667,0.1933327615261078,0.06511083179712221,23,0.0,0.0,0.05155540307362874,0.05640832992648615,0
774,1774280256.1020935,24,0.0,0.0,0.0,0.0,0.0,6.043910980224609,0.0,0.06444425384203593,0.3866655230522156,0.1441017323500443,24,0.053876638412475586,0.028346946808972373,0.027187419589608908,0.05640832992648615,0
775,1774280256.201427,19,-0.056712250960500615,-1.0775327682495117,0.0,0.057893029362122435,1.0775327682495117,6.043910980224609,0.17828402366863905,0.07122785950961866,0.9666638076305389,0.21918500703926805,19,-0.056712250960500615,-0.029862330197765536,0.02521731672079667,0.056423841052704496,0
776,1774280256.3019476,22,0.0,0.0,0.0,0.0,0.0,6.043910980224609,0.0,0.07909067516977136,0.5799982845783234,0.1811662265146574,22,0.0,0.0,0.032675959694553426,0.056423841052704496,0
777,1774280256.401488,20,0.053876638412475586,0.0,1.0775327682495117,0.05515115116594416,1.0775327682495117,6.043910980224609,0.17828402366863905,0.05799982845783234,0.5799982845783234,0.17399948537349702,20,0.14382719993591309,0.07572318018904717,0.03178072792209991,0.05988793370646039,0
778,1774280256.5013425,19,-0.06164375104402241,-1.1712312698364258,0.0,0.06839913676999344,1.1712312698364258,6.043910980224609,0.1937869822485207,0.0,0.0,0.0,19,0.07890400133634869,0.041529065861650914,0.021187151948066606,0.05917456348457917,0
779,1774280256.6013172,20,-0.05856156349182129,-1.1712312698364258,0.0,0.0651596776535257,1.1712312698364258,6.043910980224609,0.1937869822485207,0.009666638076305389,0.1933327615261078,0.042135898498397606,20,-0.05856156349182129,-0.03082748306669103,0.023199931383132935,0.05512024482099922,0
780,1774280256.7018473,22,-0.1107345927845348,-1.2180805206298828,0.0,0.12262150039156747,1.2180805206298828,5.992770195007324,0.20325833979829325,0.07030282237313011,0.7733310461044312,0.18929614244300422,22,-0.06575931202281605,-0.0346126338303894,0.021187151948066606,0.05627477196755817,0
781,1774280256.8023198,23,-0.05296002263608186,-1.2180805206298828,0.0,0.06170480794751468,1.2180805206298828,6.043910980224609,0.20153846153846153,0.07565195016239,0.5799982845783234,0.19533249539136668,23,-0.05296002263608186,-0.027862513607312137,0.029536949677599802,0.0562907073328119,0
782,1774280256.9018333,24,-0.05075335502624512,-1.2180805206298828,0.0,0.05924577006766185,1.2180805206298828,5.992770195007324,0.20325833979829325,0.03222212692101797,0.1933327615261078,0.07205086617502215,24,-0.05075335502624512,-0.026708999568390096,0.03759248140785429,0.05525269653332886,0
783,1774280257.0015984,24,-0.1093149185180664,-1.405477523803711,0.0,0.13217888295002922,1.405477523803711,6.043910980224609,0.23254437869822486,0.04833319038152695,0.5799982845783234,0.12787760181985938,24,-0.1093149185180664,-0.057534518515135094,0.04502269788964154,0.05549611834200834,0
784,1774280257.101904,23,-0.18536007922628653,-1.546025276184082,0.0,0.23179133948331448,1.546025276184082,6.043910980224609,0.2557988165680473,0.09246349464292111,0.7733310461044312,0.22711145959046158,23,-0.059804087099821684,-0.03148077558179568,0.054864702595246805,0.06077636126290343,0
785,1774280257.2020805,26,-0.1009060786320613,-1.405477523803711,0.0,0.1228597796279994,1.405477523803711,6.043910980224609,0.23254437869822486,0.06692287898980655,0.5799982845783234,0.16034616701975865,26,-0.1009060786320613,-0.05310316889830595,0.05826466785718317,0.05976091288319587,0
786,1774280257.3014412,20,0.0,0.0,0.0,0.0,0.0,6.043910980224609,0.0,0.0966663807630539,1.1599965691566467,0.26997450902753056,20,0.16490936279296875,0.08681761259849477,0.05826466785718317,0.05976091288319587,0
787,1774280257.4012296,21,-0.05354200090680804,-1.1243820190429688,0.0,0.05733491722209268,1.1243820190429688,6.043910980224609,0.18603550295857987,0.08285689779690333,0.5799982845783234,0.20295712127234886,21,0.03234829221452985,0.017028116948623117,0.04901393954183014,0.05500098060525754,0
788,1774280257.5013306,18,0.0,0.0,0.0,0.0,0.0,5.992770195007324,0.0,0.16111063460508981,1.1599965691566467,0.37715032609563537,18,0.13078749179840088,0.06883770395630527,0.04901393954183014,0.05595304867829363,0
789,1774280257.6022208,23,-0.04684925079345703,-1.0775327682495117,0.0,0.048286750597981154,1.0775327682495117,5.992770195007324,0.17980545443695173,0.14289812808451446,1.5466620922088623,0.3570227451398791,23,-0.04684925079345703,-0.024651380552582335,0.038666552305221556,0.05304044759850972,0
790,1774280257.7016385,20,-0.051534175872802734,-1.0306835174560547,0.0,0.050459654374890306,1.0306835174560547,5.992770195007324,0.17198782598317122,0.0,0.0,0.0,20,-0.00273287296295166,-0.0014384216251271834,0.035904655711991446,0.05184049213260585,0
791,1774280257.8012877,16,0.0,0.0,0.0,0.0,0.0,5.992770195007324,0.0,0.03624989278614521,0.1933327615261078,0.07546016929721112,16,0.09573542553445567,0.05040361559534529,0.035904655711991446,0.05304353773072571,0
792,1774280257.9013262,17,0.0,0.0,0.0,0.0,0.0,5.992770195007324,0.0,0.03411754615166608,0.1933327615261078,0.07370232329163695,17,0.0,0.0,0.05272711677984758,0.05293291552443657,0
793,1774280258.0015934,16,-0.07027387619018555,-1.1243820190429688,0.0,0.0740762651219029,1.1243820190429688,5.992770195007324,0.18762308289073223,0.0,0.0,0.0,16,-0.07027387619018555,-0.03699598849264724,0.07138440425579365,0.05220639902451911,0
794,1774280258.1011279,15,0.0,0.0,0.0,0.0,0.0,5.992770195007324,0.0,0.02577770153681437,0.1933327615261078,0.06572050157589361,15,0.056712250960500615,0.02985325298106314,0.0697265697307274,0.052206399024519116,0
795,1774280258.2015069,17,-0.0633842804852654,-1.0775327682495117,0.0,0.06428107220215672,1.0775327682495117,5.992770195007324,0.17980545443695173,0.07960760768722086,0.5799982845783234,0.1882486257239587,17,-0.0633842804852654,-0.03336788793038051,0.047540842998223226,0.05228377630986666,0
796,1774280258.3016982,18,0.0,0.0,0.0,0.0,0.0,6.043910980224609,0.0,0.06444425384203593,0.3866655230522156,0.12888850768407184,18,-0.053876638412475586,-0.028352989607730632,0.022937785265809398,0.05228377630986665,0
797,1774280258.4018075,15,0.0,0.0,0.0,0.0,0.0,5.860805511474609,0.0,0.038666552305221556,0.3866655230522156,0.10470951863416166,15,0.06164375104402241,0.03243614098016584,0.028524505798933935,0.048187873023856125,0
798,1774280258.5021555,18,-0.11972586313883464,-1.0775327682495117,0.0,0.1146742584347117,1.0775327682495117,6.043910980224609,0.17828402366863905,0.03222212692101797,0.1933327615261078,0.07205086617502215,18,-0.06116429964701335,-0.03217753831599039,0.053538303191845237,0.05045145717771042,0
799,1774280258.6014285,14,0.0,0.0,0.0,0.0,0.0,5.860805511474609,0.0,0.0,0.0,0.0,14,0.1107345927845348,0.05829421408188992,0.058840405681858894,0.051766295846743415,0
800,1774280258.7018259,18,0.05986293156941732,0.0,1.0775327682495117,0.060920699793440586,1.0775327682495117,5.860805511474609,0.18385403954112767,0.04296283589469062,0.1933327615261078,0.0803761061410629,18,0.11282295420549918,0.05939594228016321,0.05173693618304293,0.05512833020977268,0
801,1774280258.8016994,18,-0.05986293156941732,-1.0775327682495117,0.0,0.060920699793440586,1.0775327682495117,5.992770195007324,0.17980545443695173,0.02148141794734531,0.3866655230522156,0.08857015518494361,18,-0.009109576543172203,-0.004794851870554855,0.0571829294654685,0.05521592293284621,0
802,1774280258.9014459,18,0.0,0.0,0.0,0.0,0.0,5.992770195007324,0.0,0.06444425384203593,0.3866655230522156,0.12888850768407184,18,0.1093149185180664,0.057538785659301615,0.06885824383121647,0.05594356223972288,0
803,1774280259.0014098,18,0.0,0.0,0.0,0.0,0.0,5.992770195007324,0.0,0.03222212692101797,0.3866655230522156,0.09666638076305391,18,0.18536007922628653,0.09758331561327867,0.08405772240265556,0.0542223811608111,0
804,1774280259.1015432,18,-0.05986293156941732,-1.0775327682495117,0.0,0.060920699793440586,1.0775327682495117,6.043910980224609,0.17828402366863905,0.03222212692101797,0.1933327615261078,0.07205086617502215,18,0.04104314706264398,0.021607766799009994,0.08079578093628385,0.042378145229301584,0
805,1774280259.2017791,20,-0.051534175872802734,-1.0306835174560547,0.0,0.050459654374890306,1.0306835174560547,6.043910980224609,0.17053254437869822,0.038666552305221556,0.3866655230522156,0.11599965691566468,20,-0.051534175872802734,-0.02711842716886255,0.11141209986250279,0.039411188929427104,0
806,1774280259.3017952,21,-0.10039125170026507,-1.0775327682495117,0.0,0.09579709085857982,1.0775327682495117,6.043910980224609,0.17828402366863905,0.018412643954867407,0.1933327615261078,0.056751580113533366,21,-0.04684925079345703,-0.0246501621391072,0.12784908423500677,0.0421022788715536,0
807,1774280259.4018455,17,-0.11850104612462661,-1.0306835174560547,0.0,0.10538328897414069,1.0306835174560547,6.043910980224609,0.17053254437869822,0.022745030767777386,0.3866655230522156,0.09098012307110956,17,-0.11850104612462661,-0.06235207616547963,0.10142046506287622,0.04604790846796858,0
808,1774280259.5019197,19,0.0,0.0,0.0,0.0,0.0,5.992770195007324,0.0,0.020350817002748187,0.1933327615261078,0.05933231748191226,19,0.04684925079345703,0.024661407658088722,0.065536529330884,0.04604790846796858,0
809,1774280259.6019104,19,-0.11095875187924034,-1.0775327682495117,0.0,0.10470843852914018,1.0775327682495117,5.992770195007324,0.17980545443695173,0.0,0.0,0.0,19,-0.05942457600643761,-0.031271617624554666,0.02188672771993673,0.048962769503949226,0
810,1774280259.701308,19,0.0,0.0,0.0,0.0,0.0,6.043910980224609,0.0,0.0,0.0,0.0,19,0.0,0.0,0.023673399370543812,0.04949939540470793,0
811,1774280259.8016481,21,-0.0513110842023577,-1.0775327682495117,0.0,0.05265654724042886,1.0775327682495117,6.043910980224609,0.17828402366863905,0.009206321977433703,0.1933327615261078,0.04117192352858409,21,-0.0513110842023577,-0.027001258350047286,0.020138829325636227,0.048959552638062044,0
812,1774280259.9017296,22,-0.14906579797918146,-1.1243820190429688,0.0,0.1407970541478324,1.1243820190429688,6.043910980224609,0.18603550295857987,0.017575705593282528,0.1933327615261078,0.05557926115933376,22,-0.07879192178899591,-0.041466459323533614,0.03624989278614521,0.05381954787247358,0
813,1774280260.0020237,22,-0.04897876219315962,-1.0775327682495117,0.0,0.050377302065455744,1.0775327682495117,6.043910980224609,0.17828402366863905,0.035151411186565056,0.1933327615261078,0.07456740365489042,22,-0.04897876219315962,-0.025766147370048568,0.05799982845783234,0.0535138458884255,0
814,1774280260.101366,22,-0.1405477523803711,-1.0775327682495117,0.0,0.12530611312203374,1.0775327682495117,6.043910980224609,0.17828402366863905,0.05272711677984758,0.3866655230522156,0.13269366731234514,22,-0.0771634718951057,-0.040615363655253985,0.06186648368835449,0.056462716937048255,0
815,1774280260.2014906,21,-0.04908016749790737,-1.0306835174560547,0.0,0.04817725683245284,1.0306835174560547,6.043910980224609,0.17053254437869822,0.009206321977433703,0.1933327615261078,0.04117192352858409,21,-0.04908016749790737,-0.025834489416276616,0.04549006153555477,0.05638822790124295,0
816,1774280260.3014581,19,0.0,0.0,0.0,0.0,0.0,6.043910980224609,0.0,0.030526225504122283,0.1933327615261078,0.07049729804859288,19,0.0,0.0,0.024680778067162696,0.05638822790124295,0
817,1774280260.4012284,19,0.0,0.0,0.0,0.0,0.0,6.043910980224609,0.0,0.061052451008244565,0.3866655230522156,0.14099459609718576,19,0.11972586313883464,0.06304437499589365,0.02706658661365509,0.05638822790124295,0
818,1774280260.50174,24,-0.04684925079345703,-1.1243820190429688,0.0,0.05048160289788939,1.1243820190429688,6.043910980224609,0.18603550295857987,0.04833319038152695,0.3866655230522156,0.12787760181985938,24,-0.04684925079345703,-0.024653458936747127,0.023199931383132935,0.054071719505714544,0
819,1774280260.6012764,22,0.05110827359286221,0.0,1.1243820190429688,0.05485316822250002,1.1243820190429688,6.043910980224609,0.18603550295857987,0.07909067516977136,0.5799982845783234,0.19904050096851772,22,-0.008754657976555107,-0.004609047611239314,0.04296283589469062,0.05731257307572689,0
820,1774280260.7021248,22,0.0,0.0,0.0,0.0,0.0,6.043910980224609,0.0,0.07030282237313011,0.3866655230522156,0.14913480730978085,22,0.05986293156941732,0.03149975289473634,0.03938259957013307,0.053239103192590134,0
821,1774280260.8012118,20,0.0,0.0,0.0,0.0,0.0,6.043910980224609,0.0,0.02899991422891617,0.1933327615261078,0.06903360396656207,20,0.0,0.0,0.04296283589469062,0.05409597004354447,0
822,1774280260.901804,21,0.0,0.0,0.0,0.0,0.0,6.043910980224609,0.0,0.027618965932301114,0.1933327615261078,0.06765237375744962,21,0.0,0.0,0.034523707415376394,0.05409597004354447,0
823,1774280261.0018775,21,0.0,0.0,0.0,0.0,0.0,6.043910980224609,0.0,0.07365057581946963,0.5799982845783234,0.17370453566149519,21,0.05986293156941732,0.03150126255973008,0.0294914381988978,0.05409597004354447,0
824,1774280261.1011512,21,0.0,0.0,0.0,0.0,0.0,6.043910980224609,0.0,0.05523793186460223,0.3866655230522156,0.13530474751489924,21,0.051534175872802734,0.027132216931206304,0.026666587796704524,0.054776162591700754,0
825,1774280261.2015452,21,0.0,0.0,0.0,0.0,0.0,6.043910980224609,0.0,0.027618965932301114,0.1933327615261078,0.06765237375744962,21,0.10039125170026507,0.052844454271690204,0.020350817002748187,0.05541919989722946,0
826,1774280261.3012595,20,0.0,0.0,0.0,0.0,0.0,6.043910980224609,0.0,0.0,0.0,0.0,20,0.11850104612462661,0.06238821143013761,0.01406056447462602,0.05409209776747315,0
827,1774280261.401451,22,0.0,0.0,0.0,0.0,0.0,6.043910980224609,0.0,0.017575705593282528,0.1933327615261078,0.05557926115933376,22,0.0,0.0,0.006783605667582729,0.05081590887359249,0
828,1774280261.5019045,23,0.0,0.0,0.0,0.0,0.0,6.043910980224609,0.0,0.008405772240265556,0.1933327615261078,0.03942656658922785,23,0.11095875187924034,0.05839952336742754,0.0032768264665441996,0.05081590887359249,0
829,1774280261.6014433,22,0.0,0.0,0.0,0.0,0.0,6.043910980224609,0.0,0.0,0.0,0.0,22,0.0,0.0,0.00935481104158586,0.047314125141659634,0
830,1774280261.7019503,24,0.0,0.0,0.0,0.0,0.0,6.043910980224609,0.0,0.03222212692101797,0.1933327615261078,0.07205086617502215,24,0.0513110842023577,0.027001539526875312,0.020820451241273148,0.04731412514165964,0
831,1774280261.8019757,23,-0.05092309868854025,-1.1712312698364258,0.0,0.05704956356094181,1.1712312698364258,6.043910980224609,0.1937869822485207,0.033623088961062225,0.1933327615261078,0.07327982347547411,23,0.0981426992906412,0.05164736138765899,0.035151411186565056,0.0473020731745737,0
832,1774280261.9017565,22,0.0,0.0,0.0,0.0,0.0,6.043910980224609,0.0,0.02636355838992379,0.1933327615261078,0.06634683365617257,22,0.04897876219315962,0.02578192126158462,0.032717851950572086,0.037344713366817224,0
833,1774280262.0016656,23,0.0,0.0,0.0,0.0,0.0,6.043910980224609,0.0,0.008405772240265556,0.1933327615261078,0.03942656658922785,23,0.1405477523803711,0.07396084077730272,0.031182703471952868,0.03658613677829574,0
834,1774280262.1012623,22,0.0,0.0,0.0,0.0,0.0,6.043910980224609,0.0,0.035151411186565056,0.1933327615261078,0.07456740365489042,22,0.04908016749790737,0.025834771486874467,0.032768264665442,0.02162242440630639,0
835,1774280262.202332,22,0.0,0.0,0.0,0.0,0.0,6.043910980224609,0.0,0.02636355838992379,0.5799982845783234,0.12081300191021387,22,0.0,0.0,0.0467740552079293,0.019093445355231928,0
836,1774280262.3019614,21,-0.05577291761125837,-1.1712312698364258,0.0,0.06221236677744429,1.1712312698364258,6.043910980224609,0.1937869822485207,0.0,0.0,0.0,21,-0.05577291761125837,-0.02934284709371598,0.06246135372381944,0.022345045722258136,0
837,1774280262.4017532,22,0.0,0.0,0.0,0.0,0.0,6.043910980224609,0.0,0.017575705593282528,0.1933327615261078,0.05557926115933376,22,0.04684925079345703,0.024657329005187828,0.06539196345735998,0.022345045722258136,0
838,1774280262.5016146,22,0.0,0.0,0.0,0.0,0.0,6.043910980224609,0.0,0.043939263983206314,0.3866655230522156,0.09981082117702071,22,-0.05110827359286221,-0.026894304561871703,0.060416487976908684,0.020200663468801283,0
839,1774280262.6012728,20,0.0,0.0,0.0,0.0,0.0,6.043910980224609,0.0,0.038666552305221556,0.1933327615261078,0.07733310461044311,20,0.0,0.0,0.04296283589469062,0.016022762440045538,0
840,1774280262.7014053,19,-0.06164375104402241,-1.1712312698364258,0.0,0.06839913676999344,1.1712312698364258,6.043910980224609,0.1937869822485207,0.050877042506870473,0.3866655230522156,0.1057459470728893,19,-0.06164375104402241,-0.03244077646518049,0.043655784860734015,0.020108230277953165,0
841,1774280262.8019454,21,-0.05354200090680804,-1.1243820190429688,0.0,0.05733491722209268,1.1243820190429688,6.043910980224609,0.18603550295857987,0.036825287909734813,0.1933327615261078,0.07591727587280882,21,-0.05354200090680804,-0.028177902297497455,0.052169157872124325,0.022258596394085336,0
842,1774280262.901382,22,-0.05110827359286221,-1.1243820190429688,0.0,0.05485316822250002,1.1243820190429688,6.043910980224609,0.18603550295857987,0.05272711677984758,0.3866655230522156,0.13269366731234514,22,-0.05110827359286221,-0.02690610928314514,0.052169157872124325,0.023723781006781325,0
843,1774280263.0017078,24,-0.1913011074066162,-1.1712312698364258,0.0,0.1830720206541514,1.1712312698364258,6.043910980224609,0.1937869822485207,0.04833319038152695,0.5799982845783234,0.12787760181985938,24,-0.1913011074066162,-0.10065530855375994,0.028064433124757582,0.045166544025328284,0
844,1774280263.101464,25,-0.32419681549072266,-1.2180805206298828,0.0,0.270918520845953,1.2180805206298828,6.043910980224609,0.20153846153846153,0.023199931383132935,0.1933327615261078,0.06282571118049703,25,-0.32419681549072266,-0.17063719586684983,0.015343869962389506,0.07924536554105434,0
845,1774280263.2016437,26,-0.27208603345430815,-1.2649297714233398,0.0,0.24768388712795805,1.2649297714233398,6.043910980224609,0.20928994082840235,0.022307626329935513,0.1933327615261078,0.06176702039910063,26,-0.27208603345430815,-0.14317422509384434,0.008923050531974206,0.09340026018172572,0
846,1774280263.302166,23,-0.2933170484459918,-1.1712312698364258,0.0,0.2441472376858225,1.1712312698364258,6.043910980224609,0.1937869822485207,0.02521731672079667,0.1933327615261078,0.06511083179712221,23,-0.2933170484459918,-0.15431933133001796,0.00865669081460184,0.10608884835904756,0
847,1774280263.4016175,23,-0.0998092734295389,-1.1712312698364258,0.0,0.10464757033702357,1.1712312698364258,6.043910980224609,0.1937869822485207,0.033623088961062225,0.3866655230522156,0.10895126051807201,23,-0.0998092734295389,-0.052539131626509916,0.014009620400442593,0.10513029612475765,0
848,1774280263.5021422,23,-0.2057293187017026,-1.2180805206298828,0.0,0.20130405271634724,1.2180805206298828,6.043910980224609,0.20153846153846153,0.02521731672079667,0.1933327615261078,0.06511083179712221,23,-0.2057293187017026,-0.10823877399917965,0.02241539264070815,0.10755208751249774,0
849,1774280263.6018078,22,-0.05110827359286221,-1.2180805206298828,3.6542415618896484,0.863955538779581,4.872322082519531,6.043910980224609,0.8061538461538461,0.0,0.0,0.0,22,-0.05110827359286221,-0.026901108649676146,0.030821164880973705,0.10614834549238908,0
850,1774280263.7013047,24,-0.08589029312133789,-1.2180805206298828,3.6542415618896484,0.8217283138378662,4.872322082519531,6.043910980224609,0.8061538461538461,0.008055531730254492,0.1933327615261078,0.03863297300900034,24,-0.03496719443279764,-0.018410288795308583,0.022745030767777386,0.10432302000911799,0
851,1774280263.8018985,23,-0.3197970597640328,-1.405477523803711,0.0,0.2919443993019716,1.405477523803711,6.043910980224609,0.23254437869822486,0.0,0.0,0.0,23,-0.3197970597640328,-0.1683016676831977,0.023084508838938242,0.11520132604341445,0
852,1774280263.9012961,22,-0.10860508138483221,-1.2180805206298828,0.0,0.11800052003287638,1.2180805206298828,6.043910980224609,0.20153846153846153,0.02636355838992379,0.1933327615261078,0.06634683365617257,22,-0.10860508138483221,-0.057171686137044465,0.023084508838938242,0.11273907707009202,0
853,1774280264.0015528,24,-0.14640390872955322,-1.2649297714233398,0.0,0.1507703488723422,1.2649297714233398,6.043910980224609,0.20928994082840235,0.04833319038152695,0.3866655230522156,0.10061355906294817,24,-0.14640390872955322,-0.07704290978766927,0.020820451241273148,0.11016749461786735,0
854,1774280264.1014297,23,-0.10795696921970534,-1.2649297714233398,0.0,0.12242213981302907,1.2649297714233398,6.043910980224609,0.20928994082840235,0.02521731672079667,0.1933327615261078,0.06511083179712221,23,-0.10795696921970534,-0.05684645413303361,0.014871750886623677,0.10694861692381999,0
855,1774280264.2016685,21,-0.33686842237200054,-1.2649297714233398,0.0,0.28483310005385093,1.2649297714233398,6.043910980224609,0.20928994082840235,0.018412643954867407,0.1933327615261078,0.056751580113533366,21,-0.2810955047607422,-0.1479678145530299,0.020820451241273148,0.11286402554922124,0
856,1774280264.3019009,23,-0.20776624264924423,-1.2180805206298828,0.0,0.2051377833876426,1.2180805206298828,6.043910980224609,0.20153846153846153,0.016811544480531113,0.1933327615261078,0.054475630259036005,23,-0.20776624264924423,-0.10934215546628047,0.033229068387299776,0.1121692092668213,0
857,1774280264.401747,21,0.0,0.0,0.0,0.0,0.0,6.043910980224609,0.0,0.04603160988716852,0.5799982845783234,0.13213557831465694,21,0.0,0.0,0.04437145346500834,0.1121692092668213,0
858,1774280264.5018463,23,-0.10388312132462212,-1.2180805206298828,0.0,0.1133605945899674,1.2180805206298828,6.043910980224609,0.20153846153846153,0.08405772240265556,0.7733310461044312,0.1960546142880579,23,-0.10388312132462212,-0.05465882890567003,0.04188876499732335,0.10760731672320978,0
859,1774280264.6012485,21,-0.10708400181361608,-1.1712312698364258,0.0,0.1091453762743482,1.1712312698364258,6.043910980224609,0.1937869822485207,0.036825287909734813,0.3866655230522156,0.09655671949035795,21,-0.04544025076959367,-0.023917895112757426,0.0467740552079293,0.10250124643631936,0
860,1774280264.7019284,20,0.0,0.0,0.0,0.0,0.0,6.043910980224609,0.0,0.0,0.0,0.0,20,0.05354200090680804,0.02818025366602334,0.046169017677876484,0.10616565452727691,0
861,1774280264.8018596,24,-0.05075335502624512,-1.2180805206298828,0.0,0.05924577006766185,1.2180805206298828,6.043910980224609,0.20153846153846153,0.016111063460508983,0.1933327615261078,0.05343435247211316,24,0.0003549185666170962,0.00018675229726139114,0.04084494961819179,0.1062983578431948,0
862,1774280264.9021962,22,-0.15545433217828925,-1.2180805206298828,0.0,0.15351722088593686,1.2180805206298828,6.043910980224609,0.20153846153846153,0.0,0.0,0.0,22,0.035846775228326966,0.01886187554176393,0.030933241844177246,0.10368902395882558,0
863,1774280265.0015495,24,-0.1503080129623413,-1.2180805206298828,0.0,0.15820845944425344,1.2180805206298828,6.043910980224609,0.20153846153846153,0.03222212692101797,0.1933327615261078,0.07205086617502215,24,0.17388880252838135,0.09151630659551573,0.02351344396939149,0.10342323075053776,0
864,1774280265.1015778,22,0.0,0.0,0.0,0.0,0.0,6.043910980224609,0.0,0.035151411186565056,0.3866655230522156,0.11115852231866752,22,0.27208603345430815,0.14320814607453883,0.026851772434181638,0.10122881330352078,0
865,1774280265.2021403,23,-0.05296002263608186,-1.2180805206298828,0.0,0.06170480794751468,1.2180805206298828,6.043910980224609,0.20153846153846153,0.06724617792212445,0.3866655230522156,0.14655964695094822,23,0.24035702580990997,0.12650540587328366,0.028019240800885185,0.09816712529690146,0
866,1774280265.3013055,23,0.0,0.0,0.0,0.0,0.0,6.043910980224609,0.0,0.05043463344159334,0.3866655230522156,0.13022166359424442,23,0.0998092734295389,0.05253982398337732,0.019901901921805215,0.09438835356419305,0
867,1774280265.4020052,22,0.0,0.0,0.0,0.0,0.0,6.043910980224609,0.0,0.05272711677984758,0.5799982845783234,0.16673778347800128,22,0.2057293187017026,0.1082863965425089,0.011207696320354074,0.097617450657251,0
868,1774280265.5014687,22,0.0,0.0,0.0,0.0,0.0,6.043910980224609,0.0,0.02636355838992379,0.1933327615261078,0.06634683365617257,22,0.05110827359286221,0.026903894053423624,0.0028019240800885186,0.0977775454853569,0
869,1774280265.6021469,23,0.0,0.0,0.0,0.0,0.0,6.043910980224609,0.0,0.04202886120132778,0.5799982845783234,0.1269243774291997,23,0.08589029312133789,0.04518538865705638,0.011207696320354074,0.09965201442300933,0
870,1774280265.7016459,21,-0.06915841783796038,-1.452326774597168,0.0,0.09565773515699832,1.452326774597168,6.043910980224609,0.2402958579881657,0.018412643954867407,0.1933327615261078,0.056751580113533366,21,0.2506386419260724,0.13193261675907575,0.02521731672079667,0.09980924816634958,0
871,1774280265.8014073,20,-0.0726163387298584,-1.452326774597168,0.0,0.10018952036006112,1.452326774597168,6.043910980224609,0.2402958579881657,0.0,0.0,0.0,20,0.035988742654973815,0.018940335010287447,0.033623088961062225,0.08560674517268796,0
872,1774280265.9016924,18,-0.20301342010498047,-1.2649297714233398,0.0,0.20631611619137402,1.2649297714233398,6.043910980224609,0.20928994082840235,0.010740708973672655,0.1933327615261078,0.04428507759247181,18,-0.056609511375427246,-0.02979229118858365,0.031274417305693906,0.0893810825130414,0
873,1774280266.001324,17,0.013779191409840304,-1.2649297714233398,1.499176025390625,0.22613813869227536,2.764105796813965,6.043910980224609,0.45733727810650887,0.022745030767777386,0.1933327615261078,0.062289832113303606,17,0.12173616062954565,0.06407523020258248,0.020198945234070963,0.09097041184707438,0
874,1774280266.10128,21,-0.19408975328717912,-1.546025276184082,0.0,0.22853339661493496,1.546025276184082,6.043910980224609,0.2557988165680473,0.027618965932301114,0.1933327615261078,0.0676523737574496,21,0.14277866908482142,0.0751620376629225,0.026769151595922618,0.09416512783178733,0
875,1774280266.2013698,22,-0.16610188917680221,-1.2649297714233398,0.0,0.17493517008524806,1.2649297714233398,6.043910980224609,0.20928994082840235,0.0,0.0,0.0,22,0.04166435347244202,0.02193473844154632,0.049054581282743766,0.07708937118924902,0
876,1774280266.3013408,23,-0.054996946583623474,-1.2649297714233398,0.0,0.06654261093748251,1.2649297714233398,6.043910980224609,0.20928994082840235,0.0,0.0,0.0,23,-0.054996946583623474,-0.02895195052327479,0.05651265336916997,0.07097826003245694,0
877,1774280266.4011486,24,-0.05270540714263916,-1.2649297714233398,0.0,0.06389077866764126,1.2649297714233398,6.043910980224609,0.20928994082840235,0.040277658651272454,0.3866655230522156,0.1113296634698639,24,0.051177714181982956,0.026945534518602016,0.04229154158383608,0.06935210916510529,0
878,1774280266.5019946,24,-0.05856156349182129,-1.405477523803711,0.0,0.07887750452795217,1.405477523803711,6.043910980224609,0.23254437869822486,0.024166595190763474,0.1933327615261078,0.06393880090992969,24,0.048522438321794786,0.025528100854979262,0.017846101063948412,0.06897900004904191,0
879,1774280266.6020834,24,-0.05270540714263916,-1.2649297714233398,0.0,0.06389077866764126,1.2649297714233398,6.043910980224609,0.20928994082840235,0.06444425384203593,0.3866655230522156,0.1441017323500443,24,-0.05270540714263916,-0.027737424195352772,0.005858568531094175,0.06848241553760545,0
880,1774280266.70146,23,0.0,0.0,0.0,0.0,0.0,6.043910980224609,0.0,0.0,0.0,0.0,23,0.05075335502624512,0.02671791318256502,0.016571379559380667,0.06848241553760545,0
881,1774280266.801902,24,0.0,0.0,0.0,0.0,0.0,6.043910980224609,0.0,0.03222212692101797,0.3866655230522156,0.09113793780042166,24,0.15545433217828925,0.08183073667093134,0.022745030767777386,0.06992487794169591,0
882,1774280266.901485,24,-0.05270540714263916,-1.2649297714233398,0.0,0.06389077866764126,1.2649297714233398,5.992770195007324,0.21107596825207375,0.04833319038152695,0.5799982845783234,0.12787760181985938,24,0.09760260581970215,0.051371536899602416,0.0448307852814163,0.06667512533085392,0
883,1774280267.0015635,20,-0.07027387619018555,-1.405477523803711,0.0,0.09382993582107702,1.405477523803711,5.992770195007324,0.2345288536134153,0.02899991422891617,0.1933327615261078,0.06903360396656207,20,-0.07027387619018555,-0.036986527241785104,0.05117631922749912,0.0633522771947194,0
884,1774280267.101693,22,0.0,0.0,0.0,0.0,0.0,5.992770195007324,0.0,0.017575705593282528,0.1933327615261078,0.05557926115933376,22,0.05296002263608186,0.027880261431394233,0.056862576919443464,0.0633522771947194,0
885,1774280267.20128,21,-0.06023475102015904,-1.2649297714233398,0.0,0.07256450460921099,1.2649297714233398,6.043910980224609,0.20928994082840235,0.009206321977433703,0.1933327615261078,0.04117192352858409,21,-0.06023475102015904,-0.03170292461227377,0.04328345407300921,0.06336439089881048,0
886,1774280267.3011177,21,0.0,0.0,0.0,0.0,0.0,5.992770195007324,0.0,0.0,0.0,0.0,21,0.0,0.0,0.04039789046814193,0.06336439089881049,0
887,1774280267.4019117,19,0.0,0.0,0.0,0.0,0.0,5.992770195007324,0.0,0.020350817002748187,0.1933327615261078,0.05933231748191226,19,0.0,0.0,0.02929284265547088,0.06336439089881049,0
888,1774280267.5016778,20,-0.06090402603149414,-1.2180805206298828,0.0,0.0704767073500534,1.2180805206298828,6.043910980224609,0.20153846153846153,0.02899991422891617,0.1933327615261078,0.06903360396656207,20,-0.06090402603149414,-0.03206266685577511,0.02114577079191804,0.06211505750210161,0
889,1774280267.6018038,22,-0.1128641041842374,-1.2649297714233398,0.0,0.12743294313992004,1.2649297714233398,6.043910980224609,0.20928994082840235,0.02636355838992379,0.1933327615261078,0.06634683365617257,22,-0.043705686346277015,-0.023001080958329787,0.0098304793996326,0.06174108430883179,0
890,1774280267.7013574,23,-0.10795696921970534,-1.2649297714233398,0.0,0.12242213981302907,1.2649297714233398,6.043910980224609,0.20928994082840235,0.033623088961062225,0.1933327615261078,0.07327982347547411,23,-0.03534063048984694,-0.01860082106316489,0.010545423355969516,0.062497766859199035,0
891,1774280267.801889,24,-0.1542121171951294,-1.2649297714233398,0.0,0.16653060774807216,1.2649297714233398,5.992770195007324,0.21107596825207375,0.06444425384203593,0.5799982845783234,0.164301253939734,24,0.048801302909851074,0.025682239477480683,0.020714224449225833,0.06543651961797094,0
892,1774280267.9013312,25,0.04872322082519531,0.0,1.2180805206298828,0.05697485394193791,1.2180805206298828,6.043910980224609,0.20153846153846153,0.030933241844177246,0.3866655230522156,0.10489972681751426,25,0.03494402941535501,0.01839152427103687,0.016111063460508983,0.06267348994491913,0
893,1774280268.0016873,24,-0.05075335502624512,-1.2180805206298828,0.0,0.05924577006766185,1.2180805206298828,5.992770195007324,0.20325833979829325,0.0,0.0,0.0,24,0.143336398260934,0.0754240405108577,0.008787852796641264,0.06058360809182666,0
894,1774280268.1023755,25,-0.19676685333251953,-1.452326774597168,0.0,0.20666729255935934,1.452326774597168,6.043910980224609,0.2402958579881657,0.023199931383132935,0.1933327615261078,0.06282571118049703,25,-0.030664964155717317,-0.01613091608872578,0.014009620400442593,0.06088190684762291,0
895,1774280268.2019498,22,-0.12138214978304776,-1.452326774597168,0.0,0.1485833380299448,1.452326774597168,6.043910980224609,0.2402958579881657,0.0,0.0,0.0,22,-0.06638520319942429,-0.03492838486293293,0.021783973129702285,0.05768699992610208,0
896,1774280268.300975,21,-0.13162408556256974,-1.546025276184082,0.0,0.16714721006829514,1.546025276184082,6.043910980224609,0.2557988165680473,0.027618965932301114,0.1933327615261078,0.06765237375744962,21,-0.07891867841993058,-0.04153993920667489,0.04296283589469062,0.05986932843643893,0
897,1774280268.4016945,23,0.1425846763279127,-1.2180805206298828,4.497528076171875,0.9236469557587365,5.715608596801758,6.043910980224609,0.945680473372781,0.033623088961062225,0.1933327615261078,0.07327982347547411,23,0.20114623981973398,0.10588316450768005,0.029952963053340644,0.07464892688064857,0
898,1774280268.5012562,21,-0.2610172544206892,-1.546025276184082,0.0,0.2940206223795438,1.546025276184082,6.043910980224609,0.2557988165680473,0.036825287909734813,0.1933327615261078,0.07591727587280882,21,-0.20831184727805002,-0.10968556897713477,0.032675959694553426,0.08747923831241487,0
899,1774280268.6018493,23,-0.1466585242229959,-1.1712312698364258,0.0,0.1435823415701784,1.1712312698364258,6.043910980224609,0.1937869822485207,0.0,0.0,0.0,23,-0.1466585242229959,-0.07717287924435903,0.027229966412127857,0.08935099335366051,0
900,1774280268.701611,25,-0.10494232177734375,-1.405477523803711,0.0,0.12735059808619553,1.405477523803711,6.043910980224609,0.23254437869822486,0.015466620922088623,0.1933327615261078,0.05244986340875713,25,-0.10494232177734375,-0.05524126196966173,0.036960674997638256,0.08834972386608916,0
901,1774280268.8012836,23,0.04684925079345703,0.0,1.0775327682495117,0.048286750597981154,1.0775327682495117,6.043910980224609,0.17828402366863905,0.02521731672079667,0.1933327615261078,0.06511083179712221,23,0.09955465793609619,0.052402742204674425,0.03222212692101797,0.09081561103999795,0
902,1774280268.9018354,21,0.05354200090680804,0.0,1.1243820190429688,0.05733491722209268,1.1243820190429688,6.043910980224609,0.18603550295857987,0.0,0.0,0.0,21,0.12381587709699358,0.06515692706005313,0.018412643954867407,0.09468007347821206,0
903,1774280269.001286,25,-0.0993204116821289,-1.2180805206298828,1.1243820190429688,0.21427377268992132,2.3424625396728516,6.043910980224609,0.3875739644970414,0.015466620922088623,0.1933327615261078,0.05244986340875713,25,-0.0993204116821289,-0.052285097743060505,0.009062473196536303,0.09498141656630438,0
904,1774280269.101183,21,-0.16954966953822545,-1.2180805206298828,0.0,0.17255222049391947,1.2180805206298828,6.043910980224609,0.20153846153846153,0.036825287909734813,0.1933327615261078,0.07591727587280882,21,-0.1093149185180664,-0.05753711049509523,0.009508168599644646,0.09628356280504621,0
905,1774280269.2019966,23,-0.3055385921312415,-1.2180805206298828,0.0,0.26488423540782885,1.2180805206298828,6.043910980224609,0.20153846153846153,0.05043463344159334,0.5799982845783234,0.163426890777108,23,-0.3055385921312415,-0.16073543197656887,0.016111063460508983,0.10855028527723531,0
906,1774280269.3017313,23,-0.25257856949515967,-1.2180805206298828,0.0,0.2299325609760198,1.2180805206298828,6.043910980224609,0.20153846153846153,0.02521731672079667,0.3866655230522156,0.08654272203514987,23,-0.25257856949515967,-0.13294871146339107,0.025355116265719055,0.11236727486368632,0
907,1774280269.4020338,22,-0.161842866377397,-1.2180805206298828,0.0,0.16595622885835076,1.2180805206298828,6.043910980224609,0.20153846153846153,0.035151411186565056,0.3866655230522156,0.11115852231866752,22,-0.10093884034590286,-0.05311575171251978,0.029743501773247354,0.11074654315342318,0
908,1774280269.5014193,24,-0.09955465793609619,-1.2180805206298828,0.0,0.10906815517408575,1.2180805206298828,6.043910980224609,0.20153846153846153,0.03222212692101797,0.3866655230522156,0.09113793780042166,24,0.013309446248141205,0.007006389484913352,0.04202886120132778,0.11025602581807784,0
909,1774280269.601559,22,-0.0553672963922674,-1.2180805206298828,0.0,0.06437628770557294,1.2180805206298828,6.043910980224609,0.20153846153846153,0.02636355838992379,0.1933327615261078,0.06634683365617257,22,0.052589672827437935,0.02767583921637544,0.04296283589469062,0.11087200475349823,0
910,1774280269.7018406,24,-0.05075335502624512,-1.2180805206298828,0.0,0.05924577006766185,1.2180805206298828,6.043910980224609,0.20153846153846153,0.024166595190763474,0.1933327615261078,0.06393880090992969,24,0.10345876216888428,0.05445336445402326,0.03178072792209991,0.11153002229015861,0
911,1774280269.8016174,23,-0.10388312132462212,-1.2180805206298828,0.0,0.1133605945899674,1.2180805206298828,6.043910980224609,0.20153846153846153,0.02521731672079667,0.5799982845783234,0.11827969976768359,23,-0.15260634214981744,-0.08030703077123166,0.0182882341984156,0.11092373844599933,0
912,1774280269.9013941,21,-0.058003834315708706,-1.2180805206298828,0.0,0.06728889590648375,1.2180805206298828,6.043910980224609,0.20153846153846153,0.027618965932301114,0.1933327615261078,0.06765237375744962,21,-0.007250479289463589,-0.0038166306162784056,0.008168989923638357,0.10605314270968749,0
913,1774280270.0012147,21,-0.1093149185180664,-1.1712312698364258,0.0,0.11357489678890229,1.1712312698364258,6.043910980224609,0.1937869822485207,0.027618965932301114,0.1933327615261078,0.06765237375744962,21,0.08745193481445312,0.04605547072570891,0.01705877307583304,0.10528396921063622,0
914,1774280270.1014016,20,0.0,0.0,0.0,0.0,0.0,6.043910980224609,0.0,0.038666552305221556,0.1933327615261078,0.07733310461044311,20,0.12138214978304776,0.06390378217962372,0.020504989858829613,0.10583883929397052,0
915,1774280270.20204,24,-0.04684925079345703,-1.1243820190429688,0.0,0.05048160289788939,1.1243820190429688,6.043910980224609,0.18603550295857987,0.016111063460508983,0.3866655230522156,0.07726594601800069,24,0.08477483476911271,0.044593341334454924,0.032717851950572086,0.10631097259506081,0
916,1774280270.3011982,22,0.0,0.0,0.0,0.0,0.0,6.043910980224609,0.0,0.02636355838992379,0.1933327615261078,0.06634683365617257,22,-0.1425846763279127,-0.0750641737291567,0.023084508838938242,0.1079443909159719,0
917,1774280270.401407,20,0.0,0.0,0.0,0.0,0.0,6.043910980224609,0.0,0.038666552305221556,0.3866655230522156,0.0985807523638404,20,0.2610172544206892,0.1373666014981178,0.016811544480531113,0.09650945510116969,0
918,1774280270.5012512,23,0.0,0.0,0.0,0.0,0.0,6.043910980224609,0.0,0.033623088961062225,0.1933327615261078,0.07327982347547411,23,0.1466585242229959,0.07721300267183294,0.013614983206063929,0.09082542558609698,0
919,1774280270.601589,24,-0.17568469047546387,-1.1243820190429688,0.0,0.15478281323311194,1.1243820190429688,6.043910980224609,0.18603550295857987,0.016111063460508983,0.1933327615261078,0.05343435247211316,24,-0.07074236869812012,-0.037233258272436544,0.014009620400442593,0.09205165539781168,0
920,1774280270.7016492,22,0.0,0.0,0.0,0.0,0.0,6.043910980224609,0.0,0.035151411186565056,0.1933327615261078,0.07456740365489042,22,-0.04684925079345703,-0.024652756824328468,0.014009620400442593,0.09372063946971859,0
921,1774280270.8015542,23,-0.00611077184262483,-1.1712312698364258,3.232598304748535,0.6193881488459375,4.403829574584961,6.043910980224609,0.7286390532544379,0.04202886120132778,0.1933327615261078,0.07974415731556585,23,-0.05965277274943287,-0.0314008441460499,0.01731338162920368,0.09081964522734642,0
922,1774280270.9012337,20,0.0,0.0,0.0,0.0,0.0,6.043910980224609,0.0,0.0,0.0,0.0,20,0.0993204116821289,0.0522753413934419,0.033623088961062225,0.0875125279468636,0
923,1774280271.0015063,18,-0.05986293156941732,-1.0775327682495117,0.0,0.060920699793440586,1.0775327682495117,6.043910980224609,0.17828402366863905,0.010740708973672655,0.1933327615261078,0.04428507759247181,18,0.10968673796880812,0.05772003780543735,0.037512326863274645,0.08760579854467893,0
924,1774280271.1016026,19,-0.11095875187924034,-1.0775327682495117,0.0,0.10470843852914018,1.0775327682495117,6.043910980224609,0.17828402366863905,0.0,0.0,0.0,19,0.19457984025200117,0.10243168390288446,0.036960674997638256,0.08561098266538555,0
925,1774280271.201504,20,-0.05621910095214844,-1.1243820190429688,0.0,0.06005115892548929,1.1243820190429688,5.992770195007324,0.18762308289073223,0.019333276152610778,0.1933327615261078,0.05799982845783234,20,0.19635946854301123,0.10335945680591135,0.030821164880973705,0.0682211525071977,0
926,1774280271.3017597,21,-0.0959294182913644,-1.0306835174560547,0.0,0.08747556467842886,1.0306835174560547,5.992770195007324,0.17198782598317122,0.018412643954867407,0.1933327615261078,0.056751580113533366,21,0.06591344808603261,0.03469629360753237,0.031274417305693906,0.05401966148763179,0
927,1774280271.401366,20,0.0,0.0,0.0,0.0,0.0,6.043910980224609,0.0,0.0,0.0,0.0,20,0.09955465793609619,0.05239865859433999,0.027618965932301114,0.050062176219861684,0
928,1774280271.5018687,22,-0.04684925079345703,-1.0306835174560547,0.0,0.04609189829807292,1.0306835174560547,6.043910980224609,0.17053254437869822,0.02636355838992379,0.1933327615261078,0.06634683365617257,22,0.008518045598810371,0.004482451016077549,0.02521731672079667,0.048831326332155256,0
929,1774280271.6011937,19,0.0,0.0,0.0,0.0,0.0,6.043910980224609,0.0,0.0,0.0,0.0,19,0.05075335502624512,0.026721391071371187,0.02558815961374956,0.049936870818060586,0
930,1774280271.7018628,17,-0.12401272268856273,-1.0775327682495117,0.0,0.11540821989413677,1.0775327682495117,6.043910980224609,0.17828402366863905,0.0,0.0,0.0,17,-0.02012960136394061,-0.010593158686992891,0.026769151595922618,0.05275689179850285,0
931,1774280271.8018472,19,0.0,0.0,0.0,0.0,0.0,6.043910980224609,0.0,0.0,0.0,0.0,19,0.058003834315708706,0.030521055531725357,0.031182703471952868,0.0522767394535476,0
932,1774280271.9014497,20,-0.05621910095214844,-1.1243820190429688,0.0,0.06005115892548929,1.1243820190429688,6.043910980224609,0.18603550295857987,0.0,0.0,0.0,20,0.05309581756591797,0.027941712108020877,0.026769151595922618,0.05225511353336191,0
933,1774280272.0012572,19,-0.05917800100226151,-1.1243820190429688,0.0,0.06303664444722595,1.1243820190429688,6.043910980224609,0.18603550295857987,0.0,0.0,0.0,19,-0.05917800100226151,-0.03114868339217986,0.02636355838992379,0.050244775670385315,0
934,1774280272.1018102,19,0.0,0.0,0.0,0.0,0.0,6.043910980224609,0.0,0.0,0.0,0.0,19,0.04684925079345703,0.02466048226114409,0.02636355838992379,0.050244775670385315,0
935,1774280272.2016075,19,0.0,0.0,0.0,0.0,0.0,6.043910980224609,0.0,0.020350817002748187,0.1933327615261078,0.05933231748191226,19,0.0,0.0,0.032717851950572086,0.05104484871333036,0
936,1774280272.3018384,20,-0.051534175872802734,-1.0306835174560547,0.0,0.050459654374890306,1.0306835174560547,6.043910980224609,0.17053254437869822,0.02899991422891617,0.1933327615261078,0.06903360396656207,20,-0.051534175872802734,-0.027117093529320773,0.028855636048672806,0.05027824256708284,0
937,1774280272.4012258,20,-0.10541081428527832,-1.0775327682495117,0.0,0.10005782922206663,1.0775327682495117,6.043910980224609,0.17828402366863905,0.02899991422891617,0.1933327615261078,0.06903360396656207,20,-0.10541081428527832,-0.055480118071479095,0.028019240800885185,0.051104020951048296,0
938,1774280272.502022,23,0.0,0.0,0.0,0.0,0.0,6.043910980224609,0.0,0.0,0.0,0.0,23,0.17568469047546387,0.09244455584836722,0.030821164880973705,0.05110402095104829,0
939,1774280272.6016822,21,0.0,0.0,0.0,0.0,0.0,6.043910980224609,0.0,0.027618965932301114,0.1933327615261078,0.06765237375744962,21,0.0,0.0,0.026769151595922618,0.04270739398898738,0
940,1774280272.7013407,23,-0.08758772974428923,-1.0306835174560547,0.0,0.0805996233988986,1.0306835174560547,6.043910980224609,0.17053254437869822,0.02521731672079667,0.1933327615261078,0.06511083179712221,23,-0.0814769579016644,-0.04288742923942483,0.01901633719928929,0.04301289955945909,0
941,1774280272.8015249,24,-0.13469159603118896,-1.1243820190429688,0.0,0.12717568664832868,1.1243820190429688,5.992770195007324,0.18762308289073223,0.008055531730254492,0.1933327615261078,0.03863297300900034,24,-0.13469159603118896,-0.070879450326138,0.0033918028337913647,0.04648855166433082,0
942,1774280272.9018867,25,-0.08432865142822266,-1.0775327682495117,0.0,0.08182409374057897,1.0775327682495117,6.043910980224609,0.17828402366863905,0.015466620922088623,0.1933327615261078,0.05244986340875713,25,-0.024465719858805336,-0.012874117311666843,0.010175408501374094,0.04563111232338989,0
943,1774280273.0013561,24,-0.13469159603118896,-1.1243820190429688,0.0,0.12717568664832868,1.1243820190429688,6.043910980224609,0.18603550295857987,0.008055531730254492,0.1933327615261078,0.03863297300900034,24,-0.023732844151948623,-0.01249259089166746,0.012888850768407185,0.048936065934364587,0
944,1774280273.1012561,24,-0.08784234523773193,-1.0775327682495117,0.0,0.08492477987509517,1.0775327682495117,6.043910980224609,0.17828402366863905,0.05638872211178144,0.3866655230522156,0.1306387712481521,24,-0.031623244285583496,-0.016645984293946717,0.012677558132859527,0.04791938522883166,0
945,1774280273.201503,24,0.0,0.0,0.0,0.0,0.0,6.043910980224609,0.0,0.03222212692101797,0.3866655230522156,0.09113793780042166,24,0.0959294182913644,0.05049598930248786,0.015343869962389506,0.049461368732020485,0
946,1774280273.3013902,21,-0.0513110842023577,-1.0775327682495117,0.0,0.05265654724042886,1.0775327682495117,6.043910980224609,0.17828402366863905,0.018412643954867407,0.3866655230522156,0.08234384705716818,21,-0.0513110842023577,-0.027005490172233363,0.009508168599644646,0.04849012327191269,0
947,1774280273.4016275,22,0.0,0.0,0.0,0.0,0.0,6.043910980224609,0.0,0.07030282237313011,0.5799982845783234,0.18009738989136673,22,0.04684925079345703,0.02466063081517127,0.009999970423764196,0.04849012327191269,0
948,1774280273.5016496,23,-0.04684925079345703,-1.0775327682495117,0.0,0.048286750597981154,1.0775327682495117,6.043910980224609,0.17828402366863905,0.08405772240265556,0.7733310461044312,0.2268001346194474,23,-0.04684925079345703,-0.02465158466407982,0.0,0.0484901232719127,0
949,1774280273.6017451,21,0.0,0.0,0.0,0.0,0.0,6.043910980224609,0.0,0.07365057581946963,0.7733310461044312,0.1931134389807159,21,0.12401272268856273,0.06527389702283708,0.0,0.04849012327191269,0
950,1774280273.7017388,22,-0.05110827359286221,-1.1243820190429688,0.0,0.05485316822250002,1.1243820190429688,6.043910980224609,0.18603550295857987,0.20212061432274905,1.5466620922088623,0.4680717617758105,22,-0.05110827359286221,-0.026900625905008413,0.0,0.045527960566629604,0
951,1774280273.801373,21,0.0,0.0,0.0,0.0,0.0,6.043910980224609,0.0,0.18412643954867408,1.9333276152610779,0.4601319355921111,21,0.05621910095214844,0.02959019462768558,0.0,0.045527960566629604,0
952,1774280273.9015384,17,-0.049605089075425095,-0.8432865142822266,0.0,0.039370637794893734,0.8432865142822266,6.043910980224609,0.1395266272189349,0.04549006153555477,0.7733310461044312,0.18196024614221912,17,0.009572911926836417,0.005037629153421571,0.006783605667582729,0.04548770332259778,0
953,1774280274.0016763,22,-0.04897876219315962,-1.0775327682495117,0.0,0.050377302065455744,1.0775327682495117,6.043910980224609,0.17828402366863905,0.28121128949252044,1.73999485373497,0.6022084119451053,22,-0.04897876219315962,-0.025780112654671547,0.016666617372940326,0.04540773871461845,1
954,1774280274.101725,18,0.0,0.0,0.0,0.0,0.0,6.043910980224609,0.0,0.07518496281570858,0.3866655230522156,0.14608943634831875,18,0.0,0.0,0.026214611732353597,0.04540773871461845,1
955,1774280274.2012422,22,-0.14480677517977628,-0.8432865142822266,0.0,0.09456004164811262,0.8432865142822266,6.043910980224609,0.1395266272189349,0.035151411186565056,0.3866655230522156,0.11115852231866752,22,-0.09327259930697354,-0.04910625049360434,0.018412643954867407,0.04880252653201023,1
956,1774280274.3015895,25,-0.20426273345947266,-0.9838342666625977,0.0,0.13377712562032684,0.9838342666625977,6.043910980224609,0.1627810650887574,0.007733310461044311,0.1933327615261078,0.03788532930417179,25,-0.09885191917419434,-0.05201736910784406,0.018124946393072605,0.058761973268439925,1
957,1774280274.401273,22,-0.07240338758988814,-0.7964372634887695,0.0,0.05242250534491567,0.7964372634887695,6.043910980224609,0.13177514792899409,0.043939263983206314,0.1933327615261078,0.08101999954277977,22,-0.07240338758988814,-0.038122074540187637,0.01731338162920368,0.05796572581977162,1
958,1774280274.501527,24,-0.06636977195739746,-0.7964372634887695,0.0,0.048454412926446366,0.7964372634887695,6.043910980224609,0.13177514792899409,0.040277658651272454,0.3866655230522156,0.09633014885470996,24,-0.06636977195739746,-0.03493431094605063,0.019901901921805215,0.05631651921211185,1
959,1774280274.6014748,23,-0.18943392712136972,-0.9838342666625977,0.0,0.13082813368753582,0.9838342666625977,6.043910980224609,0.1627810650887574,0.016811544480531113,0.3866655230522156,0.0788531331784557,23,-0.10184619737708049,-0.053599479160358836,0.016111063460508983,0.06064719859224187,1
960,1774280274.7012956,22,-0.03407218239524148,-0.7495880126953125,0.0,0.024379185876666667,0.7495880126953125,6.043910980224609,0.12402366863905326,0.06151496957648884,0.5799982845783234,0.15842526929759843,22,0.10061941363594748,0.05296397701705238,0.010593575974033303,0.06111070780867905,1
961,1774280274.8013983,25,-0.13492584228515625,-0.9838342666625977,0.0,0.09680527759883262,0.9838342666625977,6.043910980224609,0.1627810650887574,0.0695997941493988,0.5799982845783234,0.18847713354149107,25,-0.050597190856933594,-0.026636947889258477,0.02648393993508326,0.061123119250323835,1
962,1774280274.9019356,22,-0.03620169379494407,-0.7964372634887695,0.0,0.027521815306080746,0.7964372634887695,6.043910980224609,0.13177514792899409,0.008787852796641264,0.1933327615261078,0.04027100063673795,22,0.0984899022362449,0.05182098654488416,0.03222212692101797,0.061460020411104245,1
963,1774280275.0012069,25,-0.11618614196777344,-0.9838342666625977,0.0,0.09905280635393865,0.9838342666625977,6.043910980224609,0.1627810650887574,0.015466620922088623,0.1933327615261078,0.05244986340875713,25,-0.028343796730041504,-0.014918174504587857,0.03642501304115074,0.06057659903526086,1
964,1774280275.101238,22,-0.08730996738780629,-0.9838342666625977,0.0,0.07628018705941407,0.9838342666625977,6.043910980224609,0.1627810650887574,0.02636355838992379,0.1933327615261078,0.06634683365617257,22,-0.08730996738780629,-0.04595902512034231,0.04039789046814193,0.060567426829781064,1
965,1774280275.2015128,19,-0.05178075087697882,-0.9838342666625977,0.0,0.04826243090490738,0.9838342666625977,6.043910980224609,0.1627810650887574,0.0,0.0,0.0,19,-0.0004696666746211234,-0.0002471770316883107,0.05858568531094176,0.058740447015212034,1
966,1774280275.301537,20,0.0,0.0,0.0,0.0,0.0,6.043910980224609,0.0,0.009666638076305389,0.1933327615261078,0.042135898498397606,20,0.0,0.0,0.07616139090422427,0.060561549813354494,1
967,1774280275.4012976,20,-0.04684925079345703,-0.9369850158691406,0.0,0.04170219369825645,0.9369850158691406,6.043910980224609,0.15502958579881657,0.009666638076305389,0.1933327615261078,0.042135898498397606,20,0.0,0.0,0.1201006548874306,0.05881669235932713,1
968,1774280275.5018387,21,-0.04908016749790737,-1.0306835174560547,0.0,0.04817725683245284,1.0306835174560547,6.043910980224609,0.17053254437869822,0.0,0.0,0.0,21,-0.04908016749790737,-0.02583039522297224,0.15406204434111714,0.05877657101962972,1
969,1774280275.6014283,19,-0.10109575171219676,-0.9838342666625977,0.0,0.08693074289221035,0.9838342666625977,5.992770195007324,0.16417019752939072,0.0,0.0,0.0,19,-0.049987478119334544,-0.026313500076976276,0.15144399652878443,0.05692877514353883,1
970,1774280275.7013705,17,-0.11298936956069049,-0.9838342666625977,0.0,0.09581403673232625,0.9838342666625977,5.992770195007324,0.16417019752939072,0.0,0.0,0.0,17,-0.11298936956069049,-0.05946816834254852,0.1804439107577006,0.05726897996927328,1
971,1774280275.8013806,15,0.0,0.0,0.0,0.0,0.0,6.043910980224609,0.0,0.0,0.0,0.0,15,0.049605089075425095,0.026110109276233088,0.14584752185302868,0.05726897996927327,1
972,1774280275.9014182,18,0.0,0.0,0.0,0.0,0.0,6.043910980224609,0.0,0.0,0.0,0.0,18,0.04897876219315962,0.025781798307100777,0.13408562492939732,0.05944817656612966,1
973,1774280276.0016327,19,0.0,0.0,0.0,0.0,0.0,6.043910980224609,0.0,0.0,0.0,0.0,19,0.0,0.0,0.035692202127896824,0.06143847646528858,1
974,1774280276.101451,18,-0.10671218236287434,-0.9838342666625977,0.0,0.09116088703662069,0.9838342666625977,6.043910980224609,0.1627810650887574,0.010740708973672655,0.1933327615261078,0.04428507759247181,18,0.03809459281690193,0.020047583501678474,0.028019240800885185,0.05952411190092117,1
975,1774280276.2016265,18,0.0,0.0,0.0,0.0,0.0,5.992770195007324,0.0,0.0,0.0,0.0,18,0.20426273345947266,0.107504605466982,0.029952963053340644,0.05973059006419245,1
976,1774280276.3011982,17,0.0,0.0,0.0,0.0,0.0,5.992770195007324,0.0,0.0,0.0,0.0,17,0.07240338758988814,0.03810854573271901,0.033623088961062225,0.05307532797219555,1
977,1774280276.4014416,15,0.0,0.0,0.0,0.0,0.0,6.043910980224609,0.0,0.0,0.0,0.0,15,0.06636977195739746,0.03493303085438382,0.03922693712123926,0.054572440514232504,1
978,1774280276.5012357,17,0.0,0.0,0.0,0.0,0.0,5.992770195007324,0.0,0.0,0.0,0.0,17,0.18943392712136972,0.09971461197336523,0.049714138678142006,0.055882722254799864,0
979,1774280276.6014628,16,0.0,0.0,0.0,0.0,0.0,5.992770195007324,0.0,0.0,0.0,0.0,16,0.03407218239524148,0.01793114938245498,0.047632709361504814,0.04742564044747363,0
980,1774280276.7014065,18,0.0,0.0,0.0,0.0,0.0,5.992770195007324,0.0,0.0,0.0,0.0,18,0.13492584228515625,0.07101329466451639,0.03222212692101797,0.04834960766589634,0
981,1774280276.8012874,18,0.0,0.0,0.0,0.0,0.0,5.992770195007324,0.0,0.0,0.0,0.0,18,0.03620169379494407,0.019060025174410498,0.016811544480531113,0.04416699944261445,0
982,1774280276.9015768,18,0.0,0.0,0.0,0.0,0.0,6.043910980224609,0.0,0.0,0.0,0.0,18,0.11618614196777344,0.0611386988567796,0.01464642132773544,0.04483425536594837,0
983,1774280277.0012534,18,0.0,0.0,0.0,0.0,0.0,5.992770195007324,0.0,0.0,0.0,0.0,18,0.08730996738780629,0.04595224306835524,0.012677558132859527,0.04113136204876016,0
984,1774280277.1016455,18,-0.0546574592590332,-0.9838342666625977,0.0,0.050786443495098865,0.9838342666625977,5.992770195007324,0.16417019752939072,0.0,0.0,0.0,18,-0.00287670838205438,-0.001513951340619927,0.006553652933088399,0.03934574968224642,0
985,1774280277.2018752,18,-0.10671218236287434,-0.9838342666625977,0.0,0.09116088703662069,0.9838342666625977,5.992770195007324,0.16417019752939072,0.0,0.0,0.0,18,-0.10671218236287434,-0.05615431183983397,0.006338779066429764,0.04280380304016458,0
986,1774280277.3020933,19,-0.10109575171219676,-0.9838342666625977,0.0,0.08693074289221035,0.9838342666625977,5.992770195007324,0.16417019752939072,0.0,0.0,0.0,19,-0.054246500918739726,-0.02853883821974292,0.0032222126921017964,0.04500463082509276,0
987,1774280277.4014566,18,-0.10671218236287434,-0.9838342666625977,0.0,0.09116088703662069,0.9838342666625977,5.992770195007324,0.16417019752939072,0.0,0.0,0.0,18,-0.057632014864966975,-0.03033874051718251,0.0,0.04767386697036207,0
988,1774280277.5018551,18,-0.10671218236287434,-0.9838342666625977,0.0,0.09116088703662069,0.9838342666625977,5.992770195007324,0.16417019752939072,0.0,0.0,0.0,18,-0.005616430650677587,-0.0029553521659928385,0.0,0.05000459141909532,0
989,1774280277.6011498,18,0.0,0.0,0.0,0.0,0.0,5.992770195007324,0.0,0.0,0.0,0.0,18,0.11298936956069049,0.05947499711428333,0.0,0.04864770417655716,0
990,1774280277.7013586,18,-0.05205472310384115,-0.9369850158691406,0.0,0.04606480135609874,0.9369850158691406,5.992770195007324,0.15635256907561018,0.0,0.0,0.0,18,-0.05205472310384115,-0.027397541039320492,0.0,0.045457666292375916,0
991,1774280277.8018212,18,-0.05205472310384115,-0.9369850158691406,0.0,0.04606480135609874,0.9369850158691406,5.992770195007324,0.15635256907561018,0.0,0.0,0.0,18,-0.05205472310384115,-0.027391412495268188,0.003515141118656505,0.04505469470207215,0
992,1774280277.9012015,19,0.0,0.0,0.0,0.0,0.0,5.992770195007324,0.0,0.0,0.0,0.0,19,0.0,0.0,0.003515141118656505,0.04505469470207215,0
993,1774280277.995646,19,0.0,0.0,0.0,0.0,0.0,5.992770195007324,0.0,0.0,0.0,0.0,19,0.10671218236287434,0.05633642674963886,0.0036477879533227883,0.04505469470207215,0
994,1774280278.0961683,18,0.0,0.0,0.0,0.0,0.0,5.992770195007324,0.0,0.0,0.0,0.0,18,0.0,0.0,0.0,0.04240854454478219,0
995,1774280278.1955736,19,0.0,0.0,0.0,0.0,0.0,5.992770195007324,0.0,0.0,0.0,0.0,19,0.0,0.0,0.0,0.04240854454478219,0
996,1774280278.2956052,17,0.0,0.0,0.0,0.0,0.0,5.992770195007324,0.0,0.0,0.0,0.0,17,0.0,0.0,0.0,0.04240854454478219,0
997,1774280278.3959346,19,0.0,0.0,0.0,0.0,0.0,6.043910980224609,0.0,0.0,0.0,0.0,19,0.0,0.0,0.0,0.04240854454478219,0
998,1774280278.496323,17,0.0,0.0,0.0,0.0,0.0,5.992770195007324,0.0,0.0,0.0,0.0,17,0.0,0.0,0.0,0.04240854454478219,0
999,1774280278.5958948,17,0.0,0.0,0.0,0.0,0.0,6.043910980224609,0.0,0.0,0.0,0.0,17,0.0,0.0,0.0,0.04240854454478219,0
1000,1774280278.6964915,18,-0.04684925079345703,-0.8432865142822266,0.0,0.03731248909843998,0.8432865142822266,6.043910980224609,0.1395266272189349,0.0,0.0,0.0,18,-0.04684925079345703,-0.02471989776907011,0.0,0.04203424191952009,0
1001,1774280278.796177,18,0.0,0.0,0.0,0.0,0.0,6.043910980224609,0.0,0.0,0.0,0.0,18,0.0,0.0,0.0,0.04203424191952009,0
1002,1774280278.8958278,19,0.0,0.0,0.0,0.0,0.0,5.992770195007324,0.0,0.0,0.0,0.0,19,0.0,0.0,0.0,0.04203424191952009,0
1003,1774280278.9966433,19,-0.1331505022550884,-0.8901357650756836,0.0,0.09478600375503983,0.8901357650756836,6.043910980224609,0.14727810650887574,0.0,0.0,0.0,19,-0.0784930429960552,-0.04142117818802507,0.0,0.046815400591204086,0
1004,1774280279.0958827,17,-0.04684925079345703,-0.7964372634887695,0.0,0.03511763679853175,0.7964372634887695,5.992770195007324,0.13289968371426866,0.0,0.0,0.0,17,0.05986293156941731,0.03160649222736248,0.0,0.04670729264302094,0
1005,1774280279.1960733,16,-0.049777328968048096,-0.7964372634887695,0.0,0.0371667371878992,0.7964372634887695,6.043910980224609,0.13177514792899409,0.0,0.0,0.0,16,0.05131842274414866,0.02709554590493188,0.0,0.044069390998675136,0
1006,1774280279.2957838,17,-0.09645433986888212,-0.8432865142822266,0.0,0.06984035207597275,0.8432865142822266,5.992770195007324,0.14071731216804917,0.0,0.0,0.0,17,0.010257842493992225,0.005415032149978096,0.0,0.04373038582307795,0
1007,1774280279.4012787,17,-0.10747769299675436,-0.9369850158691406,0.0,0.08670046316869344,0.9369850158691406,5.992770195007324,0.15635256907561018,0.022745030767777386,0.1933327615261078,0.062289832113303606,17,-0.0007655106338800149,-0.0004030225981108358,0.0,0.04379383571835434,0
1008,1774280279.496052,17,-0.10196601643281825,-0.8901357650756836,0.0,0.07804256828324227,0.8901357650756836,5.992770195007324,0.14853494062182968,0.0,0.0,0.0,17,-0.10196601643281825,-0.053810700549968234,0.0,0.043413473538663185,0
1009,1774280279.595574,16,0.0,0.0,0.0,0.0,0.0,5.992770195007324,0.0,0.0,0.0,0.0,16,0.05205472310384115,0.027480889768277363,0.0,0.043413473538663185,0
1010,1774280279.7012837,21,-0.20301342010498047,-0.8901357650756836,0.0,0.13217888295002922,0.8901357650756836,5.992770195007324,0.14853494062182968,0.018412643954867407,0.1933327615261078,0.056751580113533366,21,-0.1509586970011393,-0.07947443029971127,0.0,0.056874681109076224,0
1011,1774280279.801121,22,-0.20017407157204367,-0.9369850158691406,0.0,0.13651618519925102,0.9369850158691406,5.992770195007324,0.15635256907561018,0.0,0.0,0.0,22,-0.20017407157204367,-0.10535923786785895,0.0,0.06653991988828141,0
1012,1774280279.9014199,20,-0.08901357650756836,-0.9369850158691406,0.0,0.07153023645400935,0.9369850158691406,5.992770195007324,0.15635256907561018,0.009666638076305389,0.1933327615261078,0.042135898498397606,20,-0.08901357650756836,-0.04670731272506864,0.0,0.06606977024636562,0
1013,1774280280.0005262,20,-0.08667111396789551,-0.8901357650756836,0.0,0.06766180927542109,0.8901357650756836,5.992770195007324,0.14853494062182968,0.009666638076305389,0.1933327615261078,0.042135898498397606,20,-0.08667111396789551,-0.04551198779686549,0.0,0.06524025348897329,0
1014,1774280280.1007056,24,-0.24400651454925537,-0.9369850158691406,0.0,0.1455880587197811,0.9369850158691406,5.992770195007324,0.15635256907561018,0.008055531730254492,0.1933327615261078,0.03863297300900034,24,-0.24400651454925537,-0.12807853076256245,0.0,0.07528253480256276,0
1015,1774280280.196361,20,-0.04216432571411133,-0.8432865142822266,0.0,0.033778776895587725,0.8432865142822266,5.992770195007324,0.14071731216804917,0.0,0.0,0.0,20,-0.04216432571411133,-0.022182925281234587,0.0,0.07386215284342307,0
1016,1774280280.3014355,23,-0.1385108284328295,-0.8432865142822266,0.0,0.0913207922891876,0.8432865142822266,5.992770195007324,0.14071731216804917,0.06724617792212445,1.3533293306827545,0.27700813986843037,23,-0.1385108284328295,-0.07268998363904164,0.0,0.07324205196657592,0
1017,1774280280.4007373,19,-0.09123275154515316,-0.9369850158691406,0.0,0.07126886055269895,0.9369850158691406,5.992770195007324,0.15635256907561018,0.010175408501374094,0.1933327615261078,0.04317060211598919,19,-0.09123275154515316,-0.0479059401309968,0.0,0.07096653422438316,0
1018,1774280280.4958682,20,-0.08432865142822266,-0.8901357650756836,0.0,0.06422137829531493,0.8901357650756836,5.992770195007324,0.14853494062182968,0.0,0.0,0.0,20,-0.08432865142822266,-0.04438412230492256,0.0,0.06831405332749836,0
1019,1774280280.5954127,20,-0.12649297714233398,-0.8901357650756836,0.0,0.09088883373919998,0.8901357650756836,5.992770195007324,0.14853494062182968,0.0,0.0,0.0,20,-0.07964372634887695,-0.04194156355587619,0.0,0.06567082420054617,0
1020,1774280280.6962233,19,-0.1356162522968493,-0.9369850158691406,0.0,0.09862851526069633,0.9369850158691406,5.992770195007324,0.15635256907561018,0.0,0.0,0.0,19,-0.1356162522968493,-0.07137523376668628,0.0,0.06530531851717572,0
1021,1774280280.7960758,20,-0.12649297714233398,-0.8901357650756836,0.0,0.09088883373919998,0.8901357650756836,5.992770195007324,0.14853494062182968,0.0,0.0,0.0,20,-0.12649297714233398,-0.06656656066371083,0.0,0.0614368579761698,0
1022,1774280280.8962011,20,-0.12649297714233398,-0.8901357650756836,0.0,0.09088883373919998,0.8901357650756836,5.992770195007324,0.14853494062182968,0.0,0.0,0.0,20,0.006657525112754414,0.00350477622289523,0.0,0.05660554781120566,0
1023,1774280280.9963899,20,-0.0819861888885498,-0.8432865142822266,0.0,0.06055048782371841,0.8432865142822266,5.992770195007324,0.14071731216804917,0.0,0.0,0.0,20,-0.03513693809509277,-0.01848818982588171,0.0,0.056725041573973047,0
1024,1774280281.0956948,20,-0.17802715301513672,-0.9369850158691406,0.0,0.12699415407269043,0.9369850158691406,5.992770195007324,0.15635256907561018,0.0,0.0,0.0,20,-0.12824982404708862,-0.06751335723851253,0.007733310461044311,0.05675078468991764,0
1025,1774280281.1963317,23,-0.1812862313312033,-0.8901357650756836,0.0,0.11858011102339756,0.8901357650756836,5.992770195007324,0.14853494062182968,0.0,0.0,0.0,23,-0.08483189146232119,-0.044635490552562614,0.007581676922592462,0.056372859870413225,0
1026,1774280281.3008122,22,-0.25767087936401367,-0.8901357650756836,0.0,0.1430145805417479,0.8901357650756836,5.992770195007324,0.14853494062182968,0.23727202550931412,1.73999485373497,0.5971215029055531,22,-0.1501931863672593,-0.07906845841893193,0.007733310461044311,0.06324150317140553,0
1027,1774280281.39621,20,-0.1639723777770996,-0.8901357650756836,0.0,0.10809647577048054,0.8901357650756836,5.992770195007324,0.14853494062182968,0.0,0.0,0.0,20,-0.06200636134428136,-0.032632214625609134,0.007160472649115103,0.063427995610643,0
1028,1774280281.4959111,22,-0.14906579797918146,-0.8901357650756836,0.0,0.10049158464042662,0.8901357650756836,5.992770195007324,0.14853494062182968,0.0,0.0,0.0,22,-0.14906579797918146,-0.07844176100436112,0.006553652933088399,0.06310722738034788,0
1029,1774280281.6011345,23,-0.1425846763279127,-0.8901357650756836,0.0,0.09704649394112212,0.8901357650756836,5.992770195007324,0.14853494062182968,0.008405772240265556,0.1933327615261078,0.03942656658922785,23,0.06042874377706778,0.03180709892325864,0.009206321977433703,0.05494441574066652,0
1030,1774280281.6961787,21,-0.20078250340053014,-0.9369850158691406,0.0,0.1300487315115695,0.9369850158691406,5.992770195007324,0.15635256907561018,0.0,0.0,0.0,21,-0.0006084318284864665,-0.0003210624328105437,0.006236540694390574,0.05482346071112416,0
1031,1774280281.7957406,22,-0.1916560259732333,-0.9369850158691406,0.0,0.12588656992862102,0.9369850158691406,5.992770195007324,0.15635256907561018,0.0,0.0,0.0,22,-0.10264244946566495,-0.05418430365855636,0.009062473196536303,0.05440390891598718,0
1032,1774280281.8961036,20,-0.2084791660308838,-0.8901357650756836,0.0,0.13113693778876723,0.8901357650756836,5.992770195007324,0.14853494062182968,0.0,0.0,0.0,20,-0.12180805206298828,-0.06425907488062578,0.006041648797690868,0.054825752106427025,0
1033,1774280281.9960358,18,-0.10150671005249023,-0.9369850158691406,0.0,0.08248986560488447,0.9369850158691406,6.043910980224609,0.15502958579881657,0.0,0.0,0.0,18,0.14249980449676514,0.0751846856020643,0.025970072443805524,0.054088043763424326,0
1034,1774280282.096101,19,-0.1380820023386102,-0.8901357650756836,0.0,0.10176575566721335,0.8901357650756836,6.043910980224609,0.14727810650887574,0.0,0.0,0.0,19,-0.09591767662449888,-0.05048989735388709,0.028064433124757582,0.04947793712992101,0
1035,1774280282.1958394,18,-0.09890397389729817,-0.8901357650756836,0.0,0.07825596842141952,0.8901357650756836,6.043910980224609,0.14727810650887574,0.0,0.0,0.0,18,0.039606854535531325,0.02090729110865632,0.028064433124757582,0.04502248901289534,0
1036,1774280282.2955217,19,-0.09616425162867497,-0.9369850158691406,0.0,0.0786620472471267,0.9369850158691406,6.043910980224609,0.15502958579881657,0.0,0.0,0.0,19,-0.004931500083521806,-0.002602670758745024,0.0032768264665441996,0.04630970274375028,0
1037,1774280282.3959413,18,-0.10150671005249023,-0.9369850158691406,0.0,0.08248986560488447,0.9369850158691406,6.043910980224609,0.15502958579881657,0.0,0.0,0.0,18,-0.017178058624267578,-0.009040735887041119,0.0,0.045774962436319705,0
1038,1774280282.4957497,18,-0.10150671005249023,-0.9369850158691406,0.0,0.08248986560488447,0.9369850158691406,6.043910980224609,0.15502958579881657,0.0,0.0,0.0,18,0.02498626708984375,0.013148334922717777,0.0,0.04478734991417339,0
1039,1774280282.596165,18,-0.10150671005249023,-0.9369850158691406,0.0,0.08248986560488447,0.9369850158691406,6.043910980224609,0.15502958579881657,0.0,0.0,0.0,18,0.03410954224435905,0.017952941689142594,0.0,0.04563811725598759,0
1040,1774280282.7010968,19,-0.1972600033408717,-0.9838342666625977,0.0,0.1461491955268536,0.9838342666625977,5.992770195007324,0.16417019752939072,0.020350817002748187,0.1933327615261078,0.05933231748191226,19,-0.07076702619853772,-0.037147636678690706,0.0,0.047017451852417944,0
1041,1774280282.7957883,18,-0.10150671005249023,-0.9369850158691406,0.0,0.08248986560488447,0.9369850158691406,5.992770195007324,0.15635256907561018,0.0,0.0,0.0,18,0.02498626708984375,0.013153524981531096,0.0,0.04787641884535339,0
1042,1774280282.8961112,17,-0.055116765639361215,-0.9369850158691406,0.0,0.04860572567270831,0.9369850158691406,5.992770195007324,0.15635256907561018,0.0,0.0,0.0,17,0.02686942324918859,0.014143875767681073,0.0,0.05170452925960522,0
1043,1774280282.9959872,17,-0.055116765639361215,-0.9369850158691406,0.0,0.04860572567270831,0.9369850158691406,5.992770195007324,0.15635256907561018,0.0,0.0,0.0,17,0.1229103873757755,0.06467972381472316,0.08030745478776785,0.05357291235580413,0
1044,1774280283.1005008,20,-0.09135603904724121,-0.9369850158691406,0.0,0.07516820414110725,0.9369850158691406,5.992770195007324,0.15635256907561018,0.019333276152610778,0.1933327615261078,0.05799982845783234,20,0.0899301922839621,0.047228049811209205,0.08030745478776785,0.0539137319995351,0
1045,1774280283.195687,17,0.0,0.0,0.0,0.0,0.0,5.992770195007324,0.0,0.0,0.0,0.0,17,0.25767087936401367,0.1359830622290955,0.08156225876882672,0.06050133215304318,0
1046,1774280283.295962,19,-0.04931500083521793,-0.9369850158691406,0.0,0.04377544753279581,0.9369850158691406,5.992770195007324,0.15635256907561018,0.0,0.0,0.0,19,0.11465737694188169,0.06035386118273079,0.0029743501773247354,0.05490176507383966,0
1047,1774280283.39623,18,-0.049451986948649086,-0.8901357650756836,0.0,0.041573483223879125,0.8901357650756836,5.992770195007324,0.14853494062182968,0.0,0.0,0.0,18,0.09961381103053238,0.052419524467441074,0.0029292842655470877,0.05569846221243525,0
1048,1774280283.4961283,18,0.0,0.0,0.0,0.0,0.0,5.992770195007324,0.0,0.0,0.0,0.0,18,0.1425846763279127,0.07524282015013116,0.0029292842655470877,0.05998722804708482,0
1049,1774280283.5960023,18,-0.049451986948649086,-0.8901357650756836,0.0,0.041573483223879125,0.8901357650756836,5.992770195007324,0.14853494062182968,0.0,0.0,0.0,18,0.15133051645188106,0.07965503282778764,0.0,0.060431433583723326,0
1050,1774280283.6955898,19,-0.09123275154515316,-0.8901357650756836,0.0,0.07080678638429722,0.8901357650756836,6.043910980224609,0.14727810650887574,0.0,0.0,0.0,19,0.10042327442808015,0.052858550918240946,0.0,0.05578294448946446,0
1051,1774280283.795647,19,-0.04684925079345703,-0.8901357650756836,0.0,0.03950734139834822,0.8901357650756836,5.992770195007324,0.14853494062182968,0.0,0.0,0.0,19,0.16162991523742676,0.08508882976360009,0.0,0.051894143440233846,0
1052,1774280283.895594,19,-0.044383500751696135,-0.8432865142822266,0.0,0.03545811250156461,0.8432865142822266,5.992770195007324,0.14071731216804917,0.0,0.0,0.0,19,0.0571232093007941,0.03007184159488906,0.0,0.04442934742067714,0
1053,1774280283.99587,19,-0.044383500751696135,-0.8432865142822266,0.0,0.03545811250156461,0.8432865142822266,5.992770195007324,0.14071731216804917,0.0,0.0,0.0,19,0.09369850158691406,0.04932099547087683,0.0,0.044694550181594996,0
1054,1774280284.0960262,20,-0.04216432571411133,-0.8432865142822266,0.0,0.033778776895587725,0.8432865142822266,5.992770195007324,0.14071731216804917,0.0,0.0,0.0,20,0.056739648183186844,0.029860037374503254,0.0,0.04284652221984231,0
1055,1774280284.1962783,21,-0.040156500680106025,-0.8432865142822266,0.0,0.03225089093742711,0.8432865142822266,5.992770195007324,0.14071731216804917,0.0,0.0,0.0,21,0.05600775094856894,0.029466030012299572,0.0,0.04283691807003964,0
1056,1774280284.296042,16,0.0,0.0,0.0,0.0,0.0,5.992770195007324,0.0,0.0,0.0,0.0,16,0.10150671005249023,0.053421752660108415,0.0,0.0447511591362539,0
1057,1774280284.3962898,17,0.0,0.0,0.0,0.0,0.0,5.992770195007324,0.0,0.0,0.0,0.0,17,0.10150671005249023,0.05340940153495421,0.00703028223731301,0.04585159268971567,0
1058,1774280284.495975,17,-0.049605089075425095,-0.8432865142822266,0.0,0.039370637794893734,0.8432865142822266,5.992770195007324,0.14071731216804917,0.0,0.0,0.0,17,0.05190162097706514,0.027319373467532267,0.00703028223731301,0.04477402127579,0
1059,1774280284.595997,20,-0.11946558952331543,-0.8432865142822266,0.0,0.08109430535085949,0.8432865142822266,5.992770195007324,0.14071731216804917,0.019333276152610778,0.1933327615261078,0.05799982845783234,20,0.07779441381755628,0.041054620613009754,0.007160472649115103,0.04585584244734271,0
1060,1774280284.7006054,21,-0.1093149185180664,-0.8432865142822266,0.0,0.07218625341920415,0.8432865142822266,5.992770195007324,0.14071731216804917,0.027618965932301114,0.1933327615261078,0.06765237375744962,21,-0.007808208465576172,-0.004099190650791263,0.0,0.0350831028771885,0
1061,1774280284.796196,19,-0.1306847522133275,-0.8901357650756836,0.0,0.091624443655449,0.8901357650756836,5.992770195007324,0.14853494062182968,0.0,0.0,0.0,19,-0.0755679865739663,-0.039770850859031905,0.007160472649115103,0.0376281711359522,0
1062,1774280284.895772,16,0.0,0.0,0.0,0.0,0.0,5.992770195007324,0.0,0.012083297595381737,0.1933327615261078,0.046798410354181585,16,0.055116765639361215,0.02901210997213767,0.007160472649115103,0.03937929255212389,0
1063,1774280284.995849,17,0.0,0.0,0.0,0.0,0.0,5.992770195007324,0.0,0.0,0.0,0.0,17,0.09135603904724121,0.04820013821964344,0.006904741483075278,0.04087039040065916,0
1064,1774280285.0962276,18,-0.14315048853556314,-0.8901357650756836,0.0,0.10254160266577451,0.8901357650756836,5.992770195007324,0.14853494062182968,0.04296283589469062,0.3866655230522156,0.12151725040056222,18,-0.14315048853556314,-0.07532093198493707,0.0,0.04497712107985238,0
1065,1774280285.195946,15,0.0,0.0,0.0,0.0,0.0,5.992770195007324,0.0,0.0,0.0,0.0,15,0.04931500083521793,0.025955483769600104,0.0,0.04497712107985239,0
1066,1774280285.295984,16,0.0,0.0,0.0,0.0,0.0,5.992770195007324,0.0,0.0,0.0,0.0,16,0.049451986948649086,0.026030731197278095,0.0,0.046305588581644234,0
1067,1774280285.3960464,20,-0.12883543968200684,-0.8901357650756836,0.0,0.0941317280123144,0.8901357650756836,5.992770195007324,0.14853494062182968,0.0,0.0,0.0,20,-0.12883543968200684,-0.06781104989763873,0.0,0.04954744449616906,0
1068,1774280285.4956667,20,-0.0773012638092041,-0.7964372634887695,0.0,0.053834239785999216,0.7964372634887695,5.992770195007324,0.13289968371426866,0.0,0.0,0.0,20,-0.027849276860555015,-0.014660103558879504,0.0,0.04834193478308295,0
1069,1774280285.5958807,20,-0.03982186317443848,-0.7964372634887695,0.0,0.030129834946990286,0.7964372634887695,5.992770195007324,0.13289968371426866,0.0,0.0,0.0,20,0.05141088837071468,0.027054219216762085,0.0,0.048451090250042614,0
1070,1774280285.6958902,18,-0.044246514638264976,-0.7964372634887695,0.0,0.033281818979781344,0.7964372634887695,5.992770195007324,0.13289968371426866,0.0,0.0,0.0,18,0.002602736155192055,0.0013696857551928642,0.0,0.04778971335805517,0
1071,1774280285.7957928,18,-0.09369850158691406,-0.8901357650756836,0.0,0.07047914607483108,0.8901357650756836,5.992770195007324,0.14853494062182968,0.0,0.0,0.0,18,-0.04931500083521793,-0.02595254627761638,0.0,0.04857171354798137,0
1072,1774280285.8958712,18,-0.09630123774210612,-0.8901357650756836,0.0,0.07425239524473505,0.8901357650756836,5.992770195007324,0.14853494062182968,0.0,0.0,0.0,18,-0.05191773699040999,-0.027325109644857473,0.0,0.04929761271547545,0
1073,1774280285.9962065,21,-0.12046950204031807,-0.8901357650756836,0.0,0.0872864390834254,0.8901357650756836,6.043910980224609,0.14727810650887574,0.0,0.0,0.0,21,-0.07830517632620675,-0.04120933928508244,0.0,0.051009453846330675,0
1074,1774280286.0963452,17,-0.049605089075425095,-0.8432865142822266,0.0,0.039370637794893734,0.8432865142822266,5.992770195007324,0.14071731216804917,0.0,0.0,0.0,17,-0.00944858839531907,-0.004972766291112941,0.0,0.05089216978053494,0
1075,1774280286.195547,18,-0.1405477523803711,-0.8901357650756836,0.0,0.09901222597363812,0.8901357650756836,5.992770195007324,0.14853494062182968,0.0,0.0,0.0,18,-0.1405477523803711,-0.07399177266715048,0.0,0.053367723495216034,0
1076,1774280286.2963636,19,-0.08630125146163137,-0.8432865142822266,0.0,0.06336496030372192,0.8432865142822266,5.992770195007324,0.14071731216804917,0.0,0.0,0.0,19,-0.08630125146163137,-0.045419947885042826,0.007160472649115103,0.05120894286663668,0
1077,1774280286.395599,19,-0.08630125146163137,-0.8432865142822266,0.0,0.06336496030372192,0.8432865142822266,5.992770195007324,0.14071731216804917,0.0,0.0,0.0,19,-0.03669616238620627,-0.019317593840192094,0.016666617372940326,0.04857322531967449,0
1078,1774280286.4956393,20,-0.09135603904724121,-0.9369850158691406,0.0,0.07516820414110725,0.9369850158691406,5.992770195007324,0.15635256907561018,0.0,0.0,0.0,20,0.02810955047607422,0.014797286586793114,0.016111063460508983,0.048299732626382694,0
1079,1774280286.5961335,17,-0.10196601643281825,-0.8901357650756836,0.0,0.07804256828324227,0.8901357650756836,5.992770195007324,0.14853494062182968,0.0,0.0,0.0,17,0.00734890208524816,0.0038769682022832125,0.013809482966150557,0.047692975986416086,0
1080,1774280286.695964,16,-0.055633485317230225,-0.8901357650756836,0.0,0.046426270328137065,0.8901357650756836,5.992770195007324,0.14853494062182968,0.0,0.0,0.0,16,0.07505126689609729,0.03950548824325785,0.003717937721655919,0.04730753726077308,0
1081,1774280286.7959015,15,0.0,0.0,0.0,0.0,0.0,5.992770195007324,0.0,0.0,0.0,0.0,15,0.0,0.0,0.018954192306481155,0.04808859898948209,0
1082,1774280286.8958704,15,0.0,0.0,0.0,0.0,0.0,5.992770195007324,0.0,0.0,0.0,0.0,15,0.0,0.0,0.015466620922088623,0.04808859898948209,0
1083,1774280286.9955041,15,0.0,0.0,0.0,0.0,0.0,5.992770195007324,0.0,0.0,0.0,0.0,15,0.14315048853556314,0.07537106309372887,0.015782266247029206,0.04808859898948209,0
1084,1774280287.095987,16,0.0,0.0,0.0,0.0,0.0,5.992770195007324,0.0,0.024166595190763474,0.1933327615261078,0.06393880090992969,16,0.0,0.0,0.0,0.046977740093340235,0
1085,1774280287.1961765,15,0.0,0.0,0.0,0.0,0.0,5.992770195007324,0.0,0.0,0.0,0.0,15,0.0,0.0,0.0,0.046977740093340235,0
1086,1774280287.2958546,20,-0.22019147872924805,-0.9369850158691406,0.0,0.14576014123690584,0.9369850158691406,5.992770195007324,0.15635256907561018,0.0,0.0,0.0,20,-0.09135603904724121,-0.04808698086798899,0.0,0.05634826752203023,0
1087,1774280287.3960812,17,-0.10747769299675436,-0.9369850158691406,0.0,0.08670046316869344,0.9369850158691406,5.992770195007324,0.15635256907561018,0.0,0.0,0.0,17,-0.030176429187550258,-0.01587886732805349,0.0,0.05544920304173707,0
1088,1774280287.4956558,17,-0.10747769299675436,-0.9369850158691406,0.0,0.08670046316869344,0.9369850158691406,5.992770195007324,0.15635256907561018,0.0,0.0,0.0,17,-0.06765582982231588,-0.035612548231773664,0.0,0.05601971339625528,0
1089,1774280287.5962484,18,-0.049451986948649086,-0.8901357650756836,0.0,0.041573483223879125,0.8901357650756836,5.992770195007324,0.14853494062182968,0.0,0.0,0.0,18,-0.00520547231038411,-0.0027392058561293785,0.0,0.05578134341385094,0
1090,1774280287.6960711,18,-0.10150671005249023,-0.9369850158691406,0.0,0.08248986560488447,0.9369850158691406,5.992770195007324,0.15635256907561018,0.0,0.0,0.0,18,-0.007808208465576172,-0.004108981480726368,0.0,0.05572453981998854,0
1091,1774280287.7962778,20,-0.18271207809448242,-0.9369850158691406,0.0,0.13364455654141238,0.9369850158691406,5.992770195007324,0.15635256907561018,0.009666638076305389,0.1933327615261078,0.042135898498397606,20,-0.0864108403523763,-0.04546965917494126,0.0,0.06036837742312698,0
1092,1774280287.895821,21,-0.17178058624267578,-0.9369850158691406,0.0,0.12569884282649063,0.9369850158691406,5.992770195007324,0.15635256907561018,0.0,0.0,0.0,21,-0.05131108420235771,-0.02701131321295008,0.0,0.063553242987338,0
1093,1774280287.9955258,17,-0.049605089075425095,-0.8432865142822266,0.0,0.039370637794893734,0.8432865142822266,5.992770195007324,0.14071731216804917,0.0,0.0,0.0,17,0.0,0.0,0.0,0.06337626409716163,0
1094,1774280288.096029,16,-0.05270540714263916,-0.8432865142822266,0.0,0.041667899131070385,0.8432865142822266,5.992770195007324,0.14071731216804917,0.0,0.0,0.0,16,0.08784234523773193,0.046221089198751654,0.0,0.06330524747041612,0
1095,1774280288.1960704,17,0.0,0.0,0.0,0.0,0.0,5.992770195007324,0.0,0.0,0.0,0.0,17,0.08630125146163137,0.045428720695783444,0.0,0.06401868915453424,0
1096,1774280288.2959805,18,-0.09630123774210612,-0.8901357650756836,0.0,0.07425239524473505,0.8901357650756836,5.992770195007324,0.14853494062182968,0.0,0.0,0.0,18,-0.009999986280474757,-0.00526209392058597,0.0,0.0641577777299893,0
1097,1774280288.3956654,19,-0.09123275154515316,-0.8901357650756836,0.0,0.07080678638429722,0.8901357650756836,5.992770195007324,0.14853494062182968,0.0,0.0,0.0,19,0.0001232875020880514,6.488726822837756e-05,0.0,0.06421509500881178,0
1098,1774280288.495606,22,-0.21721016276966443,-0.8432865142822266,0.0,0.12621307688232644,0.8432865142822266,5.992770195007324,0.14071731216804917,0.035151411186565056,0.3866655230522156,0.11115852231866752,22,-0.11524414633684618,-0.060671659026645564,0.0,0.07137755157896956,0
1099,1774280288.5954795,21,-0.1472405024937221,-0.7964372634887695,0.0,0.09224352046825215,0.7964372634887695,6.043910980224609,0.13177514792899409,0.08285689779690333,0.5799982845783234,0.20295712127234886,21,-0.09160701717649186,-0.04822652011121029,0.0,0.07273500115785282,0
1100,1774280288.695714,19,-0.16767100283974096,-0.8432865142822266,0.0,0.10565690655901742,0.8432865142822266,6.043910980224609,0.1395266272189349,0.061052451008244565,0.5799982845783234,0.17799695244573677,19,-0.16767100283974096,-0.088256607625647,0.0,0.07473499009261048,0
1101,1774280288.7957504,20,-0.11946558952331543,-0.8432865142822266,0.0,0.08109430535085949,0.8432865142822266,5.992770195007324,0.14071731216804917,0.038666552305221556,0.3866655230522156,0.11599965691566468,20,-0.11946558952331543,-0.06288059970830781,0.008405772240265556,0.0721831771744622,0
1102,1774280288.8956597,23,-0.06721849026887314,-0.7964372634887695,0.0,0.04749013123771201,0.7964372634887695,5.992770195007324,0.13289968371426866,0.05043463344159334,0.3866655230522156,0.13022166359424442,23,-0.06721849026887314,-0.035375256763155005,0.008405772240265556,0.0692278517597252,0
1103,1774280288.99597,22,-0.14906579797918146,-0.8901357650756836,0.0,0.10049158464042662,0.8901357650756836,5.992770195007324,0.14853494062182968,0.05272711677984758,0.3866655230522156,0.13269366731234514,22,-0.14906579797918146,-0.07845638804745134,0.007581676922592462,0.06629587581411328,0
1104,1774280289.0962036,22,-0.03407218239524148,-0.7495880126953125,0.0,0.024379185876666674,0.7495880126953125,6.043910980224609,0.12402366863905326,0.05272711677984758,0.3866655230522156,0.13269366731234514,22,-0.03407218239524148,-0.017932472400504752,0.0,0.06397511872654726,0
1105,1774280289.1961417,22,-0.03407218239524148,-0.7495880126953125,0.0,0.024379185876666674,0.7495880126953125,6.043910980224609,0.12402366863905326,0.02636355838992379,0.3866655230522156,0.08831682758296405,22,0.18611929633400656,0.09794272207918128,0.0,0.06151978473731384,0
1106,1774280289.295479,23,0.0,0.0,0.0,0.0,0.0,6.043910980224609,0.0,0.033623088961062225,0.1933327615261078,0.07327982347547411,23,0.10747769299675436,0.05658513986139457,0.0,0.06020330114527456,0
1107,1774280289.400776,22,0.0,0.0,0.0,0.0,0.0,6.043910980224609,0.0,0.017575705593282528,0.1933327615261078,0.05557926115933376,22,0.10747769299675436,0.05641517879040159,0.0,0.06374862838256659,0
1108,1774280289.5008497,20,-0.04919171333312988,-0.9838342666625977,0.0,0.04597666855232774,0.9838342666625977,6.043910980224609,0.1627810650887574,0.019333276152610778,0.1933327615261078,0.05799982845783234,20,0.0002602736155192034,0.00013665516802097033,0.003452370741537639,0.06430156462421135,0
1109,1774280289.6009316,21,-0.09146758488246373,-0.9838342666625977,0.0,0.07953228968828477,0.9838342666625977,6.043910980224609,0.1627810650887574,0.04603160988716852,0.1933327615261078,0.08234384705716817,21,0.010039125170026503,0.005270267921646643,0.0032768264665441996,0.06365747678589781,0
1110,1774280289.700668,21,0.0,0.0,0.0,0.0,0.0,6.043910980224609,0.0,0.027618965932301114,0.1933327615261078,0.06765237375744962,21,0.18271207809448242,0.09594255690576084,0.0033333234745880655,0.06660573762368802,0
1111,1774280289.8009286,20,-0.09604096412658691,-0.9838342666625977,0.0,0.0830696724207769,0.9838342666625977,6.043910980224609,0.1627810650887574,0.02899991422891617,0.1933327615261078,0.06903360396656207,20,0.07573962211608887,0.039756088403874554,0.0,0.06289167700306376,0
1112,1774280289.900769,21,0.0,0.0,0.0,0.0,0.0,6.043910980224609,0.0,0.018412643954867407,0.1933327615261078,0.056751580113533366,21,0.049605089075425095,0.026036093533926236,0.0,0.0617244166190517,0
1113,1774280290.0010984,20,-0.09604096412658691,-0.9838342666625977,0.0,0.0830696724207769,0.9838342666625977,6.043910980224609,0.1627810650887574,0.019333276152610778,0.1933327615261078,0.05799982845783234,20,-0.043335556983947754,-0.02274749575743013,0.0,0.06166925131031566,0
1114,1774280290.1003444,19,0.0,0.0,0.0,0.0,0.0,6.043910980224609,0.0,0.030526225504122283,0.3866655230522156,0.09436285647756702,19,0.0,0.0,0.0,0.06367825605030056,0
1115,1774280290.2005951,19,0.0,0.0,0.0,0.0,0.0,6.043910980224609,0.0,0.040701634005496375,0.3866655230522156,0.11866463496382453,19,0.09630123774210612,0.05056205772282178,0.013107305866176798,0.06367825605030056,0
1116,1774280290.3006217,18,0.0,0.0,0.0,0.0,0.0,6.043910980224609,0.0,0.04296283589469062,0.3866655230522156,0.12151725040056222,18,0.09123275154515316,0.04789230576661303,0.04053751451353873,0.06533951517293228,0
1117,1774280290.400938,18,0.0,0.0,0.0,0.0,0.0,6.043910980224609,0.0,0.03222212692101797,0.5799982845783234,0.13285523277741546,18,0.21721016276966443,0.11400120959702828,0.05924713659671045,0.06672818786698338,0
1118,1774280290.5005717,20,0.0,0.0,0.0,0.0,0.0,6.043910980224609,0.0,0.019333276152610778,0.3866655230522156,0.08427179699679521,20,0.1472405024937221,0.07728786010993863,0.06122204114993413,0.05791046882752839,0
1119,1774280290.6007674,19,0.0,0.0,0.0,0.0,0.0,6.043910980224609,0.0,0.040701634005496375,0.3866655230522156,0.11866463496382453,19,0.16767100283974096,0.08801380835346946,0.04989232555512459,0.05467710884513777,0
1120,1774280290.7011726,22,-0.04471973939375444,-0.9838342666625977,0.0,0.04199695692035156,0.9838342666625977,6.043910980224609,0.1627810650887574,0.043939263983206314,0.3866655230522156,0.1155861571389514,22,0.07474585012956099,0.0392279725249775,0.047589602837195766,0.04692585971410533,0
1121,1774280290.8013468,24,0.0,0.0,0.0,0.0,0.0,6.043910980224609,0.0,0.07249978557229042,0.7733310461044312,0.19181640272978906,24,0.06721849026887314,0.03527257464767692,0.05194014488761105,0.043811872719703514,0
1122,1774280290.9008334,23,-0.0407384789508322,-0.9369850158691406,0.0,0.03651172067900276,0.9369850158691406,6.043910980224609,0.15502958579881657,0.058840405681858894,0.3866655230522156,0.13290692885927638,23,0.10832731902834926,0.05686881350272923,0.043939263983206314,0.0431558379407468,0
1123,1774280291.0008307,22,0.0,0.0,0.0,0.0,0.0,6.043910980224609,0.0,0.035151411186565056,0.1933327615261078,0.07456740365489042,22,0.03407218239524148,0.017889161961610337,0.037512326863274645,0.03419697958419098,0
1124,1774280291.1010733,23,-0.04684925079345703,-1.0775327682495117,0.0,0.048286750597981154,1.0775327682495117,6.043910980224609,0.17828402366863905,0.07565195016239,0.5799982845783234,0.19533249539136668,23,-0.012777068398215553,-0.006707363542813266,0.025970072443805524,0.0344913318490942,0
1125,1774280291.2014441,23,-0.04684925079345703,-1.0775327682495117,0.0,0.048286750597981154,1.0775327682495117,6.043910980224609,0.17828402366863905,0.033623088961062225,0.5799982845783234,0.12296584683731038,23,-0.04684925079345703,-0.024580329956842444,0.023794801418597883,0.03477145762522534,0
1126,1774280291.3011174,25,0.0,0.0,0.0,0.0,0.0,6.043910980224609,0.0,0.038666552305221556,0.3866655230522156,0.09471332326042946,25,0.0,0.0,0.027618965932301114,0.03477145762522534,0
1127,1774280291.4016652,22,-0.15119530937888406,-1.1712312698364258,0.0,0.1452457113920679,1.1712312698364258,6.043910980224609,0.1937869822485207,0.08787852796641263,0.5799982845783234,0.1996216423540414,22,-0.10200359604575418,-0.05366307079688339,0.031182703471952868,0.04367977161643824,0
1128,1774280291.501607,22,0.0,0.0,0.0,0.0,0.0,6.043910980224609,0.0,0.035151411186565056,0.1933327615261078,0.07456740365489042,22,0.09146758488246373,0.0481237300433463,0.03430097381914816,0.04409053323035728,0
1129,1774280291.60153,22,-0.05323778499256481,-1.1712312698364258,0.0,0.05951949676920573,1.1712312698364258,6.043910980224609,0.1937869822485207,0.035151411186565056,0.7733310461044312,0.1610840025469518,22,-0.05323778499256481,-0.02800718073897749,0.024946162777562297,0.04220266727911207,0
1130,1774280291.7013998,22,-0.05323778499256481,-1.1712312698364258,0.0,0.05951949676920573,1.1712312698364258,6.043910980224609,0.1937869822485207,0.07030282237313011,0.5799982845783234,0.17040278796887037,22,0.0428031791340221,0.022522403337652923,0.02218572673250417,0.04198160449955895,0
1131,1774280291.8011165,23,-0.05092309868854025,-1.1712312698364258,0.0,0.05704956356094181,1.1712312698364258,6.043910980224609,0.1937869822485207,0.058840405681858894,0.3866655230522156,0.13290692885927638,23,-0.05092309868854025,-0.026796730313424104,0.022555488844712576,0.03959426850656964,0
1132,1774280291.9015503,21,-0.32348292214529856,-1.2180805206298828,0.0,0.2627352673745027,1.2180805206298828,6.043910980224609,0.20153846153846153,0.027618965932301114,0.1933327615261078,0.06765237375744962,21,-0.22744195801871164,-0.11967782935694031,0.029999911271292586,0.07479257970103843,0
1133,1774280292.0012164,19,-0.11095875187924034,-1.0775327682495117,0.0,0.10470843852914018,1.0775327682495117,6.043910980224609,0.17828402366863905,0.10175408501374095,0.5799982845783234,0.2114918941457786,19,-0.11095875187924034,-0.05837255340692555,0.03797607815691403,0.07536643729381663,0
1134,1774280292.101525,22,-0.05323778499256481,-1.1712312698364258,0.0,0.05951949676920573,1.1712312698364258,6.043910980224609,0.1937869822485207,0.0,0.0,0.0,22,-0.05323778499256481,-0.028006179614128265,0.038666552305221556,0.07462740721355227,0
1135,1774280292.2013767,23,-0.0611077184262483,-1.405477523803711,0.0,0.0821513715277562,1.405477523803711,6.043910980224609,0.23254437869822486,0.0,0.0,0.0,23,-0.0611077184262483,-0.03214918320459917,0.03107133667383875,0.07381456922559251,0
1136,1774280292.301215,21,0.0,0.0,0.0,0.0,0.0,6.043910980224609,0.0,0.0,0.0,0.0,21,0.0,0.0,0.030526225504122283,0.07381456922559251,0
1137,1774280292.4013183,21,-0.05577291761125837,-1.1712312698364258,0.0,0.06221236677744429,1.1712312698364258,6.043910980224609,0.1937869822485207,0.0,0.0,0.0,21,-0.05577291761125837,-0.029342637299754868,0.0348632848653637,0.07285115849058554,0
1138,1774280292.5018456,19,-0.05917800100226151,-1.1243820190429688,0.0,0.06303664444722595,1.1243820190429688,6.043910980224609,0.18603550295857987,0.040701634005496375,0.1933327615261078,0.07881837533335848,19,-0.05917800100226151,-0.031128651230393604,0.053538303191845237,0.0717665252608688,0
1139,1774280292.6011899,24,-0.181540846824646,-4.356980323791504,0.0,0.7580128185136203,4.356980323791504,6.043910980224609,0.720887573964497,0.040277658651272454,0.3866655230522156,0.09633014885470996,24,-0.13682110743089154,-0.07201045495897583,0.058840405681858894,0.07530394511410722,0
1140,1774280292.701355,19,-0.23671200400904605,-4.497528076171875,0.0,1.0085863111556153,4.497528076171875,6.043910980224609,0.7441420118343195,0.040701634005496375,0.3866655230522156,0.11866463496382453,19,-0.23671200400904605,-0.1245847274816077,0.05603848160177037,0.08366905380933513,0
1141,1774280292.8014133,19,-0.08136975137810958,-1.546025276184082,0.0,0.11917865590803663,1.546025276184082,5.992770195007324,0.2579817389747568,0.061052451008244565,0.3866655230522156,0.14099459609718576,19,-0.040631272427277376,-0.021378354995643188,0.056862576919443464,0.0818202696753201,0
1142,1774280292.9012756,23,-0.11203081711478856,-1.405477523803711,0.0,0.13297734633659533,1.405477523803711,6.043910980224609,0.23254437869822486,0.02521731672079667,0.1933327615261078,0.06511083179712221,23,-0.11203081711478856,-0.058949781778626004,0.04833319038152695,0.08157080951986528,0
1143,1774280293.0012906,23,-0.05092309868854025,-1.1712312698364258,0.0,0.05704956356094181,1.1712312698364258,6.043910980224609,0.1937869822485207,0.14289812808451446,1.1599965691566467,0.3133899163466406,23,-0.004073847895083221,-0.0021438852843097657,0.04901393954183014,0.07968568140854725,0
1144,1774280293.100987,26,-0.15316101220937875,-1.405477523803711,0.0,0.18125389000351652,1.405477523803711,6.043910980224609,0.23254437869822486,0.06692287898980655,0.5799982845783234,0.16034616701975865,26,-0.10631176141592172,-0.05596702582240898,0.052476035271372116,0.08041062236059453,0
1145,1774280293.2015593,24,0.0,0.0,0.0,0.0,0.0,6.043910980224609,0.0,0.05638872211178144,0.5799982845783234,0.15263053866481685,24,0.0,0.0,0.053236557521681854,0.0823435565835026,0
1146,1774280293.3012905,24,0.0,0.0,0.0,0.0,0.0,6.043910980224609,0.0,0.040277658651272454,0.5799982845783234,0.12453549838602536,24,0.15119530937888406,0.07959217497816672,0.05272711677984758,0.08234355658350259,0
1147,1774280293.4014475,23,-0.05092309868854025,-1.1712312698364258,0.0,0.05704956356094182,1.1712312698364258,5.992770195007324,0.19544071134451274,0.16811544480531113,1.73999485373497,0.4043517207758326,23,-0.05092309868854025,-0.026803879687120783,0.0468685482487534,0.0814766868545589,0
1148,1774280293.5014691,22,0.0,0.0,0.0,0.0,0.0,5.992770195007324,0.0,0.08787852796641263,0.7733310461044312,0.19962164235404142,22,0.05323778499256481,0.028020785564905084,0.05482570849247833,0.0814766868545589,0
1149,1774280293.6013763,19,-0.056712250960500615,-1.0775327682495117,0.0,0.057893029362122435,1.0775327682495117,5.992770195007324,0.17980545443695173,0.07122785950961866,0.5799982845783234,0.1797335492026708,19,-0.003474465967935804,-0.0018286889246771194,0.05272711677984758,0.08141375946909177,0
1150,1774280293.701525,18,-0.07808208465576172,-1.405477523803711,0.0,0.10364580305122217,1.405477523803711,5.992770195007324,0.2345288536134153,0.06444425384203593,0.3866655230522156,0.1441017323500443,18,-0.027158985967221466,-0.014291130499496337,0.061375479849558025,0.08111530261319308,0
1151,1774280293.8015282,17,0.060628442203297335,0.0,1.0306835174560547,0.058812928063977046,1.0306835174560547,5.992770195007324,0.17198782598317122,0.06823509230333216,0.5799982845783234,0.18686949633991082,17,0.3841113643485959,0.2021662250977086,0.04053751451353873,0.08694764092901948,0
1152,1774280293.9016888,17,0.0,0.0,0.0,0.0,0.0,5.992770195007324,0.0,0.13647018460666432,0.9666638076305389,0.31639310701301887,17,0.11095875187924034,0.0583848267036331,0.030208243988454342,0.06827499888294944,0
1153,1774280294.0013816,13,0.0,0.0,0.0,0.0,0.0,5.860805511474609,0.0,0.029743501773247354,0.3866655230522156,0.1030345125325588,13,0.05323778499256481,0.028022002242992294,0.0,0.06874474351061048,0
1154,1774280294.1008449,12,0.0,0.0,0.0,0.0,0.0,5.860805511474609,0.0,0.0,0.0,0.0,12,0.0611077184262483,0.032170961828425236,0.0,0.06991791463601936,0
1155,1774280294.201539,14,0.0,0.0,0.0,0.0,0.0,6.043910980224609,0.0,0.0,0.0,0.0,14,0.0,0.0,0.012677558132859527,0.0709487368493855,0
1156,1774280294.3008611,15,0.0,0.0,0.0,0.0,0.0,6.043910980224609,0.0,0.0,0.0,0.0,15,0.05577291761125837,0.029361232271643126,0.027187419589608908,0.0709487368493855,0
1157,1774280294.4016635,16,0.0,0.0,0.0,0.0,0.0,6.043910980224609,0.0,0.0,0.0,0.0,16,0.05917800100226151,0.0311493010172149,0.04053751451353873,0.07186678467052281,0
1158,1774280294.500992,17,0.060628442203297335,0.0,1.0306835174560547,0.058812928063977046,1.0306835174560547,6.043910980224609,0.17053254437869822,0.0,0.0,0.0,17,0.24216928902794332,0.12747079038805267,0.0467740552079293,0.07574083650852605,0
1159,1774280294.600867,15,0.0,0.0,0.0,0.0,0.0,6.043910980224609,0.0,0.0,0.0,0.0,15,0.23671200400904605,0.12461726878385179,0.041202063931793466,0.06932090008252056,0
1160,1774280294.7013195,14,0.0,0.0,0.0,0.0,0.0,6.043910980224609,0.0,0.0,0.0,0.0,14,0.08136975137810958,0.04282830023805521,0.07733310461044311,0.051870799907982254,0
1161,1774280294.8009484,12,0.0,0.0,0.0,0.0,0.0,6.043910980224609,0.0,0.0,0.0,0.0,12,0.11203081711478856,0.05897374551056735,0.07787014005912675,0.05030822310832081,0
1162,1774280294.901509,16,0.0,0.0,0.0,0.0,0.0,6.043910980224609,0.0,0.012083297595381737,0.1933327615261078,0.046798410354181585,16,0.05092309868854025,0.026798549241921002,0.08739700178577475,0.045663724793415184,0
1163,1774280295.0013354,16,-0.08784234523773193,-1.405477523803711,0.0,0.11574416425297329,1.405477523803711,6.043910980224609,0.23254437869822486,0.0,0.0,0.0,16,0.06531866697164682,0.03437194259504742,0.054864702595246805,0.04783671847261743,0
1164,1774280295.100929,16,0.0,0.0,0.0,0.0,0.0,6.043910980224609,0.0,0.0,0.0,0.0,16,0.0,0.0,0.08713589251880914,0.03592654893303956,0
1165,1774280295.2012265,15,0.0,0.0,0.0,0.0,0.0,6.043910980224609,0.0,0.0,0.0,0.0,15,0.0,0.0,0.09806734280309816,0.03592654893303956,0
1166,1774280295.3009264,15,0.0,0.0,0.0,0.0,0.0,6.043910980224609,0.0,0.0,0.0,0.0,15,0.05092309868854025,0.02680898343085309,0.11177050275728106,0.03592654893303956,0
1167,1774280295.4010432,16,0.0,0.0,0.0,0.0,0.0,6.043910980224609,0.0,0.0,0.0,0.0,16,0.0,0.0,0.07536700873051659,0.03454496477178154,0
1168,1774280295.5009859,17,0.0,0.0,0.0,0.0,0.0,5.992770195007324,0.0,0.0,0.0,0.0,17,0.056712250960500615,0.029854688028253584,0.06802449016659348,0.03454496477178154,0
1169,1774280295.6016464,17,0.0,0.0,0.0,0.0,0.0,6.043910980224609,0.0,0.0,0.0,0.0,17,0.07808208465576172,0.04109320729910723,0.08923050531974205,0.03245377180549308,0
1170,1774280295.70114,15,-0.04684925079345703,-0.7027387619018555,0.0,0.03072793219871528,0.7027387619018555,6.043910980224609,0.11627218934911243,0.0,0.0,0.0,15,-0.10747769299675436,-0.05657876941165455,0.08226926022387565,0.029371517964644298,0
1171,1774280295.8010595,18,0.0,0.0,0.0,0.0,0.0,6.043910980224609,0.0,0.04296283589469062,0.7733310461044312,0.17714031036988723,18,0.0,0.0,0.06444425384203593,0.02579987440185028,0
1172,1774280295.9007447,18,0.0,0.0,0.0,0.0,0.0,6.043910980224609,0.0,0.02148141794734531,0.1933327615261078,0.06075862520028111,18,0.0,0.0,0.00991450059108245,0.02579987440185028,0
1173,1774280296.0011718,20,-0.03279447555541992,-0.6558895111083984,0.0,0.02043407491214566,0.6558895111083984,6.043910980224609,0.1085207100591716,0.0,0.0,0.0,20,-0.03279447555541992,-0.017257280521078285,0.0,0.026543820278791506,0
1174,1774280296.10213,22,0.0,0.0,0.0,0.0,0.0,6.043910980224609,0.0,0.0966663807630539,0.9666638076305389,0.2590554072739143,22,0.0,0.0,0.0,0.026543820278791506,0
1175,1774280296.2010705,22,0.0,0.0,0.0,0.0,0.0,5.992770195007324,0.0,0.05272711677984758,0.3866655230522156,0.13269366731234514,22,0.0,0.0,0.0,0.026543820278791506,0
1176,1774280296.301343,19,-0.03945200066817434,-0.7495880126953125,0.0,0.028016286420989325,0.7495880126953125,5.992770195007324,0.12508205526048816,0.09157867651236684,0.7733310461044312,0.20197609175077,19,-0.03945200066817434,-0.020767714912012628,0.0,0.027521401229005597,0
1177,1774280296.400705,20,0.0,0.0,0.0,0.0,0.0,5.992770195007324,0.0,0.05799982845783234,0.3866655230522156,0.13806720793312413,20,-0.060628442203297335,-0.03191452653423051,0.0,0.027521401229005597,0
1178,1774280296.501065,23,0.0,0.0,0.0,0.0,0.0,6.043910980224609,0.0,0.06724617792212445,0.3866655230522156,0.14655964695094822,23,0.0,0.0,0.0,0.022805590995437382,0
1179,1774280296.601151,23,0.05296002263608186,-0.6090402603149414,1.8271207809448242,0.15846916586520815,2.4361610412597656,6.043910980224609,0.40307692307692305,0.10086926688318668,1.1599965691566467,0.27853436706595197,23,0.05296002263608186,0.02787616780968503,0.004603160988716852,0.026610495964792844,0
1180,1774280296.70121,23,-0.0611077184262483,-1.405477523803711,0.0,0.0821513715277562,1.405477523803711,6.043910980224609,0.23254437869822486,0.07565195016239,0.9666638076305389,0.21887313840587774,23,-0.0611077184262483,-0.032157528796194226,0.004393926398320632,0.028955906796844955,0
1181,1774280296.8009915,19,0.0,0.0,0.0,0.0,0.0,5.992770195007324,0.0,0.12210490201648913,0.7733310461044312,0.2819891921943715,19,0.0,0.0,0.004027765865127246,0.028955906796844958,0
1182,1774280296.901599,21,-0.05577291761125837,-0.6090402603149414,0.0,0.029603132607379075,0.6090402603149414,6.043910980224609,0.10076923076923076,0.06444425384203593,0.7733310461044312,0.2008582321729362,21,0.032069427626473565,0.016876305216694136,0.0,0.030433848021920857,0
1183,1774280297.0013347,21,-0.029001917157854353,-0.6090402603149414,0.0,0.016822223976620938,0.6090402603149414,6.043910980224609,0.10076923076923076,0.09206321977433704,0.7733310461044312,0.23579689356526584,21,-0.029001917157854353,-0.015260908758351135,0.0,0.02556349936225374,0
1184,1774280297.1013272,23,0.0,0.0,0.0,0.0,0.0,6.043910980224609,0.0,0.10086926688318668,0.7733310461044312,0.26044332718848884,23,0.0,0.0,0.0,0.02556349936225374,0
1185,1774280297.2007942,21,0.0,0.0,0.0,0.0,0.0,6.043910980224609,0.0,0.05523793186460223,0.3866655230522156,0.13530474751489924,21,0.0,0.0,0.0,0.02556349936225374,0
1186,1774280297.3010268,21,0.0,0.0,0.0,0.0,0.0,6.043910980224609,0.0,0.10126954175177075,0.5799982845783234,0.21194544842165114,21,0.0,0.0,0.0,0.02556349936225374,0
1187,1774280297.4012325,21,-0.02677100045340402,-0.5621910095214844,0.0,0.01433372930552317,0.5621910095214844,6.043910980224609,0.09301775147928994,0.07365057581946963,0.5799982845783234,0.1836655466116799,21,-0.02677100045340402,-0.01408817159263948,0.0,0.02567402193650297,0
1188,1774280297.501909,24,0.0,0.0,0.0,0.0,0.0,6.043910980224609,0.0,0.0966663807630539,0.7733310461044312,0.25575520363971876,24,0.0,0.0,0.015466620922088623,0.02567402193650297,0
1189,1774280297.6015267,25,-0.07870674133300781,-1.405477523803711,0.0,0.08546228091290686,1.405477523803711,6.043910980224609,0.23254437869822486,0.09279972553253174,0.5799982845783234,0.21263088336197644,25,-0.03185749053955078,-0.016763687459226177,0.022745030767777386,0.02931611262269773,0
1190,1774280297.700948,24,-0.271335244178772,-1.546025276184082,0.0,0.30526356353810513,1.546025276184082,6.043910980224609,0.2557988165680473,0.04833319038152695,0.5799982845783234,0.16030305741633943,24,-0.271335244178772,-0.1428164031568472,0.020714224449225833,0.06283693701844047,0
1191,1774280297.8011594,23,0.0,0.0,0.0,0.0,0.0,6.043910980224609,0.0,0.07565195016239,0.5799982845783234,0.19533249539136668,23,0.0,0.0,0.04188876499732335,0.06283693701844047,0
1192,1774280297.901451,22,-0.07027387619018555,-1.546025276184082,0.0,0.10370677117066407,1.546025276184082,6.043910980224609,0.2557988165680473,0.08787852796641263,0.7733310461044312,0.22370221096467127,22,-0.037479400634765625,-0.019723101209244413,0.05135401478037238,0.06318717920696976,0
1193,1774280298.0012603,22,0.0,0.0,0.0,0.0,0.0,6.043910980224609,0.0,0.05272711677984758,0.3866655230522156,0.13269366731234514,22,0.0,0.0,0.07978812380442543,0.06353384996485227,0
1194,1774280298.1009367,22,0.0,0.0,0.0,0.0,0.0,6.043910980224609,0.0,0.07030282237313011,0.3866655230522156,0.14913480730978085,22,0.0,0.0,0.06655718019751251,0.06353384996485227,0
1195,1774280298.1959186,18,-0.13794501622517905,-1.499176025390625,0.4684925079345703,0.23520823057133888,1.9676685333251953,6.043910980224609,0.3255621301775148,0.16111063460508981,0.5799982845783234,0.25978309243563635,18,-0.09849301555700471,-0.051986849071872954,0.0717202179854916,0.06738508990207627,0
1196,1774280298.29605,19,-0.30575300517835113,-1.499176025390625,0.0,0.2870331775032347,1.499176025390625,6.043910980224609,0.24804733727810652,0.12210490201648913,0.5799982845783234,0.23645512600007546,19,-0.30575300517835113,-0.16131786540010978,0.07616139090422427,0.0894687181753678,0
1197,1774280298.401001,22,0.012777068398215553,-0.8432865142822266,0.4216432571411133,0.05151554158462304,1.2649297714233398,6.043910980224609,0.20928994082840235,0.10545423355969516,0.5799982845783234,0.22370221096467136,22,0.012777068398215553,0.006724999506320011,0.08125579832256705,0.08986239790181424,0
1198,1774280298.5004032,21,0.0,0.0,0.0,0.0,0.0,6.043910980224609,0.0,0.08285689779690333,0.5799982845783234,0.20295712127234886,21,-0.05296002263608186,-0.02788467129187619,0.09815355585171626,0.08986239790181424,0
1199,1774280298.6012957,22,-0.09369850158691406,-1.2649297714233398,0.0,0.07841608671490329,1.2649297714233398,6.043910980224609,0.20928994082840235,0.035151411186565056,0.1933327615261078,0.07456740365489042,22,-0.032590783160665764,-0.017152270222713446,0.08592567178938124,0.08722519677142429,0
