frame_idx,t,numPts,centroid_z,centroid_z_min,centroid_z_max,z_variance,bbox_height,bbox_width,aspect_ratio,doppler_mean,doppler_max,doppler_std,point_count,delta_z,delta_z_rate,doppler_post,window_z_std,label
0,1774279416.7137449,21,-0.08923666817801339,-4.919171333312988,1.639723777770996,1.3664324238997867,6.558895111083984,6.043910980224609,1.0852071005917159,0.0,0.0,0.0,21,nan,nan,nan,nan,0
1,1774279416.8186038,22,-0.014906579797918146,-4.919171333312988,1.639723777770996,1.420346061987517,6.558895111083984,6.043910980224609,1.0852071005917159,0.0,0.0,0.0,22,0.07433008838009524,0.708858341131368,0.0,0.037165044190047625,0
2,1774279416.9089592,21,-0.09369850158691406,-4.919171333312988,1.546025276184082,1.3514019160863557,6.46519660949707,6.043910980224609,1.0697041420118343,0.0,0.0,0.0,21,-0.004461833408900676,-0.022856082055777244,0.0,0.03613714145856156,0
3,1774279417.0138423,19,0.0739725012528269,0.0,1.405477523803711,0.09849475694879055,1.405477523803711,5.992770195007324,0.2345288536134153,0.0,0.0,0.0,19,0.1632091694308403,0.5438538747759205,0.0,0.06819243275612535,0
4,1774279417.1192198,18,0.07808208465576172,0.0,1.405477523803711,0.10364580305122217,1.405477523803711,6.043910980224609,0.23254437869822486,0.0,0.0,0.0,18,0.16731875283377512,0.41264885283618913,0.0,0.0749856630071458,0
5,1774279417.2086875,20,0.07027387619018555,0.0,1.405477523803711,0.09382993582107702,1.405477523803711,6.043910980224609,0.23254437869822486,0.0,0.0,0.0,20,0.15951054436819895,0.32228085314879734,0.0,0.07457884602575227,0
6,1774279417.3137665,19,0.0739725012528269,0.0,1.405477523803711,0.09849475694879055,1.405477523803711,6.043910980224609,0.23254437869822486,0.0,0.0,0.0,19,0.1632091694308403,0.2720054898592114,0.0,0.07325006256378144,0
7,1774279417.419323,17,0.0,0.0,0.0,0.0,0.0,6.043910980224609,0.0,0.0,0.0,0.0,17,0.08923666817801339,0.12647312834613744,0.0,0.0686768817298733,0
8,1774279417.508598,16,0.0,0.0,0.0,0.0,0.0,6.043910980224609,0.0,0.0,0.0,0.0,16,0.08923666817801339,0.112268110645965,0.0,0.0648646064873534,0
9,1774279417.614232,18,0.0,0.0,0.0,0.0,0.0,6.043910980224609,0.0,0.0,0.0,0.0,18,0.08923666817801339,0.09909821007073077,0.0,0.06162342743844223,0
10,1774279417.7187932,16,0.0,0.0,0.0,0.0,0.0,6.043910980224609,0.0,0.0,0.0,0.0,16,0.08923666817801339,0.08878843971803774,0.0,0.05882377173779567,0
11,1774279417.8086252,16,0.0,0.0,0.0,0.0,0.0,6.043910980224609,0.0,0.0,0.0,0.0,16,0.08923666817801339,0.08150358054250711,0.0,0.05637378111932483,0
12,1774279417.9133751,19,0.0,-0.9838342666625977,1.405477523803711,0.16426736686681628,2.3893117904663086,6.043910980224609,0.39532544378698226,0.0,0.0,0.0,19,0.08923666817801339,0.07438680993528404,0.0,0.05420628744934293,0
13,1774279418.0192494,18,0.049451986948649086,0.0,0.6558895111083984,0.02450240978014841,0.6558895111083984,6.043910980224609,0.1085207100591716,0.010740708973672655,0.1933327615261078,0.04428507759247181,18,0.13868865512666248,0.10623375767961384,0.0,0.053336327918813285,0
14,1774279418.1085458,18,0.07808208465576172,0.0,1.405477523803711,0.10364580305122217,1.405477523803711,6.043910980224609,0.23254437869822486,0.0,0.0,0.0,18,0.16731875283377512,0.1199588791950719,0.0,0.05421029200669798,0
15,1774279418.2233357,19,0.056712250960500615,-0.3279447555541992,1.405477523803711,0.10641081704430445,1.7334222793579102,6.043910980224609,0.2868047337278106,0.020350817002748187,0.1933327615261078,0.05933231748191226,19,0.145948919138514,0.09668110916771193,0.0,0.05344818101976894,0
16,1774279418.3238916,20,0.12883543968200684,0.0,1.405477523803711,0.1288103943508645,1.405477523803711,6.043910980224609,0.23254437869822486,0.019333276152610778,0.1933327615261078,0.05799982845783234,20,0.21807210786002024,0.13543616839786424,0.0,0.058076190446800416,0
17,1774279418.4236884,21,0.0513110842023577,-0.3279447555541992,1.405477523803711,0.09655359323859354,1.7334222793579102,6.043910980224609,0.2868047337278106,0.018412643954867407,0.1933327615261078,0.056751580113533366,21,0.1405477523803711,0.08219438225449081,0.0,0.05678032649857256,0
18,1774279418.5233939,20,0.0,0.0,0.0,0.0,0.0,6.043910980224609,0.0,0.038666552305221556,0.3866655230522156,0.11599965691566468,20,0.08923666817801339,0.0493115895071412,0.0,0.055563386294910054,0
19,1774279418.6236622,20,-0.03279447555541992,-0.3279447555541992,0.0,0.009679298642595313,0.3279447555541992,6.043910980224609,0.0542603550295858,0.05799982845783234,0.3866655230522156,0.13806720793312413,20,0.056442192622593465,0.02955216490762494,0.0,0.05557062143653139,0
20,1774279418.7237952,24,-0.021472573280334473,-0.7495880126953125,1.405477523803711,0.1360770320868454,2.1550655364990234,6.043910980224609,0.3565680473372781,0.0966663807630539,0.7733310461044312,0.25575520363971876,24,-0.0065659934824163265,-0.003446369434739782,0.0,0.0505548824876278,0
21,1774279418.8235629,25,0.14242172241210938,-0.37479400634765625,1.405477523803711,0.15864041247368732,1.7802715301513672,6.043910980224609,0.2945562130177515,0.12373296737670898,0.7733310461044312,0.2835078444826352,25,0.23612022399902344,0.12332589911125556,0.0,0.05572607561157153,0
22,1774279418.9231644,26,0.24505761953500602,-0.4216432571411133,1.405477523803711,0.20484855222753007,1.8271207809448242,6.043910980224609,0.30230769230769233,0.14871750886623675,0.9666638076305389,0.34877347367393874,26,0.17108511828217912,0.08960516674828019,0.0,0.0653644955673742,0
23,1774279419.0235758,22,0.161842866377397,0.0,1.405477523803711,0.17892581063053575,1.405477523803711,6.043910980224609,0.23254437869822486,0.07030282237313011,0.3866655230522156,0.14913480730978085,22,0.08376078172163529,0.04398378328324413,0.0,0.06966059818921964,0
24,1774279419.1231382,25,0.05809307098388672,-1.9676685333251953,1.405477523803711,0.48484814069524873,3.3731460571289062,6.043910980224609,0.5581065088757396,0.15466620922088622,1.1599965691566467,0.3235075867766789,25,-0.012180805206298828,-0.006362559011520603,0.0,0.06945227072649204,0
25,1774279419.2239425,26,0.25226519658015323,-0.5153417587280273,1.546025276184082,0.41196988050526095,2.0613670349121094,6.043910980224609,0.34106508875739644,0.1561533843095486,0.5799982845783234,0.25726409698850766,26,0.17829269532732633,0.09333835819903798,0.0,0.0819121534932231,0
26,1774279419.3238037,25,0.2398681640625,-0.37479400634765625,1.546025276184082,0.28819639815083065,1.9208192825317383,5.992770195007324,0.3205227666050009,0.12373296737670898,0.7733310461044312,0.2835078444826352,25,0.2398681640625,0.125949380637461,0.0,0.09062201830059072,0
27,1774279419.4239147,22,0.3279447555541992,-0.7495880126953125,4.778623580932617,1.1920043308774355,5.52821159362793,5.992770195007324,0.9224801575461001,0.13181779194961896,0.9666638076305389,0.33173416828086283,22,0.3279447555541992,0.17122221917937816,0.0,0.1049256509854403,0
28,1774279419.5237596,25,0.2586078643798828,-0.6090402603149414,1.6865730285644531,0.3188892127127474,2.2956132888793945,5.992770195007324,0.38306379423524495,0.30159910798072814,1.73999485373497,0.5967189924493664,25,0.2586078643798828,0.13543028782494598,0.0,0.10926705175251646,0
29,1774279419.624345,20,0.03279447555541992,-0.6090402603149414,1.2649297714233398,0.09747339063892468,1.8739700317382812,5.992770195007324,0.31270513815122036,0.12566629499197007,0.7733310461044312,0.27528711587595733,20,0.03279447555541992,0.017209961784000527,0.0,0.1079955910617023,0
30,1774279419.723607,20,0.1546025276184082,0.0,1.8271207809448242,0.22301894219367568,1.8271207809448242,5.992770195007324,0.3048875096974399,0.15466620922088622,0.7733310461044312,0.30933241844177245,20,0.1546025276184082,0.08073315591004798,0.0036477879533227883,0.10597136700160933,0
31,1774279419.8237207,21,0.12716225215366908,0.0,1.405477523803711,0.15408759003437403,1.405477523803711,5.992770195007324,0.2345288536134153,0.09206321977433704,0.7733310461044312,0.20337429976244112,21,0.12716225215366908,0.06656505251837336,0.003515141118656505,0.10300312703912047,0
32,1774279419.9239511,20,0.06324648857116699,0.0,1.2649297714233398,0.07600224801507238,1.2649297714233398,5.992770195007324,0.21107596825207375,0.14499957114458084,0.7733310461044312,0.2924058154413547,20,0.013794501622517906,0.007242342227092315,0.010545423355969516,0.10034392955855392,0
33,1774279420.0242927,20,0.21550655364990234,0.0,1.546025276184082,0.21320795241308588,1.546025276184082,6.043910980224609,0.2557988165680473,0.21266603767871856,0.9666638076305389,0.3861818886877663,20,0.13742446899414062,0.07173414559019815,0.013567211335165459,0.10113729649954882,0
34,1774279420.1235998,19,0.007397250125282689,-0.7027387619018555,0.8432865142822266,0.06336496030372195,1.546025276184082,5.992770195007324,0.2579817389747568,0.21368357852885597,1.1599965691566467,0.41557544305130295,19,-0.04931500083521793,-0.025951657345146113,0.019333276152610778,0.10398021698117632,0
35,1774279420.224053,22,-0.04684925079345703,-0.7495880126953125,0.4216432571411133,0.05387364736138393,1.1712312698364258,6.043910980224609,0.1937869822485207,0.10545423355969516,0.9666638076305389,0.24543137184320962,22,-0.17568469047546387,-0.09245777902581402,0.025355116265719055,0.10960235800584055,0
36,1774279420.3235934,19,-0.03698625062641345,-0.7027387619018555,0.0,0.024623689237197634,0.7027387619018555,6.043910980224609,0.11627218934911243,0.1628065360219855,0.7733310461044312,0.3152735013334339,19,-0.08829733482877114,-0.04647460604211186,0.03803267439857858,0.11464704184298853,0
37,1774279420.4236345,19,-0.04191775070993524,-0.7964372634887695,0.0,0.031627760842444966,0.7964372634887695,6.043910980224609,0.13177514792899409,0.1628065360219855,0.7733310461044312,0.3152735013334339,19,-0.04191775070993524,-0.022059179975787796,0.06645813677459955,0.11876007278245322,0
38,1774279420.5238698,17,0.0,0.0,0.0,0.0,0.0,6.043910980224609,0.0,0.13647018460666432,0.5799982845783234,0.2460251240856823,17,0.03279447555541992,0.01725836531975717,0.09526541872300963,0.11876007278245324,0
39,1774279420.6234689,16,0.0,0.0,0.0,0.0,0.0,5.992770195007324,0.0,0.16916616633534431,0.7733310461044312,0.2969640934359726,16,0.021472573280334473,0.011303295548374717,0.12373296737670898,0.11705569983146528,0
40,1774279420.723927,17,0.09921017815085019,0.0,1.6865730285644531,0.1574825511795749,1.6865730285644531,5.992770195007324,0.28143462433609834,0.1705877307583304,0.9666638076305389,0.36851161645818475,17,-0.043211544261259185,-0.02273855988161354,0.11652933571436634,0.11332983030182733,0
41,1774279420.823748,17,-0.1405477523803711,-0.8432865142822266,0.0,0.0924420145137821,0.8432865142822266,5.992770195007324,0.14071731216804917,0.15921521537444172,0.7733310461044312,0.2982982819861155,17,-0.38560537191537714,-0.20288786175444684,0.12712291168839965,0.12575727087769087,0
42,1774279420.9236038,19,0.0,0.0,0.0,0.0,0.0,5.992770195007324,0.0,0.1729819445233596,0.7733310461044312,0.31296618908224744,19,-0.161842866377397,-0.08517920114868151,0.12977130568190798,0.12282042282866584,0
43,1774279421.0242498,18,-0.049451986948649086,-0.8901357650756836,0.0,0.041573483223879125,0.8901357650756836,6.043910980224609,0.14727810650887574,0.17185134357876247,0.7733310461044312,0.3215044245642516,18,-0.1075450579325358,-0.05656956581354362,0.14499957114458084,0.12496371239677682,0
44,1774279421.1236644,18,0.0,0.0,0.0,0.0,0.0,6.043910980224609,0.0,0.07518496281570858,0.7733310461044312,0.1838513230094898,18,-0.25226519658015323,-0.13279059517826006,0.13771648766243294,0.12601799163789634,0
45,1774279421.2240407,17,-0.055116765639361215,-0.9369850158691406,0.0,0.04860572567270831,0.9369850158691406,6.043910980224609,0.15502958579881657,0.1819602461422191,0.7733310461044312,0.32803349878090976,17,-0.2949849297018612,-0.1552358557115499,0.18796240703927147,0.12191228056244448,0
46,1774279421.3233902,19,-0.03698625062641345,-0.7027387619018555,0.0,0.024623689237197634,0.7027387619018555,6.043910980224609,0.11627218934911243,0.15263112752061142,0.7733310461044312,0.29805437247207,19,-0.3649310061806127,-0.19212197886668803,0.1933327615261078,0.11602599475770571,0
47,1774279421.4239526,19,-0.05178075087697882,-0.9838342666625977,0.0,0.04826243090490738,0.9838342666625977,6.043910980224609,0.1627810650887574,0.15263112752061142,1.1599965691566467,0.31723784121866794,19,-0.3103886152568616,-0.16334583864770616,0.202255812058082,0.09760323842894156,0
48,1774279421.5238335,18,-0.0546574592590332,-0.9838342666625977,0.0,0.050786443495098865,0.9838342666625977,6.043910980224609,0.1627810650887574,0.12888850768407187,0.5799982845783234,0.2411283184231887,18,-0.08745193481445312,-0.04603972972620168,0.12360619179538039,0.08287310028060847,0
49,1774279421.6245139,20,-0.09604096412658691,-0.9838342666625977,0.0,0.0830696724207769,0.9838342666625977,6.043910980224609,0.1627810650887574,0.23199931383132935,1.5466620922088623,0.49517347648705823,20,-0.2506434917449951,-0.13185469775984665,0.12994497086181014,0.08575225653980692,0
50,1774279421.7240224,20,-0.19208192825317383,-1.0306835174560547,0.0,0.14813058172080673,1.0306835174560547,6.043910980224609,0.17053254437869822,0.12566629499197007,0.7733310461044312,0.25410574405847164,20,-0.3192441804068429,-0.16799657721122185,0.14896130806109945,0.08832378882379693,0
51,1774279421.8235526,22,0.0,0.0,0.0,0.0,0.0,6.043910980224609,0.0,0.11424208635633643,0.7733310461044312,0.24495893373076547,22,-0.06324648857116699,-0.03329460937964778,0.19005593505956359,0.08226685870723445,0
52,1774279421.9237742,23,0.0,0.0,0.0,0.0,0.0,6.043910980224609,0.0,0.10086926688318668,0.5799982845783234,0.21983947042642232,23,-0.21550655364990234,-0.11345546123178314,0.1743164243268185,0.08016197970322497,0
53,1774279422.0238366,22,-0.1405477523803711,-1.0775327682495117,0.0,0.12530611312203374,1.0775327682495117,6.043910980224609,0.17828402366863905,0.10545423355969516,0.7733310461044312,0.2653873346246903,22,-0.1479450025056538,-0.07785608562093256,0.15788842191298802,0.0626056397963366,0
54,1774279422.1241078,22,-0.10008703578602184,-1.1243820190429688,0.0,0.10022403033114023,1.1243820190429688,6.043910980224609,0.18603550295857987,0.10545423355969516,0.7733310461044312,0.24543137184320962,22,-0.053237784992564804,-0.02801907676774166,0.14177735845247905,0.06276338357815885,0
55,1774279422.2240036,22,-0.10008703578602184,-1.1243820190429688,0.0,0.10022403033114023,1.1243820190429688,6.043910980224609,0.18603550295857987,0.15818135033954273,1.1599965691566467,0.34306408690762713,22,-0.06310078515960839,-0.03320377146942366,0.15466620922088622,0.06381257378117605,0
56,1774279422.3237123,19,0.0,0.0,0.0,0.0,0.0,6.043910980224609,0.0,0.1628065360219855,0.9666638076305389,0.3507196295415547,19,0.04191775070993524,0.02206107048489896,0.1561533843095486,0.06468861291871582,0
57,1774279422.4239178,21,-0.15839508601597377,-1.1243820190429688,0.0,0.15060369749483712,1.1243820190429688,6.043910980224609,0.18603550295857987,0.11047586372920445,0.7733310461044312,0.2706094950297985,21,-0.15839508601597377,-0.08336372794632341,0.15853286445140838,0.06897933726849244,0
58,1774279422.5242891,21,0.0,0.0,0.0,0.0,0.0,6.043910980224609,0.0,0.08285689779690333,0.5799982845783234,0.20295712127234886,21,0.0,0.0,0.16626617491245269,0.06897933726849244,0
59,1774279422.6236355,21,0.0,0.0,0.0,0.0,0.0,6.043910980224609,0.0,0.08285689779690333,0.5799982845783234,0.17467767792933472,21,-0.09921017815085019,-0.052223895222654186,0.16779824585284828,0.06897933726849245,0
60,1774279422.724055,20,-0.11946558952331543,-1.2180805206298828,0.0,0.12850311502887735,1.2180805206298828,6.043910980224609,0.20153846153846153,0.07733310461044311,0.3866655230522156,0.15466620922088622,20,0.021082162857055664,0.011094082967555844,0.16827110725420494,0.060687479121416955,0
61,1774279422.8241937,19,-0.06164375104402241,-1.1712312698364258,0.0,0.06839913676999344,1.1712312698364258,6.043910980224609,0.1937869822485207,0.030526225504122283,0.1933327615261078,0.07049729804859288,19,-0.06164375104402241,-0.03243400885775588,0.14060564474626022,0.05814396088486851,0
62,1774279422.9236605,25,-0.09744644165039062,-1.2180805206298828,0.0,0.10920180338871432,1.2180805206298828,6.043910980224609,0.20153846153846153,0.030933241844177246,0.3866655230522156,0.10489972681751426,25,-0.04799445470174154,-0.02526807608230219,0.14226373017958874,0.05691335469103567,0
63,1774279423.024117,24,0.05075335502624512,-1.1712312698364258,3.5136938095092773,0.6216766719191469,4.684925079345703,6.043910980224609,0.7751479289940828,0.040277658651272454,0.7733310461044312,0.15764986371095738,24,0.05075335502624512,0.026705930290966993,0.13604898033318696,0.062279937751569335,0
64,1774279423.123707,19,-0.06410950108578331,-1.2180805206298828,0.0,0.07398050633042494,1.2180805206298828,6.043910980224609,0.20153846153846153,0.030526225504122283,0.1933327615261078,0.07049729804859288,19,-0.008992735446422095,-0.0047338500462575615,0.16169649145819925,0.06070424888800831,0
65,1774279423.2242153,22,-0.0553672963922674,-1.2180805206298828,0.0,0.06437628770557294,1.2180805206298828,6.043910980224609,0.20153846153846153,0.0,0.0,0.0,22,-0.018381045765853955,-0.00967003566196086,0.14499957114458084,0.0607024641346035,0
66,1774279423.3237603,21,-0.1093149185180664,-1.1712312698364258,0.0,0.11357489678890229,1.1712312698364258,6.043910980224609,0.1937869822485207,0.0,0.0,0.0,21,-0.05753416764108758,-0.030284206078467508,0.1729819445233596,0.06114441302945195,0
67,1774279423.4237888,23,0.0,0.0,0.0,0.0,0.0,6.043910980224609,0.0,0.02521731672079667,0.1933327615261078,0.06511083179712221,23,0.0546574592590332,0.028767761033706908,0.1633328502548152,0.06282884967742422,0
68,1774279423.5238686,23,0.0,0.0,0.0,0.0,0.0,6.043910980224609,0.0,0.033623088961062225,0.1933327615261078,0.07327982347547411,23,0.09604096412658691,0.05056504944284615,0.15591351735976436,0.06438544144294556,0
69,1774279423.6235154,22,0.0,0.0,0.0,0.0,0.0,6.043910980224609,0.0,0.008787852796641264,0.1933327615261078,0.04027100063673795,22,0.19208192825317383,0.1011227366311575,0.11302530673833994,0.06525739130567504,0
70,1774279423.7240996,22,0.0,0.0,0.0,0.0,0.0,6.043910980224609,0.0,0.035151411186565056,0.1933327615261078,0.07456740365489042,22,0.0,0.0,0.10676585338008937,0.05851381494628542,0
71,1774279423.8240216,20,0.0,0.0,0.0,0.0,0.0,6.043910980224609,0.0,0.0,0.0,0.0,20,0.0,0.0,0.1038802897752221,0.05851381494628542,0
72,1774279423.9242687,22,0.0,0.0,0.0,0.0,0.0,6.043910980224609,0.0,0.02636355838992379,0.1933327615261078,0.06634683365617257,22,0.1405477523803711,0.07395568179109496,0.12302993915297768,0.05851381494628542,0
73,1774279424.0240617,24,-0.05075335502624512,-1.2180805206298828,0.0,0.05924577006766185,1.2180805206298828,6.043910980224609,0.20153846153846153,0.016111063460508983,0.1933327615261078,0.05343435247211316,24,0.04933368075977672,0.025965725937642053,0.14116360365398348,0.05453354988219686,0
74,1774279424.1238859,23,-0.05296002263608186,-1.2180805206298828,0.0,0.06170480794751469,1.2180805206298828,6.043910980224609,0.20153846153846153,0.02521731672079667,0.1933327615261078,0.06511083179712221,23,0.04712701314993997,0.024805227533535753,0.1434404359709832,0.05302606402247571,0
75,1774279424.233654,20,-0.06558895111083984,-1.2180805206298828,1.0775327682495117,0.1965270749337833,2.2956132888793945,6.043910980224609,0.3798224852071006,0.038666552305221556,0.1933327615261078,0.07733310461044311,20,-0.06558895111083984,-0.03434081366382403,0.11726741272895062,0.051616337839741004,0
76,1774279424.3331401,20,0.0,0.0,0.0,0.0,0.0,6.043910980224609,0.0,0.038666552305221556,0.1933327615261078,0.07733310461044311,20,0.15839508601597377,0.08296314194057898,0.09206321977433704,0.051616337839741,0
77,1774279424.4334793,20,-0.06090402603149414,-1.2180805206298828,0.0,0.0704767073500534,1.2180805206298828,6.043910980224609,0.20153846153846153,0.038666552305221556,0.1933327615261078,0.07733310461044311,20,-0.06090402603149414,-0.03190045011541357,0.08107502902707746,0.044201889069428374,0
78,1774279424.533927,19,0.0,0.0,0.0,0.0,0.0,6.043910980224609,0.0,0.061052451008244565,0.3866655230522156,0.14099459609718576,19,0.0,0.0,0.06444425384203593,0.044201889069428374,0
79,1774279424.6338835,21,-0.05577291761125837,-1.1712312698364258,0.0,0.06221236677744429,1.1712312698364258,6.043910980224609,0.1937869822485207,0.11968218570663816,0.7733310461044312,0.2564584542129403,21,0.06369267191205706,0.033349944474868186,0.04531236598268151,0.043703970419780094,0
80,1774279424.733508,21,-0.1606260027204241,-1.1712312698364258,0.0,0.15501331005202235,1.1712312698364258,6.043910980224609,0.1937869822485207,0.14730115163893925,0.7733310461044312,0.30366910349123527,21,-0.09898225167640169,-0.05184177733515125,0.03411754615166608,0.048263989907889875,0
81,1774279424.8344653,20,0.0,0.0,0.0,0.0,0.0,6.043910980224609,0.0,0.14499957114458084,1.1599965691566467,0.36104602050029105,20,0.09744644165039062,0.0509975923626389,0.03411754615166608,0.04869781006082208,0
82,1774279424.9335427,22,0.0,0.0,0.0,0.0,0.0,6.043910980224609,0.0,0.07030282237313011,0.3866655230522156,0.14913480730978085,22,-0.05075335502624512,-0.026580428912913838,0.023794801418597883,0.04716749172756723,0
83,1774279425.033554,24,-0.04489719867706299,-1.0775327682495117,0.0,0.04636244432809633,1.0775327682495117,6.043910980224609,0.17828402366863905,0.2013882932563623,1.9333276152610779,0.5337967572852875,24,0.019212302408720322,0.01005960278306769,0.00935481104158586,0.043303059090993704,0
84,1774279425.1237617,25,0.0,0.0,0.0,0.0,0.0,6.043910980224609,0.0,0.28613248705863953,2.1266603767871857,0.654185044888247,25,0.0553672963922674,0.029147641160531392,0.008787852796641264,0.04347720041078318,0
85,1774279425.2242312,24,0.0,0.0,0.0,0.0,0.0,6.043910980224609,0.0,0.16916616633534431,1.5466620922088623,0.4578916159944506,24,0.1093149185180664,0.05751990960404348,0.020198945234070963,0.043714781219155695,0
86,1774279425.3237307,22,0.0,0.0,0.0,0.0,0.0,6.043910980224609,0.0,0.13181779194961896,0.9666638076305389,0.33173416828086283,22,0.0,0.0,0.022745030767777386,0.04014986512326417,0
87,1774279425.424098,19,0.0,0.0,0.0,0.0,0.0,6.043910980224609,0.0,0.0,0.0,0.0,19,0.0,0.0,0.025970072443805524,0.04014986512326417,0
88,1774279425.5240204,21,-0.11600766863141741,-0.8432865142822266,0.0,0.08081635293857123,0.8432865142822266,6.043910980224609,0.1395266272189349,0.009206321977433703,0.1933327615261078,0.04117192352858409,21,-0.11600766863141741,-0.06104044167616264,0.015104121994227171,0.044341469303120336,0
89,1774279425.6240883,20,-0.12180805206298828,-0.8432865142822266,0.0,0.0841506371784817,0.8432865142822266,6.043910980224609,0.1395266272189349,0.0,0.0,0.0,20,-0.12180805206298828,-0.06410988401494266,0.02114577079191804,0.04796806060454742,0
90,1774279425.724007,23,-0.10592004527216373,-0.8432865142822266,0.0,0.07485732551029181,0.8432865142822266,6.043910980224609,0.1395266272189349,0.0,0.0,0.0,23,-0.10592004527216373,-0.055747823166988335,0.01464642132773544,0.04947315349568744,0
91,1774279425.8239963,19,-0.12821900217156662,-0.8432865142822266,0.0,0.08775761245671872,0.8432865142822266,6.043910980224609,0.1395266272189349,0.0,0.0,0.0,19,-0.12821900217156662,-0.0674933623765722,0.02241539264070815,0.05189442352513572,0
92,1774279425.9235396,17,-0.049605089075425095,-0.8432865142822266,0.0,0.039370637794893734,0.8432865142822266,6.043910980224609,0.1395266272189349,0.0,0.0,0.0,17,0.0011482659508200224,0.0006045165965592296,0.025970072443805524,0.05070454479060928,0
93,1774279426.0237372,18,-0.04684925079345703,-0.8432865142822266,0.0,0.03731248909843998,0.8432865142822266,5.992770195007324,0.14071731216804917,0.0,0.0,0.0,18,0.006110771842624832,0.003216447398437496,0.03375651391725692,0.05071129780133675,0
94,1774279426.1239574,14,0.0,0.0,0.0,0.0,0.0,5.992770195007324,0.0,0.0,0.0,0.0,14,0.06558895111083984,0.03469757925420259,0.038666552305221556,0.051880736574311956,0
95,1774279426.2235196,17,-0.09645433986888212,-0.8432865142822266,0.0,0.06984035207597274,0.8432865142822266,5.992770195007324,0.14071731216804917,0.0,0.0,0.0,17,-0.09645433986888212,-0.05102379892425584,0.045875570531618795,0.05283690432846973,0
96,1774279426.324044,17,-0.09645433986888212,-0.8432865142822266,0.0,0.06984035207597274,0.8432865142822266,5.992770195007324,0.14071731216804917,0.0,0.0,0.0,17,-0.03555031383738798,-0.01880407172079255,0.07411089191834132,0.05251303654786527,0
97,1774279426.4240644,17,-0.09645433986888212,-0.8432865142822266,0.0,0.06984035207597274,0.8432865142822266,5.992770195007324,0.14071731216804917,0.0,0.0,0.0,17,-0.09645433986888212,-0.0510303315164062,0.11092863366252086,0.053306372951859235,0
98,1774279426.523859,17,-0.09645433986888212,-0.8432865142822266,0.0,0.06984035207597274,0.8432865142822266,5.992770195007324,0.14071731216804917,0.0,0.0,0.0,17,-0.04068142225762375,-0.021524840522504272,0.13720389527659263,0.052381178271207175,0
99,1774279426.6240091,17,-0.09645433986888212,-0.8432865142822266,0.0,0.06984035207597274,0.8432865142822266,5.992770195007324,0.14071731216804917,0.0,0.0,0.0,17,0.06417166285154198,0.03394426244327065,0.11968218570663816,0.052934351047288324,0
100,1774279426.72395,17,-0.09645433986888212,-0.8432865142822266,0.0,0.06984035207597274,0.8432865142822266,5.992770195007324,0.14071731216804917,0.0,0.0,0.0,17,-0.09645433986888212,-0.05104796177012019,0.14060564474626022,0.04868213596490694,0
101,1774279426.8232772,16,-0.10248273611068726,-0.8432865142822266,0.0,0.07358756753950146,0.8432865142822266,5.992770195007324,0.14071731216804917,0.0,0.0,0.0,16,-0.10248273611068726,-0.05423128791498389,0.190609764884895,0.04751858018123512,0
102,1774279426.9239175,18,-0.091095765431722,-0.8432865142822266,0.0,0.06644847595617241,0.8432865142822266,5.992770195007324,0.14071731216804917,0.0,0.0,0.0,18,-0.04619856675465901,-0.02443898639539092,0.21981670146119103,0.04541549382015894,0
103,1774279427.0235517,16,0.0,0.0,0.0,0.0,0.0,5.992770195007324,0.0,0.0,0.0,0.0,16,0.0,0.0,0.19877875480853335,0.047621318628182495,0
104,1774279427.1236665,17,-0.04684925079345703,-0.7964372634887695,0.0,0.03511763679853175,0.7964372634887695,5.992770195007324,0.13289968371426866,0.0,0.0,0.0,17,-0.04684925079345703,-0.024664831301967952,0.10707660638369047,0.045365056180578504,0
105,1774279427.2235913,17,-0.04684925079345703,-0.7964372634887695,0.0,0.03511763679853175,0.7964372634887695,5.992770195007324,0.13289968371426866,0.0,0.0,0.0,17,-0.04684925079345703,-0.024659309366157865,0.04989232555512459,0.04286271567630388,0
106,1774279427.3236308,17,-0.04684925079345703,-0.7964372634887695,0.0,0.03511763679853175,0.7964372634887695,5.992770195007324,0.13289968371426866,0.0,0.0,0.0,17,-0.04684925079345703,-0.024663565123986816,0.0032222126921017964,0.04006821940801397,0
107,1774279427.4230797,17,-0.04684925079345703,-0.7964372634887695,0.0,0.03511763679853175,0.7964372634887695,5.992770195007324,0.13289968371426866,0.0,0.0,0.0,17,0.06915841783796038,0.036417197712687914,0.003020824398845434,0.03691527808929912,0
108,1774279427.5233955,17,-0.04684925079345703,-0.7964372634887695,0.0,0.03511763679853175,0.7964372634887695,5.992770195007324,0.13289968371426866,0.0,0.0,0.0,17,0.07495880126953125,0.039466390301511174,0.0,0.03627730379028417,0
109,1774279427.6230323,18,-0.091095765431722,-0.8432865142822266,0.0,0.06644847595617241,0.8432865142822266,5.992770195007324,0.14071731216804917,0.0,0.0,0.0,18,0.014824279840441726,0.0078062565811414675,0.0,0.03479634034640219,0
110,1774279427.7238352,18,-0.044246514638264976,-0.7964372634887695,0.0,0.033281818979781344,0.7964372634887695,5.992770195007324,0.13289968371426866,0.0,0.0,0.0,18,0.08397248753330164,0.04419979317955586,0.0,0.034331241525362856,1
111,1774279427.8229902,18,-0.091095765431722,-0.8432865142822266,0.0,0.06644847595617241,0.8432865142822266,5.992770195007324,0.14071731216804917,0.0,0.0,0.0,18,-0.041490676356296906,-0.021843514990627005,0.0,0.031965011325788543,1
112,1774279427.922969,17,-0.04684925079345703,-0.7964372634887695,0.0,0.03511763679853175,0.7964372634887695,5.992770195007324,0.13289968371426866,0.0,0.0,0.0,17,0.0,0.0,0.0,0.032043267411105004,1
113,1774279428.022923,17,-0.04684925079345703,-0.7964372634887695,0.0,0.03511763679853175,0.7964372634887695,5.992770195007324,0.13289968371426866,0.0,0.0,0.0,17,-0.04684925079345703,-0.02467093182925606,0.0,0.032043267411105004,1
114,1774279428.1231194,17,-0.04684925079345703,-0.7964372634887695,0.0,0.03511763679853175,0.7964372634887695,5.992770195007324,0.13289968371426866,0.0,0.0,0.0,17,0.04960508907542509,0.026113442063740673,0.0,0.028640093062349506,1
115,1774279428.2237213,17,-0.04684925079345703,-0.7964372634887695,0.0,0.03511763679853175,0.7964372634887695,5.992770195007324,0.13289968371426866,0.0,0.0,0.0,17,0.04960508907542509,0.026112376921153348,0.0,0.02827270635446065,1
116,1774279428.3229353,17,-0.04684925079345703,-0.7964372634887695,0.0,0.03511763679853175,0.7964372634887695,5.992770195007324,0.13289968371426866,0.0,0.0,0.0,17,0.04960508907542509,0.02612346521318276,0.0,0.027679118379749287,1
117,1774279428.423298,17,-0.04684925079345703,-0.7964372634887695,0.0,0.03511763679853175,0.7964372634887695,5.992770195007324,0.13289968371426866,0.0,0.0,0.0,17,0.04960508907542509,0.02611565456063944,0.0,0.026844327885866052,1
118,1774279428.5232844,17,-0.04684925079345703,-0.7964372634887695,0.0,0.03511763679853175,0.7964372634887695,5.992770195007324,0.13289968371426866,0.0,0.0,0.0,17,0.04960508907542509,0.02611790349720426,0.0,0.025744882223399133,1
119,1774279428.6231067,17,-0.04684925079345703,-0.7964372634887695,0.0,0.03511763679853175,0.7964372634887695,5.992770195007324,0.13289968371426866,0.0,0.0,0.0,17,0.04960508907542509,0.026119533070773807,0.0,0.024344951374742876,1
120,1774279428.7232494,16,0.0,0.0,0.0,0.0,0.0,5.992770195007324,0.0,0.0,0.0,0.0,16,0.10248273611068726,0.053939071366124566,0.0,0.025437143075969552,1
121,1774279428.8235197,16,0.0,0.0,0.0,0.0,0.0,5.992770195007324,0.0,0.0,0.0,0.0,16,0.091095765431722,0.04795518063843208,0.0,0.0249591405297999,1
122,1774279428.9230275,16,0.0,0.0,0.0,0.0,0.0,5.992770195007324,0.0,0.0,0.0,0.0,16,0.0,0.0,0.0,0.024684520393468107,1
123,1774279429.0230763,16,0.0,0.0,0.0,0.0,0.0,5.992770195007324,0.0,0.0,0.0,0.0,16,0.04684925079345703,0.024665162572919133,0.0,0.024684520393468107,1
124,1774279429.1237369,16,0.0,0.0,0.0,0.0,0.0,5.992770195007324,0.0,0.0,0.0,0.0,16,0.04684925079345703,0.024655611918409873,0.0,0.026264109821557722,1
125,1774279429.22336,16,0.0,0.0,0.0,0.0,0.0,5.992770195007324,0.0,0.0,0.0,0.0,16,0.04684925079345703,0.024661014588025516,0.0,0.027555527955069298,1
126,1774279429.3234508,16,0.0,0.0,0.0,0.0,0.0,5.992770195007324,0.0,0.0,0.0,0.0,16,0.04684925079345703,0.02465268568741599,0.0,0.02859784109940513,1
127,1774279429.4227998,16,0.0,0.0,0.0,0.0,0.0,5.992770195007324,0.0,0.0,0.0,0.0,16,0.04684925079345703,0.02466523378185565,0.0,0.02941753981405487,1
128,1774279429.523413,17,0.0,0.0,0.0,0.0,0.0,5.992770195007324,0.0,0.0,0.0,0.0,17,0.091095765431722,0.04793553716782502,0.0,0.0300328573461907,1
129,1774279429.6228933,16,0.0,0.0,0.0,0.0,0.0,5.992770195007324,0.0,0.0,0.0,0.0,16,0.044246514638264976,0.02329918950625429,0.0,0.02720575251715361,1
130,1774279429.7231948,16,0.0,0.0,0.0,0.0,0.0,5.992770195007324,0.0,0.0,0.0,0.0,16,0.091095765431722,0.0479399758461986,0.0,0.027390320285116357,1
131,1774279429.8231246,16,0.0,0.0,0.0,0.0,0.0,5.992770195007324,0.0,0.0,0.0,0.0,16,0.04684925079345703,0.024655481986441366,0.0,0.022951351855129934,1
132,1774279429.923025,16,0.0,0.0,0.0,0.0,0.0,5.992770195007324,0.0,0.0,0.0,0.0,16,0.04684925079345703,0.024656178066541565,0.0,0.022345668444446305,1
133,1774279430.0234795,15,0.0,0.0,0.0,0.0,0.0,5.992770195007324,0.0,0.0,0.0,0.0,15,0.04684925079345703,0.02465282796165149,0.0,0.02146902380129868,1
134,1774279430.1133997,15,0.0,0.0,0.0,0.0,0.0,5.992770195007324,0.0,0.0,0.0,0.0,15,0.04684925079345703,0.02479218096248167,0.0,0.02028632066770103,1
135,1774279430.2189293,15,0.0,0.0,0.0,0.0,0.0,5.992770195007324,0.0,0.0,0.0,0.0,15,0.04684925079345703,0.024709599333532437,0.0,0.018739700317382812,0
136,1774279430.3090942,15,0.0,0.0,0.0,0.0,0.0,5.992770195007324,0.0,0.0,0.0,0.0,15,0.04684925079345703,0.024843219059161377,0.0,0.016728528573616386,0
137,1774279430.4136014,15,0.0,0.0,0.0,0.0,0.0,5.992770195007324,0.0,0.0,0.0,0.0,15,0.04684925079345703,0.024783807004648006,0.0,0.01405477523803711,0
138,1774279430.5192192,15,0.0,0.0,0.0,0.0,0.0,5.992770195007324,0.0,0.0,0.0,0.0,15,0.04684925079345703,0.024708055152905768,0.0,0.010210557489463595,0
139,1774279430.6093545,16,0.0,0.0,0.0,0.0,0.0,5.992770195007324,0.0,0.0,0.0,0.0,16,0.0,0.0,0.0,0.0,0
140,1774279430.713824,16,0.0,0.0,0.0,0.0,0.0,5.992770195007324,0.0,0.0,0.0,0.0,16,0.0,0.0,0.0,0.0,0
141,1774279430.8187242,15,0.0,0.0,0.0,0.0,0.0,5.992770195007324,0.0,0.0,0.0,0.0,15,0.0,0.0,0.0,0.0,0
142,1774279430.9089527,17,-0.049605089075425095,-0.8432865142822266,0.0,0.039370637794893734,0.8432865142822266,6.043910980224609,0.1395266272189349,0.0,0.0,0.0,17,-0.049605089075425095,-0.02630346751465615,0.0,0.010811178518255573,0
143,1774279431.0136395,18,-0.091095765431722,-0.8432865142822266,0.0,0.06644847595617241,0.8432865142822266,6.043910980224609,0.1395266272189349,0.0,0.0,0.0,18,-0.091095765431722,-0.04820130192504961,0.0,0.0221012067756719,0
144,1774279431.1188703,17,-0.09645433986888212,-0.8432865142822266,0.0,0.06984035207597274,0.8432865142822266,6.043910980224609,0.1395266272189349,0.0,0.0,0.0,17,-0.09645433986888212,-0.050885687683204193,0.0,0.02936870248269183,0
145,1774279431.2087257,18,-0.091095765431722,-0.8432865142822266,0.0,0.06644847595617241,0.8432865142822266,5.992770195007324,0.14071731216804917,0.0,0.0,0.0,18,-0.091095765431722,-0.04831961962458195,0.0,0.033892142799010073,0
146,1774279431.3138902,17,-0.09645433986888212,-0.8432865142822266,0.0,0.06984035207597274,0.8432865142822266,5.992770195007324,0.14071731216804917,0.0,0.0,0.0,17,-0.09645433986888212,-0.05100461629043614,0.0,0.03784553580131757,0
147,1774279431.418745,17,-0.09645433986888212,-0.8432865142822266,0.0,0.06984035207597274,0.8432865142822266,5.992770195007324,0.14071731216804917,0.0,0.0,0.0,17,-0.09645433986888212,-0.050890469258815664,0.0,0.04085798108413359,0
148,1774279431.508867,18,-0.091095765431722,-0.8432865142822266,0.0,0.06644847595617241,0.8432865142822266,5.992770195007324,0.14071731216804917,0.0,0.0,0.0,18,-0.091095765431722,-0.0483017158834288,0.0,0.04273374854455681,0
149,1774279431.6136107,17,-0.04684925079345703,-0.7964372634887695,0.0,0.03511763679853175,0.7964372634887695,5.992770195007324,0.13289968371426866,0.0,0.0,0.0,17,-0.04684925079345703,-0.02478250982881907,0.0,0.0422730435836824,0
150,1774279431.7186592,17,-0.04684925079345703,-0.7964372634887695,0.0,0.03511763679853175,0.7964372634887695,5.992770195007324,0.13289968371426866,0.0,0.0,0.0,17,-0.04684925079345703,-0.024715588354266325,0.0,0.041675807148594854,0
151,1774279431.8090532,17,-0.04684925079345703,-0.7964372634887695,0.0,0.03511763679853175,0.7964372634887695,5.992770195007324,0.13289968371426866,0.0,0.0,0.0,17,-0.04684925079345703,-0.02484016334588025,0.0,0.040936063900261443,0
152,1774279431.9135535,18,-0.091095765431722,-0.8432865142822266,0.0,0.06644847595617241,0.8432865142822266,5.992770195007324,0.14071731216804917,0.0,0.0,0.0,18,-0.091095765431722,-0.04819693023922706,0.0,0.04155780620090928,0
153,1774279432.0190644,17,-0.04684925079345703,-0.7964372634887695,0.0,0.03511763679853175,0.7964372634887695,5.992770195007324,0.13289968371426866,0.0,0.0,0.0,17,-0.04684925079345703,-0.024584204779794963,0.0,0.04041814665577266,0
154,1774279432.1088831,17,-0.09645433986888212,-0.8432865142822266,0.0,0.06984035207597274,0.8432865142822266,5.992770195007324,0.14071731216804917,0.0,0.0,0.0,17,-0.09645433986888212,-0.051035288391899546,0.0,0.04057039965916139,0
155,1774279432.2142508,18,-0.091095765431722,-0.8432865142822266,0.0,0.06644847595617241,0.8432865142822266,5.992770195007324,0.14071731216804917,0.0,0.0,0.0,18,-0.091095765431722,-0.04781536847889103,0.0,0.039880863998786084,0
156,1774279432.3186982,17,-0.09645433986888212,-0.8432865142822266,0.0,0.06984035207597274,0.8432865142822266,5.992770195007324,0.14071731216804917,0.0,0.0,0.0,17,-0.09645433986888212,-0.050629627545197016,0.0,0.03888912386144308,0
157,1774279432.4088433,18,-0.091095765431722,-0.8432865142822266,0.0,0.06644847595617241,0.8432865142822266,5.992770195007324,0.14071731216804917,0.0,0.0,0.0,18,-0.091095765431722,-0.04820840532525291,0.0,0.037033293635598465,0
158,1774279432.5135274,18,-0.091095765431722,-0.8432865142822266,0.0,0.06644847595617241,0.8432865142822266,5.992770195007324,0.14071731216804917,0.0,0.0,0.0,18,-0.091095765431722,-0.047840070383855786,0.0,0.03448294546427694,0
159,1774279432.6193185,17,-0.09645433986888212,-0.8432865142822266,0.0,0.06984035207597274,0.8432865142822266,5.992770195007324,0.14071731216804917,0.0,0.0,0.0,17,-0.09645433986888212,-0.05061906099584706,0.0,0.031250138427211895,0
160,1774279432.7089849,17,-0.09645433986888212,-0.8432865142822266,0.0,0.06984035207597274,0.8432865142822266,5.992770195007324,0.14071731216804917,0.0,0.0,0.0,17,-0.09645433986888212,-0.051027003868837385,0.0,0.026787153211004052,0
161,1774279432.8133693,14,0.0,0.0,0.0,0.0,0.0,5.992770195007324,0.0,0.0,0.0,0.0,14,0.049605089075425095,0.026047394298061168,0.0,0.02678715321100405,0
162,1774279432.9189086,18,-0.091095765431722,-0.8432865142822266,0.0,0.06644847595617241,0.8432865142822266,5.992770195007324,0.14071731216804917,0.0,0.0,0.0,18,0.0,0.0,0.0,0.026146019902579594,0
163,1774279433.0094986,19,-0.08630125146163137,-0.8432865142822266,0.0,0.06336496030372193,0.8432865142822266,5.992770195007324,0.14071731216804917,0.0,0.0,0.0,19,0.010153088407250752,0.005370219098028777,0.0,0.026061060183631787,0
164,1774279433.1137624,20,-0.1639723777770996,-0.8432865142822266,0.0,0.10765750531049889,0.8432865142822266,5.992770195007324,0.14071731216804917,0.009666638076305389,0.1933327615261078,0.042135898498397606,20,-0.07287661234537761,-0.038254702814982944,0.0,0.03180178955918235,0
165,1774279433.2182057,18,-0.13794501622517905,-0.8432865142822266,0.0,0.09522542833274705,0.8432865142822266,5.992770195007324,0.14071731216804917,0.010740708973672655,0.1933327615261078,0.04428507759247181,18,-0.04149067635629693,-0.02178771163391604,0.0,0.03398421889641738,0
166,1774279433.308929,16,0.0,0.0,0.0,0.0,0.0,5.992770195007324,0.0,0.0,0.0,0.0,16,0.09645433986888212,0.051029076356578405,0.0,0.03855904998615366,0
167,1774279433.4134786,17,-0.049605089075425095,-0.8432865142822266,0.0,0.039370637794893734,0.8432865142822266,5.992770195007324,0.14071731216804917,0.0,0.0,0.0,17,0.041490676356296906,0.021784324230761334,0.0,0.03892317643036167,0
168,1774279433.5233834,17,-0.09645433986888212,-0.8432865142822266,0.0,0.06984035207597274,0.8432865142822266,5.992770195007324,0.14071731216804917,0.022745030767777386,0.1933327615261078,0.062289832113303606,17,-0.04960508907542509,-0.025974342798272713,0.0,0.039031513164548975,0
169,1774279433.6233976,18,-0.041643778483072914,-0.7495880126953125,0.0,0.029481472867903202,0.7495880126953125,6.043910980224609,0.12402366863905326,0.02148141794734531,0.1933327615261078,0.06075862520028111,18,0.005205472310384117,0.002732906649416394,0.0,0.03925606825791896,0
170,1774279433.7232964,18,-0.044246514638264976,-0.7964372634887695,0.0,0.03328181897978134,0.7964372634887695,6.043910980224609,0.13177514792899409,0.03222212692101797,0.3866655230522156,0.09666638076305391,18,0.002602736155192055,0.0013596684717251636,0.0,0.039362918008038095,0
171,1774279433.8227162,15,0.0,0.0,0.0,0.0,0.0,6.043910980224609,0.0,0.0,0.0,0.0,15,0.091095765431722,0.04771503370523377,0.0,0.042408733634479626,0
172,1774279433.923409,22,-0.15758384357799182,-0.9838342666625977,0.0,0.11344302713740574,0.9838342666625977,6.043910980224609,0.1627810650887574,0.10545423355969516,0.5799982845783234,0.1996216423540414,22,-0.11073459278453479,-0.05814840191483404,0.0,0.04596450870331285,0
173,1774279434.02337,20,-0.0773012638092041,-0.7964372634887695,0.0,0.053834239785999216,0.7964372634887695,6.043910980224609,0.13177514792899409,0.0966663807630539,0.7733310461044312,0.23280347330957232,20,0.019153076059678018,0.010004286897462715,0.0,0.04538358695296462,0
174,1774279434.1231415,22,-0.07027387619018555,-0.7964372634887695,0.0,0.04943405975475137,0.7964372634887695,6.043910980224609,0.13177514792899409,0.10545423355969516,0.7733310461044312,0.2653873346246903,22,0.020821889241536454,0.010907847671823994,0.0,0.04527512318476866,0
175,1774279434.223039,19,0.0,0.0,0.0,0.0,0.0,6.043910980224609,0.0,0.030526225504122283,0.5799982845783234,0.1295118063479676,19,0.09645433986888212,0.05064972756154102,0.0,0.04830531310552431,0
176,1774279434.3230722,21,0.0,0.0,0.0,0.0,0.0,6.043910980224609,0.0,0.07365057581946963,0.5799982845783234,0.1836655466116799,21,0.091095765431722,0.04758875214050782,0.0,0.050621953825406955,0
177,1774279434.4231668,22,0.0,0.0,0.0,0.0,0.0,6.043910980224609,0.0,0.043939263983206314,0.5799982845783234,0.1294531553121419,22,0.091095765431722,0.047703125213285506,0.0,0.05254258845862662,0
178,1774279434.5234017,25,0.0,0.0,0.0,0.0,0.0,6.043910980224609,0.0,0.0695997941493988,0.5799982845783234,0.18847713354149107,25,0.09645433986888212,0.050656577001002186,0.0,0.05401270963732162,0
179,1774279434.6235933,20,0.0,0.0,0.0,0.0,0.0,6.043910980224609,0.0,0.019333276152610778,0.3866655230522156,0.08427179699679521,20,0.09645433986888212,0.050378101293129494,0.0,0.05488322803599592,0
180,1774279434.7231987,22,0.0,0.0,0.0,0.0,0.0,6.043910980224609,0.0,0.07030282237313011,0.5799982845783234,0.18009738989136673,22,0.0,0.0,0.0,0.05532131088955623,0
181,1774279434.8234997,23,-0.18739700317382812,-1.1243820190429688,0.0,0.16699963151475697,1.1243820190429688,6.043910980224609,0.18603550295857987,0.058840405681858894,0.5799982845783234,0.1655745110173211,23,-0.09630123774210612,-0.05056268433420952,0.0033918028337913647,0.06145048377750541,0
182,1774279434.9234052,22,0.0,0.0,0.0,0.0,0.0,6.043910980224609,0.0,0.12302993915297768,0.9666638076305389,0.2705745483653498,22,0.08630125146163137,0.045091674077917386,0.006783605667582729,0.06236031199847778,0
183,1774279435.0235395,23,0.0,0.0,0.0,0.0,0.0,6.043910980224609,0.0,0.10927503912345223,0.7733310461044312,0.2601718906090737,23,0.1639723777770996,0.08585942948141279,0.007160472649115103,0.06307092015245237,0
184,1774279435.1234488,23,0.0,0.0,0.0,0.0,0.0,6.043910980224609,0.0,0.033623088961062225,0.3866655230522156,0.10895126051807201,23,0.13794501622517905,0.07240284035206031,0.003790838461296231,0.05837723672264343,0
185,1774279435.2236893,22,-0.05110827359286221,-1.1243820190429688,0.0,0.05485316822250002,1.1243820190429688,6.043910980224609,0.18603550295857987,0.07909067516977136,0.5799982845783234,0.19904050096851772,22,-0.05110827359286221,-0.026691733804357538,0.007733310461044311,0.054246416308597,0
186,1774279435.3238559,22,-0.10221654718572443,-1.1712312698364258,0.0,0.10468175721297866,1.1712312698364258,6.043910980224609,0.1937869822485207,0.0966663807630539,0.5799982845783234,0.20814414753006966,22,-0.05261145811029933,-0.027539826347970333,0.014871750886623677,0.05515941747157334,0
187,1774279435.4239366,22,0.0,0.0,0.0,0.0,0.0,5.992770195007324,0.0,0.05272711677984758,0.3866655230522156,0.11920423501990257,22,0.09645433986888212,0.05075066487245079,0.025534515673259518,0.055956239496658115,0
188,1774279435.523755,23,0.0,0.0,0.0,0.0,0.0,5.992770195007324,0.0,0.06724617792212445,0.3866655230522156,0.14655964695094822,23,0.041643778483072914,0.021913655096884074,0.018954192306481155,0.055155234076842405,0
189,1774279435.6238313,22,0.0,0.0,0.0,0.0,0.0,6.043910980224609,0.0,0.06151496957648884,0.3866655230522156,0.1352872741826749,22,0.044246514638264976,0.023281085434244828,0.05272711677984758,0.055708371804578875,0
190,1774279435.723871,20,0.0,0.0,0.0,0.0,0.0,5.992770195007324,0.0,0.04833319038152695,0.3866655230522156,0.10366314458524724,20,0.0,0.0,0.07461966234341003,0.056154423195366204,0
191,1774279435.8241932,23,-0.05092309868854025,-1.1712312698364258,0.0,0.05704956356094181,1.1712312698364258,6.043910980224609,0.1937869822485207,0.05043463344159334,0.3866655230522156,0.11707885953199446,23,0.10666074488945157,0.056114072210371804,0.10270802956074476,0.05578568972363742,0
192,1774279435.9243176,22,0.0,0.0,0.0,0.0,0.0,6.043910980224609,0.0,0.05272711677984758,0.3866655230522156,0.13269366731234514,22,0.0773012638092041,0.040664595382102334,0.07923473833037205,0.0485525829335524,0
193,1774279436.024234,22,-0.0553672963922674,-1.2180805206298828,0.0,0.06437628770557294,1.2180805206298828,6.043910980224609,0.20153846153846153,0.08787852796641263,0.5799982845783234,0.19092103183778797,22,0.014906579797918144,0.007841059584528161,0.0717202179854916,0.04764230624969656,0
194,1774279436.124248,22,-0.0553672963922674,-1.2180805206298828,0.0,0.06437628770557294,1.2180805206298828,6.043910980224609,0.20153846153846153,0.07030282237313011,0.3866655230522156,0.14913480730978085,22,-0.0553672963922674,-0.02912214965036491,0.04989232555512459,0.04705469852756986,0
195,1774279436.224303,24,-0.10345876216888428,-1.2649297714233398,0.0,0.11778659625427679,1.2649297714233398,6.043910980224609,0.20928994082840235,0.08861084903279941,0.7733310461044312,0.21600244039751365,24,-0.10345876216888428,-0.05441672915877677,0.06254883461138781,0.049625530972453626,0
196,1774279436.3238277,20,-0.06324648857116699,-1.2649297714233398,0.0,0.07600224801507238,1.2649297714233398,6.043910980224609,0.20928994082840235,0.14499957114458084,1.1599965691566467,0.30492076387118305,20,-0.06324648857116699,-0.0332760491473228,0.046169017677876484,0.04960960820079509,0
197,1774279436.4243798,21,-0.058003834315708706,-1.2180805206298828,0.0,0.06728889590648375,1.2180805206298828,6.043910980224609,0.20153846153846153,0.027618965932301114,0.1933327615261078,0.06765237375744962,21,-0.058003834315708706,-0.030512626458084287,0.05482570849247833,0.04926334280187592,0
198,1774279436.523752,20,-0.06324648857116699,-1.2649297714233398,0.0,0.07600224801507238,1.2649297714233398,6.043910980224609,0.20928994082840235,0.04833319038152695,0.5799982845783234,0.13498725451376528,20,-0.06324648857116699,-0.033284846389069395,0.0505639530145205,0.04885645873116475,0
199,1774279436.6240985,22,0.0,0.0,0.0,0.0,0.0,6.043910980224609,0.0,0.02636355838992379,0.1933327615261078,0.06634683365617257,22,0.0,0.0,0.08368134454115113,0.04885645873116475,0
200,1774279436.723296,20,-0.11946558952331543,-1.2180805206298828,0.0,0.12850311502887735,1.2180805206298828,6.043910980224609,0.20153846153846153,0.04833319038152695,0.3866655230522156,0.12034867350009704,20,0.0679314136505127,0.03575721014321332,0.0966663807630539,0.050919403073722704,0
201,1774279436.8238297,21,-0.05577291761125837,-1.1712312698364258,0.0,0.06221236677744429,1.1712312698364258,6.043910980224609,0.1937869822485207,0.04603160988716852,0.3866655230522156,0.10168714988122056,21,-0.05577291761125837,-0.029347610591922754,0.08813699422513738,0.03934311691337494,0
202,1774279436.9240563,21,0.058003834315708706,0.0,1.2180805206298828,0.06728889590648375,1.2180805206298828,6.043910980224609,0.20153846153846153,0.0,0.0,0.0,21,0.058003834315708706,0.030520033229739056,0.07392134999527651,0.04397019566803039,0
203,1774279437.023953,21,0.058003834315708706,0.0,1.2180805206298828,0.06728889590648375,1.2180805206298828,6.043910980224609,0.20153846153846153,0.0,0.0,0.0,21,0.058003834315708706,0.030520236153149864,0.06925352651681473,0.04797971594052686,0
204,1774279437.124128,22,0.0,0.0,0.0,0.0,0.0,6.043910980224609,0.0,0.0,0.0,0.0,22,0.05110827359286221,0.02689288072911595,0.07616139090422427,0.047979715940526864,0
205,1774279437.223685,20,0.0,0.0,0.0,0.0,0.0,6.043910980224609,0.0,0.019333276152610778,0.1933327615261078,0.05799982845783234,20,0.10221654718572443,0.05380302077493668,0.07213909012168201,0.048312853092498734,0
206,1774279437.3237092,21,0.0,0.0,0.0,0.0,0.0,6.043910980224609,0.0,0.0,0.0,0.0,21,0.0,0.0,0.06059683570221289,0.045802867169380035,0
207,1774279437.4236174,17,-0.21219954771154068,-1.2649297714233398,0.0,0.21073619936973592,1.2649297714233398,6.043910980224609,0.20928994082840235,0.022745030767777386,0.1933327615261078,0.062289832113303606,17,-0.21219954771154068,-0.11169206783684786,0.05948700354649471,0.06080198171162816,0
208,1774279437.5238643,15,-0.08432865142822266,-1.2649297714233398,0.0,0.0995585003238375,1.2649297714233398,6.043910980224609,0.20928994082840235,0.02577770153681437,0.1933327615261078,0.06572050157589361,15,-0.08432865142822266,-0.04438272996076451,0.053538303191845237,0.061079010759309056,0
209,1774279437.6236773,19,0.0,0.0,0.0,0.0,0.0,6.043910980224609,0.0,0.020350817002748187,0.1933327615261078,0.05933231748191226,19,0.0,0.0,0.0505639530145205,0.061079010759309056,0
210,1774279437.7243316,18,-0.15616416931152344,-1.546025276184082,0.0,0.1972928345139735,1.546025276184082,5.992770195007324,0.2579817389747568,0.03222212692101797,0.1933327615261078,0.07205086617502215,18,-0.10524107062298318,-0.05538600337403731,0.06348239930708018,0.06527011828938276,0
211,1774279437.8237247,21,0.0,0.0,0.0,0.0,0.0,5.992770195007324,0.0,0.027618965932301114,0.1933327615261078,0.0676523737574496,21,0.0,0.0,0.07030282237313011,0.06609742370813758,0
212,1774279437.923576,19,-0.07643825129458778,-1.452326774597168,0.0,0.10517051269754192,1.452326774597168,5.992770195007324,0.2423464820671958,0.050877042506870473,0.3866655230522156,0.1057459470728893,19,-0.02107095490232038,-0.011093817877824385,0.08245073653319303,0.06556198783534237,0
213,1774279438.0238366,22,-0.12138214978304776,-1.405477523803711,0.0,0.14778520992088728,1.405477523803711,6.043910980224609,0.23254437869822486,0.035151411186565056,0.3866655230522156,0.11115852231866752,22,-0.06601485339078036,-0.03475218471807093,0.09959566502860098,0.06741723402887312,0
214,1774279438.1239488,24,0.0,0.0,0.0,0.0,0.0,6.043910980224609,0.0,0.03222212692101797,0.1933327615261078,0.07205086617502215,24,0.10345876216888428,0.05446213282340733,0.08625615514241732,0.0683788705953458,0
215,1774279438.2239673,21,0.0,0.0,0.0,0.0,0.0,5.992770195007324,0.0,0.08285689779690333,0.5799982845783234,0.1845861816864304,21,0.06324648857116699,0.03328518050034863,0.07289595926394228,0.0680428430733322,0
216,1774279438.323637,22,-0.057496807791969994,-1.2649297714233398,0.0,0.06942354103160155,1.2649297714233398,6.043910980224609,0.20928994082840235,0.0966663807630539,0.5799982845783234,0.1820167768549424,22,0.0005070265237387128,0.0002669604349832299,0.03375651391725692,0.06797604034270657,0
217,1774279438.423609,22,0.0,0.0,0.0,0.0,0.0,6.043910980224609,0.0,0.07909067516977136,0.5799982845783234,0.17153204345381357,22,0.06324648857116699,0.033290130309322444,0.04053751451353873,0.0685695855092832,0
218,1774279438.5239615,21,0.0,0.0,0.0,0.0,0.0,6.043910980224609,0.0,0.05523793186460223,0.5799982845783234,0.1353047475148992,21,0.0,0.0,0.039894061902212716,0.06895222076069041,0
219,1774279438.6239274,20,0.0,0.0,0.0,0.0,0.0,6.043910980224609,0.0,0.02899991422891617,0.1933327615261078,0.06903360396656207,20,0.11946558952331543,0.06285573719245753,0.031182703471952868,0.06895222076069041,0
220,1774279438.7235007,22,-0.20869211717085404,-1.2180805206298828,0.0,0.19648462902980154,1.2180805206298828,6.043910980224609,0.20153846153846153,0.08787852796641263,0.5799982845783234,0.19092103183778797,22,-0.15291919955959565,-0.08049772476531286,0.015343869962389506,0.07652602797951645,0
221,1774279438.8235214,22,-0.1107345927845348,-1.2649297714233398,0.0,0.12282103241883187,1.2649297714233398,5.992770195007324,0.21107596825207375,0.12302993915297768,0.9666638076305389,0.2887983125253167,22,-0.1687384271002435,-0.08883470852654983,0.0,0.07791593732525239,0
222,1774279438.9237664,18,0.0,0.0,0.0,0.0,0.0,5.992770195007324,0.0,0.06444425384203593,0.3866655230522156,0.1441017323500443,18,-0.058003834315708706,-0.03053133212970922,0.006137547984955803,0.07503284723763173,0
223,1774279439.023558,25,-0.04684925079345703,-1.1712312698364258,0.0,0.05267645519779762,1.1712312698364258,6.043910980224609,0.1937869822485207,0.05413317322731018,0.3866655230522156,0.12847540243012934,25,-0.04684925079345703,-0.024664902508991705,0.006137547984955803,0.07096282969754938,0
224,1774279439.123575,21,-0.058003834315708706,-1.2180805206298828,0.0,0.06728889590648374,1.2180805206298828,5.992770195007324,0.20325833979829325,0.05523793186460223,0.3866655230522156,0.13530474751489924,21,-0.058003834315708706,-0.03053010225056512,0.013333293898352262,0.0698854128174936,0
225,1774279439.2234972,21,-0.11154583522251674,-1.2180805206298828,0.0,0.11841253042951634,1.2180805206298828,5.992770195007324,0.20325833979829325,0.07365057581946963,0.3866655230522156,0.15183455174561764,21,-0.11154583522251674,-0.05871488867585394,0.014591151813291153,0.06959509745862599,0
226,1774279439.323859,20,0.0,0.0,0.0,0.0,0.0,5.992770195007324,0.0,0.11599965691566468,0.9666638076305389,0.2957422570915212,20,0.21219954771154068,0.11166977199978093,0.022745030767777386,0.06959509745862599,0
227,1774279439.4233234,21,0.0,0.0,0.0,0.0,0.0,5.992770195007324,0.0,0.11047586372920445,0.7733310461044312,0.2706094950297985,21,0.08432865142822266,0.04439613907978615,0.026025564051591434,0.06163748786343075,0
228,1774279439.523689,21,-0.05577291761125837,-1.1712312698364258,0.0,0.062212366777444274,1.1712312698364258,5.992770195007324,0.19544071134451274,0.16571379559380667,1.1599965691566467,0.4059142425446977,21,-0.05577291761125837,-0.02935398520189868,0.026666587796704524,0.061191516945888334,0
229,1774279439.6239371,19,0.0,0.0,0.0,0.0,0.0,5.992770195007324,0.0,0.0,0.0,0.0,19,0.15616416931152344,0.08220873664249227,0.03666655822046872,0.061191516945888334,0
230,1774279439.7236433,18,0.0,0.0,0.0,0.0,0.0,6.043910980224609,0.0,0.0,0.0,0.0,18,0.0,0.0,0.03741924416634344,0.05698505904976717,0
231,1774279439.8236907,17,0.0,0.0,0.0,0.0,0.0,5.992770195007324,0.0,0.0,0.0,0.0,17,0.07643825129458778,0.040228233527448067,0.038666552305221556,0.056985059049767174,0
232,1774279439.923631,18,0.0,0.0,0.0,0.0,0.0,5.992770195007324,0.0,0.0,0.0,0.0,18,0.12138214978304776,0.06389225781907923,0.049054581282743766,0.05713347025527291,0
233,1774279440.0240252,15,0.07183551788330078,0.0,1.0775327682495117,0.07224478281386837,1.0775327682495117,5.860805511474609,0.18385403954112767,0.0,0.0,0.0,15,0.07183551788330078,0.037806647294472,0.06925352651681473,0.05862240063174842,0
234,1774279440.1235766,15,0.0,0.0,0.0,0.0,0.0,5.860805511474609,0.0,0.05155540307362874,0.3866655230522156,0.13144100315178722,15,0.0,0.0,0.08625615514241732,0.05862240063174842,0
235,1774279440.2239501,13,0.0,0.0,0.0,0.0,0.0,5.860805511474609,0.0,0.0,0.0,0.0,13,0.057496807791969994,0.030256491213538905,0.07733310461044311,0.05862240063174842,0
236,1774279440.3241625,14,0.0,0.0,0.0,0.0,0.0,5.860805511474609,0.0,0.08285689779690333,0.5799982845783234,0.20295712127234888,14,0.0,0.0,0.05523793186460223,0.05855749305556273,0
237,1774279440.4235964,15,-0.059342384338378906,-0.8901357650756836,0.0,0.04930126010549429,0.8901357650756836,5.860805511474609,0.15187942396875762,0.05155540307362874,0.5799982845783234,0.14919923435948407,15,-0.059342384338378906,-0.03123883766924384,0.05830670585708013,0.05866883532159898,0
238,1774279440.523727,16,-0.10248273611068726,-0.8432865142822266,0.0,0.07358756753950146,0.8432865142822266,6.043910980224609,0.1395266272189349,0.060416487976908684,0.7733310461044312,0.18990392821714835,16,-0.10248273611068726,-0.05394397224916567,0.08156225876882672,0.06036695688230817,0
239,1774279440.6241043,15,0.0,0.0,0.0,0.0,0.0,6.043910980224609,0.0,0.0,0.0,0.0,15,0.20869211717085404,0.1098030775857701,0.0935481104158586,0.06036695688230817,0
240,1774279440.7239318,17,0.0,0.0,0.0,0.0,0.0,6.043910980224609,0.0,0.10235263845499824,0.5799982845783234,0.22110696987491085,17,0.1107345927845348,0.05826877814592124,0.08030745478776785,0.04548493009931135,0
241,1774279440.8237295,16,0.0,0.0,0.0,0.0,0.0,5.860805511474609,0.0,0.10874967835843563,0.5799982845783234,0.22638050789163336,16,0.0,0.0,0.05739566357806325,0.04107244499009348,0
242,1774279440.9234083,18,0.0,0.0,0.0,0.0,0.0,5.860805511474609,0.0,0.12888850768407187,0.7733310461044312,0.2882034647000886,18,0.04684925079345703,0.024659442433064987,0.06059683570221289,0.04107244499009348,0
243,1774279441.023575,17,0.0,0.0,0.0,0.0,0.0,5.860805511474609,0.0,0.056862576919443464,0.9666638076305389,0.22745030767777388,17,0.058003834315708706,0.030528332318052662,0.08107502902707746,0.04070074879519581,0
244,1774279441.1236584,19,0.0,0.0,0.0,0.0,0.0,5.992770195007324,0.0,0.15263112752061142,0.9666638076305389,0.3524864902429644,19,0.11154583522251674,0.0587033517624216,0.09978465111024919,0.039640436183081364,0
245,1774279441.2234323,17,0.0,0.0,0.0,0.0,0.0,5.860805511474609,0.0,0.2047052769099965,1.1599965691566467,0.4422139397498217,17,0.0,0.0,0.13096735458220204,0.0325828590931743,0
246,1774279441.3237133,18,0.0,0.0,0.0,0.0,0.0,5.860805511474609,0.0,0.16111063460508981,0.9666638076305389,0.36025433087511083,18,0.0,0.0,0.09508168599644645,0.03258285909317429,0
247,1774279441.4235327,17,0.0,0.0,0.0,0.0,0.0,5.860805511474609,0.0,0.14784269999055302,0.9666638076305389,0.3216633098838411,17,0.05577291761125837,0.0293565822405424,0.05999982254258517,0.03258285909317429,0
248,1774279441.5236301,18,0.0,0.0,0.0,0.0,0.0,5.860805511474609,0.0,0.16111063460508981,0.9666638076305389,0.36025433087511083,18,0.0,0.0,0.0,0.030642833567378725,0
249,1774279441.6237679,20,-0.03045201301574707,-0.6090402603149414,0.0,0.01761917683751335,0.6090402603149414,6.043910980224609,0.10076923076923076,0.11599965691566468,0.7733310461044312,0.27613441586624826,20,-0.03045201301574707,-0.016026324704819503,0.0,0.031134054801595996,0
250,1774279441.723863,18,0.0,0.0,0.0,0.0,0.0,5.992770195007324,0.0,0.16111063460508981,0.9666638076305389,0.36025433087511083,18,0.0,0.0,0.0,0.031134054801595996,0
251,1774279441.8232317,19,-0.06164375104402241,-0.6090402603149414,0.0,0.03235735163465823,0.6090402603149414,6.043910980224609,0.10076923076923076,0.12210490201648913,0.7733310461044312,0.2819891921943715,19,-0.06164375104402241,-0.03245089855365569,0.016111063460508983,0.033357228985475953,0
252,1774279441.9239244,20,0.0,0.0,0.0,0.0,0.0,6.043910980224609,0.0,0.12566629499197007,0.7733310461044312,0.25410574405847164,20,-0.07183551788330078,-0.03781017235440166,0.01798444293266119,0.033357228985475953,0
253,1774279442.0237231,20,0.0,0.0,0.0,0.0,0.0,5.992770195007324,0.0,0.05799982845783234,0.3866655230522156,0.13806720793312413,20,0.0,0.0,0.04603160988716852,0.027863700525681982,0
254,1774279442.1237407,21,-0.035694667271205356,-0.7495880126953125,0.0,0.025482185432041178,0.7495880126953125,6.043910980224609,0.12402366863905326,0.07365057581946963,0.7733310461044312,0.22700632045413346,21,-0.035694667271205356,-0.018788738438942326,0.04603160988716852,0.028135171759867097,0
255,1774279442.2238276,21,0.10485308510916573,0.0,0.6090402603149414,0.047012641326379105,0.6090402603149414,6.043910980224609,0.10076923076923076,0.08285689779690333,0.5799982845783234,0.20295712127234888,21,0.10485308510916573,0.05519556271064879,0.06444425384203593,0.03828376104380419,0
256,1774279442.3240805,22,0.0,0.0,0.0,0.0,0.0,6.043910980224609,0.0,0.13181779194961896,0.7733310461044312,0.2818970044571657,22,0.059342384338378906,0.03122487833713535,0.037825975081195,0.03828376104380419,0
257,1774279442.4238522,22,0.0,0.0,0.0,0.0,0.0,6.043910980224609,0.0,0.10545423355969516,0.7733310461044312,0.2653873346246903,22,0.10248273611068726,0.05393472630034018,0.05638872211178144,0.03654569551679028,0
258,1774279442.5239058,21,0.0,0.0,0.0,0.0,0.0,5.992770195007324,0.0,0.11047586372920445,0.7733310461044312,0.2706094950297984,21,0.0,0.0,0.07249978557229042,0.02912837943948796,0
259,1774279442.6234746,20,0.0,0.0,0.0,0.0,0.0,6.043910980224609,0.0,0.07733310461044311,0.7733310461044312,0.23199931383132935,20,0.0,0.0,0.11372515383888693,0.02912837943948796,0
260,1774279442.7236228,21,-0.022309167044503347,-0.4684925079345703,0.0,0.009953978684391084,0.4684925079345703,5.992770195007324,0.07817628453780509,0.07365057581946963,0.7733310461044312,0.22700632045413346,21,-0.022309167044503347,-0.011742326389704327,0.09856179999370202,0.02948804202900073,0
261,1774279442.8239114,22,0.023424625396728516,0.0,0.5153417587280273,0.01152297457451823,0.5153417587280273,5.992770195007324,0.08599391299158561,0.05272711677984758,0.5799982845783234,0.16673778347800128,22,0.023424625396728516,0.01232548616986364,0.11456756238584165,0.03001512796714986,0
262,1774279442.9240818,22,-0.04046071659434925,-0.4684925079345703,0.0,0.016420578880098582,0.4684925079345703,6.043910980224609,0.07751479289940828,0.05272711677984758,0.5799982845783234,0.16673778347800128,22,-0.04046071659434925,-0.02128943605010943,0.13861594222626597,0.031213043205994006,0
263,1774279443.0238655,23,0.016295391580332882,0.0,0.37479400634765625,0.005841875308640442,0.37479400634765625,5.992770195007324,0.06254102763024408,0.07565195016239,0.5799982845783234,0.19533249539136668,23,0.016295391580332882,0.00857558740400702,0.17185134357876247,0.031495107607247365,0
264,1774279443.1240385,18,-0.026027361551920574,-0.4684925079345703,0.0,0.011516200339024686,0.4684925079345703,6.043910980224609,0.07751479289940828,0.08592567178938124,0.3866655230522156,0.1607522122821258,18,-0.026027361551920574,-0.013694242480501908,0.17102513519617227,0.031908224530738015,0
265,1774279443.2236545,19,-0.029589000501130756,-0.5621910095214844,0.0,0.01575916111180649,0.5621910095214844,6.043910980224609,0.09301775147928994,0.050877042506870473,0.3866655230522156,0.12294992872220822,19,-0.029589000501130756,-0.015573640072664041,0.1568548819928799,0.03238930798064141,0
266,1774279443.3236125,21,0.0,0.0,0.0,0.0,0.0,5.992770195007324,0.0,0.018412643954867407,0.3866655230522156,0.08234384705716818,21,0.0,0.0,0.14060564474626022,0.0323893079806414,0
267,1774279443.433678,23,0.0203692394754161,0.0,0.4684925079345703,0.00912793016975069,0.4684925079345703,6.043910980224609,0.07751479289940828,0.06724617792212445,0.3866655230522156,0.1350166945027411,23,0.0203692394754161,0.010664256570008322,0.14499957114458084,0.03285001126727937,0
268,1774279443.533713,19,-0.032054750542891655,-0.3279447555541992,0.0,0.008791569046169824,0.3279447555541992,5.992770195007324,0.054723399176463565,0.030526225504122283,0.1933327615261078,0.07049729804859288,19,-0.0016027375271445848,-0.0008391536498315407,0.13228031051786324,0.03339026942844543,0
269,1774279443.6336844,20,-0.16631484031677246,-1.499176025390625,0.4684925079345703,0.2189310297850966,1.9676685333251953,6.043910980224609,0.3255621301775148,0.02899991422891617,0.1933327615261078,0.06903360396656207,20,-0.16631484031677246,-0.08708397063207551,0.13567211335165458,0.04825421738986524,0
270,1774279443.7337623,28,0.06358112607683454,-0.6090402603149414,1.6865730285644531,0.24632737776061955,2.2956132888793945,6.043910980224609,0.3798224852071006,0.013809482966150557,0.3866655230522156,0.07175617837088921,28,0.12522487712085695,0.06554455567094179,0.1015816204628702,0.05098723244740775,0
271,1774279443.8335447,22,0.04897876219315962,-0.6090402603149414,1.6865730285644531,0.14375829082518785,2.2956132888793945,6.043910980224609,0.3798224852071006,0.035151411186565056,0.3866655230522156,0.09464807122150211,22,0.04897876219315962,0.025648429992606078,0.0855735173968018,0.0510068074971522,0
272,1774279443.9339702,26,0.03783977948702299,-0.6090402603149414,1.6865730285644531,0.1332138979481286,2.2956132888793945,5.992770195007324,0.38306379423524495,0.014871750886623677,0.1933327615261078,0.051517256266279406,26,0.03783977948702299,0.019808840298753315,0.0717202179854916,0.05180624832158366,0
273,1774279444.0335553,28,0.0752934387751988,-0.6090402603149414,1.6865730285644531,0.1754846004019743,2.2956132888793945,5.992770195007324,0.38306379423524495,0.04142844889845167,0.3866655230522156,0.09467304542604993,28,0.11098810604640416,0.05811459723295958,0.0966663807630539,0.05447145892369472,0
274,1774279444.1339672,25,0.04122734069824219,-0.6090402603149414,0.4684925079345703,0.04044147053718916,1.0775327682495117,5.992770195007324,0.17980545443695173,0.007733310461044311,0.1933327615261078,0.03788532930417179,25,-0.06362574441092354,-0.033309474197594655,0.10707660638369047,0.05439614189936,0
275,1774279444.2335246,24,0.021472573280334473,-0.37479400634765625,0.4684925079345703,0.021944712491617224,0.8432865142822266,5.992770195007324,0.14071731216804917,0.008055531730254492,0.1933327615261078,0.03863297300900034,24,0.021472573280334473,0.011245457958750068,0.11599965691566468,0.04962754234733013,0
276,1774279444.323984,24,0.009760260581970215,-0.4216432571411133,0.6558895111083984,0.025236990941479576,1.0775327682495117,5.992770195007324,0.17980545443695173,0.0,0.0,0.0,24,0.009760260581970215,0.005136623198025529,0.09820076775929285,0.049657523553053765,0
277,1774279444.4235897,23,-0.01833231552787449,-0.4216432571411133,0.0,0.007393623437498059,0.4216432571411133,5.992770195007324,0.07035865608402458,0.016811544480531113,0.1933327615261078,0.054475630259036005,23,-0.01833231552787449,-0.009650192341402184,0.08731156972146803,0.049856151947732255,0
278,1774279444.5234847,23,-0.01833231552787449,-0.4216432571411133,0.0,0.00739362343749806,0.4216432571411133,5.992770195007324,0.07035865608402458,0.04202886120132778,0.1933327615261078,0.07974415731556585,23,-0.01833231552787449,-0.009648535784910704,0.06751302783451384,0.0500372037556614,0
279,1774279444.6241162,21,-0.020078250340053012,-0.4216432571411133,0.0,0.008062722734356778,0.4216432571411133,5.992770195007324,0.07035865608402458,0.036825287909734813,0.1933327615261078,0.07591727587280882,21,0.0022309167044503343,0.001173861863412695,0.05948700354649471,0.05023300528354368,0
280,1774279444.724285,22,-0.01916560259732333,-0.4216432571411133,0.0,0.007713726781289065,0.4216432571411133,5.992770195007324,0.07035865608402458,0.07030282237313011,0.3866655230522156,0.14913480730978085,22,-0.04259022799405185,-0.022411504325865146,0.06059683570221289,0.05017022003329716,0
281,1774279444.8240633,25,-0.02810955047607422,-0.4216432571411133,0.3279447555541992,0.01808558295124385,0.7495880126953125,5.992770195007324,0.12508205526048816,0.07733310461044311,0.7733310461044312,0.1894266465208589,25,0.012351166118275032,0.006500677046911877,0.07058180182699174,0.050193248243436225,0
282,1774279444.9236221,21,0.0022309167044503348,-0.4684925079345703,0.9369850158691406,0.06071926997478563,1.405477523803711,5.992770195007324,0.2345288536134153,0.09206321977433704,0.3866655230522156,0.16468769411433634,21,-0.014064474875882547,-0.0074033033272077435,0.07088867922623952,0.049465008116146,0
283,1774279445.023418,21,0.0022309167044503348,-0.4684925079345703,0.9369850158691406,0.08434006139284567,1.405477523803711,5.992770195007324,0.2345288536134153,0.05523793186460223,0.3866655230522156,0.1353047475148992,21,0.02825827825637091,0.014877636816801388,0.04999985211882098,0.049313190405028476,0
284,1774279445.1240163,20,0.0023424625396728516,-0.4216432571411133,0.4684925079345703,0.01985792618341975,0.8901357650756836,5.992770195007324,0.14853494062182968,0.07733310461044311,0.3866655230522156,0.15466620922088622,20,0.031931463040803604,0.016802833775209653,0.04603160988716852,0.04900152358745723,0
285,1774279445.2238088,21,0.07808208465576172,0.0,0.4684925079345703,0.026616939002061763,0.4684925079345703,5.992770195007324,0.07817628453780509,0.036825287909734813,0.3866655230522156,0.11350316022706673,21,0.07808208465576172,0.04109158831975052,0.039894061902212716,0.05134989550180085,0
286,1774279445.3240216,18,0.03904104232788086,0.0,0.37479400634765625,0.012254592007820975,0.37479400634765625,6.043910980224609,0.06201183431952663,0.07518496281570858,0.3866655230522156,0.14608943634831875,18,0.01867180285246476,0.009877464710539862,0.043655784860734015,0.051860307850532236,0
287,1774279445.4236016,20,0.0,0.0,0.0,0.0,0.0,5.992770195007324,0.0,0.04833319038152695,0.3866655230522156,0.10366314458524724,20,0.032054750542891655,0.016961185868217477,0.023084508838938242,0.051787776397729274,0
288,1774279445.5238764,20,0.03045201301574707,-0.5153417587280273,1.639723777770996,0.16006509110155775,2.1550655364990234,6.043910980224609,0.3565680473372781,0.038666552305221556,0.1933327615261078,0.07733310461044311,20,0.19676685333251953,0.10409886932961993,0.024857069339071003,0.051281466572862935,0
289,1774279445.6235087,20,0.04450678825378418,0.0,0.4684925079345703,0.01788255911350234,0.4684925079345703,6.0138702392578125,0.07790199809705042,0.06766646653413773,0.5799982845783234,0.16490049267421444,20,-0.01907433782305036,-0.010093596445064258,0.020350817002748187,0.03228974269620708,0
290,1774279445.7237046,24,-0.0546574592590332,-1.6865730285644531,0.4684925079345703,0.1431531444495704,2.1550655364990234,6.0138702392578125,0.358349191246432,0.07249978557229042,0.5799982845783234,0.16567782949558735,24,-0.10363622145219283,-0.05482934245324814,0.030526225504122283,0.03445681358293961,0
291,1774279445.8234944,22,-0.05110827359286221,-1.1243820190429688,0.0,0.05485316822250002,1.1243820190429688,6.0138702392578125,0.18696479543292102,0.07909067516977136,0.5799982845783234,0.19904050096851772,22,-0.08894805307988521,-0.04707431218480286,0.022025251313100888,0.03619939657105696,0
292,1774279445.923517,19,0.1306847522133275,0.0,1.0306835174560547,0.0763759960981918,1.0306835174560547,6.043910980224609,0.17053254437869822,0.1628065360219855,0.7733310461044312,0.3152735013334339,19,0.05539131343812871,0.029308166861921184,0.02008652067803717,0.0446103178667596,0
293,1774279446.0233126,22,-0.0276836481961337,-0.6090402603149414,0.0,0.016094071926393234,0.6090402603149414,6.043910980224609,0.10076923076923076,0.13181779194961896,0.5799982845783234,0.2430599986283392,22,-0.06891098889437589,-0.036473473098850455,0.005296787987016651,0.04308348586769471,0
294,1774279446.1233711,21,-0.04684925079345703,-0.5153417587280273,0.0,0.02090335523722128,0.5153417587280273,6.043910980224609,0.08526627218934911,0.11047586372920445,0.5799982845783234,0.22775182761842647,21,-0.0683218240737915,-0.0361520482134123,0.008168989923638357,0.04397751741565695,0
295,1774279446.2240193,22,-0.0276836481961337,-0.6090402603149414,0.0,0.016094071926393234,0.6090402603149414,6.043910980224609,0.10076923076923076,0.07030282237313011,0.3866655230522156,0.13727064891376559,22,-0.03744390877810391,-0.019706953431649847,0.019333276152610778,0.04429498782506714,0
296,1774279446.324123,22,-0.03833120519464666,-0.6090402603149414,0.7495880126953125,0.06297956351472224,1.358628273010254,6.043910980224609,0.22479289940828404,0.035151411186565056,0.1933327615261078,0.07456740365489042,22,-0.01999888966677217,-0.010522778383471387,0.03174119965354009,0.045072572864123306,0
297,1774279446.423222,20,0.0,0.0,0.0,0.0,0.0,6.043910980224609,0.0,0.04833319038152695,0.5799982845783234,0.1481867556467012,20,0.01833231552787449,0.00964992105344202,0.04979783251430049,0.0448976156898089,0
298,1774279446.5238574,21,-0.006692750113351005,-0.6090402603149414,0.4684925079345703,0.028070219889982866,1.0775327682495117,6.043910980224609,0.17828402366863905,0.018412643954867407,0.1933327615261078,0.056751580113533366,21,0.013385500226702008,0.007045959954134207,0.06254883461138781,0.04473292377069345,0
299,1774279446.6238277,24,-0.04489719867706299,-0.6558895111083984,0.0,0.02331649517905987,0.6558895111083984,6.043910980224609,0.1085207100591716,0.03222212692101797,0.1933327615261078,0.07205086617502215,24,-0.025731596079739658,-0.013546204888962625,0.07960760768722086,0.04562092406743609,0
300,1774279446.7238412,22,0.06814436479048296,-0.6558895111083984,1.9676685333251953,0.21583923567444685,2.6235580444335938,6.043910980224609,0.4340828402366864,0.07909067516977136,0.3866655230522156,0.15042380973503716,22,0.09625391526655717,0.05066587826457439,0.07502465372654929,0.04777908897352915,0
301,1774279446.8238308,21,0.0,0.0,0.0,0.0,0.0,6.043910980224609,0.0,0.04603160988716852,0.3866655230522156,0.10168714988122056,21,-0.0022309167044503348,-0.00117403772059519,0.07483848833268689,0.04723643752016691,0
302,1774279446.924171,19,0.03452050058465255,0.0,0.6558895111083984,0.021449969291069952,0.6558895111083984,6.043910980224609,0.1085207100591716,0.10175408501374095,0.5799982845783234,0.20197609175077,19,0.03228958388020221,0.016987785114308738,0.056128866249515165,0.0476643940520202,0
303,1774279447.0235426,18,0.0,0.0,0.0,0.0,0.0,6.043910980224609,0.0,0.08592567178938124,0.3866655230522156,0.1607522122821258,18,-0.0023424625396728516,-0.0012331824353150314,0.062259702864339794,0.047677108820913944,0
304,1774279447.1236947,20,-0.03279447555541992,-0.6558895111083984,0.0,0.02043407491214566,0.6558895111083984,6.043910980224609,0.1085207100591716,0.038666552305221556,0.1933327615261078,0.07733310461044311,20,-0.11087656021118164,-0.05835958918764531,0.05242922346470719,0.04843899246415901,0
305,1774279447.2236214,21,0.0,0.0,0.0,0.0,0.0,6.043910980224609,0.0,0.036825287909734813,0.1933327615261078,0.07591727587280882,21,-0.03904104232788086,-0.02055224606868479,0.05333317559340905,0.045422883692091715,0
306,1774279447.3236465,20,-0.025767087936401367,-0.5153417587280273,0.0,0.012614913593722576,0.5153417587280273,6.043910980224609,0.08526627218934911,0.04833319038152695,0.1933327615261078,0.08371554143270404,20,-0.025767087936401367,-0.013561304625738107,0.05155540307362874,0.04489009801611764,0
307,1774279447.4238744,19,0.0,0.0,0.0,0.0,0.0,6.043910980224609,0.0,0.09157867651236684,0.5799982845783234,0.18145352666180922,19,-0.03045201301574707,-0.016027392567531194,0.060416487976908684,0.04489009801611764,0
308,1774279447.5236504,21,0.0,0.0,0.0,0.0,0.0,6.043910980224609,0.0,0.08285689779690333,0.5799982845783234,0.20295712127234886,21,-0.04450678825378418,-0.023422878345829717,0.07323210663867719,0.04426176689332567,0
309,1774279447.6236694,19,-0.15534225263093648,-1.499176025390625,0.0,0.20517309061690658,1.499176025390625,6.043910980224609,0.24804733727810652,0.10175408501374095,0.7733310461044312,0.24589985744441645,19,-0.10068479337190328,-0.0529929780135032,0.101127906029041,0.0537421967823895,1
310,1774279447.7235186,22,-0.27044794776222925,-1.546025276184082,0.0,0.3294137725570951,1.546025276184082,6.043910980224609,0.2557988165680473,0.14939349754290146,0.9666638076305389,0.31891552466640555,22,-0.21933967416936703,-0.11544046490620705,0.12275095969911605,0.07732464073436629,1
311,1774279447.8238363,22,-0.20443309437144885,-1.546025276184082,0.0,0.2648878358310739,1.546025276184082,6.043910980224609,0.2557988165680473,0.14939349754290146,1.1599965691566467,0.37746871161816686,22,-0.3351178465847764,-0.1763481747045912,0.13408562492939732,0.08660524240688597,1
312,1774279447.923528,22,0.0,0.0,0.0,0.0,0.0,6.043910980224609,0.0,0.2636355838992379,1.73999485373497,0.5727630955133637,22,0.0276836481961337,0.01456868962356046,0.10410225620636573,0.07861747249135285,1
313,1774279448.0237765,22,-0.029813159595836292,-0.6558895111083984,0.0,0.01866531418682292,0.6558895111083984,6.043910980224609,0.1085207100591716,0.3866655230522156,3.673322468996048,1.04763590168173,22,0.01703609119762074,0.008964451024660702,0.07138440425579365,0.07860363290654347,1
314,1774279448.1239653,23,-0.028516935265582542,-0.6558895111083984,0.0,0.01789074313271135,0.6558895111083984,6.043910980224609,0.1085207100591716,0.23536162272743558,1.3533293306827545,0.5129587643283187,23,-0.000833287069448841,-0.00043858461277244043,0.05135401478037238,0.07861387033404514,1
315,1774279448.2238514,23,0.0,0.0,0.0,0.0,0.0,6.043910980224609,0.0,0.16811544480531113,1.9333276152610779,0.5447563025903601,23,0.03833120519464666,0.020177201350636872,0.03375651391725692,0.07902776554146057,1
316,1774279448.3236997,21,0.0,0.0,0.0,0.0,0.0,6.043910980224609,0.0,0.0,0.0,0.0,21,0.0,0.0,0.032717851950572086,0.07942919571821024,1
317,1774279448.424314,21,0.0,0.0,0.0,0.0,0.0,6.043910980224609,0.0,0.0,0.0,0.0,21,0.006692750113351005,0.003521653626601593,0.04328345407300921,0.07942919571821024,1
318,1774279448.52368,20,0.0,0.0,0.0,0.0,0.0,6.043910980224609,0.0,0.0,0.0,0.0,20,0.04489719867706299,0.023631941939808936,0.05194014488761105,0.07956090506740468,1
319,1774279448.6238282,19,0.0,0.0,0.0,0.0,0.0,6.043910980224609,0.0,0.0,0.0,0.0,19,-0.06814436479048296,-0.035865700883043444,0.07483848833268689,0.07986776012227331,1
320,1774279448.7233896,21,-0.04461833408900669,-0.9369850158691406,0.0,0.03981591473756434,0.9369850158691406,6.043910980224609,0.15502958579881657,0.0,0.0,0.0,21,-0.04461833408900669,-0.0234887882903334,0.0766664399155255,0.07649233915613088,1
321,1774279448.8238287,19,-0.03698625062641345,-0.7027387619018555,0.0,0.024623689237197634,0.7027387619018555,6.043910980224609,0.11627218934911243,0.0,0.0,0.0,19,-0.071506751211066,-0.03764191318338106,0.07461966234341003,0.07600016328923496,1
322,1774279448.9238348,18,0.0,0.0,0.0,0.0,0.0,6.043910980224609,0.0,0.0,0.0,0.0,18,0.0,0.0,0.05242922346470719,0.07467517437481973,1
323,1774279449.023302,18,0.0,0.0,0.0,0.0,0.0,6.043910980224609,0.0,0.0,0.0,0.0,18,0.03279447555541992,0.017263817360735716,0.041202063931793466,0.07467517437481973,1
324,1774279449.1235738,18,-0.05205472310384115,-0.9369850158691406,0.0,0.04606480135609874,0.9369850158691406,6.043910980224609,0.15502958579881657,0.0,0.0,0.0,18,-0.05205472310384115,-0.02739790890793441,0.05799982845783234,0.07468171386865316,1
325,1774279449.223306,19,-0.04931500083521793,-0.9369850158691406,0.0,0.04377544753279581,0.9369850158691406,6.043910980224609,0.15502958579881657,0.0,0.0,0.0,19,-0.02354791289881656,-0.01239586052009895,0.07411089191834132,0.07405259150994033,1
326,1774279449.3237705,18,-0.05205472310384115,-0.9369850158691406,0.0,0.04606480135609874,0.9369850158691406,6.043910980224609,0.15502958579881657,0.0,0.0,0.0,18,-0.05205472310384115,-0.027398720316623795,0.09175114106323759,0.07393515732638654,1
327,1774279449.4239123,16,0.0,0.0,0.0,0.0,0.0,6.043910980224609,0.0,0.0,0.0,0.0,16,0.0,0.0,0.11225773249903033,0.07393515732638654,1
328,1774279449.5234854,17,0.0,0.0,0.0,0.0,0.0,6.043910980224609,0.0,0.0,0.0,0.0,17,0.15534225263093648,0.08176699726130263,0.13502605566902767,0.07393515732638654,1
329,1774279449.623767,17,0.0,0.0,0.0,0.0,0.0,5.992770195007324,0.0,0.0,0.0,0.0,17,0.27044794776222925,0.1423224266599085,0.1874741929950136,0.07012043601379424,1
330,1774279449.723453,17,0.0,0.0,0.0,0.0,0.0,5.992770195007324,0.0,0.0,0.0,0.0,17,0.20443309437144885,0.10761807495315955,0.266564868164785,0.04599739751705401,1
331,1774279449.823445,17,-0.055116765639361215,-0.9369850158691406,0.0,0.04860572567270831,0.9369850158691406,6.043910980224609,0.15502958579881657,0.0,0.0,0.0,17,-0.055116765639361215,-0.029010089384292965,0.2943274876964626,0.022224155480888883,1
332,1774279449.923189,17,0.0,0.0,0.0,0.0,0.0,5.992770195007324,0.0,0.0,0.0,0.0,17,0.029813159595836292,0.015695990874210548,0.2615678538294399,0.022224155480888883,1
333,1774279450.023465,17,0.0,0.0,0.0,0.0,0.0,5.992770195007324,0.0,0.0,0.0,0.0,17,0.028516935265582542,0.015012866779929497,0.13850705303362945,0.022342686461743498,1
334,1774279450.1232238,17,0.0,0.0,0.0,0.0,0.0,5.992770195007324,0.0,0.0,0.0,0.0,17,0.0,0.0,0.05948700354649471,0.022403978264650036,0
335,1774279450.2236829,18,0.0,0.0,0.0,0.0,0.0,6.043910980224609,0.0,0.0,0.0,0.0,18,0.0,0.0,0.0,0.022403978264650036,0
336,1774279450.3233385,18,0.0,0.0,0.0,0.0,0.0,5.992770195007324,0.0,0.0,0.0,0.0,18,0.0,0.0,0.0,0.022403978264650036,0
337,1774279450.423704,18,0.0,0.0,0.0,0.0,0.0,5.992770195007324,0.0,0.0,0.0,0.0,18,0.0,0.0,0.0,0.022403978264650036,0
338,1774279450.5240197,18,0.0,0.0,0.0,0.0,0.0,5.992770195007324,0.0,0.0,0.0,0.0,18,0.0,0.0,0.0,0.022403978264650036,0
339,1774279450.6233077,18,0.0,0.0,0.0,0.0,0.0,5.992770195007324,0.0,0.0,0.0,0.0,18,0.04461833408900669,0.023484346284896526,0.0,0.022403978264650036,0
340,1774279450.7235353,18,0.0,0.0,0.0,0.0,0.0,5.992770195007324,0.0,0.0,0.0,0.0,18,0.03698625062641345,0.019469454170235875,0.0,0.02149768770149152,0
341,1774279450.8234072,18,0.0,0.0,0.0,0.0,0.0,5.992770195007324,0.0,0.0,0.0,0.0,18,0.0,0.0,0.0,0.020874318776199084,0
342,1774279450.9239728,18,0.0,0.0,0.0,0.0,0.0,5.992770195007324,0.0,0.0,0.0,0.0,18,0.0,0.0,0.0,0.02087431877619908,0
343,1774279451.0237005,18,0.0,0.0,0.0,0.0,0.0,5.992770195007324,0.0,0.0,0.0,0.0,18,0.05205472310384115,0.027395395908851043,0.0,0.02087431877619908,0
344,1774279451.123441,18,0.0,0.0,0.0,0.0,0.0,5.992770195007324,0.0,0.0,0.0,0.0,18,0.04931500083521793,0.02595341898850928,0.0,0.018648217459465845,0
345,1774279451.2241926,18,0.0,0.0,0.0,0.0,0.0,5.992770195007324,0.0,0.0,0.0,0.0,18,0.05205472310384115,0.0273911375827986,0.0,0.016083012236503033,0
346,1774279451.3239145,18,0.0,0.0,0.0,0.0,0.0,5.992770195007324,0.0,0.0,0.0,0.0,18,0.0,0.0,0.0,0.012012420575839526,0
347,1774279451.4238236,18,0.0,0.0,0.0,0.0,0.0,5.992770195007324,0.0,0.0,0.0,0.0,18,0.0,0.0,0.0,0.012012420575839526,0
348,1774279451.5234728,18,0.0,0.0,0.0,0.0,0.0,5.992770195007324,0.0,0.0,0.0,0.0,18,0.0,0.0,0.0,0.012012420575839525,0
349,1774279451.6236022,18,0.0,0.0,0.0,0.0,0.0,5.992770195007324,0.0,0.0,0.0,0.0,18,0.0,0.0,0.0,0.012012420575839525,0
350,1774279451.7234552,18,0.0,0.0,0.0,0.0,0.0,5.992770195007324,0.0,0.0,0.0,0.0,18,0.055116765639361215,0.029008669680123687,0.0,0.012012420575839525,0
351,1774279451.8230445,18,0.0,0.0,0.0,0.0,0.0,5.992770195007324,0.0,0.0,0.0,0.0,18,0.0,0.0,0.0,0.0,0
352,1774279451.9232202,18,0.0,0.0,0.0,0.0,0.0,5.992770195007324,0.0,0.0,0.0,0.0,18,0.0,0.0,0.0,0.0,0
353,1774279452.0232804,18,0.0,0.0,0.0,0.0,0.0,5.992770195007324,0.0,0.0,0.0,0.0,18,0.0,0.0,0.0,0.0,0
354,1774279452.1229331,18,0.0,0.0,0.0,0.0,0.0,5.992770195007324,0.0,0.0,0.0,0.0,18,0.0,0.0,0.0,0.0,0
355,1774279452.223117,17,0.0,0.0,0.0,0.0,0.0,5.992770195007324,0.0,0.0,0.0,0.0,17,0.0,0.0,0.0,0.0,0
356,1774279452.3233109,18,0.0,0.0,0.0,0.0,0.0,5.992770195007324,0.0,0.0,0.0,0.0,18,0.0,0.0,0.0,0.0,0
357,1774279452.4227297,18,0.0,0.0,0.0,0.0,0.0,5.992770195007324,0.0,0.0,0.0,0.0,18,0.0,0.0,0.0,0.0,0
358,1774279452.5228045,18,0.0,0.0,0.0,0.0,0.0,5.992770195007324,0.0,0.0,0.0,0.0,18,0.0,0.0,0.0,0.0,0
359,1774279452.6228335,18,0.0,0.0,0.0,0.0,0.0,5.992770195007324,0.0,0.0,0.0,0.0,18,0.0,0.0,0.0,0.0,0
360,1774279452.7233286,18,0.0,0.0,0.0,0.0,0.0,5.992770195007324,0.0,0.0,0.0,0.0,18,0.0,0.0,0.0,0.0,0
361,1774279452.823515,17,0.0,0.0,0.0,0.0,0.0,5.992770195007324,0.0,0.0,0.0,0.0,17,0.0,0.0,0.0,0.0,0
362,1774279452.9236526,18,0.0,0.0,0.0,0.0,0.0,5.992770195007324,0.0,0.0,0.0,0.0,18,0.0,0.0,0.0,0.0,0
363,1774279453.022793,18,0.0,0.0,0.0,0.0,0.0,5.992770195007324,0.0,0.0,0.0,0.0,18,0.0,0.0,0.0,0.0,0
364,1774279453.1226466,18,0.0,0.0,0.0,0.0,0.0,5.992770195007324,0.0,0.0,0.0,0.0,18,0.0,0.0,0.0,0.0,0
365,1774279453.2230284,18,0.0,0.0,0.0,0.0,0.0,5.992770195007324,0.0,0.0,0.0,0.0,18,0.0,0.0,0.0,0.0,0
366,1774279453.323346,18,0.0,0.0,0.0,0.0,0.0,5.992770195007324,0.0,0.0,0.0,0.0,18,0.0,0.0,0.0,0.0,0
367,1774279453.4225864,18,0.0,0.0,0.0,0.0,0.0,5.992770195007324,0.0,0.0,0.0,0.0,18,0.0,0.0,0.0,0.0,0
368,1774279453.5234427,17,0.0,0.0,0.0,0.0,0.0,5.992770195007324,0.0,0.0,0.0,0.0,17,0.0,0.0,0.0,0.0,0
369,1774279453.6229134,18,0.0,0.0,0.0,0.0,0.0,5.992770195007324,0.0,0.0,0.0,0.0,18,0.0,0.0,0.0,0.0,0
370,1774279453.7230158,18,0.0,0.0,0.0,0.0,0.0,5.992770195007324,0.0,0.0,0.0,0.0,18,0.0,0.0,0.0,0.0,0
371,1774279453.8227997,18,0.0,0.0,0.0,0.0,0.0,5.992770195007324,0.0,0.0,0.0,0.0,18,0.0,0.0,0.0,0.0,0
372,1774279453.9234042,17,0.0,0.0,0.0,0.0,0.0,5.992770195007324,0.0,0.0,0.0,0.0,17,0.0,0.0,0.0,0.0,0
373,1774279454.0229816,17,0.0,0.0,0.0,0.0,0.0,5.992770195007324,0.0,0.0,0.0,0.0,17,0.0,0.0,0.0,0.0,0
374,1774279454.122777,17,0.0,0.0,0.0,0.0,0.0,5.992770195007324,0.0,0.0,0.0,0.0,17,0.0,0.0,0.0,0.0,0
375,1774279454.222625,16,0.0,0.0,0.0,0.0,0.0,6.043910980224609,0.0,0.0,0.0,0.0,16,0.0,0.0,0.0,0.0,0
376,1774279454.3230643,19,0.0,0.0,0.0,0.0,0.0,6.043910980224609,0.0,0.050877042506870473,0.3866655230522156,0.12294992872220822,19,0.0,0.0,0.0,0.0,0
377,1774279454.422776,16,0.0,0.0,0.0,0.0,0.0,6.043910980224609,0.0,0.0,0.0,0.0,16,0.0,0.0,0.0,0.0,0
378,1774279454.5233765,19,0.0,0.0,0.0,0.0,0.0,6.043910980224609,0.0,0.061052451008244565,0.3866655230522156,0.1262734987166934,19,0.0,0.0,0.0,0.0,0
379,1774279454.6227922,17,0.0,0.0,0.0,0.0,0.0,6.043910980224609,0.0,0.0,0.0,0.0,17,0.0,0.0,0.0,0.0,0
380,1774279454.7231634,20,-0.07964372634887695,-0.8901357650756836,0.0,0.05796604924057647,0.8901357650756836,6.043910980224609,0.14727810650887574,0.13533293306827546,0.7733310461044312,0.28083205763115066,20,-0.07964372634887695,-0.04192550851857806,0.0,0.017357947732088114,0
381,1774279454.8234704,19,-0.03698625062641345,-0.7027387619018555,0.0,0.024623689237197634,0.7027387619018555,6.043910980224609,0.11627218934911243,0.15263112752061142,0.9666638076305389,0.3524864902429644,19,-0.03698625062641345,-0.019468315578945072,0.0,0.018749637737396192,0
382,1774279454.9229834,19,0.0,0.0,0.0,0.0,0.0,6.043910980224609,0.0,0.09157867651236684,0.5799982845783234,0.21149189414577863,19,0.0,0.0,0.0,0.018749637737396192,0
383,1774279455.0230932,19,0.0,0.0,0.0,0.0,0.0,6.043910980224609,0.0,0.12210490201648913,0.7733310461044312,0.2819891921943715,19,0.0,0.0,0.0,0.018749637737396192,0
384,1774279455.1230946,21,-0.031232833862304688,-0.6558895111083984,0.0,0.019509798221406527,0.6558895111083984,6.043910980224609,0.1085207100591716,0.09206321977433704,0.5799982845783234,0.1944256631750854,21,-0.031232833862304688,-0.016437761427851718,0.0,0.019485154928515797,0
385,1774279455.2229784,18,0.0,0.0,0.0,0.0,0.0,6.043910980224609,0.0,0.06444425384203593,0.5799982845783234,0.18227587560084332,18,0.0,0.0,0.0,0.019485154928515797,0
386,1774279455.323175,21,0.0,0.0,0.0,0.0,0.0,6.043910980224609,0.0,0.09206321977433704,0.3866655230522156,0.16468769411433634,21,0.0,0.0,0.0,0.019485154928515797,0
387,1774279455.4232292,20,0.0,0.0,0.0,0.0,0.0,6.043910980224609,0.0,0.05799982845783234,0.3866655230522156,0.13806720793312413,20,0.0,0.0,0.0,0.019485154928515797,0
388,1774279455.5228853,19,0.0,0.0,0.0,0.0,0.0,6.043910980224609,0.0,0.23403439553160416,1.3533293306827545,0.4922205961938373,19,0.0,0.0,0.0,0.019485154928515797,0
389,1774279455.6230166,22,-0.061755830591375176,-0.7495880126953125,0.0,0.038586773181651164,0.7495880126953125,6.043910980224609,0.12402366863905326,0.1933327615261078,1.5466620922088623,0.4735666163021473,22,-0.061755830591375176,-0.03250305486507676,0.0,0.022697334274655766,0
390,1774279455.7228854,22,-0.08943947878750888,-0.7027387619018555,0.0,0.050862527677212284,0.7027387619018555,6.043910980224609,0.11627218934911243,0.0966663807630539,0.7733310461044312,0.2455886492523937,22,-0.08943947878750888,-0.0470712870316511,0.0,0.028309018711045224,0
391,1774279455.8233688,21,0.0,0.0,0.0,0.0,0.0,6.043910980224609,0.0,0.06444425384203593,0.5799982845783234,0.1615702949816924,21,0.0,0.0,0.0,0.028309018711045224,0
392,1774279455.9237442,21,-0.02677100045340402,-0.5621910095214844,0.0,0.01433372930552317,0.5621910095214844,6.043910980224609,0.09301775147928994,0.08285689779690333,0.5799982845783234,0.1845861816864304,21,-0.02677100045340402,-0.014084347537762179,0.0,0.028203062282727002,0
393,1774279456.0230007,23,-0.07944003395412279,-0.7027387619018555,0.0,0.042644030129408005,0.7027387619018555,6.043910980224609,0.11627218934911243,0.08405772240265556,0.7733310461044312,0.1960546142880579,23,-0.07944003395412279,-0.04180562142055561,0.018589688608279593,0.031076558566258905,0
394,1774279456.1228437,23,0.00611077184262483,-0.6558895111083984,1.9676685333251953,0.2168713227149402,2.6235580444335938,6.043910980224609,0.4340828402366864,0.05043463344159334,0.5799982845783234,0.13022166359424442,23,0.00611077184262483,0.003215825505543999,0.018954192306481155,0.031303494242820126,0
395,1774279456.223396,23,-0.07740311000658118,-0.6558895111083984,0.0,0.04038694194197873,0.6558895111083984,6.043910980224609,0.1085207100591716,0.07565195016239,0.5799982845783234,0.16853520936587127,23,-0.07740311000658118,-0.04073136734818348,0.03938259957013307,0.03331684587540828,0
396,1774279456.3230145,21,-0.029001917157854353,-0.6090402603149414,0.0,0.016822223976620938,0.6090402603149414,6.043910980224609,0.10076923076923076,0.04603160988716852,0.3866655230522156,0.10168714988122056,21,-0.029001917157854353,-0.015262250999018736,0.022307626329935513,0.032876420370196696,0
397,1774279456.4228644,20,-0.025767087936401367,-0.5153417587280273,0.0,0.012614913593722576,0.5153417587280273,6.043910980224609,0.08526627218934911,0.019333276152610778,0.1933327615261078,0.05799982845783234,20,-0.025767087936401367,-0.013565280913966686,0.06904741483075279,0.032361424816201884,0
398,1774279456.523036,22,0.0,0.0,0.0,0.0,0.0,6.043910980224609,0.0,0.017575705593282528,0.1933327615261078,0.05557926115933376,22,0.0,0.0,0.10011875150459153,0.032361424816201884,0
399,1774279456.6227307,23,-0.03055385921312415,-0.7027387619018555,0.0,0.02053784288193905,0.7027387619018555,6.043910980224609,0.11627218934911243,0.008405772240265556,0.1933327615261078,0.03942656658922785,23,0.04908986713575281,0.025842656608837396,0.12666629203434648,0.031787322942546714,0
400,1774279456.7231486,23,0.0,0.0,0.0,0.0,0.0,6.043910980224609,0.0,0.06724617792212445,0.7733310461044312,0.16727275556487597,23,0.03698625062641345,0.019469744947728344,0.12210490201648913,0.03001953954562362,0
401,1774279456.8234518,23,0.0,0.0,0.0,0.0,0.0,6.043910980224609,0.0,0.0,0.0,0.0,23,0.0,0.0,0.1015816204628702,0.03030734275844568,0
402,1774279456.9231634,21,0.006692750113351005,-0.5153417587280273,0.6558895111083984,0.03308702514691597,1.1712312698364258,6.043910980224609,0.1937869822485207,0.04603160988716852,0.3866655230522156,0.11789844678263292,21,0.006692750113351005,0.003522369935100917,0.09333305728846583,0.03058696731512935,0
403,1774279457.0233407,19,-0.1380820023386102,-1.499176025390625,0.0,0.13249368786592863,1.499176025390625,6.043910980224609,0.24804733727810652,0.030526225504122283,0.1933327615261078,0.07049729804859288,19,-0.10684916847630552,-0.05622912002780882,0.0837775299946467,0.0392229601063349,0
404,1774279457.1233456,20,-0.20613670349121094,-1.499176025390625,0.0,0.2096961887332327,1.499176025390625,6.043910980224609,0.24804733727810652,0.05799982845783234,0.3866655230522156,0.12379336912176457,20,-0.20613670349121094,-0.1084720347652495,0.0720901822639724,0.05507738835277653,0
405,1774279457.2227893,21,-0.12493133544921875,-1.452326774597168,0.0,0.11754653428397432,1.452326774597168,6.043910980224609,0.2402958579881657,0.036825287909734813,0.1933327615261078,0.07591727587280882,21,-0.12493133544921875,-0.06576668390322758,0.12566629499197007,0.05749288542767875,0
406,1774279457.3233848,24,-0.05270540714263916,-0.6558895111083984,0.0,0.03060218545236637,0.6558895111083984,6.043910980224609,0.1085207100591716,0.040277658651272454,0.3866655230522156,0.09633014885470996,24,-0.05270540714263916,-0.02773741723474654,0.16163886619395898,0.05662512121096994,0
407,1774279457.4232059,21,-0.033463750566755025,-0.7027387619018555,0.0,0.022396452039879947,0.7027387619018555,6.043910980224609,0.11627218934911243,0.04603160988716852,0.5799982845783234,0.13213557831465694,21,-0.033463750566755025,-0.01760952957123045,0.17185134357876247,0.055714683673140995,0
408,1774279457.5236127,22,0.0,0.0,0.0,0.0,0.0,6.043910980224609,0.0,0.06151496957648884,0.3866655230522156,0.1352872741826749,22,0.061755830591375176,0.032492873805581114,0.11897400709298941,0.055714683673140995,0
409,1774279457.6227083,21,0.0,0.0,0.0,0.0,0.0,6.043910980224609,0.0,0.08285689779690333,0.5799982845783234,0.17467767792933472,21,0.08943947878750888,0.047077796786491155,0.08156225876882672,0.056578688763520374,0
410,1774279457.7231715,21,0.0,0.0,0.0,0.0,0.0,6.043910980224609,0.0,0.07365057581946963,0.3866655230522156,0.15183455174561764,21,0.0,0.0,0.07733310461044311,0.056427431991873264,0
411,1774279457.8225822,21,0.0,0.0,0.0,0.0,0.0,6.043910980224609,0.0,0.07365057581946963,0.3866655230522156,0.15183455174561764,21,0.02677100045340402,0.01409862233858907,0.07213909012168201,0.056427431991873264,0
412,1774279457.9229724,19,-0.10602725179571855,-0.7495880126953125,0.0,0.06095731068941814,0.7495880126953125,5.992770195007324,0.12508205526048816,0.10175408501374095,0.3866655230522156,0.17026715093509415,19,-0.02658721784159576,-0.013993480803928853,0.07004810200221297,0.05807789846909635,0
413,1774279458.023175,23,0.06925541421641475,-0.7495880126953125,1.9676685333251953,0.3790165550030572,2.717256546020508,6.043910980224609,0.44958579881656807,0.10086926688318668,0.5799982845783234,0.19641467816217195,23,0.06314464237378992,0.03322822906914358,0.05771127209734561,0.06248414153173572,0
414,1774279458.122949,17,0.11850104612462661,-0.6558895111083984,1.9676685333251953,0.2680605770849863,2.6235580444335938,6.043910980224609,0.4340828402366864,0.13647018460666432,0.7733310461044312,0.2948092931665478,17,0.1959041561312078,0.10313172334596446,0.04833319038152695,0.07063938226150814,0
415,1774279458.2232668,18,0.0,0.0,0.0,0.0,0.0,6.043910980224609,0.0,0.25777701536814374,1.5466620922088623,0.5764069294001772,18,0.029001917157854353,0.01526213993448339,0.027618965932301114,0.07013598310058129,0
416,1774279458.3225856,18,-0.08849302927652995,-0.7964372634887695,0.0,0.0626481298442943,0.7964372634887695,6.043910980224609,0.13177514792899409,0.0966663807630539,0.5799982845783234,0.2161525985250665,18,-0.06272594134012859,-0.03301849931208235,0.014871750886623677,0.07138236795751275,0
417,1774279458.423109,19,-0.2071230035079153,-0.8432865142822266,0.0,0.1204432799478729,0.8432865142822266,6.043910980224609,0.1395266272189349,0.08140326801099275,0.7733310461044312,0.20146280987461626,19,-0.2071230035079153,-0.1090079159585819,0.031274417305693906,0.08105757265123407,0
418,1774279458.522906,21,-0.22086075374058314,-0.8432865142822266,0.0,0.12252352362616982,0.8432865142822266,6.043910980224609,0.1395266272189349,0.11047586372920445,0.5799982845783234,0.22775182761842647,21,-0.190306894527459,-0.10015228132905583,0.02521731672079667,0.08950736286380237,0
419,1774279458.6230986,23,-0.13443698053774628,-0.8432865142822266,0.0,0.08632532505083311,0.8432865142822266,5.992770195007324,0.14071731216804917,0.10086926688318668,0.7733310461044312,0.26044332718848884,23,-0.13443698053774628,-0.07075816658033905,0.037512326863274645,0.09118622128777197,0
420,1774279458.7229505,23,-0.01018461973770805,-0.7964372634887695,1.9676685333251953,0.23894431748906464,2.764105796813965,5.992770195007324,0.46124007877305007,0.1344923558442489,0.7733310461044312,0.29311929390189645,23,-0.01018461973770805,-0.005361740827637223,0.02455019193982321,0.09090066864583567,0
421,1774279458.8225632,21,-0.07808208465576172,-0.8432865142822266,0.0,0.05797197185789368,0.8432865142822266,6.043910980224609,0.1395266272189349,0.1933327615261078,1.1599965691566467,0.40023684066514664,21,-0.08477483476911273,-0.04463243424112848,0.04511097768942515,0.0900674684742746,0
422,1774279458.9231534,23,-0.11203081711478856,-0.9369850158691406,0.0,0.0841180255734207,0.9369850158691406,5.992770195007324,0.15635256907561018,0.1765212170455767,1.3533293306827545,0.4557758225798555,23,0.026051185223821646,0.01371250189360865,0.04188876499732335,0.08936591618902845,0
423,1774279459.0232697,22,-0.07666241038929332,-0.8901357650756836,0.0,0.05897078369422868,0.8901357650756836,5.992770195007324,0.14853494062182968,0.13181779194961896,0.9666638076305389,0.33173416828086283,22,0.1294742931019176,0.06814708924509084,0.04461525265987103,0.08788745143826925,0
424,1774279459.123259,21,-0.037925583975655694,-0.7964372634887695,0.0,0.028766998397890247,0.7964372634887695,5.992770195007324,0.13289968371426866,0.14730115163893925,0.7733310461044312,0.30366910349123527,21,0.08700575147356306,0.04578118125878122,0.041009979717659226,0.08162929240143595,0
425,1774279459.2228806,19,-0.15534225263093648,-1.0306835174560547,0.0,0.12893085283062056,1.0306835174560547,5.992770195007324,0.17198782598317122,0.1729819445233596,1.5466620922088623,0.38612960384379247,19,-0.10263684548829732,-0.054033730068275776,0.049054581282743766,0.0831905791232877,0
426,1774279459.3229787,20,-0.09604096412658691,-0.9838342666625977,0.0,0.0830696724207769,0.9838342666625977,5.992770195007324,0.16417019752939072,0.13533293306827546,0.7733310461044312,0.27409649564599475,20,-0.0625772135598319,-0.032939312976586026,0.06343731237575412,0.08363246599363602,0
427,1774279459.4231868,18,0.0,0.0,0.0,0.0,0.0,5.992770195007324,0.0,0.06444425384203593,0.3866655230522156,0.1441017323500443,18,0.0,0.0,0.07249978557229042,0.08444631681226772,0
428,1774279459.5233142,21,0.0,0.0,0.0,0.0,0.0,5.992770195007324,0.0,0.14730115163893925,0.7733310461044312,0.30366910349123527,21,0.0,0.0,0.07671934981194753,0.08444631681226772,0
429,1774279459.6231468,21,-0.0513110842023577,-1.0775327682495117,0.0,0.05265654724042886,1.0775327682495117,5.992770195007324,0.17980545443695173,0.10126954175177075,0.7733310461044312,0.250439033739975,21,-0.0513110842023577,-0.027006184873460293,0.08240412786358693,0.08345617428150037,0
430,1774279459.7234247,20,0.0,0.0,0.0,0.0,0.0,5.992770195007324,0.0,0.20299939960241317,1.1599965691566467,0.4212480864467259,20,0.0,0.0,0.09206321977433704,0.08345617428150037,0
431,1774279459.8231964,24,-0.17958879470825195,-1.1243820190429688,0.0,0.161443580282139,1.1243820190429688,6.043910980224609,0.18603550295857987,0.07249978557229042,0.5799982845783234,0.19181640272978906,24,-0.0735615429125334,-0.03871203819018096,0.11141209986250279,0.08620476511261381,0
432,1774279459.9229758,21,0.0,0.0,0.0,0.0,0.0,6.043910980224609,0.0,0.09206321977433704,0.9666638076305389,0.24322816925229038,21,-0.06925541421641475,-0.03645404035990991,0.15999952678022714,0.0869794316759049,0
433,1774279460.023093,22,0.0,0.0,0.0,0.0,0.0,6.043910980224609,0.0,0.06151496957648884,0.5799982845783234,0.15842526929759843,22,-0.11850104612462661,-0.06236424180293839,0.16415045789952548,0.0829288439939227,0
434,1774279460.1225557,22,0.0,0.0,0.0,0.0,0.0,6.043910980224609,0.0,0.10545423355969516,0.7733310461044312,0.2653873346246903,22,0.0,0.0,0.14412078586491672,0.07315858207122576,0
435,1774279460.2233434,23,0.0,0.0,0.0,0.0,0.0,6.043910980224609,0.0,0.10086926688318668,0.5799982845783234,0.21983947042642232,23,0.08849302927652995,0.046556710044893465,0.0966663807630539,0.07315858207122576,0
436,1774279460.3227038,23,-0.05296002263608186,-1.2180805206298828,0.0,0.06170480794751469,1.2180805206298828,6.043910980224609,0.20153846153846153,0.14289812808451446,0.9666638076305389,0.3285786155968988,23,0.15416298087183344,0.08115571920282108,0.09820076775929285,0.07317774686677744,0
437,1774279460.4234874,23,-0.15276929606562076,-1.2180805206298828,0.0,0.15578057552429977,1.2180805206298828,6.043910980224609,0.20153846153846153,0.18492698928584222,1.1599965691566467,0.39282935632434396,23,0.06809145767496239,0.03582664710542071,0.11542254419469122,0.06894497270422383,0
438,1774279460.5234864,20,0.0,0.0,0.0,0.0,0.0,6.043910980224609,0.0,0.038666552305221556,0.3866655230522156,0.11599965691566468,20,0.13443698053774628,0.07074186809980415,0.14139261663849675,0.06076468994122336,0
439,1774279460.6236465,20,0.0,0.0,0.0,0.0,0.0,6.043910980224609,0.0,0.009666638076305389,0.1933327615261078,0.042135898498397606,20,0.01018461973770805,0.005358363214138993,0.16736268908230226,0.059228359413672,0
440,1774279460.7236586,21,0.0,0.0,0.0,0.0,0.0,6.043910980224609,0.0,0.018412643954867407,0.1933327615261078,0.056751580113533366,21,0.07808208465576172,0.041072155060365406,0.166969203136184,0.05961227716631296,0
441,1774279460.823156,21,0.05577291761125837,0.0,1.1712312698364258,0.06221236677744429,1.1712312698364258,6.043910980224609,0.1937869822485207,0.018412643954867407,0.1933327615261078,0.056751580113533366,21,0.16780373472604693,0.08831762877959069,0.15232278180844855,0.06343436936510566,0
442,1774279460.9236846,21,0.0,0.0,0.0,0.0,0.0,6.043910980224609,0.0,0.027618965932301114,0.1933327615261078,0.06765237375744962,21,0.07666241038929332,0.04033982717491944,0.14967697666537377,0.06201685051587667,0
443,1774279461.0239878,21,0.0,0.0,0.0,0.0,0.0,6.043910980224609,0.0,0.05523793186460223,0.3866655230522156,0.12143972742590917,21,0.037925583975655694,0.019953181074643393,0.15144399652878443,0.061836952178528505,0
444,1774279461.1235046,22,0.0,0.0,0.0,0.0,0.0,5.992770195007324,0.0,0.05272711677984758,0.3866655230522156,0.13269366731234514,22,0.15534225263093648,0.0817322361624888,0.1254967048502805,0.06225252841587922,0
445,1774279461.2237165,22,0.0,0.0,0.0,0.0,0.0,5.992770195007324,0.0,0.0,0.0,0.0,22,0.09604096412658691,0.05052825593507096,0.1179657527955912,0.0556736564369511,0
446,1774279461.3239486,20,0.0,0.0,0.0,0.0,0.0,6.043910980224609,0.0,0.0,0.0,0.0,20,0.0,0.0,0.10633301883935928,0.0533320857471578,0
447,1774279461.423571,24,-0.05270540714263916,-1.2649297714233398,0.0,0.06389077866764126,1.2649297714233398,6.043910980224609,0.20928994082840235,0.016111063460508983,0.1933327615261078,0.05343435247211316,24,-0.05270540714263916,-0.027735938185164715,0.14967697666537377,0.0536273604691593,0
448,1774279461.5230432,25,-0.10494232177734375,-1.405477523803711,0.0,0.12735059808619553,1.405477523803711,6.043910980224609,0.23254437869822486,0.007733310461044311,0.1933327615261078,0.03788532930417179,25,-0.05363123757498605,-0.028228506589522875,0.12194835727031414,0.05631617226185806,0
449,1774279461.6233406,24,-0.05075335502624512,-1.2180805206298828,0.0,0.05924577006766185,1.2180805206298828,6.043910980224609,0.20153846153846153,0.016111063460508983,0.1933327615261078,0.05343435247211316,24,-0.05075335502624512,-0.02671347406926366,0.11897400709298941,0.05630422685535042,0
450,1774279461.7232208,21,-0.06023475102015904,-1.2649297714233398,0.0,0.07256450460921099,1.2649297714233398,6.043910980224609,0.20928994082840235,0.04603160988716852,0.1933327615261078,0.08234384705716817,21,0.11935404368809291,0.06281711056169978,0.07502465372654929,0.05639584522916877,0
451,1774279461.8230712,19,-0.0665752511275442,-1.2649297714233398,0.0,0.07978075312852036,1.2649297714233398,6.043910980224609,0.20928994082840235,0.020350817002748187,0.1933327615261078,0.05933231748191226,19,-0.0665752511275442,-0.035037845429866314,0.08625615514241732,0.04577751020288176,0
452,1774279461.922901,22,0.0,0.0,0.0,0.0,0.0,6.043910980224609,0.0,0.043939263983206314,0.3866655230522156,0.1155861571389514,22,0.0,0.0,0.08945247175088569,0.045777510202881753,0
453,1774279462.0233681,25,-0.050597190856933594,-1.2649297714233398,0.0,0.06144181734271115,1.2649297714233398,6.043910980224609,0.20928994082840235,0.038666552305221556,0.3866655230522156,0.09471332326042946,25,-0.050597190856933594,-0.02661871902275109,0.11656828268485911,0.04576509016123343,0
454,1774279462.1234848,25,0.0,0.0,0.0,0.0,0.0,6.043910980224609,0.0,0.030933241844177246,0.1933327615261078,0.0708769611206588,25,0.0,0.0,0.14289812808451446,0.04576509016123343,0
455,1774279462.2228825,26,-0.09910418437077449,-1.3117790222167969,0.0,0.1179018810156327,1.3117790222167969,6.043910980224609,0.2170414201183432,0.007435875443311838,0.1933327615261078,0.037179377216559194,26,-0.04614416173469263,-0.024284117300003908,0.12595922341852478,0.04791125900971905,0
456,1774279462.3231964,24,-0.0546574592590332,-1.3117790222167969,0.0,0.06871107061101611,1.3117790222167969,6.043910980224609,0.2170414201183432,0.008055531730254492,0.1933327615261078,0.03863297300900034,24,0.09811183680658755,0.051645719168064964,0.08285689779690333,0.04795025527702061,0
457,1774279462.4231167,25,-0.10306835174560547,-1.3117790222167969,0.0,0.12220937605889048,1.3117790222167969,6.043910980224609,0.2170414201183432,0.023199931383132935,0.3866655230522156,0.08329030267492185,25,-0.10306835174560547,-0.05425705796719651,0.02218572673250417,0.04260836323946169,0
458,1774279462.5234122,23,-0.16499083975087042,-1.3117790222167969,0.0,0.18167070473304717,1.3117790222167969,6.043910980224609,0.2170414201183432,0.0,0.0,0.0,23,-0.16499083975087042,-0.08684799244125362,0.015591351735976434,0.05122869797829064,0
459,1774279462.6230607,24,-0.10736286640167236,-1.3117790222167969,0.0,0.12684036199139825,1.3117790222167969,6.043910980224609,0.2170414201183432,0.040277658651272454,0.3866655230522156,0.1113296634698639,24,-0.10736286640167236,-0.0565245579395155,0.02148141794734531,0.05261458549819216,0
460,1774279462.7231817,25,-0.10306835174560547,-1.3117790222167969,0.0,0.12220937605889048,1.3117790222167969,6.043910980224609,0.2170414201183432,0.04639986276626587,0.3866655230522156,0.12565142236099405,25,-0.15884126935686382,-0.08359954141790278,0.03375651391725692,0.05319868127064186,0
461,1774279462.8236263,23,-0.16499083975087042,-1.3117790222167969,0.0,0.18167070473304717,1.3117790222167969,6.043910980224609,0.2170414201183432,0.12608658360398334,0.9666638076305389,0.2940819214320869,23,-0.16499083975087042,-0.0868399494801167,0.04531236598268151,0.053400703331615104,0
462,1774279462.9238613,21,-0.062465667724609375,-1.3117790222167969,0.0,0.07803919288562611,1.3117790222167969,6.043910980224609,0.2170414201183432,0.05523793186460223,0.3866655230522156,0.13530474751489924,21,-0.062465667724609375,-0.0328788563478844,0.035692202127896824,0.051647631049159405,0
463,1774279463.023642,21,0.0,0.0,0.0,0.0,0.0,5.992770195007324,0.0,0.036825287909734813,0.1933327615261078,0.07591727587280882,21,0.0,0.0,0.018124946393072605,0.051647631049159405,0
464,1774279463.1233292,20,0.0,0.0,0.0,0.0,0.0,5.992770195007324,0.0,0.05799982845783234,0.3866655230522156,0.13806720793312413,20,0.0,0.0,0.005858568531094175,0.0516476310491594,0
465,1774279463.223579,23,-0.15888006790824558,-1.2649297714233398,0.0,0.16847669657858932,1.2649297714233398,5.992770195007324,0.21107596825207375,0.07565195016239,0.5799982845783234,0.19533249539136668,23,-0.15888006790824558,-0.0836373620838207,0.008405772240265556,0.053638376217006116,0
466,1774279463.3235781,21,-0.16954966953822545,-1.2649297714233398,0.0,0.1729702875986639,1.2649297714233398,5.992770195007324,0.21107596825207375,0.08285689779690333,0.7733310461044312,0.21154517337427114,21,-0.11684426239558629,-0.06149675333353208,0.01324196996754163,0.055244791997888947,0
467,1774279463.423794,20,0.0,0.0,0.0,0.0,0.0,5.992770195007324,0.0,0.11599965691566468,0.7733310461044312,0.27613441586624826,20,0.10494232177734375,0.05521098168702814,0.02209517274584089,0.057627483644963444,0
468,1774279463.5239675,20,0.0,0.0,0.0,0.0,0.0,5.992770195007324,0.0,0.11599965691566468,0.7733310461044312,0.27613441586624826,20,0.05075335502624512,0.02670348140641137,0.027187419589608908,0.05950599129304086,0
469,1774279463.6230676,20,0.0,0.0,0.0,0.0,0.0,5.992770195007324,0.0,0.0966663807630539,0.9666638076305389,0.2899991422891617,20,0.06023475102015904,0.03170505709554606,0.03741924416634344,0.061360717732596215,0
470,1774279463.7234867,21,0.0,0.0,0.0,0.0,0.0,5.992770195007324,0.0,0.11047586372920445,0.7733310461044312,0.2706094950297985,21,0.0665752511275442,0.035031946388279285,0.035151411186565056,0.06313416127110485,0
471,1774279463.8237817,20,0.0,0.0,0.0,0.0,0.0,5.992770195007324,0.0,0.0966663807630539,0.9666638076305389,0.2899991422891617,20,0.0,0.0,0.03759248140785429,0.06471271442111803,0
472,1774279463.9238393,18,-0.06506840387980144,-1.1712312698364258,0.0,0.0719762521189043,1.1712312698364258,5.860805511474609,0.19984134732731268,0.08592567178938124,0.7733310461044312,0.24303450080112443,18,-0.014471213022867843,-0.007614539458987581,0.025438521253435237,0.06313345245156661,0
473,1774279464.0237098,15,0.0,0.0,0.0,0.0,0.0,5.860805511474609,0.0,0.0,0.0,0.0,15,0.0,0.0,0.015466620922088623,0.06466276297120756,0
474,1774279464.1236062,15,0.0,0.0,0.0,0.0,0.0,5.860805511474609,0.0,0.0,0.0,0.0,15,0.09910418437077449,0.052140237211810186,0.012888850768407185,0.06466276297120756,0
475,1774279464.2237682,15,0.0,0.0,0.0,0.0,0.0,5.860805511474609,0.0,0.12888850768407187,0.9666638076305389,0.32860250787946793,15,0.0546574592590332,0.028758428697161012,0.010740708973672655,0.06547233758593829,0
476,1774279464.3235774,16,0.0,0.0,0.0,0.0,0.0,5.860805511474609,0.0,0.07249978557229042,0.3866655230522156,0.15092033859442225,16,0.10306835174560547,0.05423335018585868,0.02148141794734531,0.06667224353817493,0
477,1774279464.4230428,15,0.0,0.0,0.0,0.0,0.0,5.860805511474609,0.0,0.05155540307362874,0.3866655230522156,0.13144100315178722,15,0.16499083975087042,0.08685417280154581,0.029536949677599802,0.06673878961332137,0
478,1774279464.5234125,16,0.0,0.0,0.0,0.0,0.0,5.860805511474609,0.0,0.0,0.0,0.0,16,0.10736286640167236,0.0564963121591167,0.06981460832887226,0.06202320036643689,0
479,1774279464.6237936,16,0.0,0.0,0.0,0.0,0.0,5.860805511474609,0.0,0.14499957114458084,0.7733310461044312,0.3018406771888445,16,0.10306835174560547,0.054229036958537556,0.07565195016239,0.06072907883130196,0
480,1774279464.7233331,15,0.0,0.0,0.0,0.0,0.0,5.860805511474609,0.0,0.10311080614725748,0.7733310461044312,0.26288200630357444,15,0.16499083975087042,0.0868506846593922,0.07435875443311837,0.05918976543924991,0
481,1774279464.823078,19,0.0,0.0,0.0,0.0,0.0,5.860805511474609,0.0,0.1628065360219855,0.9666638076305389,0.3214527341515336,19,0.062465667724609375,0.032890227484881795,0.04989232555512459,0.05085797552429069,0
482,1774279464.9231951,16,0.0,0.0,0.0,0.0,0.0,5.860805511474609,0.0,0.16916616633534431,1.1599965691566467,0.3859095780025798,16,0.0,0.0,0.05739566357806325,0.050240334513791604,0
483,1774279465.0232055,17,0.0,0.0,0.0,0.0,0.0,5.992770195007324,0.0,0.10235263845499824,0.5799982845783234,0.22110696987491085,17,0.0,0.0,0.07249978557229042,0.050240334513791604,0
484,1774279465.1231327,18,-0.03904104232788086,-0.7027387619018555,0.0,0.025911450762805543,0.7027387619018555,5.992770195007324,0.11726442680670765,0.06444425384203593,0.3866655230522156,0.1441017323500443,18,0.11983902558036472,0.06308798787793841,0.09062473196536303,0.05019639395352641,0
485,1774279465.22325,19,-0.08136975137810958,-0.7964372634887695,0.0,0.05633656900540083,0.7964372634887695,5.992770195007324,0.13289968371426866,0.09157867651236684,0.5799982845783234,0.18145352666180922,19,0.08817991816011587,0.04641850159895392,0.1045898545960911,0.04172766002593544,0
486,1774279465.3232396,20,0.0,0.0,0.0,0.0,0.0,6.043910980224609,0.0,0.05799982845783234,0.3866655230522156,0.13806720793312413,20,0.0,0.0,0.10955523153146109,0.023085720664508445,0
487,1774279465.423111,19,-0.0739725012528269,-1.405477523803711,0.0,0.09849475694879054,1.405477523803711,6.043910980224609,0.23254437869822486,0.08140326801099275,0.5799982845783234,0.19144916848114543,19,-0.0739725012528269,-0.03895045472425903,0.10775924412930599,0.026912179723068627,0
488,1774279465.5236578,18,-0.15876690546671549,-1.452326774597168,0.0,0.2017164102912577,1.452326774597168,6.043910980224609,0.2402958579881657,0.12888850768407187,0.5799982845783234,0.2411283184231887,18,-0.15876690546671549,-0.08353558122345098,0.10142046506287622,0.04142019904139106,0
489,1774279465.6232457,20,-0.07495880126953125,-1.499176025390625,0.0,0.10675761586753651,1.499176025390625,6.043910980224609,0.24804733727810652,0.038666552305221556,0.1933327615261078,0.07733310461044311,20,-0.07495880126953125,-0.03945700435244392,0.098304793996326,0.04272915985671347,0
490,1774279465.723167,18,0.0,0.0,0.0,0.0,0.0,6.043910980224609,0.0,0.0966663807630539,0.7733310461044312,0.2432717234059661,18,0.0,0.0,0.06566018315981019,0.04272915985671347,0
491,1774279465.8237398,18,-0.044246514638264976,-1.405477523803711,0.7027387619018555,0.28227561878048213,2.1082162857055664,6.043910980224609,0.3488165680473373,0.06444425384203593,0.3866655230522156,0.1441017323500443,18,0.02082188924153646,0.010959463371130934,0.03222212692101797,0.04254018703911689,0
492,1774279465.9237614,16,-0.16982853412628174,-1.546025276184082,0.0,0.1634822017759774,1.546025276184082,6.043910980224609,0.2557988165680473,0.14499957114458084,0.5799982845783234,0.25114662429811213,16,-0.16982853412628174,-0.08938101190630053,0.04296283589469062,0.05226011378389093,0
493,1774279466.0238762,17,0.005511676563936121,-0.5621910095214844,0.6558895111083984,0.04386666741961925,1.2180805206298828,6.043910980224609,0.20153846153846153,0.1819602461422191,0.7733310461044312,0.32803349878090976,17,0.005511676563936121,0.0029004702525778202,0.06724617792212445,0.052442921629991146,0
494,1774279466.123763,20,-0.0023424625396728516,-0.7027387619018555,0.6558895111083984,0.04619615378231856,1.358628273010254,6.043910980224609,0.22479289940828404,0.24166595190763474,1.1599965691566467,0.4230189742815335,20,-0.0023424625396728516,-0.0012328783625267217,0.08405772240265556,0.0523742662179675,0
495,1774279466.2233646,17,-0.04684925079345703,-1.405477523803711,0.6090402603149414,0.13582262467667428,2.0145177841186523,6.043910980224609,0.33331360946745564,0.13647018460666432,0.7733310461044312,0.2948092931665478,17,-0.04684925079345703,-0.024660262528260472,0.041134630111937825,0.05193873712800182,0
496,1774279466.3235593,17,-0.09645433986888212,-1.405477523803711,0.4684925079345703,0.14885503487266916,1.8739700317382812,6.043910980224609,0.31005917159763313,0.12509766922277563,0.7733310461044312,0.2729403692133286,17,-0.09645433986888212,-0.0507516453347656,0.06581540817910052,0.05299785807334833,0
497,1774279466.4231653,20,0.03279447555541992,0.0,0.6558895111083984,0.02043407491214566,0.6558895111083984,5.992770195007324,0.10944679835292713,0.0966663807630539,0.5799982845783234,0.20732628917049448,20,0.03279447555541992,0.01726249573143849,0.08226926022387565,0.054663852410099904,0
498,1774279466.5237522,17,0.03858173594755285,0.0,0.6558895111083984,0.023816805579627065,0.6558895111083984,6.043910980224609,0.1085207100591716,0.1819602461422191,0.7733310461044312,0.32803349878090976,17,0.03858173594755285,0.02030661917245426,0.1391995882987976,0.05659887435101121,0
499,1774279466.62367,19,-0.032054750542891655,-0.6090402603149414,0.0,0.018495126582606235,0.6090402603149414,5.992770195007324,0.10162916989914662,0.30526225504122284,1.1599965691566467,0.5108014528052824,19,-0.032054750542891655,-0.016867929670591884,0.14693289875984192,0.05602047647943108,0
500,1774279466.724118,20,0.0,0.0,0.0,0.0,0.0,6.043910980224609,0.0,0.14499957114458084,0.7733310461044312,0.2924058154413547,20,0.0,0.0,0.14499957114458084,0.05602047647943108,0
501,1774279466.8231597,20,0.0,0.0,0.0,0.0,0.0,5.992770195007324,0.0,0.06766646653413773,0.5799982845783234,0.1531483490484555,20,0.0,0.0,0.1099343153775907,0.056020476479431085,0
502,1774279466.9234865,22,0.025554136796431107,-0.5153417587280273,1.546025276184082,0.13004046395076138,2.0613670349121094,6.043910980224609,0.34106508875739644,0.017575705593282528,0.1933327615261078,0.05557926115933376,22,0.025554136796431107,0.013447557195916742,0.08592567178938124,0.05713357310850222,0
503,1774279467.023517,20,-0.025767087936401367,-0.5153417587280273,0.0,0.012614913593722576,0.5153417587280273,5.992770195007324,0.08599391299158561,0.038666552305221556,0.1933327615261078,0.07733310461044311,20,0.013273954391479492,0.0069848794140705515,0.07122785950961866,0.05659814835985363,0
504,1774279467.1238625,24,-0.04684925079345703,-0.9369850158691406,0.7495880126953125,0.07627111742181114,1.6865730285644531,6.043910980224609,0.2790532544378698,0.0,0.0,0.0,24,0.034520500584652544,0.018162828509762103,0.0766664399155255,0.05663669087543431,0
505,1774279467.2236054,23,-0.08555080579674762,-0.5153417587280273,0.0,0.0348603951301115,0.5153417587280273,5.992770195007324,0.08599391299158561,0.0,0.0,0.0,23,-0.08555080579674762,-0.0450180720312717,0.08818687367857549,0.056805510372416074,0
506,1774279467.3237922,22,-0.023424625396728516,-0.5621910095214844,0.5621910095214844,0.04025558650058966,1.1243820190429688,5.992770195007324,0.18762308289073223,0.0,0.0,0.0,22,0.05054787585609838,0.026594609518741055,0.08140326801099275,0.05625369845846625,0
507,1774279467.423404,23,-0.08758772974428923,-0.5621910095214844,0.0,0.03689343412246507,0.5621910095214844,6.174445152282715,0.09105125977410947,0.016811544480531113,0.3866655230522156,0.0788531331784557,23,0.07117917572242626,0.037467729366949906,0.08630926853844098,0.056753796542953525,0
508,1774279467.523295,24,-0.12297928333282471,-0.5621910095214844,0.0,0.04587469937256117,0.5621910095214844,5.992770195007324,0.09381154144536612,0.024166595190763474,0.1933327615261078,0.06393880090992969,24,-0.04802048206329346,-0.02527328335540112,0.06559504408921514,0.05343596154393009,0
509,1774279467.6236644,24,-0.06441771984100342,-0.5621910095214844,0.4216432571411133,0.044045655789304305,0.9838342666625977,5.992770195007324,0.16417019752939072,0.024166595190763474,0.1933327615261078,0.06393880090992969,24,-0.06441771984100342,-0.03389518901895609,0.10038431848470981,0.05311811665398423,0
510,1774279467.7230947,23,-0.028516935265582542,-0.5621910095214844,0.4684925079345703,0.05129066943566273,1.0306835174560547,5.992770195007324,0.17198782598317122,0.0,0.0,0.0,23,0.015729579372682434,0.008281537634370575,0.12888850768407187,0.05247672507577792,0
511,1774279467.8232665,24,-0.11321902275085449,-0.5621910095214844,0.37479400634765625,0.05979448314263891,0.9369850158691406,6.174445152282715,0.1517520996235158,0.040277658651272454,0.3866655230522156,0.11132966346986391,24,0.056609511375427246,0.02980224176871339,0.1933327615261078,0.054935256037382724,0
512,1774279467.9237697,23,-0.07740311000658118,-0.6090402603149414,0.37479400634765625,0.05107491835892317,0.9838342666625977,5.992770195007324,0.16417019752939072,0.008405772240265556,0.1933327615261078,0.03942656658922785,23,-0.0829147865705173,-0.04364180707968019,0.18975252520155023,0.047368340050122,0
513,1774279468.023262,22,-0.0553672963922674,-1.2180805206298828,0.0,0.06437628770557294,1.2180805206298828,5.992770195007324,0.20325833979829325,0.07030282237313011,0.3866655230522156,0.14913480730978085,22,-0.05302483385259455,-0.02791516896880019,0.17185134357876247,0.04645061061655398,0
514,1774279468.123905,23,-0.01018461973770805,-0.5621910095214844,0.8432865142822266,0.05610357807062222,1.405477523803711,5.992770195007324,0.2345288536134153,0.07565195016239,0.5799982845783234,0.19533249539136668,23,0.03666463105574898,0.019291687766438824,0.11814779871039921,0.046158249951743474,0
515,1774279468.2233407,24,0.03513693809509277,0.0,0.4216432571411133,0.0135806486056822,0.4216432571411133,6.043910980224609,0.06976331360946746,0.07249978557229042,0.5799982845783234,0.19181640272978906,24,0.1315912779639749,0.06926653425752644,0.1324687440086294,0.04900801820984942,0
516,1774279468.3234391,22,0.01916560259732333,0.0,0.4216432571411133,0.0077137267812890644,0.4216432571411133,5.992770195007324,0.07035865608402458,0.07909067516977136,0.5799982845783234,0.19904050096851772,22,-0.013628872958096592,-0.00717205749973544,0.1933327615261078,0.04845646997258311,0
517,1774279468.4235017,24,-0.0273287296295166,-0.6558895111083984,0.0,0.017177767652754028,0.6558895111083984,5.992770195007324,0.10944679835292713,0.06444425384203593,0.5799982845783234,0.15453189203600137,24,-0.06591046557706945,-0.03469429257487546,0.210594615233796,0.046212028161293196,0
518,1774279468.5231714,24,-0.0273287296295166,-0.6558895111083984,0.0,0.017177767652754028,0.6558895111083984,5.992770195007324,0.10944679835292713,0.05638872211178144,0.3866655230522156,0.1306387712481521,24,0.004726020913375054,0.0024880324400982545,0.1703949762602984,0.04315995590389358,0
519,1774279468.6232343,26,-0.025226519658015326,-0.6558895111083984,0.0,0.015909432351405843,0.6558895111083984,5.992770195007324,0.10944679835292713,0.05948700354649471,0.3866655230522156,0.1395093894695755,26,-0.025226519658015326,-0.013283293895325501,0.07483848833268689,0.043227890630917545,0
520,1774279468.7229028,23,0.0,0.0,0.0,0.0,0.0,5.992770195007324,0.0,0.058840405681858894,0.5799982845783234,0.16557451101732112,23,0.0,0.0,0.04053751451353873,0.043227890630917545,0
521,1774279468.82251,24,0.0,0.0,0.0,0.0,0.0,5.992770195007324,0.0,0.08861084903279941,0.7733310461044312,0.20866781703880183,24,-0.025554136796431107,-0.013456461362459066,0.017575705593282528,0.043227890630917545,0
522,1774279468.9230807,26,0.0,0.0,0.0,0.0,0.0,5.992770195007324,0.0,0.0966663807630539,0.7733310461044312,0.22906841594688948,26,0.025767087936401367,0.013564739484204781,0.011542254419469121,0.04170913036866553,0
523,1774279469.0231423,25,-0.026235580444335938,-0.6558895111083984,0.0,0.016519336350029334,0.6558895111083984,5.992770195007324,0.10944679835292713,0.09279972553253174,0.7733310461044312,0.2513028447219881,25,0.020613670349121094,0.010853414011298045,0.0,0.041702192215071834,0
524,1774279469.123205,23,-0.032590783160665764,-0.7495880126953125,0.0,0.023367501234561775,0.7495880126953125,5.992770195007324,0.12508205526048816,0.10927503912345223,0.7733310461044312,0.24070468566955566,23,0.052960022636081856,0.027879572079291225,0.0056862576919443466,0.041672938113052005,0
525,1774279469.2228136,24,-0.08979439735412598,-0.7495880126953125,0.0,0.05650220469277656,0.7495880126953125,5.992770195007324,0.12508205526048816,0.04833319038152695,0.3866655230522156,0.11505600661093679,24,-0.06636977195739746,-0.03494945997356207,0.014009620400442593,0.04192630497638385,0
526,1774279469.3231936,20,0.0,0.0,0.0,0.0,0.0,5.992770195007324,0.0,0.06766646653413773,0.3866655230522156,0.14041602881557533,20,0.08758772974428923,0.04610391121530908,0.021783973129702285,0.04263455469788971,0
527,1774279469.422561,20,-0.14289021492004395,-0.7495880126953125,0.0,0.08197224627082278,0.7495880126953125,5.992770195007324,0.12508205526048816,0.0,0.0,0.0,20,-0.01991093158721924,-0.010483487589094738,0.016337979847276713,0.047375448653339466,0
528,1774279469.5227425,22,0.09795752438631924,-0.7495880126953125,2.2487640380859375,0.49581894847679053,2.99835205078125,5.992770195007324,0.5003282210419526,0.043939263983206314,0.1933327615261078,0.08101999954277977,22,0.16237524422732266,0.08550214001231544,0.021783973129702285,0.05213237063828406,0
529,1774279469.6224928,18,0.03904104232788086,0.0,0.7027387619018555,0.025911450762805543,0.7027387619018555,5.992770195007324,0.11726442680670765,0.02148141794734531,0.1933327615261078,0.06075862520028111,18,0.06755797759346341,0.03556809812755419,0.016571379559380667,0.05342004952823648,0
530,1774279469.7231832,23,0.09777234948199728,-0.7495880126953125,2.2487640380859375,0.46815494216984055,2.99835205078125,5.992770195007324,0.5003282210419526,0.04202886120132778,0.1933327615261078,0.07974415731556585,23,0.21099137223285178,0.1110529624333389,0.03922693712123926,0.0595367683788238,0
531,1774279469.8227189,19,-0.03945200066817434,-0.7495880126953125,0.0,0.028016286420989325,0.7495880126953125,5.992770195007324,0.12508205526048816,0.020350817002748187,0.1933327615261078,0.05933231748191226,19,0.037951109338406834,0.019985321572690378,0.05117631922749912,0.05561265647050219,0
532,1774279469.9231424,22,0.05323778499256481,-0.7495880126953125,2.1082162857055664,0.4711540690156317,2.857804298400879,5.992770195007324,0.4768753356806111,0.017575705593282528,0.1933327615261078,0.05557926115933376,22,0.10860508138483221,0.05716416720578516,0.07285002608230148,0.055364002959530874,0
533,1774279470.023093,21,-0.10485308510916573,-0.7495880126953125,0.0,0.06603469459225048,0.7495880126953125,5.860805511474609,0.1278984622894801,0.0,0.0,0.0,21,-0.09466846537145768,-0.049846809949037764,0.07565195016239,0.058500471385100526,0
534,1774279470.1228666,24,-0.03318488597869873,-0.7964372634887695,0.0,0.02532844312064242,0.7964372634887695,5.992770195007324,0.13289968371426866,0.0,0.0,0.0,24,-0.0683218240737915,-0.03596783005900826,0.07180931142398289,0.05873454641928074,0
535,1774279470.22312,25,0.0899505615234375,0.0,2.2487640380859375,0.19418648444116116,2.2487640380859375,5.992770195007324,0.37524616578146447,0.0,0.0,0.0,25,0.07078495892611417,0.037261500434890356,0.06628551823752267,0.06198125382394487,0
536,1774279470.3233552,23,0.0,0.0,0.0,0.0,0.0,5.992770195007324,0.0,0.0,0.0,0.0,23,0.0273287296295166,0.014384651285307025,0.06008991236622269,0.06170776809701872,0
537,1774279470.4228032,21,-0.10039125170026507,-0.7495880126953125,0.0,0.06067945406004805,0.7495880126953125,5.992770195007324,0.12508205526048816,0.0,0.0,0.0,21,-0.07306252207074847,-0.03846141364335287,0.05826466785718317,0.06479690741457013,0
538,1774279470.5226853,23,-0.034627707108207374,-0.7964372634887695,0.0,0.026379718190579483,0.7964372634887695,5.992770195007324,0.13289968371426866,0.0,0.0,0.0,23,-0.009401187450192049,-0.00494942347245191,0.06885824383121647,0.06490156110034695,0
539,1774279470.622736,19,-0.15287650258917557,-0.7964372634887695,0.0,0.08821968662512043,0.7964372634887695,5.992770195007324,0.13289968371426866,0.0,0.0,0.0,19,-0.15287650258917557,-0.08046838132900529,0.0821002137987581,0.0717484126292067,0
540,1774279470.7225878,20,-0.1452326774597168,-0.7964372634887695,0.0,0.08491883548344958,0.7964372634887695,5.992770195007324,0.13289968371426866,0.0,0.0,0.0,20,-0.1452326774597168,-0.07643512068003229,0.09279972553253174,0.07664567591629713,0
541,1774279470.8226893,22,-0.23424625396728516,-0.7964372634887695,0.0,0.11832249216778026,0.7964372634887695,5.992770195007324,0.13289968371426866,0.0,0.0,0.0,22,-0.23424625396728516,-0.12331290376347218,0.09927898564854183,0.08869623810788625,0
542,1774279470.9232688,23,-0.09777234948199728,-0.7964372634887695,0.0,0.06392040554326323,0.7964372634887695,5.992770195007324,0.13289968371426866,0.0,0.0,0.0,23,-0.07153676903766135,-0.03764842532772081,0.08324049454596308,0.08916465152072721,0
543,1774279471.0232797,23,-0.18943392712136972,-0.7964372634887695,0.0,0.10219962542786319,0.7964372634887695,5.992770195007324,0.13289968371426866,0.008405772240265556,0.1933327615261078,0.03942656658922785,23,-0.15684314396070395,-0.08254577689929714,0.07502465372654929,0.09457776432252264,0
544,1774279471.1228747,21,-0.18070425306047713,-0.7964372634887695,0.0,0.10478553361058499,0.7964372634887695,5.992770195007324,0.13289968371426866,0.0,0.0,0.0,21,-0.09090985570635116,-0.047845753089688865,0.039270717184990644,0.09856357511485532,0
545,1774279471.2232316,22,-0.1384182409806685,-0.7964372634887695,0.0,0.0864925990003094,0.7964372634887695,5.992770195007324,0.13289968371426866,0.017575705593282528,0.1933327615261078,0.05557926115933376,22,-0.1384182409806685,-0.07285024862396731,0.03741924416634344,0.09989922261736965,0
546,1774279471.3235693,23,-0.09166157763937245,-0.7964372634887695,0.7964372634887695,0.11136074807095842,1.592874526977539,5.992770195007324,0.2657993674285373,0.033623088961062225,0.3866655230522156,0.10895126051807201,23,0.051228637280671493,0.026948138764378838,0.022555488844712576,0.09910390025617859,0
547,1774279471.4226165,22,-0.03407218239524148,-0.7495880126953125,0.0,0.024379185876666674,0.7495880126953125,6.043910980224609,0.12402366863905326,0.017575705593282528,0.3866655230522156,0.0805420012734759,22,-0.13202970678156073,-0.06949392892982578,0.036825287909734813,0.09767649643251282,0
548,1774279471.522774,21,-0.035694667271205356,-0.7495880126953125,0.0,0.02548218543204119,0.7495880126953125,6.043910980224609,0.12402366863905326,0.05523793186460223,0.5799982845783234,0.1478754273125259,21,-0.07473570959908621,-0.039328763531456076,0.02899991422891617,0.09098757640357674,0
549,1774279471.6227903,21,-0.10708400181361608,-0.7964372634887695,0.0,0.06901093421888341,0.7964372634887695,6.043910980224609,0.13177514792899409,0.06444425384203593,0.7733310461044312,0.2008582321729362,21,-0.20485635129561336,-0.10784142810439325,0.027187419589608908,0.08802755879963294,0
550,1774279471.7230551,19,0.0,0.0,0.0,0.0,0.0,6.043910980224609,0.0,0.12210490201648913,0.7733310461044312,0.2819891921943715,19,0.03945200066817434,0.020760536639270067,0.012473081388781148,0.08077177174570199,0
551,1774279471.823589,19,0.0,0.0,0.0,0.0,0.0,6.043910980224609,0.0,0.2035081700274819,1.5466620922088623,0.4917997148888329,19,-0.05323778499256481,-0.028013301451145473,0.0057711272097345605,0.08217876084407524,0
552,1774279471.9224334,22,0.0,0.0,0.0,0.0,0.0,6.043910980224609,0.0,0.24605987830595535,2.1266603767871857,0.6174052939873048,22,0.10485308510916573,0.05520499937622027,0.0,0.07871086490562157,0
553,1774279472.0227103,21,0.0,0.0,0.0,0.0,0.0,6.043910980224609,0.0,0.25777701536814374,1.73999485373497,0.5446533532740121,21,0.03318488597869873,0.01746716643312273,0.0,0.08032401407968728,0
554,1774279472.1226301,22,-0.06388534199107777,-1.405477523803711,0.0,0.08570807534765627,1.405477523803711,6.043910980224609,0.23254437869822486,0.05272711677984758,0.5799982845783234,0.16673778347800128,22,-0.15383590351451526,-0.08098714497749632,0.0,0.07981588818578843,0
555,1774279472.2232034,19,0.0,0.0,0.0,0.0,0.0,6.043910980224609,0.0,0.0,0.0,0.0,19,0.0,0.0,0.0,0.07255274071404437,0
556,1774279472.3232841,19,0.0,0.0,0.0,0.0,0.0,6.043910980224609,0.0,0.0,0.0,0.0,19,0.10039125170026507,0.052824128448924985,0.0,0.07255274071404437,1
557,1774279472.423086,18,0.0,0.0,0.0,0.0,0.0,5.992770195007324,0.0,0.0,0.0,0.0,18,0.034627707108207374,0.018221266824071214,0.0,0.07443773519911985,1
558,1774279472.5228324,17,0.0,0.0,0.0,0.0,0.0,5.992770195007324,0.0,0.0,0.0,0.0,17,0.15287650258917557,0.08045723430862364,0.0,0.07575434766922928,1
559,1774279472.6228142,17,0.0,0.0,0.0,0.0,0.0,5.992770195007324,0.0,0.0,0.0,0.0,17,0.1452326774597168,0.0764291459847503,0.0,0.07507463761734177,1
560,1774279472.7232773,20,-0.14757513999938965,-1.0306835174560547,0.0,0.12363054292308107,1.0306835174560547,5.992770195007324,0.17198782598317122,0.009666638076305389,0.1933327615261078,0.042135898498397606,20,0.08667111396789551,0.045602262218433234,0.0028431288459721733,0.07520001880340042,1
561,1774279472.8231328,18,-0.0546574592590332,-0.9838342666625977,0.0,0.050786443495098865,0.9838342666625977,5.992770195007324,0.16417019752939072,0.0,0.0,0.0,18,0.04311489022296408,0.022693672372315406,0.0028855636048672802,0.06454453554307192,1
562,1774279472.9230964,15,-0.06871223449707031,-1.0306835174560547,0.0,0.06609919637412531,1.0306835174560547,5.992770195007324,0.17198782598317122,0.0,0.0,0.0,15,0.12072169262429941,0.06354386154888253,0.008787852796641264,0.06393563016218601,1
563,1774279473.0227034,18,-0.11191765467325847,-1.0306835174560547,0.0,0.10026545953994376,1.0306835174560547,5.992770195007324,0.17198782598317122,0.0,0.0,0.0,18,0.06878659838721866,0.03620673768440106,0.017575705593282528,0.05775562004107655,1
564,1774279473.1229172,16,-0.061489641666412354,-0.9838342666625977,0.0,0.05671464048395691,0.9838342666625977,5.992770195007324,0.16417019752939072,0.0,0.0,0.0,16,0.07692859931425614,0.040495436957177805,0.023084508838938242,0.049730237032560055,1
565,1774279473.2233343,15,-0.06558895111083984,-0.9838342666625977,0.0,0.06022674710948195,0.9838342666625977,5.992770195007324,0.16417019752939072,0.0,0.0,0.0,15,0.026072626528532608,0.01372413236768522,0.035151411186565056,0.04527920598656456,1
566,1774279473.323214,17,-0.05787260392132927,-0.9838342666625977,0.0,0.053587812554160896,0.9838342666625977,5.992770195007324,0.16417019752939072,0.0,0.0,0.0,17,-0.023800421526087794,-0.012522599140728124,0.04531236598268151,0.044011711601451176,1
567,1774279473.4225729,16,-0.061489641666412354,-0.9838342666625977,0.0,0.05671464048395691,0.9838342666625977,5.992770195007324,0.16417019752939072,0.0,0.0,0.0,16,-0.025794974395206997,-0.013577739623579319,0.07923473833037205,0.0442189175527357,1
568,1774279473.5227497,16,-0.061489641666412354,-0.9838342666625977,0.0,0.05671464048395691,0.9838342666625977,5.992770195007324,0.16417019752939072,0.0,0.0,0.0,16,0.04559436014720372,0.023997545383365477,0.1277962321952238,0.04439790282694348,1
569,1774279473.622651,16,-0.061489641666412354,-0.9838342666625977,0.0,0.05671464048395691,0.9838342666625977,5.992770195007324,0.16417019752939072,0.0,0.0,0.0,16,-0.061489641666412354,-0.0323698525619697,0.1933327615261078,0.04216792379004865,1
570,1774279473.7226102,16,-0.061489641666412354,-0.9838342666625977,0.0,0.05671464048395691,0.9838342666625977,5.992770195007324,0.16417019752939072,0.0,0.0,0.0,16,-0.061489641666412354,-0.032379650805416445,0.2369885463868418,0.04131344555612933,1
571,1774279473.8232436,17,-0.11850104612462661,-1.0306835174560547,0.0,0.10538328897414069,1.0306835174560547,5.992770195007324,0.17198782598317122,0.0,0.0,0.0,17,-0.11850104612462661,-0.0623423861703803,0.18440971099413359,0.04305580937000326,1
572,1774279473.9232564,17,-0.17361781176398783,-1.0306835174560547,0.0,0.14092622587230863,1.0306835174560547,5.992770195007324,0.17198782598317122,0.0,0.0,0.0,17,-0.17361781176398783,-0.0913515405635375,0.10602119180463976,0.049202110432722955,1
573,1774279474.0231538,16,-0.12590736150741577,-1.0306835174560547,0.0,0.11103723490668571,1.0306835174560547,5.992770195007324,0.17198782598317122,0.0,0.0,0.0,16,-0.062022019516338,-0.032634173800583754,0.019333276152610778,0.04937035409027723,1
574,1774279474.1224802,17,-0.11850104612462661,-1.0306835174560547,0.0,0.10538328897414069,1.0306835174560547,5.992770195007324,0.17198782598317122,0.0,0.0,0.0,17,-0.11850104612462661,-0.06239272247209012,0.0,0.050736666295330045,1
575,1774279474.2226512,16,-0.12590736150741577,-1.0306835174560547,0.0,0.11103723490668571,1.0306835174560547,5.992770195007324,0.17198782598317122,0.0,0.0,0.0,16,-0.12590736150741577,-0.06628911383297331,0.0,0.049770951209503214,1
576,1774279474.3229184,17,-0.11850104612462661,-1.0306835174560547,0.0,0.10538328897414069,1.0306835174560547,5.992770195007324,0.17198782598317122,0.0,0.0,0.0,17,-0.11850104612462661,-0.062374470869859776,0.0,0.04763933184791105,1
577,1774279474.422744,16,-0.061489641666412354,-0.9838342666625977,0.0,0.05671464048395691,0.9838342666625977,5.992770195007324,0.16417019752939072,0.0,0.0,0.0,16,-0.061489641666412354,-0.03236447438117149,0.0035802363245575515,0.044258470444768334,1
578,1774279474.5226355,18,-0.11191765467325847,-1.0306835174560547,0.0,0.10026545953994376,1.0306835174560547,5.992770195007324,0.17198782598317122,0.0,0.0,0.0,18,-0.11191765467325847,-0.05890956995114553,0.003515141118656505,0.040335934813336666,1
579,1774279474.6228337,18,-0.11191765467325847,-1.0306835174560547,0.0,0.10026545953994376,1.0306835174560547,5.992770195007324,0.17198782598317122,0.0,0.0,0.0,18,0.03565748532613118,0.018771480202599358,0.0036477879533227883,0.035107481557116064,1
580,1774279474.7227004,18,-0.16657511393229166,-1.0306835174560547,0.0,0.13881763373370226,1.0306835174560547,5.992770195007324,0.17198782598317122,0.0,0.0,0.0,18,-0.11191765467325845,-0.05891743701764682,0.0,0.03676237502344455,1
581,1774279474.8224385,17,-0.11850104612462661,-1.0306835174560547,0.0,0.10538328897414069,1.0306835174560547,5.992770195007324,0.17198782598317122,0.0,0.0,0.0,17,-0.0497888116275563,-0.026213715093120385,0.0,0.035886346551861445,0
582,1774279474.923008,18,-0.11191765467325847,-1.0306835174560547,0.0,0.10026545953994376,1.0306835174560547,5.992770195007324,0.17198782598317122,0.0,0.0,0.0,18,0.0,0.0,0.0,0.03534597720940481,0
583,1774279475.0232608,19,-0.10602725179571855,-1.0306835174560547,0.0,0.09561287331954817,1.0306835174560547,5.992770195007324,0.17198782598317122,0.0,0.0,0.0,19,-0.044537610129306196,-0.023436608413448128,0.0,0.035272444617227984,0
584,1774279475.1227062,19,-0.10602725179571855,-1.0306835174560547,0.0,0.09561287331954817,1.0306835174560547,5.992770195007324,0.17198782598317122,0.0,0.0,0.0,19,-0.040438300684878706,-0.021290354714182738,0.0,0.03415856731796958,0
585,1774279475.222897,18,-0.05726019541422526,-1.0306835174560547,0.0,0.05573840964087948,1.0306835174560547,5.992770195007324,0.17198782598317122,0.0,0.0,0.0,18,0.0006124085071040133,0.0003223740526903113,0.0,0.03465004355765234,0
586,1774279475.3227339,18,-0.0546574592590332,-0.9838342666625977,0.0,0.050786443495098865,0.9838342666625977,5.992770195007324,0.16417019752939072,0.0,0.0,0.0,18,0.00683218240737915,0.0035955807465959536,0.0,0.03486038241285901,0
587,1774279475.423061,18,-0.0546574592590332,-0.9838342666625977,0.0,0.050786443495098865,0.9838342666625977,5.992770195007324,0.16417019752939072,0.0,0.0,0.0,18,0.00683218240737915,0.003595296546018604,0.0,0.03528325545829483,0
588,1774279475.5224564,16,0.0,0.0,0.0,0.0,0.0,5.992770195007324,0.0,0.0,0.0,0.0,16,0.061489641666412354,0.03236628586480959,0.0,0.0408583586017228,0
589,1774279475.6232316,17,-0.05787260392132927,-0.9838342666625977,0.0,0.053587812554160896,0.9838342666625977,5.992770195007324,0.16417019752939072,0.0,0.0,0.0,17,0.003617037745083082,0.0019030816542887955,0.0,0.041028292642510567,0
590,1774279475.7231762,18,-0.0546574592590332,-0.9838342666625977,0.0,0.050786443495098865,0.9838342666625977,5.992770195007324,0.16417019752939072,0.0,0.0,0.0,18,0.06384358686559341,0.03360307944385086,0.0,0.04135849554557538,0
591,1774279475.8234034,18,-0.0546574592590332,-0.9838342666625977,0.0,0.050786443495098865,0.9838342666625977,5.992770195007324,0.16417019752939072,0.0,0.0,0.0,18,0.11896035250495463,0.06260586940552557,0.0,0.0420887892308024,0
592,1774279475.9230402,18,-0.0546574592590332,-0.9838342666625977,0.0,0.050786443495098865,0.9838342666625977,5.992770195007324,0.16417019752939072,0.0,0.0,0.0,18,0.07124990224838257,0.0375021913860239,0.0,0.03876617874951414,0
593,1774279476.022938,18,-0.0546574592590332,-0.9838342666625977,0.0,0.050786443495098865,0.9838342666625977,5.992770195007324,0.16417019752939072,0.0,0.0,0.0,18,0.06384358686559341,0.03359379244424117,0.0,0.038444755335102124,0
594,1774279476.1229548,18,-0.0546574592590332,-0.9838342666625977,0.0,0.050786443495098865,0.9838342666625977,5.992770195007324,0.16417019752939072,0.0,0.0,0.0,18,0.07124990224838257,0.03749395736828443,0.0,0.03818169319671029,0
595,1774279476.2228787,18,-0.0546574592590332,-0.9838342666625977,0.0,0.050786443495098865,0.9838342666625977,5.992770195007324,0.16417019752939072,0.0,0.0,0.0,18,0.06384358686559341,0.03360259030445634,0.0,0.03721420835965044,0
596,1774279476.3229587,17,0.0,0.0,0.0,0.0,0.0,5.992770195007324,0.0,0.0,0.0,0.0,17,0.061489641666412354,0.032359313171088165,0.0,0.03968746555395951,0
597,1774279476.4229145,17,0.0,0.0,0.0,0.0,0.0,5.992770195007324,0.0,0.0,0.0,0.0,17,0.11191765467325847,0.05889537905580367,0.0,0.04267785392783026,0
598,1774279476.5229452,17,0.0,0.0,0.0,0.0,0.0,5.992770195007324,0.0,0.0,0.0,0.0,17,0.11191765467325847,0.058900574199561795,0.0,0.044033981224445906,0
599,1774279476.622552,17,0.0,0.0,0.0,0.0,0.0,5.992770195007324,0.0,0.0,0.0,0.0,17,0.16657511393229166,0.0876779625247823,0.0,0.0446537342439205,0
600,1774279476.7232442,17,0.0,0.0,0.0,0.0,0.0,5.992770195007324,0.0,0.0,0.0,0.0,17,0.11850104612462661,0.06234253474320797,0.0,0.03878865868310863,0
601,1774279476.8227103,17,0.0,0.0,0.0,0.0,0.0,5.992770195007324,0.0,0.0,0.0,0.0,17,0.11191765467325847,0.0589132592254106,0.0,0.03683465784874094,0
602,1774279476.9229608,17,0.0,0.0,0.0,0.0,0.0,5.992770195007324,0.0,0.0,0.0,0.0,17,0.10602725179571855,0.05581263141803895,0.0,0.03449062792939089,0
603,1774279477.023179,17,0.0,0.0,0.0,0.0,0.0,5.992770195007324,0.0,0.0,0.0,0.0,17,0.10602725179571855,0.05578993151885773,0.0,0.03169654751012391,0
604,1774279477.1226873,15,0.0,0.0,0.0,0.0,0.0,5.992770195007324,0.0,0.0,0.0,0.0,15,0.05726019541422526,0.030140271694992664,0.0,0.02763204557289674,0
605,1774279477.2228978,16,0.0,0.0,0.0,0.0,0.0,5.992770195007324,0.0,0.0,0.0,0.0,16,0.0546574592590332,0.02876460266265489,0.0,0.027377858271148352,0
606,1774279477.3233252,17,0.0,0.0,0.0,0.0,0.0,5.992770195007324,0.0,0.0,0.0,0.0,17,0.0546574592590332,0.02876308328208047,0.0,0.026981845708033882,0
607,1774279477.423243,17,0.0,0.0,0.0,0.0,0.0,5.992770195007324,0.0,0.0,0.0,0.0,17,0.0,0.0,0.0,0.02629744631795913,0
608,1774279477.5223825,17,0.0,0.0,0.0,0.0,0.0,5.992770195007324,0.0,0.0,0.0,0.0,17,0.05787260392132927,0.03047288422108812,0.0,0.02629744631795913,0
609,1774279477.6230648,17,0.0,0.0,0.0,0.0,0.0,5.992770195007324,0.0,0.0,0.0,0.0,17,0.0546574592590332,0.028768771858933253,0.0,0.025047194434848458,0
610,1774279477.7227314,17,0.0,0.0,0.0,0.0,0.0,5.992770195007324,0.0,0.0,0.0,0.0,17,0.0546574592590332,0.028777261983799627,0.0,0.023667374112317868,0
611,1774279477.8230815,17,0.0,0.0,0.0,0.0,0.0,5.992770195007324,0.0,0.0,0.0,0.0,17,0.0546574592590332,0.02876645789600684,0.0,0.02186298370361328,0
612,1774279477.9226441,16,0.0,0.0,0.0,0.0,0.0,5.992770195007324,0.0,0.0,0.0,0.0,16,0.0546574592590332,0.028771533940056063,0.0,0.019516616669219118,0
613,1774279478.0229335,17,0.0,0.0,0.0,0.0,0.0,5.992770195007324,0.0,0.0,0.0,0.0,17,0.0546574592590332,0.02876740726165905,0.0,0.01639723777770996,0
614,1774279478.123209,17,0.0,0.0,0.0,0.0,0.0,5.992770195007324,0.0,0.0,0.0,0.0,17,0.0546574592590332,0.028762083682169003,0.0,0.011912317071040861,0
615,1774279478.2231004,16,0.0,0.0,0.0,0.0,0.0,5.992770195007324,0.0,0.0,0.0,0.0,16,0.0,0.0,0.0,0.0,0
616,1774279478.32267,15,0.0,0.0,0.0,0.0,0.0,5.992770195007324,0.0,0.0,0.0,0.0,15,0.0,0.0,0.0,0.0,0
617,1774279478.4231956,17,0.0,0.0,0.0,0.0,0.0,5.992770195007324,0.0,0.0,0.0,0.0,17,0.0,0.0,0.0,0.0,0
618,1774279478.5229878,16,0.0,0.0,0.0,0.0,0.0,5.992770195007324,0.0,0.0,0.0,0.0,16,0.0,0.0,0.0,0.0,0
619,1774279478.622756,16,0.0,0.0,0.0,0.0,0.0,5.992770195007324,0.0,0.0,0.0,0.0,16,0.0,0.0,0.0,0.0,0
620,1774279478.7223823,16,0.0,0.0,0.0,0.0,0.0,5.992770195007324,0.0,0.0,0.0,0.0,16,0.0,0.0,0.0,0.0,0
621,1774279478.8227036,17,0.0,0.0,0.0,0.0,0.0,5.992770195007324,0.0,0.0,0.0,0.0,17,0.0,0.0,0.0,0.0,0
622,1774279478.9232252,18,-0.11191765467325847,-1.0306835174560547,0.0,0.10026545953994376,1.0306835174560547,5.992770195007324,0.17198782598317122,0.0,0.0,0.0,18,-0.11191765467325847,-0.05890259929756899,0.0,0.024391887335940818,0
623,1774279479.023154,18,-0.11191765467325847,-1.0306835174560547,0.0,0.10026545953994376,1.0306835174560547,5.992770195007324,0.17198782598317122,0.0,0.0,0.0,18,-0.11191765467325847,-0.05888956424231514,0.0,0.03357529640197754,0
624,1774279479.1226857,17,0.0,0.0,0.0,0.0,0.0,5.992770195007324,0.0,0.0,0.0,0.0,17,0.0,0.0,0.0,0.03357529640197754,0
625,1774279479.22307,16,0.0,0.0,0.0,0.0,0.0,5.992770195007324,0.0,0.0,0.0,0.0,16,0.0,0.0,0.0,0.03357529640197754,0
626,1774279479.3223472,17,0.0,0.0,0.0,0.0,0.0,5.992770195007324,0.0,0.0,0.0,0.0,17,0.0,0.0,0.0,0.03357529640197754,0
627,1774279479.4222949,16,0.0,0.0,0.0,0.0,0.0,5.992770195007324,0.0,0.0,0.0,0.0,16,0.0,0.0,0.0,0.03357529640197754,0
628,1774279479.5227451,16,0.0,0.0,0.0,0.0,0.0,5.992770195007324,0.0,0.0,0.0,0.0,16,0.0,0.0,0.0,0.03357529640197754,0
629,1774279479.6224616,16,0.0,0.0,0.0,0.0,0.0,5.992770195007324,0.0,0.0,0.0,0.0,16,0.0,0.0,0.0,0.03357529640197754,0
630,1774279479.722274,16,0.0,0.0,0.0,0.0,0.0,5.992770195007324,0.0,0.0,0.0,0.0,16,0.0,0.0,0.0,0.03357529640197754,0
631,1774279479.8229122,16,0.0,0.0,0.0,0.0,0.0,5.992770195007324,0.0,0.0,0.0,0.0,16,0.0,0.0,0.0,0.03357529640197754,0
632,1774279479.9229152,16,0.0,0.0,0.0,0.0,0.0,5.992770195007324,0.0,0.0,0.0,0.0,16,0.0,0.0,0.0,0.03357529640197754,0
633,1774279480.0225813,16,0.0,0.0,0.0,0.0,0.0,5.992770195007324,0.0,0.0,0.0,0.0,16,0.0,0.0,0.0,0.03357529640197754,0
634,1774279480.1229897,16,0.0,0.0,0.0,0.0,0.0,5.992770195007324,0.0,0.0,0.0,0.0,16,0.0,0.0,0.0,0.03357529640197754,0
635,1774279480.2231975,16,0.0,0.0,0.0,0.0,0.0,5.992770195007324,0.0,0.0,0.0,0.0,16,0.0,0.0,0.0,0.03357529640197754,0
636,1774279480.3224502,16,0.0,0.0,0.0,0.0,0.0,5.992770195007324,0.0,0.0,0.0,0.0,16,0.0,0.0,0.0,0.03357529640197754,0
637,1774279480.4229813,16,0.0,0.0,0.0,0.0,0.0,5.992770195007324,0.0,0.0,0.0,0.0,16,0.0,0.0,0.0,0.03357529640197754,0
638,1774279480.522587,16,0.0,0.0,0.0,0.0,0.0,5.992770195007324,0.0,0.0,0.0,0.0,16,0.0,0.0,0.0,0.03357529640197754,0
639,1774279480.622634,16,0.0,0.0,0.0,0.0,0.0,5.992770195007324,0.0,0.0,0.0,0.0,16,0.0,0.0,0.0,0.03357529640197754,0
640,1774279480.7229867,16,0.0,0.0,0.0,0.0,0.0,5.992770195007324,0.0,0.0,0.0,0.0,16,0.0,0.0,0.0,0.03357529640197754,0
641,1774279480.8229508,16,0.0,0.0,0.0,0.0,0.0,5.992770195007324,0.0,0.0,0.0,0.0,16,0.11191765467325847,0.05891253464209731,0.0,0.03357529640197754,0
642,1774279480.923168,17,0.0,0.0,0.0,0.0,0.0,5.992770195007324,0.0,0.0,0.0,0.0,17,0.11191765467325847,0.05890359711604308,0.0,0.024391887335940814,0
643,1774279481.0232978,17,0.0,0.0,0.0,0.0,0.0,5.992770195007324,0.0,0.0,0.0,0.0,17,0.0,0.0,0.0,0.0,0
644,1774279481.1230464,17,0.0,0.0,0.0,0.0,0.0,5.992770195007324,0.0,0.0,0.0,0.0,17,0.0,0.0,0.0,0.0,0
645,1774279481.2230182,17,0.0,0.0,0.0,0.0,0.0,5.992770195007324,0.0,0.0,0.0,0.0,17,0.0,0.0,0.0,0.0,0
646,1774279481.323204,18,0.0,0.0,0.0,0.0,0.0,5.992770195007324,0.0,0.0,0.0,0.0,18,0.0,0.0,0.0,0.0,0
647,1774279481.4230003,18,0.0,0.0,0.0,0.0,0.0,5.992770195007324,0.0,0.0,0.0,0.0,18,0.0,0.0,0.0,0.0,0
648,1774279481.5225844,18,0.0,0.0,0.0,0.0,0.0,5.992770195007324,0.0,0.0,0.0,0.0,18,0.0,0.0,0.0,0.0,0
649,1774279481.6226432,18,0.0,0.0,0.0,0.0,0.0,5.992770195007324,0.0,0.0,0.0,0.0,18,0.0,0.0,0.0,0.0,0
650,1774279481.723041,17,0.0,0.0,0.0,0.0,0.0,5.992770195007324,0.0,0.0,0.0,0.0,17,0.0,0.0,0.0,0.0,0
651,1774279481.8225367,17,0.0,0.0,0.0,0.0,0.0,5.992770195007324,0.0,0.0,0.0,0.0,17,0.0,0.0,0.0,0.0,0
652,1774279481.923113,16,0.0,0.0,0.0,0.0,0.0,5.992770195007324,0.0,0.0,0.0,0.0,16,0.0,0.0,0.0,0.0,0
653,1774279482.0232337,17,0.0,0.0,0.0,0.0,0.0,5.992770195007324,0.0,0.0,0.0,0.0,17,0.0,0.0,0.0,0.0,0
654,1774279482.122558,16,0.0,0.0,0.0,0.0,0.0,5.992770195007324,0.0,0.0,0.0,0.0,16,0.0,0.0,0.0,0.0,0
655,1774279482.2229583,20,-0.0773012638092041,-0.7964372634887695,0.0,0.053834239785999216,0.7964372634887695,6.043910980224609,0.13177514792899409,0.019333276152610778,0.3866655230522156,0.08427179699679521,20,-0.0773012638092041,-0.040673997206732294,0.0,0.016847419857614933,0
656,1774279482.3227272,17,0.0,0.0,0.0,0.0,0.0,6.043910980224609,0.0,0.04549006153555477,0.5799982845783234,0.1411292044480691,17,0.0,0.0,0.0,0.016847419857614933,0
657,1774279482.4231737,18,-0.091095765431722,-0.8432865142822266,0.0,0.06644847595617241,0.8432865142822266,5.992770195007324,0.14071731216804917,0.02148141794734531,0.1933327615261078,0.06075862520028111,18,-0.091095765431722,-0.04793034171061623,0.0,0.025353545997782063,0
658,1774279482.5225568,21,-0.037925583975655694,-0.7964372634887695,0.0,0.028766998397890247,0.7964372634887695,5.992770195007324,0.13289968371426866,0.0,0.0,0.0,21,-0.037925583975655694,-0.019961644242877153,0.0,0.026061295775306373,0
659,1774279482.6228857,20,-0.2178490161895752,-0.9838342666625977,0.0,0.14382318408223682,0.9838342666625977,5.992770195007324,0.16417019752939072,0.019333276152610778,0.1933327615261078,0.05799982845783234,20,-0.2178490161895752,-0.11466347185519844,0.0,0.0520453595823384,0
660,1774279482.722635,17,-0.04684925079345703,-0.7964372634887695,0.0,0.03511763679853175,0.7964372634887695,5.992770195007324,0.13289968371426866,0.0,0.0,0.0,17,-0.04684925079345703,-0.024661599555112275,0.0,0.05209236338536536,0
661,1774279482.8225462,18,-0.044246514638264976,-0.7964372634887695,0.0,0.033281818979781344,0.7964372634887695,5.992770195007324,0.13289968371426866,0.0,0.0,0.0,18,-0.044246514638264976,-0.02329526174166967,0.0,0.0519846369560967,0
662,1774279482.9228406,23,-0.24646779765253482,-1.0306835174560547,0.0,0.17353025064529676,1.0306835174560547,5.992770195007324,0.17198782598317122,0.0,0.0,0.0,23,-0.24646779765253482,-0.12975111513433946,0.0,0.07037663820617772,0
663,1774279483.0228693,19,-0.14301350242213198,-0.9838342666625977,0.0,0.11008309069844459,0.9838342666625977,5.992770195007324,0.16417019752939072,0.0,0.0,0.0,19,-0.14301350242213198,-0.07527727907213372,0.0,0.07334637043021709,0
664,1774279483.1229794,19,-0.04191775070993524,-0.7964372634887695,0.0,0.031627760842444966,0.7964372634887695,5.992770195007324,0.13289968371426866,0.0,0.0,0.0,19,-0.04191775070993524,-0.02206242421098269,0.0,0.07261905432262093,0
665,1774279483.2232406,21,-0.08477483476911273,-0.9838342666625977,0.0,0.06911047400572731,0.9838342666625977,5.992770195007324,0.16417019752939072,0.018412643954867407,0.1933327615261078,0.056751580113533366,21,-0.08477483476911273,-0.04461747523994531,0.0,0.07220547965457619,0
666,1774279483.3228638,20,-0.03982186317443848,-0.7964372634887695,0.0,0.030129834946990286,0.7964372634887695,5.992770195007324,0.13289968371426866,0.0,0.0,0.0,20,-0.03982186317443848,-0.020960381396743846,0.0,0.07129927287016177,0
667,1774279483.4230592,21,-0.1405477523803711,-1.0306835174560547,0.0,0.11873105774741687,1.0306835174560547,5.992770195007324,0.17198782598317122,0.0,0.0,0.0,21,-0.1405477523803711,-0.07395402104760293,0.0,0.0725883429680267,0
668,1774279483.5226762,20,-0.04919171333312988,-0.9838342666625977,0.0,0.04597666855232774,0.9838342666625977,5.992770195007324,0.16417019752939072,0.009666638076305389,0.1933327615261078,0.042135898498397606,20,-0.04919171333312988,-0.025889925810445965,0.0,0.07131587435619012,0
669,1774279483.6233718,22,0.0,0.0,0.0,0.0,0.0,5.992770195007324,0.0,0.043939263983206314,0.3866655230522156,0.09981082117702071,22,0.0,0.0,0.0,0.07131587435619013,0
670,1774279483.7227147,22,-0.04471973939375444,-0.9838342666625977,0.0,0.04199695692035156,0.9838342666625977,5.992770195007324,0.16417019752939072,0.08787852796641263,0.7733310461044312,0.22370221096467127,22,-0.04471973939375444,-0.02353450068258892,0.0,0.06999277471084014,0
671,1774279483.8230698,20,0.0,0.0,0.0,0.0,0.0,5.992770195007324,0.0,0.02899991422891617,0.1933327615261078,0.06903360396656207,20,0.0,0.0,0.0,0.06999277471084014,0
672,1774279483.922902,21,0.0,0.0,0.0,0.0,0.0,5.992770195007324,0.0,0.036825287909734813,0.1933327615261078,0.07591727587280882,21,0.0,0.0,0.007295575906645577,0.06999277471084014,0
673,1774279484.0228708,19,0.0,0.0,0.0,0.0,0.0,6.043910980224609,0.0,0.08140326801099275,0.3866655230522156,0.15763675066671695,19,0.0,0.0,0.02188672771993673,0.06999277471084014,0
674,1774279484.1227386,21,-0.04908016749790737,-1.0306835174560547,0.0,0.04817725683245284,1.0306835174560547,5.992770195007324,0.17198782598317122,0.07365057581946963,0.5799982845783234,0.17370453566149519,21,0.028221096311296733,0.01485492649117412,0.02812112894925204,0.06850535846783279,0
675,1774279484.2228787,21,-0.09146758488246373,-0.9838342666625977,0.0,0.07953228968828475,0.9838342666625977,6.043910980224609,0.1627810650887574,0.036825287909734813,0.3866655230522156,0.11350316022706673,21,-0.09146758488246373,-0.04813699608044218,0.020714224449225833,0.0686735849864139,0
676,1774279484.3229558,21,0.0,0.0,0.0,0.0,0.0,5.992770195007324,0.0,0.07365057581946963,0.3866655230522156,0.15183455174561764,21,0.091095765431722,0.047950636843022934,0.013107305866176798,0.0686735849864139,0
677,1774279484.423297,24,0.0,0.0,0.0,0.0,0.0,6.043910980224609,0.0,0.04833319038152695,0.3866655230522156,0.11505600661093679,24,0.037925583975655694,0.019953060939318076,0.006666646949176131,0.07002806276852487,0
678,1774279484.5231836,24,0.04489719867706299,0.0,1.0775327682495117,0.04636244432809633,1.0775327682495117,6.043910980224609,0.17828402366863905,0.03222212692101797,0.3866655230522156,0.09113793780042166,24,0.2627462148666382,0.13826580432892743,0.00703028223731301,0.07378913190082133,0
679,1774279484.6231048,25,0.0,0.0,0.0,0.0,0.0,6.043910980224609,0.0,0.023199931383132935,0.3866655230522156,0.08329030267492185,25,0.04684925079345703,0.02465140529318989,0.0,0.06523023423424514,0
680,1774279484.7232182,25,0.0,0.0,0.0,0.0,0.0,6.043910980224609,0.0,0.05413317322731018,0.3866655230522156,0.12847540243012934,25,0.044246514638264976,0.023279406228168372,0.0,0.06609583534591791,0
681,1774279484.8228526,24,0.0,0.0,0.0,0.0,0.0,6.043910980224609,0.0,0.08055531730254491,0.9666638076305389,0.2671717623605657,24,0.24646779765253482,0.12971907311037123,0.0,0.0668707823633675,0
682,1774279484.922793,24,0.09174644947052002,0.0,1.1243820190429688,0.09263724698449494,1.1243820190429688,5.992770195007324,0.18762308289073223,0.06444425384203593,0.3866655230522156,0.1441017323500443,24,0.234759951892652,0.12356284035002232,0.006553652933088399,0.055387260832732245,0
683,1774279485.0231044,23,0.0,0.0,0.0,0.0,0.0,5.992770195007324,0.0,0.033623088961062225,0.1933327615261078,0.07327982347547411,23,0.04191775070993524,0.02206052239766107,0.006444425384203593,0.04884416704792749,0
684,1774279485.122949,21,0.0,0.0,0.0,0.0,0.0,5.992770195007324,0.0,0.07365057581946963,0.3866655230522156,0.15183455174561764,21,0.08477483476911273,0.0446251859098871,0.006236540694390574,0.048768461565372685,0
685,1774279485.2230902,19,0.0,0.0,0.0,0.0,0.0,5.992770195007324,0.0,0.030526225504122283,0.1933327615261078,0.07049729804859288,19,0.03982186317443848,0.020956378737754116,0.003169389533214882,0.046420972142423966,0
686,1774279485.3226936,21,0.0,0.0,0.0,0.0,0.0,5.992770195007324,0.0,0.10126954175177075,0.5799982845783234,0.21194544842165117,21,0.1405477523803711,0.07398673936737134,0.018412643954867407,0.04611987015085747,0
687,1774279485.422693,20,0.0,0.0,0.0,0.0,0.0,5.992770195007324,0.0,0.08699974268674851,0.7733310461044312,0.21593633774203058,20,0.04919171333312988,0.025890146724007083,0.04833319038152695,0.03546099050948471,0
688,1774279485.5232575,18,0.0,0.0,0.0,0.0,0.0,5.992770195007324,0.0,0.0966663807630539,0.5799982845783234,0.2161525985250665,18,0.0,0.0,0.054374839179217815,0.03397792853334506,0
689,1774279485.622835,19,-0.1454792524638929,-1.546025276184082,0.0,0.18272601390981186,1.546025276184082,5.992770195007324,0.2579817389747568,0.09157867651236684,0.5799982845783234,0.21149189414577863,19,-0.10075951307013846,-0.05302796632389273,0.052169157872124325,0.0460915495284393,0
690,1774279485.7224135,21,-0.14500958578927176,-1.546025276184082,0.0,0.19981616811046668,1.546025276184082,5.992770195007324,0.2579817389747568,0.027618965932301114,0.5799982845783234,0.12351577058575229,21,-0.14500958578927176,-0.0763472053919149,0.04833319038152695,0.05434472559701635,0
691,1774279485.8230145,18,0.0,0.0,0.0,0.0,0.0,5.992770195007324,0.0,0.10740708973672655,1.3533293306827545,0.3105532567192987,18,0.0,0.0,0.06338779066429763,0.05434472559701635,0
692,1774279485.9231591,19,0.0,0.0,0.0,0.0,0.0,6.043910980224609,0.0,0.09157867651236684,0.5799982845783234,0.21149189414577863,19,0.0,0.0,0.06338779066429763,0.05434472559701635,0
693,1774279486.0223763,22,0.0,0.0,0.0,0.0,0.0,5.992770195007324,0.0,0.0966663807630539,0.7733310461044312,0.2161525985250665,22,0.04908016749790737,0.02583659374651157,0.061375479849558025,0.05434472559701635,0
694,1774279486.1229522,21,0.0,0.0,0.0,0.0,0.0,5.860805511474609,0.0,0.08285689779690333,0.3866655230522156,0.15294690765491586,21,0.09146758488246373,0.04813897121380942,0.05272711677984758,0.05384355277716058,0
695,1774279486.2230031,22,0.0,0.0,0.0,0.0,0.0,5.992770195007324,0.0,0.06151496957648884,0.5799982845783234,0.15842526929759843,22,0.0,0.0,0.05043463344159334,0.05071574961577147,0
696,1774279486.323213,22,0.0,0.0,0.0,0.0,0.0,5.992770195007324,0.0,0.10545423355969516,0.7733310461044312,0.23840847003980514,22,0.0,0.0,0.034429121915608235,0.05071574961577147,0
697,1774279486.422602,24,0.0,0.0,0.0,0.0,0.0,6.043910980224609,0.0,0.024166595190763474,0.1933327615261078,0.06393880090992969,24,-0.04489719867706299,-0.023637340653100428,0.0365764683968312,0.05071574961577147,0
698,1774279486.5227334,25,0.0,0.0,0.0,0.0,0.0,5.992770195007324,0.0,0.015466620922088623,0.1933327615261078,0.05244986340875713,25,0.0,0.0,0.05225209770975886,0.049312512105815665,0
699,1774279486.6231742,23,-0.057033870531165085,-1.3117790222167969,0.0,0.0715629725308454,1.3117790222167969,5.992770195007324,0.21889359670585426,0.008405772240265556,0.1933327615261078,0.03942656658922785,23,-0.057033870531165085,-0.030018521951813464,0.06620984983770814,0.05029472711180238,0
700,1774279486.7227962,20,0.2178490161895752,0.0,4.356980323791504,0.9017056832405501,4.356980323791504,5.992770195007324,0.7270394462015874,0.009666638076305389,0.1933327615261078,0.042135898498397606,20,0.2178490161895752,0.11466078115021808,0.05990592610668129,0.07115073306462034,0
701,1774279486.823098,20,0.0,0.0,0.0,0.0,0.0,5.992770195007324,0.0,0.019333276152610778,0.1933327615261078,0.05799982845783234,20,-0.09174644947052002,-0.04827985396571363,0.056862576919443464,0.07115073306462036,0
702,1774279486.9231455,21,0.2766336713518415,-1.546025276184082,4.356980323791504,1.3693588936329972,5.903005599975586,5.992770195007324,0.9850211851763442,0.018412643954867407,0.1933327615261078,0.056751580113533366,21,0.2766336713518415,0.14559351945713445,0.04603160988716852,0.09174676437579289,0
703,1774279487.0230823,21,-0.07362025124686104,-1.546025276184082,0.0,0.10839882787301888,1.546025276184082,5.992770195007324,0.2579817389747568,0.018412643954867407,0.3866655230522156,0.08234384705716818,21,-0.07362025124686104,-0.03874478094894653,0.0697265697307274,0.09342918249895124,0
704,1774279487.1229699,20,0.0,0.0,0.0,0.0,0.0,6.043910980224609,0.0,0.0,0.0,0.0,20,0.0,0.0,0.07411089191834132,0.09342918249895124,0
705,1774279487.223001,19,0.0,0.0,0.0,0.0,0.0,6.043910980224609,0.0,0.0,0.0,0.0,19,0.0,0.0,0.09502796752978179,0.09342918249895123,0
706,1774279487.3233328,20,-0.0726163387298584,-1.452326774597168,0.0,0.10018952036006112,1.452326774597168,5.860805511474609,0.24780327068586772,0.009666638076305389,0.1933327615261078,0.042135898498397606,20,-0.0726163387298584,-0.03820626074639284,0.09157867651236684,0.09490054929134327,0
707,1774279487.4228628,21,0.0,0.0,0.0,0.0,0.0,6.043910980224609,0.0,0.0,0.0,0.0,21,0.0,0.0,0.06999979296634937,0.09490054929134328,0
708,1774279487.5224576,21,0.0,0.0,0.0,0.0,0.0,6.043910980224609,0.0,0.018412643954867407,0.1933327615261078,0.056751580113533366,21,0.1454792524638929,0.07658323628727563,0.07333311644093744,0.09490054929134328,0
709,1774279487.6226008,22,0.0,0.0,0.0,0.0,0.0,6.043910980224609,0.0,0.017575705593282528,0.1933327615261078,0.05557926115933376,22,0.14500958578927176,0.07631331358932102,0.07333311644093744,0.0888508125364498,0
710,1774279487.7227511,24,0.0,0.0,0.0,0.0,0.0,6.043910980224609,0.0,0.008055531730254492,0.1933327615261078,0.03863297300900034,24,0.0,0.0,0.098304793996326,0.08175881920429721,0
711,1774279487.8225312,26,0.0,0.0,0.0,0.0,0.0,6.043910980224609,0.0,0.014871750886623677,0.1933327615261078,0.051517256266279406,26,0.0,0.0,0.09042984006866332,0.08175881920429721,0
712,1774279487.9230464,26,0.0,0.0,0.0,0.0,0.0,6.043910980224609,0.0,0.022307626329935513,0.1933327615261078,0.061767020399100626,26,0.0,0.0,0.08030745478776785,0.08175881920429721,0
713,1774279488.0230875,26,0.0,0.0,0.0,0.0,0.0,6.043910980224609,0.0,0.04461525265987103,0.3866655230522156,0.11128999311839477,26,0.0,0.0,0.08328180496509259,0.08175881920429721,0
714,1774279488.1234999,25,-0.04872322082519531,-1.2180805206298828,0.0,0.05697485394193791,1.2180805206298828,5.992770195007324,0.20325833979829325,0.04639986276626587,0.5799982845783234,0.13703461050291557,25,-0.04872322082519531,-0.025637098070179862,0.06254883461138781,0.08287467187063127,0
715,1774279488.2232394,26,0.0,0.0,0.0,0.0,0.0,5.992770195007324,0.0,0.022307626329935513,0.1933327615261078,0.06176702039910063,26,0.0,0.0,0.04629094290061736,0.08287467187063127,0
716,1774279488.322513,26,0.0,0.0,0.0,0.0,0.0,5.992770195007324,0.0,0.03717937721655919,0.3866655230522156,0.107499204248988,26,0.0,0.0,0.016111063460508983,0.08287467187063127,0
717,1774279488.4231782,26,-0.04504735653217022,-1.1712312698364258,0.0,0.050731608263411464,1.1712312698364258,6.043910980224609,0.1937869822485207,0.04461525265987103,0.3866655230522156,0.12353404079820125,26,-0.04504735653217022,-0.023703586556026317,0.011372515383888693,0.08378077784882566,0
718,1774279488.5230172,22,0.0,0.0,0.0,0.0,0.0,5.992770195007324,0.0,0.035151411186565056,0.3866655230522156,0.11115852231866752,22,0.057033870531165085,0.030020307575893065,0.012275095969911606,0.08378077784882566,0
719,1774279488.6227796,26,-0.04865114505474384,-1.2649297714233398,0.0,0.05917334787844316,1.2649297714233398,5.992770195007324,0.21107596825207375,0.08923050531974205,0.5799982845783234,0.20926408420436327,26,-0.266500161244319,-0.14026446778079707,0.015846947666074408,0.08346538888888382,0
720,1774279488.7229278,25,-0.050597190856933594,-1.2649297714233398,0.0,0.06144181734271115,1.2649297714233398,5.992770195007324,0.21107596825207375,0.09279972553253174,0.7733310461044312,0.2513028447219881,25,-0.050597190856933594,-0.02663248525688263,0.01870962208317172,0.06940944233105446,0
721,1774279488.8230217,25,0.0,0.0,0.0,0.0,0.0,5.992770195007324,0.0,0.05413317322731018,0.5799982845783234,0.14995445341260602,25,-0.2766336713518415,-0.14560616283014208,0.012473081388781148,0.06940944233105446,0
722,1774279488.9230802,25,-0.04310131072998047,-1.0775327682495117,0.0,0.04458535167941591,1.0775327682495117,5.992770195007324,0.17980545443695173,0.0,0.0,0.0,25,0.030518940516880574,0.01606261760614115,0.006444425384203593,0.026991838198802486,0
723,1774279489.0228808,22,-0.05110827359286221,-1.1243820190429688,0.0,0.0548531682225,1.1243820190429688,5.992770195007324,0.18762308289073223,0.02636355838992379,0.1933327615261078,0.06634683365617257,22,-0.05110827359286221,-0.026900352469910963,0.0032768264665441996,0.02509852801591308,0
724,1774279489.1225314,20,-0.06090402603149414,-1.2180805206298828,0.0,0.0704767073500534,1.2180805206298828,5.992770195007324,0.20325833979829325,0.05799982845783234,0.5799982845783234,0.13806720793312413,20,-0.06090402603149414,-0.03206267490443327,0.0032222126921017964,0.02639219355316106,0
725,1774279489.2231965,23,-0.15073237211807913,-1.2180805206298828,0.0,0.15191365237965987,1.2180805206298828,5.992770195007324,0.20325833979829325,0.0,0.0,0.0,23,-0.07811603338822073,-0.04111665093045732,0.00935481104158586,0.038192372148262516,0
726,1774279489.3227117,20,0.0,0.0,0.0,0.0,0.0,5.992770195007324,0.0,0.05799982845783234,0.3866655230522156,0.13806720793312413,20,0.0,0.0,0.012083297595381737,0.037273478515684744,0
727,1774279489.4228926,20,0.0,0.0,0.0,0.0,0.0,6.043910980224609,0.0,0.04833319038152695,0.3866655230522156,0.12034867350009704,20,0.0,0.0,0.014427818024336403,0.037273478515684744,0
728,1774279489.522956,20,-0.06090402603149414,-1.2180805206298828,0.0,0.0704767073500534,1.2180805206298828,6.043910980224609,0.20153846153846153,0.02899991422891617,0.1933327615261078,0.06903360396656207,20,-0.06090402603149414,-0.03204876078752255,0.013425886217090819,0.0375977335228091,0
729,1774279489.6229193,19,-0.30575300517835113,-1.2180805206298828,0.0,0.26254324657794287,1.2180805206298828,5.992770195007324,0.20325833979829325,0.030526225504122283,0.1933327615261078,0.07049729804859288,19,-0.30575300517835113,-0.16090839133166432,0.015263112752061141,0.07069913135396498,0
730,1774279489.7230422,20,0.0,0.0,0.0,0.0,0.0,6.043910980224609,0.0,0.05799982845783234,0.3866655230522156,0.13806720793312413,20,0.0,0.0,0.02726487662547674,0.07069913135396498,0
731,1774279489.8237207,18,0.0,0.0,0.0,0.0,0.0,5.992770195007324,0.0,0.02148141794734531,0.1933327615261078,0.06075862520028111,18,0.0,0.0,0.037662226271319696,0.07069913135396498,0
732,1774279489.9234982,22,-0.0553672963922674,-1.2180805206298828,0.0,0.06437628770557292,1.2180805206298828,6.043910980224609,0.20153846153846153,0.008787852796641264,0.1933327615261078,0.04027100063673795,22,-0.0553672963922674,-0.02913438541786658,0.037662226271319696,0.07003122275530098,0
733,1774279490.0231206,22,-0.0553672963922674,-1.2180805206298828,0.0,0.06437628770557292,1.2180805206298828,5.992770195007324,0.20325833979829325,0.035151411186565056,0.3866655230522156,0.09464807122150211,22,-0.00664407556707209,-0.003497579973368692,0.035151411186565056,0.0692462956370305,0
734,1774279490.1239169,26,-0.13514206959651068,-1.2180805206298828,0.0,0.14018807359931632,1.2180805206298828,6.043910980224609,0.20153846153846153,0.022307626329935513,0.1933327615261078,0.061767020399100626,26,-0.13514206959651068,-0.07110205370520606,0.03470075206878858,0.07175664031677269,0
735,1774279490.2231383,22,-0.161842866377397,-1.2180805206298828,0.0,0.1659562288583507,1.2180805206298828,5.992770195007324,0.20325833979829325,0.008787852796641264,0.1933327615261078,0.04027100063673795,22,-0.161842866377397,-0.08515243506086226,0.039189073282319145,0.0743858600648059,0
736,1774279490.3233762,25,-0.09557247161865234,-1.2180805206298828,0.0,0.1050860163559264,1.2180805206298828,6.043910980224609,0.20153846153846153,0.030933241844177246,0.1933327615261078,0.0708769611206588,25,-0.05052511508648212,-0.02658939518099509,0.05747730748073475,0.07336194265126444,0
737,1774279490.4234672,24,-0.09955465793609619,-1.2180805206298828,0.0,0.10906815517408575,1.2180805206298828,6.043910980224609,0.20153846153846153,0.04833319038152695,0.3866655230522156,0.12787760181985938,24,-0.09955465793609619,-0.05238478170733773,0.07415503181823313,0.07354500244077733,0
738,1774279490.5237234,21,0.0,0.0,0.0,0.0,0.0,6.043910980224609,0.0,0.0,0.0,0.0,21,0.04865114505474384,0.025593153347402114,0.07885941588564922,0.07354500244077733,0
739,1774279490.623012,22,0.0,0.0,0.0,0.0,0.0,6.043910980224609,0.0,0.0,0.0,0.0,22,0.050597190856933594,0.026628919568792694,0.048977632919947306,0.07495987052311703,0
740,1774279490.7234776,19,-0.06164375104402241,-1.1712312698364258,0.0,0.06839913676999346,1.1712312698364258,6.043910980224609,0.1937869822485207,0.010175408501374094,0.1933327615261078,0.04317060211598919,19,-0.06164375104402241,-0.03243629561063134,0.026851772434181638,0.07488280963942175,0
741,1774279490.8231914,19,-0.05917800100226151,-1.1243820190429688,0.0,0.06303664444722595,1.1243820190429688,5.992770195007324,0.18762308289073223,0.030526225504122283,0.1933327615261078,0.07049729804859288,19,-0.016076690272281043,-0.008460920753271975,0.025970072443805524,0.07333606813482205,0
742,1774279490.9234047,20,-0.05621910095214844,-1.1243820190429688,0.0,0.06005115892548929,1.1243820190429688,6.043910980224609,0.18603550295857987,0.019333276152610778,0.1933327615261078,0.05799982845783234,20,-0.005110827359286224,-0.002689167632480425,0.026769151595922618,0.07315270668548042,0
743,1774279491.02299,18,0.0,0.0,0.0,0.0,0.0,5.992770195007324,0.0,0.04296283589469062,0.3866655230522156,0.12151725040056222,18,0.06090402603149414,0.032047015838840835,0.036825287909734813,0.07466135056725151,0
744,1774279491.1230106,19,-0.11589025196276213,-1.1243820190429688,0.0,0.11421743852098637,1.1243820190429688,5.992770195007324,0.18762308289073223,0.0,0.0,0.0,19,0.034842120155317,0.018339752097714837,0.03375651391725692,0.07536189250066373,0
745,1774279491.2237754,18,0.0,0.0,0.0,0.0,0.0,5.992770195007324,0.0,0.03222212692101797,0.1933327615261078,0.07205086617502215,18,0.0,0.0,0.04511097768942515,0.07450940891699745,0
746,1774279491.3235805,20,-0.16162991523742676,-1.1243820190429688,0.0,0.14825678572805145,1.1243820190429688,5.992770195007324,0.18762308289073223,0.02899991422891617,0.1933327615261078,0.06903360396656207,20,-0.16162991523742676,-0.08503758688309412,0.0360450911319862,0.07597576438751874,0
747,1774279491.4230056,22,-0.05110827359286221,-1.1243820190429688,0.0,0.05485316822249999,1.1243820190429688,5.992770195007324,0.18762308289073223,0.035151411186565056,0.3866655230522156,0.09464807122150211,22,0.009795752438631927,0.00515552435738006,0.0393219175985304,0.07438065590382908,0
748,1774279491.5237894,23,-0.04888617474099864,-1.1243820190429688,0.0,0.052576877777763986,1.1243820190429688,5.992770195007324,0.18762308289073223,0.033623088961062225,0.3866655230522156,0.10895126051807201,23,0.2568668304373525,0.1351311867635795,0.03730983117170501,0.07453046916002878,0
749,1774279491.6233852,21,-0.04908016749790737,-1.0306835174560547,0.0,0.04817725683245284,1.0306835174560547,6.043910980224609,0.17053254437869822,0.018412643954867407,0.1933327615261078,0.056751580113533366,21,-0.04908016749790737,-0.025827005448153927,0.02899991422891617,0.052096521006922504,0
750,1774279491.7235444,20,-0.053876638412475586,-1.0775327682495117,0.0,0.05515115116594416,1.0775327682495117,5.992770195007324,0.17980545443695173,0.019333276152610778,0.1933327615261078,0.05799982845783234,20,-0.053876638412475586,-0.028358757387583363,0.021827892430367007,0.05026847249840165,0
751,1774279491.822923,21,0.0,0.0,0.0,0.0,0.0,6.043910980224609,0.0,0.009206321977433703,0.1933327615261078,0.04117192352858409,21,0.0553672963922674,0.02914950707436114,0.02209517274584089,0.050268472498401655,0
752,1774279491.9234748,23,0.0,0.0,0.0,0.0,0.0,6.043910980224609,0.0,0.02521731672079667,0.1933327615261078,0.06511083179712221,23,0.0553672963922674,0.029135251700802396,0.02209517274584089,0.05210462494838019,0
753,1774279492.0240579,21,0.0,0.0,0.0,0.0,0.0,6.043910980224609,0.0,0.009206321977433703,0.1933327615261078,0.04117192352858409,21,0.13514206959651068,0.0711221270123291,0.021187151948066606,0.05373580619243761,0
754,1774279492.1235406,19,0.0,0.0,0.0,0.0,0.0,6.043910980224609,0.0,0.0,0.0,0.0,19,0.161842866377397,0.08516242362882595,0.029952963053340644,0.052014637687713534,0
755,1774279492.2234416,22,0.0,0.0,0.0,0.0,0.0,6.043910980224609,0.0,0.0,0.0,0.0,22,0.09557247161865234,0.050299568903859386,0.027618965932301114,0.046382299135134364,0
756,1774279492.3227644,22,0.0,0.0,0.0,0.0,0.0,5.992770195007324,0.0,0.008787852796641264,0.1933327615261078,0.04027100063673795,22,0.09955465793609619,0.05241657597131893,0.01731338162920368,0.04559848505559662,0
757,1774279492.4238338,21,0.0,0.0,0.0,0.0,0.0,5.992770195007324,0.0,0.027618965932301114,0.1933327615261078,0.06765237375744962,21,0.0,0.0,0.003118270347195287,0.043996990989992324,0
758,1774279492.5235991,20,-0.053876638412475586,-1.0775327682495117,0.0,0.05515115116594416,1.0775327682495117,6.043910980224609,0.17828402366863905,0.02899991422891617,0.1933327615261078,0.06903360396656207,20,-0.053876638412475586,-0.028347366413937407,0.012888850768407185,0.043548712251669536,0
759,1774279492.623181,20,0.0,0.0,0.0,0.0,0.0,5.992770195007324,0.0,0.02899991422891617,0.1933327615261078,0.06903360396656207,20,0.06164375104402241,0.032449143225702845,0.019999940847528392,0.043548712251669536,0
760,1774279492.7237175,22,0.0,0.0,0.0,0.0,0.0,5.992770195007324,0.0,0.043939263983206314,0.1933327615261078,0.08101999954277977,22,0.05917800100226151,0.031137695325653546,0.030526225504122283,0.0437750643829402,0
761,1774279492.823535,21,-0.1985515866960798,-1.0775327682495117,0.0,0.16783403459751808,1.0775327682495117,5.992770195007324,0.17980545443695173,0.018412643954867407,0.1933327615261078,0.056751580113533366,21,-0.14233248574393137,-0.07490669868689484,0.020350817002748187,0.056665174884215914,0
762,1774279492.9236138,22,-0.14906579797918146,-1.1243820190429688,0.0,0.1407970541478324,1.1243820190429688,5.992770195007324,0.18762308289073223,0.0,0.0,0.0,22,-0.14906579797918146,-0.07842993342869531,0.024605987830595536,0.06144962706324593,0
763,1774279493.0231147,21,0.0,0.0,0.0,0.0,0.0,6.043910980224609,0.0,0.0,0.0,0.0,21,0.11589025196276213,0.060991529497968294,0.020350817002748187,0.06144962706324593,0
764,1774279493.1234243,20,0.0,0.0,0.0,0.0,0.0,5.992770195007324,0.0,0.0,0.0,0.0,20,0.0,0.0,0.03222212692101797,0.05984988515368107,0
765,1774279493.2231045,22,-0.09582801298661665,-1.0775327682495117,0.0,0.0918799637364478,1.0775327682495117,5.992770195007324,0.17980545443695173,0.008787852796641264,0.1933327615261078,0.04027100063673795,22,0.0658019022508101,0.03464125916283085,0.032717851950572086,0.06042469957611072,0
766,1774279493.3234968,19,-0.11589025196276213,-1.1243820190429688,0.0,0.11421743852098637,1.1243820190429688,5.992770195007324,0.18762308289073223,0.020350817002748187,0.1933327615261078,0.05933231748191226,19,-0.06478197836989992,-0.03408696503664609,0.02929284265547088,0.056642262391929626,0
767,1774279493.4231007,21,-0.2989428383963449,-1.499176025390625,0.0,0.29379168086980284,1.499176025390625,5.992770195007324,0.2501641105209763,0.04603160988716852,0.3866655230522156,0.10168714988122056,21,-0.25005666365534623,-0.13165649207507704,0.024166595190763474,0.07988217278273071,0
768,1774279493.5237453,23,-0.09573542553445567,-1.1243820190429688,0.0,0.09628306705419752,1.1243820190429688,5.992770195007324,0.18762308289073223,0.008405772240265556,0.1933327615261078,0.03942656658922785,23,-0.046655258036548304,-0.024550745858290614,0.015591351735976434,0.08040651408934578,0
769,1774279493.6233468,21,-0.19408975328717912,-1.499176025390625,0.0,0.22999663148154045,1.499176025390625,5.992770195007324,0.2501641105209763,0.009206321977433703,0.1933327615261078,0.04117192352858409,21,-0.14021311487470353,-0.07380405007002436,0.018124946393072605,0.08585056177067682,0
770,1774279493.7235975,24,-0.18739700317382812,-1.546025276184082,0.0,0.24600636194804792,1.546025276184082,6.043910980224609,0.2557988165680473,0.040277658651272454,0.3866655230522156,0.09633014885470996,24,-0.18739700317382812,-0.09859499621613478,0.014871750886623677,0.08998935816188537,0
771,1774279493.8233275,24,-0.06051361560821533,-1.452326774597168,0.0,0.08422364650151337,1.452326774597168,6.043910980224609,0.2402958579881657,0.03222212692101797,0.1933327615261078,0.07205086617502215,24,-0.06051361560821533,-0.031851739837561614,0.012275095969911606,0.08860950005511176,0
772,1774279493.9228225,23,-0.06518156632133153,-1.499176025390625,0.0,0.0934700049382471,1.499176025390625,6.043910980224609,0.24804733727810652,0.06724617792212445,0.3866655230522156,0.1350166945027411,23,-0.06518156632133153,-0.034328408043879745,0.003118270347195287,0.08706849562748047,0
773,1774279494.02324,26,0.0,0.0,0.0,0.0,0.0,6.043910980224609,0.0,0.11153813164967757,0.5799982845783234,0.2285851487082732,26,0.0,0.0,0.0030687739924779014,0.08706849562748047,0
774,1774279494.1228755,21,0.0,0.0,0.0,0.0,0.0,6.043910980224609,0.0,0.04603160988716852,0.3866655230522156,0.11789844678263292,21,0.0,0.0,0.011897400709298941,0.08706849562748048,0
775,1774279494.223587,23,0.0,0.0,0.0,0.0,0.0,6.043910980224609,0.0,0.08405772240265556,1.3533293306827545,0.2782805771571564,23,0.0,0.0,0.02148141794734531,0.08706849562748047,0
776,1774279494.3233063,22,0.0,0.0,0.0,0.0,0.0,6.043910980224609,0.0,0.02636355838992379,0.1933327615261078,0.06634683365617257,22,0.0,0.0,0.028524505798933935,0.08706849562748048,0
777,1774279494.423081,21,-0.1093149185180664,-1.2180805206298828,0.0,0.1139929638936467,1.2180805206298828,6.043910980224609,0.20153846153846153,0.07365057581946963,0.7733310461044312,0.1931134389807159,21,-0.05543828010559082,-0.029186002668004182,0.03430097381914816,0.08555954647889465,0
778,1774279494.5229793,22,0.0,0.0,0.0,0.0,0.0,5.992770195007324,0.0,0.07909067516977136,0.5799982845783234,0.19904050096851772,22,0.0,0.0,0.030687739924779012,0.08721024779391023,0
779,1774279494.622922,20,0.0,0.0,0.0,0.0,0.0,5.992770195007324,0.0,0.0966663807630539,0.5799982845783234,0.19810712888050344,20,0.0,0.0,0.020820451241273148,0.08721024779391023,0
780,1774279494.7234159,22,0.0,0.0,0.0,0.0,0.0,5.992770195007324,0.0,0.07909067516977136,0.5799982845783234,0.19904050096851772,22,0.1985515866960798,0.10450738683200832,0.006041648797690868,0.08721024779391023,0
781,1774279494.8229988,20,0.0,0.0,0.0,0.0,0.0,5.992770195007324,0.0,0.11599965691566468,0.9666638076305389,0.2550234275944092,20,0.14906579797918146,0.07848108725045154,0.0,0.08423224374813046,0
782,1774279494.9227707,21,0.0,0.0,0.0,0.0,0.0,6.043910980224609,0.0,0.04603160988716852,0.3866655230522156,0.11789844678263292,21,0.0,0.0,0.0030687739924779014,0.08337295546389269,0
783,1774279495.0231025,21,-0.06023475102015904,-1.2649297714233398,0.0,0.07256450460921099,1.2649297714233398,6.043910980224609,0.20928994082840235,0.04603160988716852,0.3866655230522156,0.11789844678263292,21,-0.06023475102015904,-0.0317078703434433,0.009508168599644646,0.0821893363408245,0
784,1774279495.123634,21,0.0,0.0,0.0,0.0,0.0,6.043910980224609,0.0,0.027618965932301114,0.1933327615261078,0.06765237375744962,21,0.09582801298661665,0.05042174130059456,0.024946162777562297,0.0821893363408245,0
785,1774279495.2231283,22,0.0,0.0,0.0,0.0,0.0,6.043910980224609,0.0,0.07030282237313011,0.3866655230522156,0.14913480730978085,22,0.11589025196276213,0.06100670153546513,0.02455019193982321,0.08299263330623216,0
786,1774279495.328081,22,-0.16610188917680221,-1.2649297714233398,0.0,0.17493517008524806,1.2649297714233398,6.043910980224609,0.20928994082840235,0.02636355838992379,0.1933327615261078,0.06634683365617257,22,0.13284094921954268,0.06973350716694014,0.020820451241273148,0.08538944373177039,0
787,1774279495.4278047,23,-0.10388312132462212,-1.2180805206298828,0.0,0.1133605945899674,1.2180805206298828,6.043910980224609,0.20153846153846153,0.07565195016239,0.5799982845783234,0.19533249539136668,23,-0.008147695790166443,-0.004279118470236707,0.019901901921805215,0.06689113507071404,0
788,1774279495.5280743,24,0.0,0.0,0.0,0.0,0.0,6.043910980224609,0.0,0.07249978557229042,0.5799982845783234,0.19181640272978906,24,0.19408975328717912,0.1018989632216359,0.028019240800885185,0.06702421306379347,0
789,1774279495.6277668,21,0.0,0.0,0.0,0.0,0.0,6.043910980224609,0.0,0.07365057581946963,0.5799982845783234,0.18366554661167991,21,0.18739700317382812,0.09841404390944156,0.04629094290061736,0.05859408173151227,0
790,1774279495.727829,22,0.0,0.0,0.0,0.0,0.0,6.043910980224609,0.0,0.07909067516977136,0.5799982845783234,0.19904050096851772,22,0.06051361560821533,0.03177399312824218,0.0715066378247248,0.04790397245757184,0
791,1774279495.8278244,24,0.0,0.0,0.0,0.0,0.0,6.043910980224609,0.0,0.024166595190763474,0.5799982845783234,0.11589891902700103,24,0.06518156632133153,0.03421601156871212,0.07733310461044311,0.04768187771385849,0
792,1774279495.928368,24,0.0,0.0,0.0,0.0,0.0,6.043910980224609,0.0,0.024166595190763474,0.1933327615261078,0.06393880090992969,24,0.0,0.0,0.08285689779690333,0.0470637760796151,0
793,1774279496.0280457,24,-0.09955465793609619,-1.2180805206298828,0.0,0.10906815517408575,1.2180805206298828,6.043910980224609,0.20153846153846153,0.008055531730254492,0.1933327615261078,0.03863297300900034,24,-0.09955465793609619,-0.05225499423529098,0.05272711677984758,0.0496687936868501,0
794,1774279496.1282005,23,0.0,0.0,0.0,0.0,0.0,6.043910980224609,0.0,0.0,0.0,0.0,23,0.0,0.0,0.06151496957648884,0.0496687936868501,0
795,1774279496.2279196,23,0.0,0.0,0.0,0.0,0.0,6.043910980224609,0.0,0.0,0.0,0.0,23,0.0,0.0,0.05948700354649471,0.0496687936868501,0
796,1774279496.3277137,24,0.0,0.0,0.0,0.0,0.0,6.043910980224609,0.0,0.024166595190763474,0.1933327615261078,0.06393880090992969,24,0.1093149185180664,0.057394222198132366,0.08285689779690333,0.0496687936868501,0
797,1774279496.428068,24,0.0,0.0,0.0,0.0,0.0,6.043910980224609,0.0,0.03222212692101797,0.7733310461044312,0.15453189203600137,24,0.0,0.0,0.08458308316767216,0.04619826460510894,0
798,1774279496.5280216,24,0.0,0.0,0.0,0.0,0.0,6.043910980224609,0.0,0.024166595190763474,0.3866655230522156,0.08487029310508004,24,0.0,0.0,0.0966663807630539,0.04619826460510894,0
799,1774279496.6282897,23,0.0,0.0,0.0,0.0,0.0,6.043910980224609,0.0,0.033623088961062225,0.3866655230522156,0.10895126051807201,23,0.0,0.0,0.07978812380442543,0.04619826460510894,0
800,1774279496.7284217,24,0.0,0.0,0.0,0.0,0.0,6.043910980224609,0.0,0.03222212692101797,0.3866655230522156,0.10686870494422632,24,0.0,0.0,0.06860194763829632,0.04619826460510894,0
801,1774279496.8284292,25,-0.09557247161865234,-1.2180805206298828,0.0,0.1050860163559264,1.2180805206298828,6.043910980224609,0.20153846153846153,0.04639986276626587,0.3866655230522156,0.12565142236099405,25,-0.09557247161865234,-0.05015194088861993,0.039894061902212716,0.04860839699301051,0
802,1774279496.9280787,25,-0.04684925079345703,-1.1712312698364258,0.0,0.05267645519779762,1.1712312698364258,6.043910980224609,0.1937869822485207,0.07733310461044311,0.5799982845783234,0.18136220631044814,25,0.013385500226702006,0.00702659735163791,0.04833319038152695,0.04841457632994183,0
803,1774279497.0280755,25,0.0,0.0,0.0,0.0,0.0,6.043910980224609,0.0,0.023199931383132935,0.1933327615261078,0.06282571118049703,25,0.0,0.0,0.041640902482546295,0.04822675437254405,0
804,1774279497.1277697,23,0.0,0.0,0.0,0.0,0.0,6.043910980224609,0.0,0.04202886120132778,0.5799982845783234,0.1269243774291997,23,0.0,0.0,0.05771127209734561,0.04822675437254405,0
805,1774279497.2279012,26,0.0,0.0,0.0,0.0,0.0,5.992770195007324,0.0,0.08923050531974205,0.5799982845783234,0.20926408420436327,26,0.16610188917680221,0.08743031472494664,0.058840405681858894,0.04822675437254405,0
806,1774279497.3376603,24,0.15226006507873535,0.0,1.2649297714233398,0.16246479628279076,1.2649297714233398,5.992770195007324,0.21107596825207375,0.06444425384203593,0.3866655230522156,0.1441017323500443,24,0.2561431864033575,0.13411651951270898,0.07392134999527651,0.05164342783425053,0
807,1774279497.4378798,24,0.0,0.0,0.0,0.0,0.0,5.992770195007324,0.0,0.05638872211178144,0.3866655230522156,0.1306387712481521,24,0.0,0.0,0.07502465372654929,0.0469152193347125,0
808,1774279497.5377183,22,0.0,0.0,0.0,0.0,0.0,6.043910980224609,0.0,0.043939263983206314,0.3866655230522156,0.09981082117702071,22,0.0,0.0,0.05771127209734561,0.0469152193347125,0
809,1774279497.6380773,24,0.0,0.0,0.0,0.0,0.0,6.043910980224609,0.0,0.06444425384203593,0.3866655230522156,0.1441017323500443,24,0.0,0.0,0.04142844889845167,0.0469152193347125,0
810,1774279497.7377684,22,0.0,0.0,0.0,0.0,0.0,6.043910980224609,0.0,0.07030282237313011,0.5799982845783234,0.18009738989136673,22,0.0,0.0,0.018796240703927145,0.0469152193347125,0
811,1774279497.8380277,24,-0.0546574592590332,-1.3117790222167969,0.0,0.06871107061101611,1.3117790222167969,6.043910980224609,0.2170414201183432,0.040277658651272454,0.3866655230522156,0.11132966346986391,24,-0.0546574592590332,-0.028621571388566327,0.010891986564851143,0.048150002845188236,0
812,1774279497.9281626,23,0.0,0.0,0.0,0.0,0.0,6.043910980224609,0.0,0.033623088961062225,0.1933327615261078,0.07327982347547411,23,0.09955465793609619,0.05239396421532239,0.002761896593230111,0.048150002845188236,0
813,1774279498.0281327,23,-0.19758162291153616,-2.99835205078125,0.0,0.455757553375652,2.99835205078125,6.043910980224609,0.49609467455621303,0.016811544480531113,0.1933327615261078,0.054475630259036005,23,-0.19758162291153616,-0.10399404174511413,0.008285689779690334,0.06066304752004859,0
814,1774279498.1275668,25,-0.1105642318725586,-1.546025276184082,0.0,0.14273212300395244,1.546025276184082,6.043910980224609,0.2557988165680473,0.030933241844177246,0.1933327615261078,0.0708769611206588,25,-0.1105642318725586,-0.05820250717333915,0.0190609764884895,0.06423910352449844,0
815,1774279498.2282503,21,-0.05354200090680804,-1.1243820190429688,0.0,0.05733491722209268,1.1243820190429688,6.043910980224609,0.18603550295857987,0.04603160988716852,0.3866655230522156,0.10168714988122056,21,-0.05354200090680804,-0.028172045030254125,0.026851772434181638,0.0645626873352259,0
816,1774279498.3278399,23,0.0,0.0,0.0,0.0,0.0,6.043910980224609,0.0,0.05043463344159334,0.3866655230522156,0.11707885953199446,23,0.0,0.0,0.029952963053340644,0.0645626873352259,0
817,1774279498.4278388,24,-0.13469159603118896,-1.1243820190429688,0.0,0.12717568664832868,1.1243820190429688,6.043910980224609,0.18603550295857987,0.03222212692101797,0.1933327615261078,0.07205086617502215,24,-0.13469159603118896,-0.07089713369453458,0.029952963053340644,0.06896602039004997,0
818,1774279498.5278273,24,-0.18544495105743408,-1.2180805206298828,0.0,0.1727493559311455,1.2180805206298828,5.992770195007324,0.20325833979829325,0.03222212692101797,0.1933327615261078,0.07205086617502215,24,-0.18544495105743408,-0.09762636687896106,0.03759248140785429,0.07673340978561152,0
819,1774279498.6278813,24,-0.0956505537033081,-1.1712312698364258,0.0,0.10068503875082513,1.1712312698364258,5.992770195007324,0.19544071134451274,0.008055531730254492,0.1933327615261078,0.03863297300900034,24,-0.0956505537033081,-0.050356719185139634,0.05225209770975886,0.0772986141699219,0
820,1774279498.728295,23,0.0,0.0,0.0,0.0,0.0,6.043910980224609,0.0,0.06724617792212445,0.3866655230522156,0.14655964695094822,23,0.09557247161865234,0.05030485222337884,0.048977632919947306,0.0772986141699219,0
821,1774279498.8276684,21,0.0,0.0,0.0,0.0,0.0,6.043910980224609,0.0,0.05523793186460223,0.3866655230522156,0.1353047475148992,21,0.04684925079345703,0.024662825290428302,0.047671091883149865,0.0767364256888679,0
822,1774279498.9277072,22,-0.05323778499256481,-1.1712312698364258,0.0,0.05951949676920573,1.1712312698364258,6.043910980224609,0.1937869822485207,0.06151496957648884,0.3866655230522156,0.1352872741826749,22,-0.05323778499256481,-0.028025318754698485,0.05225209770975886,0.0767927993864643,0
823,1774279499.0281115,23,-0.1018461973770805,-1.1712312698364258,0.0,0.10891280316179797,1.1712312698364258,6.043910980224609,0.1937869822485207,0.09246349464292111,0.5799982845783234,0.20452126568523302,23,-0.1018461973770805,-0.053593622000054734,0.06620984983770814,0.07756618087763664,0
824,1774279499.1280339,21,-0.05577291761125837,-1.1712312698364258,0.0,0.06221236677744429,1.1712312698364258,6.043910980224609,0.1937869822485207,0.05523793186460223,0.3866655230522156,0.13530474751489924,21,-0.05577291761125837,-0.029352117828345514,0.07054033190817446,0.07701575834322802,0
825,1774279499.2281866,21,0.0,0.0,0.0,0.0,0.0,5.992770195007324,0.0,0.027618965932301114,0.1933327615261078,0.06765237375744962,21,-0.15226006507873535,-0.08053845402993048,0.05523793186460223,0.07701575834322802,0
826,1774279499.33746,21,-0.10485308510916573,-1.1243820190429688,0.0,0.10449686822873762,1.1243820190429688,5.992770195007324,0.18762308289073223,0.027618965932301114,0.1933327615261078,0.06765237375744962,21,-0.10485308510916573,-0.055198028957906216,0.05523793186460223,0.06333735222719773,0
827,1774279499.4379053,21,0.0,0.0,0.0,0.0,0.0,5.992770195007324,0.0,0.036825287909734813,0.1933327615261078,0.07591727587280882,21,0.0,0.0,0.05970570576541564,0.06333735222719773,0
828,1774279499.5380955,21,0.0,0.0,0.0,0.0,0.0,5.992770195007324,0.0,0.018412643954867407,0.1933327615261078,0.056751580113533366,21,0.0,0.0,0.05799982845783234,0.06333735222719773,0
829,1774279499.6374338,20,0.0,0.0,0.0,0.0,0.0,5.992770195007324,0.0,0.02899991422891617,0.1933327615261078,0.06903360396656207,20,0.0,0.0,0.047632709361504814,0.06333735222719773,0
830,1774279499.7375724,21,-0.05354200090680804,-1.1243820190429688,0.0,0.05733491722209268,1.1243820190429688,5.992770195007324,0.18762308289073223,0.07365057581946963,0.7733310461044312,0.22700632045413346,21,0.0011154583522251654,0.0005872240557957157,0.030380862525531224,0.06197178165280952,0
831,1774279499.8380513,21,-0.05354200090680804,-1.1243820190429688,0.0,0.05733491722209268,1.1243820190429688,5.992770195007324,0.18762308289073223,0.018412643954867407,0.1933327615261078,0.056751580113533366,21,-0.05354200090680804,-0.028034094166522305,0.027229966412127857,0.061977128703688024,0
832,1774279499.9380224,19,-0.05424650091873972,-1.0306835174560547,0.0,0.052968291514682915,1.0306835174560547,5.992770195007324,0.17198782598317122,0.010175408501374094,0.1933327615261078,0.04317060211598919,19,0.14333512199279644,0.0750489005416127,0.030821164880973705,0.06045982109297278,0
833,1774279500.037465,18,0.0,0.0,0.0,0.0,0.0,5.992770195007324,0.0,0.02148141794734531,0.3866655230522156,0.08857015518494361,18,0.1105642318725586,0.057890115388254754,0.04202886120132778,0.05334055515236659,0
834,1774279500.128625,16,0.0,0.0,0.0,0.0,0.0,5.992770195007324,0.0,0.0,0.0,0.0,16,0.05354200090680804,0.028174444907426967,0.0426469326895826,0.05279892624450727,0
835,1774279500.2282915,17,0.0,0.0,0.0,0.0,0.0,5.992770195007324,0.0,0.0,0.0,0.0,17,0.0,0.0,0.038121952976979,0.05376406850273251,0
836,1774279500.3373318,19,0.0,0.0,0.0,0.0,0.0,5.992770195007324,0.0,0.0,0.0,0.0,19,0.13469159603118896,0.07053788528247118,0.024166595190763474,0.053764068502732514,0
837,1774279500.4278646,17,0.0,0.0,0.0,0.0,0.0,5.860805511474609,0.0,0.0,0.0,0.0,17,0.18544495105743408,0.09760069034626984,0.035398956335766216,0.050392569484470816,0
838,1774279500.5280519,16,0.0,0.0,0.0,0.0,0.0,5.860805511474609,0.0,0.0,0.0,0.0,16,0.0956505537033081,0.05033787781090662,0.0426469326895826,0.0379065621116991,0
839,1774279500.6375113,19,0.0,0.0,0.0,0.0,0.0,5.860805511474609,0.0,0.09157867651236684,0.7733310461044312,0.23776513672262922,19,0.0,0.0,0.06151496957648884,0.035078120459847324,0
840,1774279500.7281861,15,0.0,0.0,0.0,0.0,0.0,5.860805511474609,0.0,0.038666552305221556,0.3866655230522156,0.10470951863416166,15,0.0,0.0,0.07030282237313011,0.035078120459847324,0
841,1774279500.82814,17,0.0,0.0,0.0,0.0,0.0,6.043910980224609,0.0,0.04549006153555477,0.5799982845783234,0.1411292044480691,17,0.05323778499256481,0.0280135052866631,0.07030282237313011,0.035078120459847324,0
842,1774279500.9278529,14,0.0,0.0,0.0,0.0,0.0,5.860805511474609,0.0,0.013809482966150557,0.1933327615261078,0.04979079892210237,14,0.1018461973770805,0.05361055814025743,0.05948700354649471,0.03476576890692535,0
843,1774279501.0286858,13,0.0,0.0,0.0,0.0,0.0,5.860805511474609,0.0,0.0,0.0,0.0,13,0.05577291761125837,0.02934409855861071,0.036825287909734813,0.02966324561620826,0
844,1774279501.137908,18,0.05205472310384115,0.0,0.9369850158691406,0.04606480135609874,0.9369850158691406,6.043910980224609,0.15502958579881657,0.0966663807630539,0.5799982845783234,0.2161525985250665,18,0.05205472310384115,0.027257758015695143,0.030687739924779012,0.03169185991920578,0
845,1774279501.228059,14,0.0,0.0,0.0,0.0,0.0,6.043910980224609,0.0,0.0,0.0,0.0,14,0.10485308510916573,0.05546024536289925,0.027618965932301114,0.03169185991920578,0
846,1774279501.33785,18,0.0,0.0,0.0,0.0,0.0,6.043910980224609,0.0,0.13962921665774453,0.9666638076305389,0.31442955438915465,18,0.0,0.0,0.028064433124757582,0.023225857337117486,0
847,1774279501.4375215,19,0.0,0.0,0.0,0.0,0.0,6.043910980224609,0.0,0.09157867651236684,0.5799982845783234,0.21149189414577863,19,0.0,0.0,0.04053751451353873,0.023225857337117486,0
848,1774279501.5281918,16,0.0,0.0,0.0,0.0,0.0,6.043910980224609,0.0,0.0,0.0,0.0,16,0.0,0.0,0.04053751451353873,0.023225857337117486,0
849,1774279501.637758,18,0.0,0.0,0.0,0.0,0.0,5.992770195007324,0.0,0.06444425384203593,0.5799982845783234,0.18227587560084332,18,0.05354200090680804,0.028177248227145617,0.0348632848653637,0.023225857337117486,0
850,1774279501.7376997,18,0.0,0.0,0.0,0.0,0.0,6.043910980224609,0.0,0.06444425384203593,0.5799982845783234,0.18227587560084332,18,0.05354200090680804,0.028185215810808784,0.016666617372940326,0.02044970686332573,0
851,1774279501.8290946,17,-0.04133757422952091,-0.7027387619018555,0.0,0.02734072069089842,0.7027387619018555,5.992770195007324,0.11726442680670765,0.07960760768722086,0.7733310461044312,0.2205212550185382,17,0.012908926689218808,0.006826247135971967,0.010943363859968365,0.01906099666603927,0
852,1774279501.9376173,19,0.0739725012528269,-0.7027387619018555,2.1082162857055664,0.2544447887843756,2.810955047607422,5.992770195007324,0.4690577072268306,0.09157867651236684,0.9666638076305389,0.23776513672262922,19,0.0739725012528269,0.038929776784650594,0.007581676922592462,0.02183094516994772,0
853,1774279502.037639,19,-0.03945200066817434,-0.7495880126953125,0.0,0.028016286420989325,0.7495880126953125,5.992770195007324,0.12508205526048816,0.13228031051786324,0.9666638076305389,0.3076273549072486,19,-0.03945200066817434,-0.02066616637979543,0.0,0.02381654707602593,0
854,1774279502.1373994,21,-0.12493133544921875,-0.7027387619018555,0.0,0.0665423475051544,0.7027387619018555,5.992770195007324,0.11726442680670765,0.15650747361637296,0.9666638076305389,0.34075830021069925,21,-0.12493133544921875,-0.06543964011195173,0.0,0.036563072174469594,0
855,1774279502.2377462,18,0.0,0.0,0.0,0.0,0.0,6.043910980224609,0.0,0.07518496281570858,0.9666638076305389,0.22452963364635592,18,0.0,0.0,0.0,0.036563072174469594,0
856,1774279502.3375647,19,0.0,0.0,0.0,0.0,0.0,6.043910980224609,0.0,0.09157867651236684,0.5799982845783234,0.21149189414577863,19,0.0,0.0,0.033461439494903274,0.036563072174469594,0
857,1774279502.4276748,18,0.0,0.0,0.0,0.0,0.0,6.043910980224609,0.0,0.11814779871039921,0.5799982845783234,0.22452963364635592,18,0.0,0.0,0.04639986276626587,0.036563072174469594,0
858,1774279502.5281038,19,0.0,0.0,0.0,0.0,0.0,6.043910980224609,0.0,0.12210490201648913,0.5799982845783234,0.23645512600007546,19,0.0,0.0,0.0606534153807397,0.036563072174469594,0
859,1774279502.6281576,19,-0.08876700150339227,-1.546025276184082,0.5153417587280273,0.1545394896373061,2.0613670349121094,6.043910980224609,0.34106508875739644,0.12210490201648913,0.5799982845783234,0.23645512600007543,19,-0.08876700150339227,-0.04672017564355589,0.033623088961062225,0.04093613899136486,0
860,1774279502.727745,20,0.0,0.0,0.0,0.0,0.0,6.043910980224609,0.0,0.11599965691566468,0.5799982845783234,0.23199931383132935,20,0.0,0.0,0.021969631991603157,0.040936138991364855,0
861,1774279502.8276227,21,0.0,0.0,0.0,0.0,0.0,6.043910980224609,0.0,0.15650747361637296,0.7733310461044312,0.2837579005676668,21,0.0,0.0,0.04296283589469062,0.040936138991364855,0
862,1774279502.927442,20,-0.0679314136505127,-1.358628273010254,0.0,0.08767886225058419,1.358628273010254,6.043910980224609,0.22479289940828404,0.17399948537349702,0.9666638076305389,0.32292937793777343,20,-0.0679314136505127,-0.035776794989327544,0.038666552305221556,0.042868937098053894,0
863,1774279503.0275812,18,0.0,0.0,0.0,0.0,0.0,6.043910980224609,0.0,0.15036992563141716,0.7733310461044312,0.28498321318460346,18,-0.05205472310384115,-0.027546944198554673,0.08506641507148743,0.042868937098053894,0
864,1774279503.12802,16,0.0,0.0,0.0,0.0,0.0,5.860805511474609,0.0,0.12083297595381737,0.5799982845783234,0.2254109937668041,16,0.0,0.0,0.08339844614851709,0.04042227350987955,0
865,1774279503.228023,17,-0.0633842804852654,-0.5621910095214844,0.0,0.030196307074170033,0.5621910095214844,5.860805511474609,0.09592384671711009,0.06823509230333216,0.3866655230522156,0.1474046465832739,17,-0.0633842804852654,-0.03353358760342769,0.08025133497310134,0.04163387631174364,0
866,1774279503.3281949,19,-0.029589000501130756,-0.5621910095214844,0.0,0.01575916111180649,0.5621910095214844,6.043910980224609,0.09301775147928994,0.11192949351511504,0.5799982845783234,0.22012774260297893,19,-0.029589000501130756,-0.0156499797993804,0.054716819299841825,0.04150800739889106,0
867,1774279503.4278781,17,-0.11574520784265854,-1.405477523803711,0.0,0.12139279986758898,1.405477523803711,5.860805511474609,0.2398096167927752,0.12509766922277563,0.5799982845783234,0.22914983547813142,17,-0.11574520784265854,-0.060928588903183076,0.04461525265987103,0.046244266731438624,0
868,1774279503.5275497,18,0.0,0.0,0.0,0.0,0.0,5.860805511474609,0.0,0.10740708973672655,0.5799982845783234,0.2060425227146685,18,0.0,0.0,0.06930797111313299,0.046244266731438624,0
869,1774279503.6282432,15,-0.099945068359375,-1.499176025390625,0.0,0.13984623365104198,1.499176025390625,6.043910980224609,0.24804733727810652,0.0,0.0,0.0,15,-0.099945068359375,-0.05286578723487972,0.07876519914026614,0.04862678677710538,0
870,1774279503.727835,18,-0.08068482081095378,-1.452326774597168,0.0,0.1106706852580272,1.452326774597168,6.043910980224609,0.2402958579881657,0.04296283589469062,0.3866655230522156,0.10302126135733425,18,-0.03934724658143287,-0.020722816467106445,0.10193909244103865,0.049324462351908384,0
871,1774279503.8278475,21,-0.1405477523803711,-1.499176025390625,0.0,0.1877121300302471,1.499176025390625,6.043910980224609,0.24804733727810652,0.009206321977433703,0.1933327615261078,0.04117192352858409,21,-0.214520253633198,-0.11348895813611373,0.1277962321952238,0.054537315726563756,0
872,1774279503.9282272,23,-0.15480622001316235,-1.499176025390625,0.5153417587280273,0.1955202642360598,2.0145177841186523,6.043910980224609,0.33331360946745564,0.058840405681858894,0.3866655230522156,0.13290692885927638,23,-0.11535421934498802,-0.06101498689554294,0.12333296855975842,0.053659200537609156,0
873,1774279504.028164,24,0.0,0.0,0.0,0.0,0.0,6.043910980224609,0.0,0.008055531730254492,0.1933327615261078,0.03863297300900034,24,0.12493133544921875,0.06607450960167284,0.10999967466140616,0.05473569775623535,0
874,1774279504.123336,26,-0.03603788522573618,-0.9369850158691406,0.0,0.03246822928858336,0.9369850158691406,6.043910980224609,0.15502958579881657,0.007435875443311838,0.1933327615261078,0.037179377216559194,26,-0.03603788522573618,-0.019112261054305656,0.09490881020372564,0.05186799588809549,0
875,1774279504.2231877,25,0.05621910095214844,0.0,0.7495880126953125,0.03652234227047302,0.7495880126953125,6.043910980224609,0.12402366863905326,0.0,0.0,0.0,25,0.05621910095214844,0.02981460323818454,0.11047586372920445,0.055561326074858135,0
876,1774279504.323328,25,0.0693368911743164,-0.6090402603149414,1.9676685333251953,0.17051719723895076,2.5767087936401367,6.043910980224609,0.42633136094674556,0.007733310461044311,0.1933327615261078,0.03788532930417179,25,0.0693368911743164,0.03657677966873376,0.12083297595381737,0.06000105182968843,0
877,1774279504.4230325,25,-0.013117790222167969,-0.3279447555541992,0.0,0.004129834087507334,0.3279447555541992,6.043910980224609,0.0542603550295858,0.030933241844177246,0.3866655230522156,0.08951954061569044,25,-0.013117790222167969,-0.006922577226935343,0.11999964508517035,0.05965722634932662,0
878,1774279504.523511,25,-0.059967041015625,-0.4684925079345703,0.4216432571411133,0.033628648998274,0.8901357650756836,6.043910980224609,0.14727810650887574,0.007733310461044311,0.1933327615261078,0.03788532930417179,25,0.02879996048776727,0.015195035260966747,0.13211072037617366,0.05916437082071924,0
879,1774279504.623405,24,0.007808208465576172,-0.37479400634765625,0.4684925079345703,0.026825972554433974,0.8432865142822266,6.043910980224609,0.1395266272189349,0.008055531730254492,0.1933327615261078,0.03863297300900034,24,0.007808208465576172,0.004118992214035664,0.14896130806109945,0.059029926881224215,0
880,1774279504.7231476,22,0.021295113997025925,0.0,0.4684925079345703,0.009523119483072915,0.4684925079345703,5.992770195007324,0.07817628453780509,0.0,0.0,0.0,22,0.021295113997025925,0.011234414865020994,0.1605644968606658,0.05986341654204458,0
881,1774279504.823013,20,0.08901357650756836,-0.7495880126953125,1.405477523803711,0.1402291134411371,2.1550655364990234,5.992770195007324,0.35961090887390346,0.019333276152610778,0.3866655230522156,0.08427179699679521,20,0.15694499015808105,0.08279562765129328,0.15036992563141716,0.06538116836365565,0
882,1774279504.9232924,22,0.03407218239524148,-0.3279447555541992,0.37479400634765625,0.021386205467700894,0.7027387619018555,5.992770195007324,0.11726442680670765,0.05272711677984758,0.3866655230522156,0.13269366731234514,22,0.03407218239524148,0.017973298195916473,0.11372515383888693,0.06626636340629762,0
883,1774279505.022454,20,-0.0679314136505127,-0.4684925079345703,0.0,0.02622299785315363,0.4684925079345703,6.043910980224609,0.07751479289940828,0.0,0.0,0.0,20,-0.0679314136505127,-0.035858422377920904,0.10038431848470981,0.0665968306842897,0
884,1774279505.1224701,22,-0.11499361558393999,-0.7495880126953125,0.0,0.048431864799628,0.7495880126953125,6.043910980224609,0.12402366863905326,0.0,0.0,0.0,22,-0.05160933509867459,-0.027242426256717623,0.10213806269303807,0.06875658290816952,0
885,1774279505.2224832,22,0.0,-0.4216432571411133,0.4216432571411133,0.03232418841683036,0.8432865142822266,6.043910980224609,0.1395266272189349,0.043939263983206314,0.5799982845783234,0.14197210683225314,22,0.029589000501130756,0.015620114677476527,0.11456756238584165,0.06883367691115877,0
886,1774279505.3225062,26,0.0072075770451472355,-0.7495880126953125,1.405477523803711,0.12758715381241711,2.1550655364990234,6.043910980224609,0.3565680473372781,0.03717937721655919,0.5799982845783234,0.13155406587956237,26,0.12295278488780578,0.0648954738220456,0.08119975984096527,0.06935744702091004,0
887,1774279505.4230204,27,0.07634692721896702,-0.4684925079345703,1.405477523803711,0.20390147758434193,1.8739700317382812,6.043910980224609,0.31005917159763313,0.04296283589469062,0.5799982845783234,0.15189656300070273,27,0.07634692721896702,0.04027861283923411,0.053071738458147236,0.070106697652437,0
888,1774279505.5227735,25,-0.011243820190429688,-0.4216432571411133,0.8432865142822266,0.0453509161616239,1.2649297714233398,6.043910980224609,0.20928994082840235,0.04639986276626587,0.3866655230522156,0.12565142236099405,25,0.08870124816894531,0.0468196514676886,0.017901181622787758,0.06998634197181262,0
889,1774279505.6228032,28,-0.04684925079345703,-0.6558895111083984,0.5621910095214844,0.05487130749770586,1.2180805206298828,6.043910980224609,0.20153846153846153,0.020714224449225833,0.1933327615261078,0.05979681530907432,28,0.03383557001749675,0.01785548102875586,0.03741924416634344,0.06791388500025301,0
890,1774279505.7230027,26,0.059462510622464694,-0.4216432571411133,0.5621910095214844,0.041289847186291445,0.9838342666625977,6.043910980224609,0.1627810650887574,0.05948700354649471,0.7733310461044312,0.20606902506511762,26,0.20001026300283578,0.10553766990069718,0.02558815961374956,0.06833860473079197,0
891,1774279505.823056,26,0.021622731135441706,-0.4216432571411133,0.5621910095214844,0.02536418072024131,0.9838342666625977,6.043910980224609,0.1627810650887574,0.04461525265987103,0.3866655230522156,0.12353404079820125,26,0.17642895114860407,0.09311076097483817,0.023835545941574932,0.061825038423282096,0
892,1774279505.9225466,24,0.0683218240737915,0.0,0.5621910095214844,0.03273606963283271,0.5621910095214844,6.043910980224609,0.09301775147928994,0.04833319038152695,0.5799982845783234,0.16030305741633943,24,0.0683218240737915,0.03606548113255396,0.005155540307362874,0.052941593158520504,0
893,1774279506.0225065,25,-0.01686573028564453,-0.4216432571411133,0.0,0.006826868593634572,0.4216432571411133,6.043910980224609,0.06976331360946746,0.04639986276626587,0.3866655230522156,0.12565142236099405,25,0.019172154940091647,0.010095015672681309,0.005087704250687047,0.05319646695570078,0
894,1774279506.1224086,25,0.01686573028564453,0.0,0.4216432571411133,0.006826868593634572,0.4216432571411133,6.043910980224609,0.06976331360946746,0.0,0.0,0.0,25,-0.039353370666503906,-0.020720796494060313,0.012888850768407185,0.052289023955865294,0
895,1774279506.2228394,23,0.01833231552787449,0.0,0.4216432571411133,0.00739362343749806,0.4216432571411133,6.043910980224609,0.06976331360946746,0.008405772240265556,0.1933327615261078,0.03942656658922785,23,-0.05100457564644192,-0.026851419438996577,0.015466620922088623,0.051250085290617774,0
896,1774279506.322868,27,0.1041094462076823,-0.5621910095214844,1.546025276184082,0.16913911180280491,2.1082162857055664,6.043910980224609,0.3488165680473373,0.007160472649115103,0.1933327615261078,0.036511389764385324,27,0.11722723642985027,0.06170388493609662,0.01567562931292766,0.05382854322839335,0
897,1774279506.4223733,21,-0.022309167044503347,-0.4684925079345703,0.0,0.009953978684391084,0.4684925079345703,6.043910980224609,0.07751479289940828,0.0,0.0,0.0,21,0.03765787397112165,0.01983180810076375,0.005445993282425571,0.05405991270762289,0
898,1774279506.5222208,22,-0.01916560259732333,-0.4216432571411133,0.0,0.007713726781289065,0.4216432571411133,6.043910980224609,0.06976331360946746,0.0,0.0,0.0,22,-0.026973811062899502,-0.01420559596378896,0.008787852796641264,0.05214669544044544,0
899,1774279506.622342,27,0.09196334415011936,-1.592874526977539,1.6865730285644531,0.32768030852237673,3.279447555541992,5.992770195007324,0.5472339917646357,0.0,0.0,0.0,27,0.07066823015309344,0.03720958065901995,0.024166595190763474,0.055015185563031824,0
900,1774279506.7223196,21,0.040156500680106025,0.0,0.4216432571411133,0.015319173195277879,0.4216432571411133,6.043910980224609,0.06976331360946746,0.0,0.0,0.0,21,-0.048857075827462335,-0.025723639080155163,0.024946162777562297,0.055268160234254286,0
901,1774279506.8226082,21,0.06692750113351005,-0.4216432571411133,1.405477523803711,0.10651752590166899,1.8271207809448242,6.043910980224609,0.30230769230769233,0.009206321977433703,0.1933327615261078,0.04117192352858409,21,0.03285531873826857,0.017298501991787767,0.018124946393072605,0.05401275506696464,0
902,1774279506.922856,21,-0.07362025124686104,-0.5621910095214844,0.4216432571411133,0.049660399656427136,0.9838342666625977,6.043910980224609,0.1627810650887574,0.0,0.0,0.0,21,-0.005688837596348348,-0.002993491582056131,0.015104121994227171,0.057149982680828215,0
903,1774279507.0229626,23,0.00611077184262483,-0.5621910095214844,1.6865730285644531,0.17392856032543136,2.2487640380859375,6.043910980224609,0.37207100591715975,0.016811544480531113,0.1933327615261078,0.054475630259036005,23,0.12110438742656482,0.06372263605573064,0.027618965932301114,0.05431502006924485,0
904,1774279507.1225479,21,0.0,0.0,0.0,0.0,0.0,6.043910980224609,0.0,0.036825287909734813,0.1933327615261078,0.07591727587280882,21,0.0,0.0,0.04124432245890299,0.04581786046925652,0
905,1774279507.222723,19,-0.029589000501130756,-0.5621910095214844,0.0,0.01575916111180649,0.5621910095214844,6.043910980224609,0.09301775147928994,0.020350817002748187,0.3866655230522156,0.08634120423197839,19,-0.03679657754627799,-0.019364409998117206,0.042136627512100414,0.046884677299962346,0
906,1774279507.322847,24,-0.003904104232788086,-0.5621910095214844,0.4684925079345703,0.02229908968587324,1.0306835174560547,6.043910980224609,0.17053254437869822,0.05638872211178144,0.5799982845783234,0.15263053866481685,24,-0.0802510314517551,-0.04224124167463211,0.03624989278614521,0.04707341992823794,0
907,1774279507.4228437,20,0.0,0.0,0.0,0.0,0.0,6.043910980224609,0.0,0.06766646653413773,0.5799982845783234,0.1758690653643492,20,0.011243820190429688,0.00591758149096954,0.041603252480301674,0.045191028241493285,0
908,1774279507.5226297,21,-0.2587863377162388,-1.499176025390625,0.0,0.26225747639765196,1.499176025390625,6.043910980224609,0.24804733727810652,0.10126954175177075,0.5799982845783234,0.21194544842165117,21,-0.2119370869227818,-0.1115560204843566,0.0410832118242979,0.07460441424862635,0
909,1774279507.6225746,20,-0.07495880126953125,-1.499176025390625,0.0,0.10675761586753651,1.499176025390625,6.043910980224609,0.24804733727810652,0.11599965691566468,0.5799982845783234,0.23199931383132935,20,-0.13442131189199594,-0.0707640033016926,0.050877042506870473,0.07575119714992297,0
910,1774279507.7229137,21,-0.06692750113351005,-1.405477523803711,0.0,0.08958580815951979,1.405477523803711,6.043910980224609,0.23254437869822486,0.11968218570663816,0.5799982845783234,0.22700632045413346,21,-0.08855023226895176,-0.046608874705119194,0.04639986276626587,0.07577675650314074,0
911,1774279507.8223455,18,-0.10150671005249023,-0.6558895111083984,0.0,0.05176193340616919,0.6558895111083984,6.043910980224609,0.1085207100591716,0.0966663807630539,0.7733310461044312,0.2161525985250665,18,-0.16982853412628174,-0.08939290195416005,0.03135125862585532,0.07819800106756769,0
912,1774279507.9226837,16,-0.07905811071395874,-0.6558895111083984,0.0,0.04381988322199604,0.6558895111083984,6.043910980224609,0.1085207100591716,0.060416487976908684,0.5799982845783234,0.1484820467179863,16,-0.06219238042831421,-0.032729778626412985,0.018538757954558283,0.07714885062552523,0
913,1774279508.0226405,19,-0.03698625062641345,-0.7027387619018555,0.0,0.024623689237197634,0.7027387619018555,6.043910980224609,0.11627218934911243,0.13228031051786324,0.5799982845783234,0.23513781699822878,19,-0.05385198091205798,-0.028339689836122083,0.005155540307362874,0.0772311116439887,0
914,1774279508.1226711,17,-0.07440763361313764,-0.6558895111083984,0.0,0.04158827402871104,0.6558895111083984,6.043910980224609,0.1085207100591716,0.10235263845499824,0.5799982845783234,0.18893441533842548,17,-0.09273994914101213,-0.04881482166743433,0.005445993282425571,0.07754788770806885,0
915,1774279508.2231288,16,0.0,0.0,0.0,0.0,0.0,6.043910980224609,0.0,0.18124946393072605,0.7733310461044312,0.316711505150775,16,-0.1041094462076823,-0.05478692840766226,0.002761896593230111,0.07712944853838004,0
916,1774279508.322427,18,0.0,0.0,0.0,0.0,0.0,5.992770195007324,0.0,0.13962921665774453,0.7733310461044312,0.28679905379958165,18,0.022309167044503347,0.011741334773938345,0.0,0.07143535510012546,0
917,1774279508.4224715,21,-0.04684925079345703,-0.7495880126953125,0.5153417587280273,0.06396426702589711,1.2649297714233398,6.043910980224609,0.20928994082840235,0.036825287909734813,0.3866655230522156,0.09655671949035795,21,-0.0276836481961337,-0.014568419096068177,0.0,0.07147249186180757,0
918,1774279508.5225143,19,0.0,0.0,0.0,0.0,0.0,6.043910980224609,0.0,0.061052451008244565,0.3866655230522156,0.14099459609718576,19,-0.09196334415011936,-0.04839737289328878,0.0028019240800885186,0.0717797805725058,0
919,1774279508.6225624,20,0.0,0.0,0.0,0.0,0.0,5.992770195007324,0.0,0.05799982845783234,0.3866655230522156,0.13806720793312413,20,-0.040156500680106025,-0.02113229981151924,0.0030687739924779014,0.06643333502241622,0
920,1774279508.723521,21,-0.07808208465576172,-0.8432865142822266,0.0,0.05797197185789368,0.8432865142822266,5.992770195007324,0.14071731216804917,0.11047586372920445,0.5799982845783234,0.22775182761842647,21,-0.14500958578927176,-0.07628418763441112,0.008923050531974206,0.06456833634066367,0
921,1774279508.822802,19,0.0,0.0,0.0,0.0,0.0,5.992770195007324,0.0,0.14245571901923731,0.7733310461044312,0.27940715699505,19,0.07362025124686104,0.03874860245541907,0.017846101063948412,0.06040626933064079,0
922,1774279508.922732,19,-0.03698625062641345,-0.7027387619018555,0.0,0.024623689237197634,0.7027387619018555,5.992770195007324,0.11726442680670765,0.13228031051786324,0.7733310461044312,0.28088551206036805,19,-0.04309702246903828,-0.02268539496883016,0.02455019193982321,0.060093409945823,0
923,1774279509.0223193,22,-0.04046071659434925,-0.8901357650756836,0.0,0.034378461333893225,0.8901357650756836,5.992770195007324,0.14853494062182968,0.12302993915297768,0.7733310461044312,0.2642207912428426,22,-0.04046071659434925,-0.021297675861387023,0.039270717184990644,0.058995065933347766,0
924,1774279509.1227543,19,-0.04684925079345703,-0.8901357650756836,0.0,0.03950734139834822,0.8901357650756836,5.992770195007324,0.14853494062182968,0.12210490201648913,0.7733310461044312,0.2819891921943715,19,-0.017260250292326276,-0.009084192474166237,0.04910038387964642,0.058027364209891685,0
925,1774279509.2227182,18,0.0,0.0,0.0,0.0,0.0,5.992770195007324,0.0,0.10740708973672655,0.5799982845783234,0.21588557853613438,18,0.003904104232788086,0.002054930842635843,0.07435875443311837,0.05886857592819317,0
926,1774279509.3222792,17,0.0,0.0,0.0,0.0,0.0,5.992770195007324,0.0,0.07960760768722086,0.5799982845783234,0.17618225074515426,17,0.0,0.0,0.09508168599644645,0.059018393844278906,0
927,1774279509.42241,17,-0.09645433986888212,-0.8432865142822266,0.0,0.06984035207597274,0.8432865142822266,5.992770195007324,0.14071731216804917,0.04549006153555477,0.3866655230522156,0.12457966422660721,17,0.1623319978473567,0.08544777525962513,0.11225773249903033,0.05891393982048407,0
928,1774279509.522095,15,0.0,0.0,0.0,0.0,0.0,5.992770195007324,0.0,0.06444425384203593,0.5799982845783234,0.1525029389167234,15,0.07495880126953125,0.03946196175653928,0.11141209986250279,0.036033517122044195,0
929,1774279509.6226006,16,0.0,0.0,0.0,0.0,0.0,5.992770195007324,0.0,0.14499957114458084,0.5799982845783234,0.25114662429811213,16,0.06692750113351005,0.03523080786949749,0.09490881020372564,0.03599428034093212,0
930,1774279509.7227945,15,0.0,0.0,0.0,0.0,0.0,5.992770195007324,0.0,0.15466620922088622,0.7733310461044312,0.30933241844177245,15,0.10150671005249023,0.05341196109275791,0.09849027473971529,0.03600278297886223,0
931,1774279509.8224769,17,0.0,0.0,0.0,0.0,0.0,5.992770195007324,0.0,0.27294036921332865,1.1599965691566467,0.4920502481713646,17,0.07905811071395874,0.04161406245489947,0.10038431848470981,0.032846380913899124,0
932,1774279509.9223921,17,-0.17912948832792394,-1.546025276184082,0.0,0.24071985639408786,1.546025276184082,5.992770195007324,0.2579817389747568,0.1933327615261078,0.9666638076305389,0.35089324453636794,17,-0.1421432377015105,-0.07482200987337519,0.137563695701269,0.0455790542860836,0
933,1774279510.0224686,16,0.0,0.0,0.0,0.0,0.0,5.992770195007324,0.0,0.07249978557229042,0.7733310461044312,0.19181640272978906,16,0.07440763361313764,0.03916608795397449,0.14026102306796054,0.04607912035919665,0
934,1774279510.122836,18,0.0,0.0,0.0,0.0,0.0,5.992770195007324,0.0,0.0966663807630539,0.5799982845783234,0.2161525985250665,18,0.0,0.0,0.11248451579700816,0.045338191857909944,0
935,1774279510.2221587,17,0.0,0.0,0.0,0.0,0.0,5.992770195007324,0.0,0.12509766922277563,0.5799982845783234,0.22914983547813145,17,0.0,0.0,0.0766664399155255,0.04533819185790995,0
936,1774279510.3221874,18,-0.1405477523803711,-1.405477523803711,0.0,0.1602242178933011,1.405477523803711,5.992770195007324,0.2345288536134153,0.23629559742079842,2.3199931383132935,0.5638616474212949,18,-0.09369850158691406,-0.04932237581742739,0.05155540307362874,0.05123519980028867,0
937,1774279510.422609,18,-0.2498626708984375,-1.546025276184082,0.0,0.312400644020272,1.546025276184082,5.992770195007324,0.2579817389747568,0.12888850768407187,0.7733310461044312,0.2882034647000886,18,-0.2498626708984375,-0.13150011136101988,0.07733310461044311,0.06970258610804883,0
938,1774279510.5221992,19,-0.2958900050113076,-1.546025276184082,0.0,0.33409178360099023,1.546025276184082,5.992770195007324,0.2579817389747568,0.15263112752061142,0.9666638076305389,0.3524864902429644,19,-0.2958900050113076,-0.1557613610705168,0.10311080614725748,0.08793409025387396,0
939,1774279510.622118,19,-0.37725975638941717,-2.99835205078125,0.0,0.6414683843604381,2.99835205078125,5.608320236206055,0.5346256854992986,0.040701634005496375,0.1933327615261078,0.07881837533335848,19,-0.29917767173365545,-0.1575782914509309,0.1277962321952238,0.11089044621447243,0
940,1774279510.7227855,21,-0.07362025124686104,-1.546025276184082,0.0,0.10839882787301888,1.546025276184082,5.992770195007324,0.2579817389747568,0.0,0.0,0.0,21,-0.07362025124686104,-0.03874783906626868,0.13211072037617366,0.11089268615677413,0
941,1774279510.822227,18,0.0,0.0,0.0,0.0,0.0,5.811095237731934,0.0,0.04296283589469062,0.3866655230522156,0.12151725040056222,18,0.03698625062641345,0.01947162421507967,0.12566629499197007,0.11089268615677413,0
942,1774279510.922429,21,0.0,0.0,0.0,0.0,0.0,6.043910980224609,0.0,0.08285689779690333,0.5799982845783234,0.20295712127234888,21,0.04046071659434925,0.021293883794288454,0.1179657527955912,0.11184640928772707,0
943,1774279511.0225105,21,-0.14277866908482142,-2.99835205078125,0.0,0.407714966912659,2.99835205078125,6.043910980224609,0.49609467455621303,0.036825287909734813,0.1933327615261078,0.07591727587280882,21,-0.0959294182913644,-0.05049564709234984,0.103826853412169,0.11248759122769394,0
944,1774279511.1228786,20,0.0,0.0,0.0,0.0,0.0,6.043910980224609,0.0,0.02899991422891617,0.1933327615261078,0.06903360396656207,20,0.0,0.0,0.0780766921547743,0.11363794613135343,0
945,1774279511.2231545,23,0.0,0.0,0.0,0.0,0.0,6.043910980224609,0.0,0.016811544480531113,0.1933327615261078,0.054475630259036005,23,0.0,0.0,0.06312906498811682,0.11363794613135343,0
946,1774279511.3226063,21,0.0,0.0,0.0,0.0,0.0,5.992770195007324,0.0,0.05523793186460223,0.5799982845783234,0.17025474034060006,21,0.09645433986888212,0.05076019733616241,0.08458308316767216,0.11363794613135346,0
947,1774279511.4228692,20,0.0,0.0,0.0,0.0,0.0,5.992770195007324,0.0,0.019333276152610778,0.1933327615261078,0.05799982845783234,20,0.0,0.0,0.12188369748385056,0.11478391242494683,0
948,1774279511.5226402,22,-0.0553672963922674,-1.2180805206298828,0.0,0.06437628770557294,1.2180805206298828,5.992770195007324,0.20325833979829325,0.02636355838992379,0.5799982845783234,0.12081300191021387,22,-0.0553672963922674,-0.029140073853917304,0.1933327615261078,0.11365311535652213,0
949,1774279511.623318,24,-0.1503080129623413,-1.2180805206298828,0.0,0.15820845944425344,1.2180805206298828,6.043910980224609,0.20153846153846153,0.024166595190763474,0.1933327615261078,0.06393880090992969,24,-0.1503080129623413,-0.07908769292316392,0.209115027773137,0.11336666195955654,0
950,1774279511.7232604,23,-0.10592004527216373,-1.2180805206298828,0.0,0.11780008789980073,1.2180805206298828,5.992770195007324,0.20325833979829325,0.02521731672079667,0.1933327615261078,0.06511083179712221,23,-0.10592004527216373,-0.05572441212217671,0.18173279583454133,0.11181791387651242,0
951,1774279511.8230908,21,-0.058003834315708706,-1.2180805206298828,0.0,0.06728889590648374,1.2180805206298828,5.992770195007324,0.20325833979829325,0.027618965932301114,0.1933327615261078,0.06765237375744962,21,0.12112565401221523,0.06372691076513895,0.1213068307614794,0.11022488239847004,0
952,1774279511.9228022,21,0.0,0.0,0.0,0.0,0.0,5.992770195007324,0.0,0.027618965932301114,0.1933327615261078,0.06765237375744962,21,0.0,0.0,0.09856179999370202,0.11001271344763733,0
953,1774279512.0228531,21,-0.05577291761125837,-1.1712312698364258,0.0,0.06221236677744429,1.1712312698364258,5.992770195007324,0.19544071134451274,0.009206321977433703,0.1933327615261078,0.04117192352858409,21,-0.05577291761125837,-0.02935390416695117,0.15320709403955712,0.10858429028680969,0
954,1774279512.1233985,20,-0.05856156349182129,-1.1712312698364258,0.0,0.0651596776535257,1.1712312698364258,5.992770195007324,0.19544071134451274,0.038666552305221556,0.3866655230522156,0.0985807523638404,20,-0.05856156349182129,-0.030801775386117888,0.16415045789952548,0.10702388976822298,0
955,1774279512.2231457,21,0.0,0.0,0.0,0.0,0.0,5.992770195007324,0.0,0.036825287909734813,0.1933327615261078,0.07591727587280882,21,0.1405477523803711,0.07393521068148699,0.17224191481416876,0.10702388976822298,0
956,1774279512.3232892,19,-0.056712250960500615,-1.0775327682495117,0.0,0.057893029362122435,1.0775327682495117,5.992770195007324,0.17980545443695173,0.040701634005496375,0.3866655230522156,0.11866463496382453,19,0.19315041993793688,0.10162174238523543,0.10702349298766681,0.10653195114427141,0
957,1774279512.4234943,18,-0.05986293156941732,-1.0775327682495117,0.0,0.060920699793440586,1.0775327682495117,6.043910980224609,0.17828402366863905,0.02148141794734531,0.3866655230522156,0.08857015518494361,18,0.23602707344189025,0.1241401520883923,0.062259702864339794,0.09956138757503367,0
958,1774279512.5231712,17,-0.06614011876723346,-1.1243820190429688,0.0,0.06999224496869993,1.1243820190429688,5.992770195007324,0.18762308289073223,0.022745030767777386,0.3866655230522156,0.09098012307110956,17,0.3111196376221837,0.16365646117683122,0.026666587796704524,0.085635221302701,0
959,1774279512.6235154,18,-0.12232859929402669,-1.1243820190429688,0.0,0.11977525776135028,1.1243820190429688,5.992770195007324,0.18762308289073223,0.06444425384203593,0.3866655230522156,0.1441017323500443,18,-0.048708348047165645,-0.025626128249243287,0.04188876499732335,0.049085058278612495,0
960,1774279512.7230227,19,0.0,0.0,0.0,0.0,0.0,6.043910980224609,0.0,0.061052451008244565,0.3866655230522156,0.14099459609718576,19,0.0,0.0,0.05477761576573054,0.049948737445124916,0
961,1774279512.8226492,18,0.0,0.0,0.0,0.0,0.0,5.992770195007324,0.0,0.04296283589469062,0.3866655230522156,0.12151725040056222,18,0.0,0.0,0.04989232555512459,0.049948737445124916,0
962,1774279512.9228318,15,0.0,0.0,0.0,0.0,0.0,5.992770195007324,0.0,0.0,0.0,0.0,15,0.14277866908482142,0.07513396455781053,0.027187419589608908,0.049948737445124916,0
963,1774279513.0229735,17,0.0,0.0,0.0,0.0,0.0,5.860805511474609,0.0,0.0,0.0,0.0,17,0.0,0.0,0.033229068387299776,0.04571432120584211,0
964,1774279513.1232226,19,0.0,0.0,0.0,0.0,0.0,5.860805511474609,0.0,0.030526225504122283,0.3866655230522156,0.09436285647756704,19,0.0,0.0,0.030208243988454342,0.04571432120584211,0
965,1774279513.2234173,16,0.0,0.0,0.0,0.0,0.0,5.860805511474609,0.0,0.0,0.0,0.0,16,0.0,0.0,0.03375651391725692,0.04571432120584211,0
966,1774279513.3236034,17,0.0,0.0,0.0,0.0,0.0,6.043910980224609,0.0,0.0,0.0,0.0,17,0.0,0.0,0.0234342741243767,0.04571432120584211,0
967,1774279513.4233005,17,0.0,0.0,0.0,0.0,0.0,5.860805511474609,0.0,0.0,0.0,0.0,17,0.0553672963922674,0.029130559037493946,0.02521731672079667,0.0457143212058421,0
968,1774279513.5233033,16,0.0,0.0,0.0,0.0,0.0,5.860805511474609,0.0,0.0,0.0,0.0,16,0.1503080129623413,0.0791100920102054,0.02558815961374956,0.04633871188378514,0
969,1774279513.623208,16,0.0,0.0,0.0,0.0,0.0,5.992770195007324,0.0,0.0,0.0,0.0,16,0.10592004527216373,0.05574892847536873,0.026769151595922618,0.03889096999516195,0
970,1774279513.723154,17,0.0,0.0,0.0,0.0,0.0,6.043910980224609,0.0,0.0,0.0,0.0,17,0.058003834315708706,0.030527317189634744,0.02148141794734531,0.03510589861087987,0
971,1774279513.823147,17,0.0,0.0,0.0,0.0,0.0,5.992770195007324,0.0,0.0,0.0,0.0,17,0.0,0.0,0.024946162777562297,0.03455778870727114,0
972,1774279513.923284,18,0.0,0.0,0.0,0.0,0.0,5.992770195007324,0.0,0.0,0.0,0.0,18,0.05577291761125837,0.029347511183193974,0.028064433124757582,0.03455778870727114,0
973,1774279514.0231268,18,0.0,0.0,0.0,0.0,0.0,5.992770195007324,0.0,0.0,0.0,0.0,18,0.05856156349182129,0.030826283709992346,0.038666552305221556,0.03388042321454219,0
974,1774279514.1234434,18,0.0,0.0,0.0,0.0,0.0,5.992770195007324,0.0,0.0,0.0,0.0,18,0.0,0.0,0.03333323474588065,0.03277656360608889,0
975,1774279514.2232854,18,0.0,0.0,0.0,0.0,0.0,5.992770195007324,0.0,0.0,0.0,0.0,18,0.056712250960500615,0.029848611567016906,0.028641890596460412,0.03277656360608889,0
976,1774279514.3226857,18,0.0,0.0,0.0,0.0,0.0,5.992770195007324,0.0,0.0,0.0,0.0,18,0.05986293156941732,0.031520220770848394,0.03647787953322788,0.03149519144365721,0
977,1774279514.4232051,16,0.0,0.0,0.0,0.0,0.0,5.992770195007324,0.0,0.0,0.0,0.0,16,0.06614011876723346,0.03480996681095531,0.05012330854380572,0.029633409044016144,0
978,1774279514.5232158,15,0.0,0.0,0.0,0.0,0.0,5.992770195007324,0.0,0.0,0.0,0.0,15,0.12232859929402669,0.06439362706198183,0.05624225789850408,0.026660900111377166,0
979,1774279514.6233416,17,-0.04684925079345703,-0.7964372634887695,0.0,0.03511763679853175,0.7964372634887695,6.043910980224609,0.13177514792899409,0.09098012307110954,0.9666638076305389,0.25783275696580427,17,-0.04684925079345703,-0.024653363051195563,0.03717937721655919,0.010210557489463595,0
980,1774279514.7236445,16,0.0,0.0,0.0,0.0,0.0,5.992770195007324,0.0,0.12083297595381737,0.9666638076305389,0.3196940045496484,16,0.0,0.0,0.015466620922088623,0.010210557489463595,0
981,1774279514.8232589,19,-0.19232850325734993,-1.358628273010254,0.0,0.1526911929636992,1.358628273010254,5.992770195007324,0.22671122515963477,0.21368357852885597,1.1599965691566467,0.42028255795088676,19,-0.19232850325734993,-0.10120277854879574,0.011372515383888693,0.04261737061544347,0
982,1774279514.92344,22,-0.06601485339078036,-0.7495880126953125,0.0,0.04362949168887836,0.7495880126953125,6.043910980224609,0.12402366863905326,0.07030282237313011,0.3866655230522156,0.14913480730978085,22,-0.06601485339078036,-0.03473613210320685,0.011153813164967757,0.044094183262351726,0
983,1774279515.0230198,21,-0.1405477523803711,-0.7964372634887695,0.0,0.08424052160600175,0.7964372634887695,6.043910980224609,0.13177514792899409,0.05523793186460223,0.3866655230522156,0.13530474751489924,21,-0.1405477523803711,-0.07398039764181365,0.011153813164967757,0.05165390286018597,1
984,1774279515.1231103,22,-0.09795752438631924,-0.7495880126953125,0.0,0.06083912904043154,0.7495880126953125,5.992770195007324,0.12508205526048816,0.0,0.0,0.0,22,-0.09795752438631924,-0.05156492325617401,0.0,0.05390363816653263,1
985,1774279515.2229242,22,-0.13202970678156073,-0.7495880126953125,0.0,0.07854306164134423,0.7495880126953125,5.992770195007324,0.12508205526048816,0.017575705593282528,0.1933327615261078,0.05557926115933376,22,-0.13202970678156073,-0.06951416735019697,0.0,0.05809211143863501,1
986,1774279515.3235588,23,0.0,0.0,0.0,0.0,0.0,6.043910980224609,0.0,0.008405772240265556,0.1933327615261078,0.03942656658922785,23,0.0,0.0,0.0,0.058092111438635005,1
987,1774279515.4230974,18,0.0,0.0,0.0,0.0,0.0,5.992770195007324,0.0,0.0,0.0,0.0,18,0.0,0.0,0.0,0.05809211143863501,1
988,1774279515.5232806,20,0.0,0.0,0.0,0.0,0.0,5.992770195007324,0.0,0.0,0.0,0.0,20,0.0,0.0,0.0,0.058092111438635005,1
989,1774279515.6238453,24,-0.05856156349182129,-0.7027387619018555,0.0,0.03772402390467278,0.7027387619018555,6.043910980224609,0.11627218934911243,0.0,0.0,0.0,24,-0.05856156349182129,-0.030810665777563362,0.0,0.057790434194752056,1
990,1774279515.723522,19,-0.04191775070993524,-0.7964372634887695,0.0,0.031627760842444966,0.7964372634887695,5.992770195007324,0.13289968371426866,0.0,0.0,0.0,19,-0.04191775070993524,-0.02205762186415133,0.0,0.05717777262584364,1
991,1774279515.823265,19,-0.11835600200452302,-0.7964372634887695,0.0,0.07494113420683904,0.7964372634887695,5.992770195007324,0.13289968371426866,0.0,0.0,0.0,19,-0.11835600200452302,-0.06229325484911579,0.0,0.05895202078654527,1
992,1774279515.9283226,20,-0.03513693809509277,-0.7027387619018555,0.0,0.023457483955269254,0.7027387619018555,5.992770195007324,0.11726442680670765,0.038666552305221556,0.3866655230522156,0.11599965691566468,20,-0.03513693809509277,-0.01844269218880812,0.0,0.05811044189510055,1
993,1774279516.0275793,19,-0.03945200066817434,-0.7495880126953125,0.0,0.028016286420989325,0.7495880126953125,5.992770195007324,0.12508205526048816,0.030526225504122283,0.3866655230522156,0.09436285647756704,19,-0.03945200066817434,-0.020719109276002557,0.0,0.05716084962279674,1
994,1774279516.1277907,19,-0.08630125146163137,-0.8432865142822266,0.0,0.06336496030372192,0.8432865142822266,5.992770195007324,0.14071731216804917,0.0,0.0,0.0,19,-0.08630125146163137,-0.04531426276353052,0.0,0.0565945507886522,1
995,1774279516.227662,19,-0.15287650258917557,-0.7495880126953125,0.0,0.0877576124567187,0.7495880126953125,6.043910980224609,0.12402366863905326,0.0,0.0,0.0,19,-0.15287650258917557,-0.08025112813008548,0.0,0.05921407330737611,1
996,1774279516.3278272,18,-0.08068482081095378,-0.7495880126953125,0.0,0.05214129059380765,0.7495880126953125,6.043910980224609,0.12402366863905326,0.02148141794734531,0.1933327615261078,0.06075862520028111,18,-0.08068482081095378,-0.042362640728254373,0.03222212692101797,0.05768937602415101,1
997,1774279516.4230845,17,-0.1322802375344669,-0.7964372634887695,0.0,0.0819158370477862,0.7964372634887695,6.043910980224609,0.13177514792899409,0.03411754615166608,0.1933327615261078,0.07370232329163695,17,-0.1322802375344669,-0.06962598819241567,0.07249978557229042,0.05750362028778126,1
998,1774279516.5233595,17,-0.1322802375344669,-0.7964372634887695,0.0,0.0819158370477862,0.7964372634887695,6.043910980224609,0.13177514792899409,0.0,0.0,0.0,17,-0.08543098674100988,-0.044963251814412804,0.14499957114458084,0.05654890167046478,1
999,1774279516.62269,16,0.0,0.0,0.0,0.0,0.0,6.043910980224609,0.0,0.0,0.0,0.0,16,0.0,0.0,0.13228031051786324,0.058706623425390236,1
1000,1774279516.7232091,15,0.0,0.0,0.0,0.0,0.0,6.043910980224609,0.0,0.0,0.0,0.0,15,0.19232850325734993,0.10122817776381308,0.10913946215183504,0.05870662342539023,1
1001,1774279516.8227117,16,-0.04684925079345703,-0.7495880126953125,0.0,0.032922784498623514,0.7495880126953125,6.043910980224609,0.12402366863905326,0.0,0.0,0.0,16,0.019165602597323333,0.010091027170477239,0.041640902482546295,0.05243828430723016,1
1002,1774279516.9226706,17,0.0,0.0,0.0,0.0,0.0,6.043910980224609,0.0,0.0,0.0,0.0,17,0.1405477523803711,0.07398609864587241,0.023794801418597883,0.05450039560128867,1
1003,1774279517.0228956,20,-0.2319037914276123,-0.8432865142822266,0.0,0.1260887774989783,0.8432865142822266,6.043910980224609,0.1395266272189349,0.0,0.0,0.0,20,-0.13394626704129306,-0.07050600319697266,0.00865669081460184,0.0637108866648103,1
1004,1774279517.1235323,20,-0.11946558952331543,-0.8432865142822266,0.0,0.08109430535085949,0.8432865142822266,6.043910980224609,0.1395266272189349,0.0,0.0,0.0,20,0.0125641172582453,0.006610577690649668,0.009206321977433703,0.06436321956291761,1
1005,1774279517.2233136,21,-0.1472405024937221,-0.8432865142822266,0.0,0.09266158757299658,0.8432865142822266,6.043910980224609,0.1395266272189349,0.0,0.0,0.0,21,-0.1472405024937221,-0.07750500506095312,0.003169389533214882,0.06517169969358702,1
1006,1774279517.3235152,20,-0.1499176025390625,-0.7964372634887695,0.0,0.0901206354342321,0.7964372634887695,6.043910980224609,0.13177514792899409,0.0,0.0,0.0,20,-0.1499176025390625,-0.07888665438035461,0.0,0.06517693728962952,1
1007,1774279517.4228873,17,-0.08543098674100988,-0.7495880126953125,0.0,0.0548029556959786,0.7495880126953125,6.043910980224609,0.12402366863905326,0.0,0.0,0.0,17,-0.08543098674100988,-0.04497298652879095,0.0,0.06263145602864961,1
1008,1774279517.5227745,19,-0.11589025196276213,-0.7495880126953125,0.0,0.07170661502802692,0.7495880126953125,6.043910980224609,0.12402366863905326,0.0,0.0,0.0,19,-0.057328688470940845,-0.030190009671243922,0.0,0.059996172271277,0
1009,1774279517.62339,20,-0.07495880126953125,-0.7495880126953125,0.0,0.05056939698988572,0.7495880126953125,6.043910980224609,0.12402366863905326,0.0,0.0,0.0,20,-0.03304105055959601,-0.01739123473843361,0.013333293898352262,0.05968960183815275,0
1010,1774279517.7224672,17,-0.090942663304946,-0.7964372634887695,0.0,0.06209381454688485,0.7964372634887695,5.992770195007324,0.13289968371426866,0.022745030767777386,0.3866655230522156,0.09098012307110956,17,0.027413338699577017,0.014434134512895224,0.023333264322116458,0.058681423547861544,0
1011,1774279517.8227282,18,-0.04684925079345703,-0.8432865142822266,0.0,0.03731248909843998,0.8432865142822266,5.992770195007324,0.14071731216804917,0.010740708973672655,0.1933327615261078,0.04428507759247181,18,-0.011712312698364258,-0.006182579209694586,0.023333264322116458,0.05914315135279158,0
1012,1774279517.9225907,18,-0.036438306172688804,-0.7964372634887695,1.592874526977539,0.23352144593344645,2.3893117904663086,5.992770195007324,0.398699051142806,0.0,0.0,0.0,18,0.003013694495485539,0.001590330515002789,0.010175408501374094,0.05908517845931953,0
1013,1774279518.022833,19,-0.15780800267269737,-0.7964372634887695,0.0,0.0936186584874986,0.7964372634887695,6.043910980224609,0.13177514792899409,0.010175408501374094,0.1933327615261078,0.04317060211598919,19,-0.071506751211066,-0.037733588693195874,0.006904741483075278,0.05980027943752569,0
1014,1774279518.1222653,20,-0.03513693809509277,-0.7027387619018555,0.0,0.023457483955269254,0.7027387619018555,5.992770195007324,0.11726442680670765,0.02899991422891617,0.1933327615261078,0.06903360396656207,20,0.1177395644940828,0.06214470725955887,0.017901181622787758,0.06117095055631687,0
1015,1774279518.2225947,21,-0.1026221684047154,-0.7495880126953125,0.0,0.06325753453930533,0.7495880126953125,5.992770195007324,0.12508205526048816,0.0,0.0,0.0,21,-0.02193734759376162,-0.011577857087821499,0.018589688608279593,0.059625079468530254,0
1016,1774279518.3226602,20,-0.1452326774597168,-0.7495880126953125,0.0,0.08447986502346794,0.7495880126953125,6.043910980224609,0.12402366863905326,0.009666638076305389,0.1933327615261078,0.042135898498397606,20,-0.012952439925249887,-0.006818596308134136,0.011599965691566468,0.060804773393026416,0
1017,1774279518.422445,21,-0.17624241965157644,-0.7964372634887695,0.0,0.0996890965241767,0.7964372634887695,6.043910980224609,0.13177514792899409,0.0,0.0,0.0,21,-0.04396218211710953,-0.023149132366509936,0.0,0.06295737367616742,0
1018,1774279518.5228496,20,-0.1499176025390625,-0.7964372634887695,0.0,0.0901206354342321,0.7964372634887695,6.043910980224609,0.13177514792899409,0.0,0.0,0.0,20,-0.1499176025390625,-0.07889737406502283,0.0,0.06359702839514471,0
1019,1774279518.6223423,21,-0.17624241965157644,-0.7964372634887695,0.0,0.0996890965241767,0.7964372634887695,6.043910980224609,0.13177514792899409,0.009206321977433703,0.1933327615261078,0.04117192352858409,21,-0.17624241965157644,-0.09280150499668267,0.0,0.06192232490216514,0
1020,1774279518.7227206,21,-0.10708400181361608,-0.7964372634887695,0.0,0.06901093421888341,0.7964372634887695,5.992770195007324,0.13289968371426866,0.0,0.0,0.0,21,-0.060234751020159044,-0.031702351755205145,0.0,0.057100926987572485,0
1021,1774279518.822826,22,-0.1384182409806685,-0.7964372634887695,0.0,0.08649259900030938,0.7964372634887695,6.043910980224609,0.13177514792899409,0.0,0.0,0.0,22,-0.1384182409806685,-0.07284575137285652,0.0,0.055518327570626386,0
1022,1774279518.9226825,21,-0.17624241965157644,-0.7964372634887695,0.0,0.09968909652417672,0.7964372634887695,6.043910980224609,0.13177514792899409,0.009206321977433703,0.1933327615261078,0.04117192352858409,21,0.05566137177603586,0.029298744156924416,0.0,0.05041542050311953,0
1023,1774279519.022777,21,-0.17624241965157644,-0.7964372634887695,0.0,0.0996890965241767,0.7964372634887695,6.043910980224609,0.13177514792899409,0.009206321977433703,0.1933327615261078,0.04117192352858409,21,-0.05677683012826101,-0.02989442465102174,0.0,0.045648812457031396,0
1024,1774279519.1223302,21,-0.22086075374058314,-0.8432865142822266,0.0,0.12252352362616982,0.8432865142822266,6.043910980224609,0.1395266272189349,0.009206321977433703,0.1933327615261078,0.04117192352858409,21,-0.07362025124686106,-0.03876756554987322,0.0,0.05062136148556634,0
1025,1774279519.2222893,18,-0.13013680775960287,-0.8432865142822266,0.0,0.08524697945075684,0.8432865142822266,6.043910980224609,0.1395266272189349,0.0,0.0,0.0,18,0.019780794779459626,0.010417665950614316,0.0,0.050390568017464915,0
1026,1774279519.3225083,19,-0.16767100283974096,-0.8432865142822266,0.0,0.10565690655901742,0.8432865142822266,6.043910980224609,0.1395266272189349,0.0,0.0,0.0,19,-0.08224001609873108,-0.043292854560623886,0.0,0.05098110761117373,0
1027,1774279519.4226987,19,-0.16273950275621915,-0.8432865142822266,0.0,0.09989313930053266,0.8432865142822266,6.043910980224609,0.1395266272189349,0.0,0.0,0.0,19,-0.04684925079345702,-0.024658483145644415,0.006904741483075278,0.05072526248159652,0
1028,1774279519.5222666,19,-0.11835600200452302,-0.7964372634887695,0.0,0.07494113420683904,0.7964372634887695,5.992770195007324,0.13289968371426866,0.0,0.0,0.0,19,-0.04339720073499177,-0.02285414397293917,0.010545423355969516,0.05069530422524707,0
1029,1774279519.6226723,19,-0.11835600200452302,-0.7964372634887695,0.0,0.07494113420683904,0.7964372634887695,5.992770195007324,0.13289968371426866,0.0,0.0,0.0,19,-0.027413338699577017,-0.014426515427026908,0.010943363859968365,0.049221407897981156,0
1030,1774279519.722706,19,-0.16027375271445826,-0.7964372634887695,0.0,0.09664646027518364,0.7964372634887695,5.992770195007324,0.13289968371426866,0.0,0.0,0.0,19,-0.11342450192100123,-0.05969779994883517,0.00703028223731301,0.04866882510951748,0
1031,1774279519.8229628,20,-0.18973946571350098,-0.7964372634887695,0.0,0.10831047386972159,0.7964372634887695,5.992770195007324,0.13289968371426866,0.009666638076305389,0.1933327615261078,0.042135898498397606,20,-0.15330115954081217,-0.08066902546121409,0.013567211335165459,0.045572494569224097,0
1032,1774279519.9229343,22,-0.1682314005765048,-0.7964372634887695,0.0,0.09650547891394035,0.7964372634887695,5.992770195007324,0.13289968371426866,0.017575705593282528,0.1933327615261078,0.05557926115933376,22,-0.010423397903807419,-0.005485706754431535,0.012888850768407185,0.03881846509371253,0
1033,1774279520.0225472,21,-0.13831683567592076,-0.7495880126953125,0.0,0.08141359165963469,0.7495880126953125,5.992770195007324,0.12508205526048816,0.0,0.0,0.0,21,-0.10317989758082799,-0.054297153095074394,0.012677558132859527,0.03882669887839085,0
1034,1774279520.1223366,20,-0.11712312698364258,-0.7964372634887695,0.0,0.0778075140317469,0.7964372634887695,5.992770195007324,0.13289968371426866,0.0,0.0,0.0,20,-0.014500958578927178,-0.007633120409762758,0.003118270347195287,0.03003777354474002,0
1035,1774279520.2222178,22,-0.20443309437144885,-0.7964372634887695,0.0,0.11184677091929073,0.7964372634887695,5.992770195007324,0.13289968371426866,0.02636355838992379,0.1933327615261078,0.06634683365617257,22,-0.05920041691173206,-0.031165370930727465,0.003169389533214882,0.029864396517547714,0
1036,1774279520.3222022,20,-0.11243820190429688,-0.7964372634887695,0.0,0.07185946429899559,0.7964372634887695,5.992770195007324,0.13289968371426866,0.0,0.0,0.0,20,0.06380421774727957,0.03358546004344111,0.003118270347195287,0.03133468787082998,0
1037,1774279520.4225519,19,-0.07643825129458778,-0.7495880126953125,0.0,0.049721612489333905,0.7495880126953125,5.992770195007324,0.12508205526048816,0.0,0.0,0.0,19,0.07347935124447472,0.03867940299695257,0.003118270347195287,0.03532024550054344,0
1038,1774279520.522311,18,-0.12493133544921875,-0.7964372634887695,0.0,0.07828306536339369,0.7964372634887695,5.992770195007324,0.13289968371426866,0.0,0.0,0.0,18,0.05131108420235769,0.02700627976225582,0.003020824398845434,0.0357566433431185,0
1039,1774279520.6224842,19,-0.11835600200452302,-0.7964372634887695,0.0,0.07494113420683904,0.7964372634887695,5.992770195007324,0.13289968371426866,0.0,0.0,0.0,19,-0.011272000190906947,-0.005933369965098929,0.003020824398845434,0.03579445546551187,0
1040,1774279520.7224004,21,-0.06915841783796038,-0.7495880126953125,0.0,0.04548968258766725,0.7495880126953125,6.043910980224609,0.12402366863905326,0.0,0.0,0.0,21,0.06925982314270811,0.036460703425418226,0.006041648797690868,0.0387087499112241,0
1041,1774279520.8224611,20,-0.0726163387298584,-0.7495880126953125,0.0,0.0475130651622635,0.7495880126953125,5.992770195007324,0.12508205526048816,0.0,0.0,0.0,20,0.10362608092171804,0.054546398551838134,0.009206321977433703,0.04175584469603381,0
1042,1774279520.9228194,18,-0.08068482081095378,-0.7495880126953125,0.0,0.05214129059380765,0.7495880126953125,5.992770195007324,0.12508205526048816,0.0,0.0,0.0,18,0.09555759884062266,0.05029235352768436,0.006444425384203593,0.042916063684126884,0
1043,1774279521.022922,18,-0.041643778483072914,-0.7495880126953125,0.0,0.029481472867903202,0.7495880126953125,5.992770195007324,0.12508205526048816,0.0,0.0,0.0,18,0.17921697525751024,0.09429535080403281,0.0033333234745880655,0.04653449663722264,0
1044,1774279521.1222663,17,-0.04409341251148897,-0.7495880126953125,0.0,0.031107664430533314,0.7495880126953125,5.992770195007324,0.12508205526048816,0.0,0.0,0.0,17,0.08604339524811391,0.04528654644905042,0.0,0.04513237701521316,0
1045,1774279521.2222774,18,-0.08068482081095378,-0.7495880126953125,0.0,0.05214129059380765,0.7495880126953125,5.992770195007324,0.12508205526048816,0.0,0.0,0.0,18,0.08698618202878718,0.045787766263167815,0.0,0.04590049450552667,0
1046,1774279521.3231256,18,0.08328755696614583,-0.7495880126953125,2.2487640380859375,0.3052199543971154,2.99835205078125,6.043910980224609,0.49609467455621303,0.0,0.0,0.0,18,0.246027059722365,0.1294588412225158,0.0,0.062127011714839704,0
1047,1774279521.4223251,16,0.1405477523803711,0.0,2.2487640380859375,0.2963050604876116,2.2487640380859375,5.992770195007324,0.37524616578146447,0.0,0.0,0.0,16,0.2589037543848941,0.13626093791628063,0.0,0.08062904278371918,0
1048,1774279521.5220826,21,-0.25432450430733816,-0.8432865142822266,0.0,0.13013831731972902,0.8432865142822266,6.043910980224609,0.1395266272189349,0.009206321977433703,0.1933327615261078,0.04117192352858409,21,-0.13596850230281515,-0.07158458919557031,0.0033333234745880655,0.08807135070634248,0
1049,1774279521.6228578,19,-0.07643825129458778,-0.7495880126953125,0.0,0.049721612489333905,0.7495880126953125,6.043910980224609,0.12402366863905326,0.0,0.0,0.0,19,0.08383550141987048,0.044120424761151064,0.009508168599644646,0.08804648683973064,0
1050,1774279521.7228973,20,-0.11712312698364258,-0.7964372634887695,0.0,0.0778075140317469,0.7964372634887695,6.043910980224609,0.13177514792899409,0.019333276152610778,0.3866655230522156,0.08427179699679521,20,0.0726163387298584,0.03822044263808958,0.009206321977433703,0.08694987893126081,0
1051,1774279521.8225503,17,-0.090942663304946,-0.7964372634887695,0.0,0.06209381454688485,0.7964372634887695,6.043910980224609,0.13177514792899409,0.0,0.0,0.0,17,0.07728873727155879,0.04068650566641587,0.006137547984955803,0.08408101508705859,0
1052,1774279521.92289,16,0.0,0.0,0.0,0.0,0.0,6.043910980224609,0.0,0.0,0.0,0.0,16,0.13831683567592076,0.07278520630376165,0.009206321977433703,0.08406957643223734,0
1053,1774279522.0221908,18,-0.044246514638264976,-0.7964372634887695,0.0,0.033281818979781344,0.7964372634887695,5.992770195007324,0.13289968371426866,0.03222212692101797,0.5799982845783234,0.13285523277741546,18,0.0728766123453776,0.03835905565275692,0.00935481104158586,0.08329177982781502,0
1054,1774279522.1223314,22,-0.10008703578602184,-0.7964372634887695,2.1082162857055664,0.3334769702032063,2.904653549194336,5.992770195007324,0.4846929641343916,0.043939263983206314,0.5799982845783234,0.1294531553121419,22,0.10434605858542702,0.05491569532492764,0.009508168599644646,0.08294396867762178,0
1055,1774279522.2226973,18,-0.07808208465576172,-0.7495880126953125,0.0,0.0490183680312839,0.7495880126953125,5.992770195007324,0.12508205526048816,0.0,0.0,0.0,18,0.034356117248535156,0.018077456821724663,0.0,0.07741459687457679,0
1056,1774279522.3227916,22,-0.161842866377397,-0.7495880126953125,0.0,0.08933593038882688,0.7495880126953125,5.992770195007324,0.12508205526048816,0.02636355838992379,0.3866655230522156,0.08831682758296405,22,-0.08540461508280922,-0.044944127212673414,0.0,0.07955429644013946,0
1057,1774279522.4223995,16,0.0,0.0,0.0,0.0,0.0,6.043910980224609,0.0,0.0,0.0,0.0,16,0.12493133544921875,0.06575027018467419,0.0,0.08099512405942652,0
1058,1774279522.5227668,19,-0.08136975137810958,-0.7964372634887695,0.0,0.05633656900540083,0.7964372634887695,6.043910980224609,0.13177514792899409,0.0,0.0,0.0,19,0.03698625062641345,0.019463552531718872,0.0,0.07997574602077158,0
1059,1774279522.6224978,18,-0.041643778483072914,-0.7495880126953125,0.0,0.029481472867903202,0.7495880126953125,6.043910980224609,0.12402366863905326,0.010740708973672655,0.1933327615261078,0.04428507759247181,18,0.027514639354887467,0.01448064703797185,0.0,0.07913080159167493,0
1060,1774279522.7225344,21,-0.13831683567592076,-0.7964372634887695,0.0,0.08183165876437913,0.7964372634887695,5.992770195007324,0.13289968371426866,0.0,0.0,0.0,21,-0.06570049694606236,-0.03457787512528816,0.0,0.08092190405143698,0
1061,1774279522.8225782,21,-0.17847333635602677,-0.7964372634887695,0.0,0.10255584238528134,0.7964372634887695,5.992770195007324,0.13289968371426866,0.0,0.0,0.0,21,-0.097788515545073,-0.05147417384436542,0.0,0.08468573604922323,0
1062,1774279522.9224682,20,-0.1499176025390625,-0.7964372634887695,0.0,0.0901206354342321,0.7964372634887695,5.992770195007324,0.13289968371426866,0.009666638076305389,0.1933327615261078,0.042135898498397606,20,-0.10827382405598959,-0.056999838757062125,0.0,0.08647608893133366,0
1063,1774279523.0226293,19,-0.1997257533826326,-0.7964372634887695,0.0,0.11201650629780968,0.7964372634887695,5.992770195007324,0.13289968371426866,0.030526225504122283,0.1933327615261078,0.07049729804859288,19,-0.15563234087114364,-0.08189611324541148,0.0,0.09040513907748456,0
1064,1774279523.1219707,18,-0.13013680775960287,-0.7964372634887695,0.0,0.08475923449522169,0.7964372634887695,5.992770195007324,0.13289968371426866,0.0,0.0,0.0,18,-0.04945198694864909,-0.026031564270478435,0.0,0.09060906844015487,0
1065,1774279523.2228074,19,-0.16767100283974096,-0.8432865142822266,0.0,0.10565690655901742,0.8432865142822266,5.992770195007324,0.14071731216804917,0.0,0.0,0.0,19,-0.25095855980588677,-0.13210557628056555,0.003515141118656505,0.09236930806899807,0
1066,1774279523.3222904,19,-0.08136975137810958,-0.7964372634887695,0.0,0.05633656900540083,0.7964372634887695,6.043910980224609,0.13177514792899409,0.0,0.0,0.0,19,-0.22191750375848068,-0.11680082018546425,0.003452370741537639,0.08353270688243455,0
1067,1774279523.4226885,20,-0.037479400634765625,-0.7495880126953125,0.0,0.02668940396688413,0.7495880126953125,6.043910980224609,0.12402366863905326,0.0,0.0,0.0,20,0.21684510367257254,0.11409261737829515,0.009666638076305389,0.06514775441767398,0
1068,1774279523.5223963,16,-0.049777328968048096,-0.7964372634887695,0.0,0.0371667371878992,0.7964372634887695,5.992770195007324,0.13289968371426866,0.0,0.0,0.0,16,0.026660922326539688,0.014035473399439193,0.006904741483075278,0.056631021367034115,0
1069,1774279523.6226437,21,0.0,0.0,0.0,0.0,0.0,5.992770195007324,0.0,0.0,0.0,0.0,21,0.11712312698364258,0.061651979376801086,0.007295575906645577,0.06029848522048696,0
1070,1774279523.722852,22,-0.1426772637800737,-0.8432865142822266,0.0,0.09187996373644781,0.8432865142822266,5.992770195007324,0.14071731216804917,0.0,0.0,0.0,22,-0.05173460047512769,-0.027224414215273853,0.011372515383888693,0.06107435650480151,0
1071,1774279523.8223693,21,-0.18293516976492746,-0.8432865142822266,0.0,0.10763237151432077,0.8432865142822266,5.992770195007324,0.14071731216804917,0.0,0.0,0.0,21,-0.18293516976492746,-0.09630805725292554,0.027618965932301114,0.06408429287569653,0
1072,1774279523.9226015,23,-0.20165547080661939,-0.8432865142822266,0.0,0.11574215455243882,0.8432865142822266,6.043910980224609,0.1395266272189349,0.016811544480531113,0.1933327615261078,0.054475630259036005,23,-0.1574089561683544,-0.0828289169971714,0.026666587796704524,0.06368953763709978,0
1073,1774279524.022565,21,-0.21416800362723215,-0.7964372634887695,0.0,0.11508790154892974,0.7964372634887695,5.992770195007324,0.13289968371426866,0.0,0.0,0.0,21,-0.11408096784121032,-0.060035236412564995,0.024946162777562297,0.06586529544704366,0
1074,1774279524.122785,21,-0.14500958578927176,-0.7964372634887695,0.0,0.0896554860103105,0.7964372634887695,6.043910980224609,0.13177514792899409,0.0,0.0,0.0,21,-0.06692750113351004,-0.035223372286738254,0.010357112224612917,0.06602057534030531,0
1075,1774279524.2225175,21,-0.07362025124686104,-0.7964372634887695,0.0,0.05154170162777703,0.7964372634887695,5.992770195007324,0.13289968371426866,0.018412643954867407,0.1933327615261078,0.056751580113533366,21,0.08822261513053596,0.04643965452085102,0.010175408501374094,0.06616622343812116,0
1076,1774279524.3227499,21,-0.17624241965157644,-0.7964372634887695,0.0,0.0996890965241767,0.7964372634887695,5.992770195007324,0.13289968371426866,0.009206321977433703,0.1933327615261078,0.04117192352858409,21,-0.17624241965157644,-0.09274206795436879,0.0036477879533227883,0.06670583965831486,0
1077,1774279524.4225655,19,-0.08136975137810958,-0.7964372634887695,0.0,0.05633656900540082,0.7964372634887695,6.043910980224609,0.13177514792899409,0.0,0.0,0.0,19,0.0,0.0,0.0033333234745880655,0.06157035768408898,0
1078,1774279524.5228312,19,-0.1257532521298057,-0.8432865142822266,0.0,0.08457173266405411,0.8432865142822266,5.992770195007324,0.14071731216804917,0.020350817002748187,0.3866655230522156,0.08634120423197839,19,-0.0841094736467328,-0.04426037738732884,0.0032222126921017964,0.06080049596021827,0
1079,1774279524.6224635,18,-0.16917785008748373,-0.7964372634887695,0.0,0.10050933201771133,0.7964372634887695,5.992770195007324,0.13289968371426866,0.03222212692101797,0.1933327615261078,0.07205086617502215,18,-0.03086101441156297,-0.016243245749776154,0.003118270347195287,0.0582646336035503,0
1080,1774279524.7225523,15,0.0,0.0,0.0,0.0,0.0,6.043910980224609,0.0,0.0,0.0,0.0,15,0.17847333635602677,0.09393461501857099,0.012888850768407185,0.06496099779942432,0
1081,1774279524.8221283,18,-0.1275340716044108,-0.8432865142822266,0.0,0.0818937328814526,0.8432865142822266,6.043910980224609,0.1395266272189349,0.02148141794734531,0.1933327615261078,0.06075862520028111,18,0.022383530934651702,0.011782913591353417,0.013567211335165459,0.0638170747564776,0
1082,1774279524.922063,16,-0.04392117261886597,-0.7027387619018555,0.0,0.028936041063243323,0.7027387619018555,6.043910980224609,0.11627218934911243,0.012083297595381737,0.1933327615261078,0.046798410354181585,16,0.15580458076376663,0.08202685271818437,0.010357112224612917,0.06571889501145814,0
1083,1774279525.0221856,18,-0.16917785008748373,-0.7964372634887695,0.0,0.10050933201771133,0.7964372634887695,5.992770195007324,0.13289968371426866,0.053703544868363276,0.3866655230522156,0.1257167753652118,18,-0.03904104232788086,-0.020545593086342056,0.0,0.06412605375091353,0
1084,1774279525.1226258,19,-0.15780800267269737,-0.7964372634887695,0.0,0.09361865848749862,0.7964372634887695,5.992770195007324,0.13289968371426866,0.040701634005496375,0.3866655230522156,0.10073140493730814,19,0.009863000167043584,0.005191548866503904,0.0,0.06471231947014762,0
1085,1774279525.2223895,19,-0.12082175204628393,-0.7964372634887695,0.0,0.07816349353911427,0.7964372634887695,5.992770195007324,0.13289968371426866,0.040701634005496375,0.3866655230522156,0.11866463496382453,19,-0.03945200066817435,-0.02076312858266744,0.0,0.06368886143596439,0
1086,1774279525.3225605,21,-0.25432450430733816,-0.8432865142822266,0.0,0.13013831731972902,0.8432865142822266,5.992770195007324,0.14071731216804917,0.10126954175177075,0.7733310461044312,0.250439033739975,21,-0.21684510367257254,-0.11413668726126396,0.0,0.06996479786293525,0
1087,1774279525.4225075,18,-0.1275340716044108,-0.7964372634887695,0.0,0.08140598792591744,0.7964372634887695,5.992770195007324,0.13289968371426866,0.02148141794734531,0.1933327615261078,0.06075862520028111,18,-0.0777567426363627,-0.04092220639550106,0.0,0.06711244297488908,0
1088,1774279525.5225847,18,-0.08068482081095378,-0.7495880126953125,0.0,0.05214129059380765,0.7495880126953125,5.992770195007324,0.12508205526048816,0.0,0.0,0.0,18,-0.08068482081095378,-0.0424670146012911,0.0,0.0656288559487725,0
1089,1774279525.62273,18,-0.03904104232788086,-0.7027387619018555,0.0,0.025911450762805543,0.7027387619018555,6.043910980224609,0.11627218934911243,0.0,0.0,0.0,18,0.10363622145219284,0.05454888160475269,0.005858568531094175,0.06223425900811828,0
1090,1774279525.7226982,18,0.0,0.0,0.0,0.0,0.0,6.043910980224609,0.0,0.02148141794734531,0.3866655230522156,0.08857015518494361,18,0.18293516976492746,0.09626500560572045,0.005948700354649471,0.06843275977679242,0
1091,1774279525.8221233,17,0.0,0.0,0.0,0.0,0.0,6.043910980224609,0.0,0.03411754615166608,0.1933327615261078,0.07370232329163695,17,0.20165547080661939,0.10616117586341639,0.005948700354649471,0.07214132683815802,0
1092,1774279525.9225774,17,0.0,0.0,0.0,0.0,0.0,6.043910980224609,0.0,0.06823509230333216,0.3866655230522156,0.1474046465832739,17,0.21416800362723215,0.11271926074234453,0.006137547984955803,0.07346025445081113,0
1093,1774279526.0220802,18,-0.041643778483072914,-0.7495880126953125,0.0,0.029481472867903202,0.7495880126953125,5.992770195007324,0.12508205526048816,0.08592567178938124,0.3866655230522156,0.1607522122821258,18,0.10336580730619885,0.05442324774163547,0.009206321977433703,0.07022929302693331,0
1094,1774279526.1225832,19,0.0,0.0,0.0,0.0,0.0,5.992770195007324,0.0,0.020350817002748187,0.1933327615261078,0.05933231748191226,19,0.07362025124686104,0.03874616166074563,0.009508168599644646,0.0723200826693211,0
1095,1774279526.2225907,16,0.0,0.0,0.0,0.0,0.0,5.992770195007324,0.0,0.0,0.0,0.0,16,0.17624241965157644,0.0927669395802083,0.0098304793996326,0.07486022599530535,0
1096,1774279526.3225803,19,-0.07643825129458778,-0.7495880126953125,0.0,0.049721612489333905,0.7495880126953125,5.992770195007324,0.12508205526048816,0.040701634005496375,0.5799982845783234,0.13422285662863648,19,0.004931500083521792,0.002595506036499815,0.017261853707688197,0.0719309385784273,0
1097,1774279526.4222326,18,-0.08589029312133789,-0.7964372634887695,0.0,0.05907810773919664,0.7964372634887695,5.992770195007324,0.13289968371426866,0.010740708973672655,0.1933327615261078,0.04428507759247181,18,0.03986295900846781,0.020987116496905493,0.018589688608279593,0.07193959660792633,0
1098,1774279526.5228372,18,-0.08068482081095378,-0.7495880126953125,0.0,0.05214129059380765,0.7495880126953125,5.992770195007324,0.12508205526048816,0.0,0.0,0.0,18,0.08849302927652995,0.04656611981272349,0.018954192306481155,0.07120416957326155,0
1099,1774279526.6225202,16,0.0,0.0,0.0,0.0,0.0,5.992770195007324,0.0,0.012083297595381737,0.1933327615261078,0.046798410354181585,16,0.0,0.0,0.011836699685271906,0.06999593180536093,0
1100,1774279526.7227051,19,-0.11589025196276213,-0.7495880126953125,0.0,0.07170661502802692,0.7495880126953125,5.992770195007324,0.12508205526048816,0.0,0.0,0.0,19,0.011643819641648664,0.006126466164589801,0.029743501773247354,0.06872379722029051,0
1101,1774279526.8227084,21,-0.21416800362723215,-0.7964372634887695,0.0,0.11508790154892974,0.7964372634887695,5.992770195007324,0.13289968371426866,0.0,0.0,0.0,21,-0.17024683100836618,-0.08957317546087153,0.03647787953322788,0.07433252591399217,0
1102,1774279526.92225,20,-0.18973946571350098,-0.7964372634887695,0.0,0.10831047386972159,0.7964372634887695,5.992770195007324,0.13289968371426866,0.02899991422891617,0.3866655230522156,0.09221385006897403,20,-0.020561615626017243,-0.01082153577847131,0.04488081963998931,0.07748139650589901,0
1103,1774279527.0226836,19,-0.11835600200452302,-0.7964372634887695,0.0,0.07494113420683904,0.7964372634887695,5.992770195007324,0.13289968371426866,0.061052451008244565,0.3866655230522156,0.14099459609718576,19,0.03945200066817435,0.02076357930822147,0.062259702864339794,0.07557729997974544,0
1104,1774279527.1226535,20,-0.1546025276184082,-0.8432865142822266,0.0,0.09615647925897974,0.8432865142822266,5.992770195007324,0.14071731216804917,0.0,0.0,0.0,20,-0.03378077557212428,-0.017776885281425087,0.05666649906799711,0.07542629778943992,0
1105,1774279527.2223716,20,-0.19208192825317383,-0.8432865142822266,0.0,0.1112570630823484,0.8432865142822266,5.992770195007324,0.14071731216804917,0.02899991422891617,0.1933327615261078,0.06903360396656207,20,0.062242576054164334,0.03276250905475648,0.04409343683928774,0.07864898422826892,0
1106,1774279527.3224156,22,-0.2810955047607422,-0.8432865142822266,0.0,0.1392733550305407,0.8432865142822266,5.992770195007324,0.14071731216804917,0.0,0.0,0.0,22,-0.1535614331563314,-0.08082571779177238,0.007160472649115103,0.08163020019393492,0
1107,1774279527.4222922,20,-0.11478066444396973,-0.8432865142822266,0.0,0.07516820414110725,0.8432865142822266,5.992770195007324,0.14071731216804917,0.0,0.0,0.0,20,-0.034095843633015946,-0.017947943371305033,0.007160472649115103,0.08138310420264745,0
1108,1774279527.5227253,18,-0.1275340716044108,-0.8432865142822266,0.0,0.0818937328814526,0.8432865142822266,5.992770195007324,0.14071731216804917,0.010740708973672655,0.1933327615261078,0.04428507759247181,18,-0.08849302927652994,-0.046575393117650146,0.01823893976661394,0.08177600568635096,0
1109,1774279527.622708,18,-0.04684925079345703,-0.8432865142822266,0.0,0.03731248909843998,0.8432865142822266,5.992770195007324,0.14071731216804917,0.02148141794734531,0.1933327615261078,0.06075862520028111,18,-0.04684925079345703,-0.024657372322181133,0.04089731493821511,0.08154246774791796,0
1110,1774279527.7223485,21,-0.19632066999162948,-0.9369850158691406,0.0,0.12513146604148034,0.9369850158691406,5.992770195007324,0.15635256907561018,0.09206321977433704,0.7733310461044312,0.22812366758457525,21,-0.19632066999162948,-0.10331442497725524,0.06320494126815063,0.08169455500243784,0
1111,1774279527.8227458,19,-0.04191775070993524,-0.7964372634887695,0.0,0.031627760842444966,0.7964372634887695,5.992770195007324,0.13289968371426866,0.020350817002748187,0.1933327615261078,0.05933231748191226,19,-0.04191775070993524,-0.022060018624321786,0.057283781192920824,0.07956584657243271,0
1112,1774279527.9226558,20,-0.11009573936462402,-0.7495880126953125,0.0,0.06875923542537521,0.7495880126953125,5.992770195007324,0.12508205526048816,0.038666552305221556,0.3866655230522156,0.11599965691566468,20,-0.06845196088155112,-0.036016436031012795,0.03647787953322788,0.07591168450520491,0
1113,1774279528.0226405,20,-0.14757513999938965,-0.7964372634887695,0.0,0.0874154799745952,0.7964372634887695,5.992770195007324,0.13289968371426866,0.04833319038152695,0.3866655230522156,0.12034867350009704,20,-0.14757513999938965,-0.07766878334151879,0.02148141794734531,0.07468470307259449,0
1114,1774279528.1225843,21,-0.17624241965157644,-0.7964372634887695,0.0,0.09968909652417672,0.7964372634887695,5.992770195007324,0.13289968371426866,0.018412643954867407,0.1933327615261078,0.056751580113533366,21,-0.17624241965157644,-0.09275947785583254,0.01823893976661394,0.07093449405799364,0
1115,1774279528.2221727,20,-0.1452326774597168,-0.7495880126953125,0.0,0.08447986502346794,0.7495880126953125,5.992770195007324,0.12508205526048816,0.0,0.0,0.0,20,-0.06879442616512901,-0.0362153618743251,0.017575705593282528,0.06511361824264156,0
1116,1774279528.3223724,21,-0.1405477523803711,-0.7964372634887695,0.0,0.08424052160600175,0.7964372634887695,5.992770195007324,0.13289968371426866,0.027618965932301114,0.1933327615261078,0.06765237375744962,21,-0.0546574592590332,-0.02876496719350786,0.007435875443311838,0.06392699661071446,0
1117,1774279528.4227786,21,-0.21416800362723215,-0.7964372634887695,0.0,0.11508790154892974,0.7964372634887695,5.992770195007324,0.13289968371426866,0.027618965932301114,0.1933327615261078,0.06765237375744962,21,-0.13348318281627836,-0.07025647196124243,0.0036477879533227883,0.06520271930105054,0
1118,1774279528.5226684,21,-0.10708400181361608,-0.7964372634887695,0.0,0.06901093421888341,0.7964372634887695,5.992770195007324,0.13289968371426866,0.13809482966150557,0.9666638076305389,0.33826186878724807,21,-0.10708400181361608,-0.05635560660223139,0.003452370741537639,0.06424072274068147,0
1119,1774279528.622152,20,-0.1499176025390625,-0.7964372634887695,0.0,0.0901206354342321,0.7964372634887695,5.992770195007324,0.13289968371426866,0.05799982845783234,0.3866655230522156,0.13806720793312413,20,-0.034027350576300366,-0.017914346236819954,0.009666638076305389,0.05540670479026342,0
1120,1774279528.722778,20,-0.11243820190429688,-0.7964372634887695,0.0,0.07185946429899559,0.7964372634887695,5.992770195007324,0.13289968371426866,0.019333276152610778,0.1933327615261078,0.05799982845783234,20,0.10172980172293528,0.0535400364498159,0.02899991422891617,0.055515503334837374,0
1121,1774279528.82232,22,-0.10434605858542702,-0.8432865142822266,0.0,0.06942354103160156,0.8432865142822266,5.992770195007324,0.14071731216804917,0.0,0.0,0.0,22,0.08539340712807396,0.04494224385670129,0.0294914381988978,0.05421793654792423,0
1122,1774279528.9224617,18,-0.03904104232788086,-0.7027387619018555,0.0,0.025911450762805543,0.7027387619018555,5.992770195007324,0.11726442680670765,0.0,0.0,0.0,18,0.07931495967664216,0.04174959092402368,0.0294914381988978,0.0576384090303206,0
1123,1774279529.0225568,20,0.0,0.0,0.0,0.0,0.0,5.992770195007324,0.0,0.04833319038152695,0.3866655230522156,0.12034867350009704,20,0.1546025276184082,0.08137389299129151,0.00935481104158586,0.0647806656660658,0
1124,1774279529.1219814,21,-0.11377675192696708,-0.8432865142822266,0.0,0.07787992922667586,0.8432865142822266,5.992770195007324,0.14071731216804917,0.036825287909734813,0.1933327615261078,0.07591727587280882,21,0.07830517632620675,0.04122171624667062,0.00935481104158586,0.06461923228890537,0
1125,1774279529.2220237,18,0.0,0.0,0.0,0.0,0.0,5.992770195007324,0.0,0.0,0.0,0.0,18,0.2810955047607422,0.14797552166077985,0.0032222126921017964,0.06854404196058048,0
1126,1774279529.3227036,21,-0.037925583975655694,-0.7964372634887695,0.0,0.028766998397890247,0.7964372634887695,5.992770195007324,0.13289968371426866,0.018412643954867407,0.1933327615261078,0.056751580113533366,21,0.07685508046831403,0.04044128644252369,0.010357112224612917,0.059598180452584075,0
1127,1774279529.4230824,18,0.0,0.0,0.0,0.0,0.0,5.992770195007324,0.0,0.0,0.0,0.0,18,0.1275340716044108,0.06711058557357646,0.04409343683928774,0.06387704164515551,0
1128,1774279529.522165,21,-0.1093149185180664,-0.7964372634887695,0.0,0.07176818631445972,0.7964372634887695,5.992770195007324,0.13289968371426866,0.027618965932301114,0.1933327615261078,0.06765237375744962,21,-0.062465667724609375,-0.03288606609848247,0.046666528644232916,0.06361510785904889,0
1129,1774279529.6224298,19,-0.11835600200452302,-0.7964372634887695,0.0,0.07494113420683904,0.7964372634887695,5.992770195007324,0.13289968371426866,0.020350817002748187,0.1933327615261078,0.05933231748191226,19,0.07796466798710645,0.04103227795767756,0.05155540307362874,0.06254816133376824,0
1130,1774279529.7227297,17,-0.04409341251148897,-0.7495880126953125,0.0,0.031107664430533314,0.7495880126953125,6.043910980224609,0.12402366863905326,0.011372515383888693,0.1933327615261078,0.04549006153555478,17,-0.0021756618015537285,-0.001145094872188238,0.0360450911319862,0.05996394498927325,0
1131,1774279529.8222485,18,-0.08328755696614583,-0.7964372634887695,0.0,0.05573840964087948,0.7964372634887695,6.043910980224609,0.13177514792899409,0.0,0.0,0.0,18,0.026808182398478195,0.014112595438610013,0.0348632848653637,0.0587781554022246,0
1132,1774279529.922528,22,-0.1682314005765048,-0.7964372634887695,0.0,0.09650547891394035,0.7964372634887695,6.043910980224609,0.13177514792899409,0.02636355838992379,0.1933327615261078,0.06634683365617257,22,-0.020656260577115143,-0.010872359497719749,0.02218572673250417,0.06072590318198248,0
1133,1774279530.0225787,22,-0.1362887295809659,-0.7964372634887695,0.0,0.08378531217583583,0.7964372634887695,5.992770195007324,0.13289968371426866,0.008787852796641264,0.1933327615261078,0.04027100063673795,22,0.03995369007061053,0.02102832020537212,0.015591351735976434,0.060337750679610544,0
1134,1774279530.1224113,20,-0.15226006507873535,-0.7964372634887695,0.0,0.09303430186236028,0.7964372634887695,5.992770195007324,0.13289968371426866,0.0,0.0,0.0,20,-0.007027387619018555,-0.0036981608189930013,0.01870962208317172,0.05903517336573492,0
1135,1774279530.2227554,21,-0.1472405024937221,-0.7964372634887695,0.0,0.09224352046825217,0.7964372634887695,6.043910980224609,0.13177514792899409,0.0,0.0,0.0,21,-0.006692750113350993,-0.003521790149052906,0.06444425384203593,0.05911567426216182,0
1136,1774279530.3221319,22,-0.21082162857055664,-0.8432865142822266,0.0,0.11907073727002171,0.8432865142822266,6.043910980224609,0.1395266272189349,0.017575705593282528,0.1933327615261078,0.05557926115933376,22,0.00334637505667551,0.0017618497395914398,0.07483848833268689,0.0634176717656792,0
1137,1774279530.4224982,21,-0.22086075374058314,-0.8432865142822266,0.0,0.12252352362616985,0.8432865142822266,6.043910980224609,0.1395266272189349,0.0,0.0,0.0,21,-0.11377675192696707,-0.05988786367288422,0.07289595926394228,0.06402118785564198,0
1138,1774279530.5227551,20,-0.19208192825317383,-0.8432865142822266,0.0,0.1112570630823484,0.8432865142822266,6.043910980224609,0.1395266272189349,0.009666638076305389,0.1933327615261078,0.042135898498397606,20,-0.04216432571411133,-0.022184708996454586,0.024946162777562297,0.06692234738679194,0
1139,1774279530.6227477,21,-0.11154583522251674,-0.8432865142822266,0.0,0.07514258508846831,0.8432865142822266,5.992770195007324,0.14071731216804917,0.0,0.0,0.0,21,0.0008923666817801379,0.0004696741948986591,0.006444425384203593,0.06621110881050078,0
1140,1774279530.7223866,21,-0.18293516976492746,-0.8432865142822266,0.0,0.10763237151432077,0.8432865142822266,5.992770195007324,0.14071731216804917,0.018412643954867407,0.1933327615261078,0.056751580113533366,21,-0.07858911117950045,-0.04136123996611356,0.016111063460508983,0.06835013671096074,0
1141,1774279530.82231,23,-0.13443698053774628,-0.8432865142822266,0.0,0.08632532505083311,0.8432865142822266,5.992770195007324,0.14071731216804917,0.008405772240265556,0.1933327615261078,0.03942656658922785,23,-0.09539593820986542,-0.050212399637197244,0.0294914381988978,0.06857032098903414,0
1142,1774279530.922799,22,-0.13202970678156073,-0.7964372634887695,0.0,0.078942125695873,0.7964372634887695,6.043910980224609,0.13177514792899409,0.035151411186565056,0.1933327615261078,0.07456740365489042,22,-0.13202970678156073,-0.06948045772445781,0.0294914381988978,0.06672043807063825,0
1143,1774279531.0226903,22,-0.1703609119762074,-0.8432865142822266,0.0,0.0996753172561632,0.8432865142822266,6.043910980224609,0.1395266272189349,0.0,0.0,0.0,22,-0.056584160049240315,-0.02977002929713309,0.019333276152610778,0.06224865894812064,0
1144,1774279531.1227038,20,-0.037479400634765625,-0.7495880126953125,0.0,0.02668940396688413,0.7495880126953125,6.043910980224609,0.12402366863905326,0.009666638076305389,0.1933327615261078,0.042135898498397606,20,-0.037479400634765625,-0.019718942352198874,0.006783605667582729,0.06499237208916596,0
1145,1774279531.222212,23,-0.25461549344270124,-0.8432865142822266,0.0,0.12287853632151662,0.8432865142822266,6.043910980224609,0.1395266272189349,0.008405772240265556,0.1933327615261078,0.03942656658922785,23,-0.21668990946704553,-0.114076832072894,0.016111063460508983,0.0652786749181502,0
1146,1774279531.3224716,22,-0.16610188917680221,-0.8432865142822266,0.0,0.09512235917949406,0.8432865142822266,6.043910980224609,0.1395266272189349,0.035151411186565056,0.3866655230522156,0.11115852231866752,22,-0.16610188917680221,-0.08745015677695753,0.016666617372940326,0.061912920628601,0
1147,1774279531.4223845,20,-0.0679314136505127,-0.7027387619018555,0.0,0.04158696395251127,0.7027387619018555,6.043910980224609,0.11627218934911243,0.02899991422891617,0.1933327615261078,0.06903360396656207,20,0.04138350486755371,0.021778276753937027,0.020350817002748187,0.05577419872478406,0
1148,1774279531.5224595,19,-0.10849300183747944,-0.7027387619018555,0.0,0.06285424674917266,0.7027387619018555,6.043910980224609,0.11627218934911243,0.050877042506870473,0.3866655230522156,0.12294992872220822,19,0.009863000167043584,0.005190971687687526,0.010740708973672655,0.055798574336931805,0
1149,1774279531.6227732,20,-0.14289021492004395,-0.7964372634887695,0.0,0.0821917315008136,0.7964372634887695,6.043910980224609,0.13177514792899409,0.04833319038152695,0.3866655230522156,0.12034867350009704,20,-0.09879680240855498,-0.05199712693734651,0.013567211335165459,0.055534953150990204,0
1150,1774279531.7225115,19,-0.10602725179571855,-0.7027387619018555,0.0,0.060033162352614675,0.7027387619018555,6.043910980224609,0.11627218934911243,0.0,0.0,0.0,19,-0.02273969482957272,-0.011966603559204021,0.012473081388781148,0.05150272549417687,0
1151,1774279531.8220904,19,-0.03452050058465255,-0.6558895111083984,0.0,0.021449969291069952,0.6558895111083984,6.043910980224609,0.1085207100591716,0.010175408501374094,0.1933327615261078,0.04317060211598919,19,0.13371089999185223,0.070390371428693,0.012083297595381737,0.05543257208019265,0
1152,1774279531.922266,20,-0.1452326774597168,-0.7964372634887695,0.0,0.08491883548344958,0.7964372634887695,6.043910980224609,0.13177514792899409,0.038666552305221556,0.1933327615261078,0.07733310461044311,20,-0.008943947878750885,-0.004708115869874864,0.0030687739924779014,0.05515286228269039,0
1153,1774279532.0222695,19,-0.15287650258917557,-0.7964372634887695,0.0,0.08821968662512043,0.7964372634887695,6.043910980224609,0.13177514792899409,0.020350817002748187,0.1933327615261078,0.05933231748191226,19,-0.0006164375104402153,-0.0003244650041029173,0.006137547984955803,0.05517481668369618,0
1154,1774279532.1229167,18,-0.07027387619018555,-0.6558895111083984,0.0,0.03956830951779011,0.6558895111083984,6.043910980224609,0.1085207100591716,0.06444425384203593,0.3866655230522156,0.1441017323500443,18,0.07696662630353654,0.0405053127160709,0.006041648797690868,0.05737618390954461,0
1155,1774279532.2223094,19,0.0,0.0,0.0,0.0,0.0,6.043910980224609,0.0,0.061052451008244565,0.3866655230522156,0.14099459609718576,19,0.21082162857055664,0.11094838820254452,0.009206321977433703,0.06486083329642368,0
1156,1774279532.3225875,18,0.0,0.0,0.0,0.0,0.0,6.043910980224609,0.0,0.22555488844712576,0.9666638076305389,0.36597301098240914,18,0.22086075374058314,0.1162370410353233,0.003118270347195287,0.06824930739636201,0
1157,1774279532.4222949,16,-0.04392117261886597,-0.7027387619018555,0.0,0.028936041063243323,0.7027387619018555,6.043910980224609,0.11627218934911243,0.14499957114458084,0.9666638076305389,0.3242288977875997,16,0.14816075563430786,0.07799824079760549,0.00935481104158586,0.06623902339958103,0
1158,1774279532.5227392,18,-0.1405477523803711,-0.7027387619018555,0.0,0.06974752864152833,0.7027387619018555,6.043910980224609,0.11627218934911243,0.10740708973672655,0.5799982845783234,0.21588557853613438,18,-0.029001917157854357,-0.015264235113749657,0.008923050531974206,0.06406719695726963,0
1159,1774279532.6221855,18,-0.1093149185180664,-0.7964372634887695,0.0,0.06145586439743056,0.7964372634887695,6.043910980224609,0.13177514792899409,0.12888850768407187,0.7733310461044312,0.2577770153681437,18,0.07362025124686106,0.03875160281756693,0.020504989858829613,0.06406654376815975,0
1160,1774279532.722767,18,-0.12493133544921875,-1.452326774597168,0.0,0.13681246002761327,1.452326774597168,6.043910980224609,0.2402958579881657,0.02148141794734531,0.1933327615261078,0.06075862520028111,18,0.009505645088527526,0.005001767663964782,0.014427818024336403,0.061978044255908374,0
1161,1774279532.8223715,20,-0.07495880126953125,-1.499176025390625,0.0,0.10675761586753651,1.499176025390625,6.043910980224609,0.24804733727810652,0.10633301883935928,0.9666638076305389,0.26278324901908573,20,0.05707090551202948,0.030044080625802307,0.015104121994227171,0.06202190485714279,0
1162,1774279532.9220846,17,0.0,0.0,0.0,0.0,0.0,6.043910980224609,0.0,0.11372515383888693,0.5799982845783234,0.21031467924427072,17,0.1703609119762074,0.08969223206046097,0.005948700354649471,0.06562247118711119,0
1163,1774279533.0219436,16,0.0,0.0,0.0,0.0,0.0,6.043910980224609,0.0,0.1933327615261078,0.9666638076305389,0.37438728283345274,16,0.037479400634765625,0.019733896192927206,0.017846101063948412,0.06666359506868183,0
1164,1774279533.1224217,14,0.0,0.0,0.0,0.0,0.0,6.043910980224609,0.0,0.05523793186460223,0.1933327615261078,0.08733883896466732,14,0.25461549344270124,0.13399336825429173,0.023794801418597883,0.06858481108712976,0
1165,1774279533.2222557,16,-0.2313181757926941,-1.499176025390625,0.0,0.25390840180383734,1.499176025390625,5.992770195007324,0.2501641105209763,0.07249978557229042,0.5799982845783234,0.19181640272978906,16,-0.06521628661589188,-0.03432826236581554,0.03803267439857858,0.06587462077684277,0
1166,1774279533.3225853,15,0.0,0.0,0.0,0.0,0.0,5.811095237731934,0.0,0.1675550599892934,0.7733310461044312,0.30663548450519085,15,0.0679314136505127,0.03574959661330837,0.0425987440650746,0.065718542828142,0
1167,1774279533.4222589,15,-0.09369850158691406,-1.405477523803711,0.0,0.12291172879486112,1.405477523803711,5.992770195007324,0.2345288536134153,0.11599965691566468,0.5799982845783234,0.23199931383132932,15,0.014794500250565376,0.007787401482435901,0.03333323474588065,0.06576770923383776,0
1168,1774279533.5228512,15,-0.099945068359375,-1.499176025390625,0.0,0.13984623365104198,1.499176025390625,5.860805511474609,0.2557969245789602,0.20622161229451497,0.7733310461044312,0.34197985582152407,15,0.042945146560668945,0.02260178016075026,0.019999940847528392,0.06560190017820816,0
1169,1774279533.6223657,18,-0.12232859929402669,-1.452326774597168,0.0,0.13343211651633488,1.452326774597168,5.992770195007324,0.2423464820671958,0.17185134357876247,0.7733310461044312,0.3215044245642516,18,-0.01630134749830814,-0.00858031508022194,0.016666617372940326,0.0647405717565873,0
1170,1774279533.7221787,13,-0.17298184908353365,-1.499176025390625,0.0,0.1861858140324523,1.499176025390625,5.811095237731934,0.2579851067758016,0.11897400709298941,1.1599965691566467,0.30838719008177135,13,-0.1384613484988811,-0.07287100696981196,0.023333264322116458,0.06778877792773617,0
1171,1774279533.8219767,17,-0.2177112242754768,-1.499176025390625,0.6558895111083984,0.35038652494313594,2.1550655364990234,6.043910980224609,0.3565680473372781,0.11372515383888693,0.5799982845783234,0.21031467924427072,17,-0.07247854681575999,-0.0381524136935771,0.040701634005496375,0.07308069210672598,0
1172,1774279533.922556,22,-0.09369850158691406,-1.452326774597168,0.0,0.10395618620474455,1.452326774597168,6.043910980224609,0.2402958579881657,0.07909067516977136,0.5799982845783234,0.17153204345381357,22,0.059178001002261504,0.03114162153591309,0.04833319038152695,0.07198826340010582,0
1173,1774279534.022454,22,0.0276836481961337,0.0,0.6090402603149414,0.016094071926393234,0.6090402603149414,6.043910980224609,0.10076923076923076,0.05272711677984758,0.5799982845783234,0.13269366731234516,22,0.09795752438631924,0.05156914955129819,0.11599965691566468,0.07449238820733857,0
1174,1774279534.1222131,21,0.062465667724609375,-1.452326774597168,1.2180805206298828,0.2053406262803037,2.670407295227051,6.043910980224609,0.4418343195266272,0.12888850768407187,0.9666638076305389,0.2819600499403129,21,0.062465667724609375,0.03287833235074806,0.14226373017958874,0.08058464991992978,0
1175,1774279534.2226229,23,-0.09777234948199728,-1.546025276184082,0.6558895111083984,0.2322560341101383,2.2019147872924805,6.043910980224609,0.36431952662721895,0.06724617792212445,0.3866655230522156,0.14655964695094822,23,-0.09777234948199728,-0.05145817306529299,0.15987132203120452,0.07903379808271047,0
1176,1774279534.3228376,21,0.04684925079345703,0.0,0.5153417587280273,0.02090335523722128,0.5153417587280273,6.043910980224609,0.08526627218934911,0.11047586372920445,0.7733310461044312,0.2706094950297984,21,0.090770423412323,0.04776026431313535,0.12640988253630125,0.08191270534094292,0
1177,1774279534.4224222,24,-0.10150671005249023,-1.499176025390625,0.5153417587280273,0.18229467713126724,2.0145177841186523,6.043910980224609,0.33331360946745564,0.05638872211178144,0.5799982845783234,0.15263053866481685,24,0.03904104232788086,0.02055134585900735,0.08592567178938124,0.08180605306203459,0
1178,1774279534.5229266,24,0.0,0.0,0.0,0.0,0.0,6.043910980224609,0.0,0.0,0.0,0.0,24,0.1093149185180664,0.057511735028071,0.08630926853844098,0.08209744897745762,0
1179,1774279534.6223285,24,0.06636977195739746,0.0,0.6090402603149414,0.031261403243831865,0.6090402603149414,6.043910980224609,0.10076923076923076,0.03222212692101797,0.3866655230522156,0.10686870494422632,24,0.1913011074066162,0.10070804075338588,0.08084824572909963,0.08670734297005436,0
1180,1774279534.7227607,25,-0.04122734069824219,-0.5621910095214844,0.6090402603149414,0.056595583464513766,1.1712312698364258,6.043910980224609,0.1937869822485207,0.023199931383132935,0.3866655230522156,0.08329030267492185,25,0.03373146057128906,0.01774976445304806,0.13496815427294317,0.08555095697962044,0
1181,1774279534.8222349,22,-0.023424625396728516,-0.5153417587280273,0.0,0.01152297457451823,0.5153417587280273,6.043910980224609,0.08526627218934911,0.0,0.0,0.0,22,-0.023424625396728516,-0.012327775022936563,0.12340389033581348,0.08575278337200895,0
1182,1774279534.9219282,22,-0.021295113997025925,-0.4684925079345703,0.0,0.009523119483072915,0.4684925079345703,6.043910980224609,0.07751479289940828,0.0,0.0,0.0,22,-0.021295113997025925,-0.011208045590291144,0.10927503912345223,0.08519849105627908,0
1183,1774279535.0222564,20,-0.025767087936401367,-0.5153417587280273,0.0,0.012614913593722576,0.5153417587280273,6.043910980224609,0.08526627218934911,0.02899991422891617,0.1933327615261078,0.06903360396656207,20,-0.025767087936401367,-0.013562805672948581,0.09881452255778843,0.08453908434979222,0
1184,1774279535.1224,24,-0.007808208465576172,-0.5621910095214844,1.405477523803711,0.21796102700477604,1.9676685333251953,6.043910980224609,0.3255621301775148,0.04833319038152695,0.3866655230522156,0.12787760181985938,24,0.22350996732711792,0.11762788899020211,0.11768081136371779,0.08429278167806083,0
1185,1774279535.2228494,25,-0.01686573028564453,-0.7495880126953125,0.8432865142822266,0.06125920563135878,1.592874526977539,6.043910980224609,0.26355029585798817,0.04639986276626587,0.3866655230522156,0.12565142236099405,25,-0.01686573028564453,-0.00887546681203997,0.16325877639982436,0.07455953486036095,0
1186,1774279535.3226142,21,0.037925583975655694,-0.7495880126953125,1.546025276184082,0.13913671405041864,2.2956132888793945,6.043910980224609,0.3798224852071006,0.05523793186460223,0.3866655230522156,0.1353047475148992,21,0.13162408556256977,0.06926288092433766,0.16513840047021708,0.07618598770924073,0
1187,1774279535.4224615,22,0.0276836481961337,-0.4216432571411133,1.405477523803711,0.1034890998681938,1.8271207809448242,6.043910980224609,0.30230769230769233,0.05272711677984758,0.3866655230522156,0.13269366731234514,22,0.1276287165555087,0.06718678974981827,0.16811544480531113,0.07687551568469962,0
1188,1774279535.5224612,22,0.023424625396728516,-0.5621910095214844,1.546025276184082,0.14900054135967944,2.1082162857055664,6.043910980224609,0.3488165680473373,0.043939263983206314,0.3866655230522156,0.09981082117702071,22,0.1457532246907552,0.07670836941847275,0.13694403941432634,0.07666043487623306,0
1189,1774279535.6225889,23,0.11610466500987178,0.0,1.405477523803711,0.14197250661296779,1.405477523803711,6.043910980224609,0.23254437869822486,0.02521731672079667,0.1933327615261078,0.06511083179712221,23,0.2890865140934054,0.15211795740053713,0.10038431848470981,0.08022086369347133,0
1190,1774279535.7226696,20,0.0,0.0,0.0,0.0,0.0,6.043910980224609,0.0,0.019333276152610778,0.1933327615261078,0.05799982845783234,20,0.2177112242754768,0.11454308043210902,0.07923473833037205,0.07225233000960868,0
1191,1774279535.8224764,24,0.03904104232788086,-0.7495880126953125,1.6865730285644531,0.1404095790746851,2.4361610412597656,6.043910980224609,0.40307692307692305,0.08055531730254491,0.7733310461044312,0.19266029770941992,24,0.13273954391479492,0.06986584252370859,0.08625615514241732,0.055391002403355996,0
1192,1774279535.92241,20,0.04450678825378418,-0.7495880126953125,1.1243820190429688,0.10260385788996018,1.8739700317382812,6.043910980224609,0.31005917159763313,0.019333276152610778,0.3866655230522156,0.08427179699679521,20,0.01682314005765048,0.008854489348448874,0.08201995943531845,0.05165190447788029,0
1193,1774279536.0222707,23,0.01833231552787449,-0.4216432571411133,0.8432865142822266,0.03831241235794449,1.2649297714233398,6.043910980224609,0.20928994082840235,0.06724617792212445,0.7733310461044312,0.21790252103614402,23,-0.044133352196734886,-0.023227376506640435,0.101127906029041,0.05151210777356236,0
1194,1774279536.122901,25,-0.01686573028564453,-0.4216432571411133,0.0,0.006826868593634572,0.4216432571411133,6.043910980224609,0.06976331360946746,0.023199931383132935,0.1933327615261078,0.06282571118049703,25,0.08090661919635275,0.042576199536900686,0.07676447884124868,0.05015188097043806,0
1195,1774279536.2220023,25,0.1386737823486328,0.0,1.546025276184082,0.166015116201379,1.546025276184082,6.043910980224609,0.2557988165680473,0.030933241844177246,0.3866655230522156,0.10489972681751426,25,0.09182453155517578,0.04834995758048848,0.053236557521681854,0.052715755015751674,0
1196,1774279536.3221126,22,0.08730996738780629,0.0,1.405477523803711,0.0942380695132087,1.405477523803711,6.043910980224609,0.23254437869822486,0.0,0.0,0.0,22,0.1888166774402965,0.09939339508726794,0.029536949677599802,0.054632739597704184,0
1197,1774279536.4219706,19,0.0,0.0,0.0,0.0,0.0,6.043910980224609,0.0,0.0,0.0,0.0,19,0.0,0.0,0.018538757954558283,0.047632915357290244,0
1198,1774279536.5225103,19,0.0,0.0,0.0,0.0,0.0,5.992770195007324,0.0,0.0,0.0,0.0,19,-0.06636977195739746,-0.034928117401134766,0.0190609764884895,0.047632915357290244,0
1199,1774279536.6224003,24,-0.02537667751312256,-0.6090402603149414,0.0,0.014811442516915463,0.6090402603149414,6.043910980224609,0.10076923076923076,0.03222212692101797,0.3866655230522156,0.10686870494422632,24,0.01585066318511963,0.0083440370115916,0.008405772240265556,0.0475862525248331,0
