frame_idx,t,numPts,centroid_z,centroid_z_min,centroid_z_max,z_variance,bbox_height,bbox_width,aspect_ratio,doppler_mean,doppler_max,doppler_std,point_count,delta_z,delta_z_rate,doppler_post,window_z_std,label
0,1774286893.2718966,21,0.3078665052141462,-1.405477523803711,3.279447555541992,1.0367168339580157,4.684925079345703,6.043910980224609,0.7751479289940828,0.0,0.0,0.0,21,nan,nan,nan,nan,0
1,1774286893.3769643,19,0.16767100283974096,-1.405477523803711,1.6865730285644531,0.6564493152938838,3.092050552368164,5.992770195007324,0.5159634779495136,0.0,0.0,0.0,19,-0.14019550237440526,-1.3343345520188468,0.0,0.07009775118720263,0
2,1774286893.4816732,19,0.3279447555541992,-1.405477523803711,1.6865730285644531,0.6145586439743056,3.092050552368164,5.992770195007324,0.5159634779495136,0.0,0.0,0.0,19,0.020078250340053005,0.09571251758991493,0.0,0.07129406304712353,0
3,1774286893.571519,18,0.08328755696614583,-1.405477523803711,1.546025276184082,0.5576279688865624,2.951502799987793,6.043910980224609,0.4883431952662722,0.0,0.0,0.0,18,-0.2245789482480004,-0.7495401720149415,0.0,0.1009823640501583,0
4,1774286893.6764135,18,0.07027387619018555,-1.639723777770996,1.546025276184082,0.5992556459943899,3.185749053955078,6.043910980224609,0.5271005917159763,0.0,0.0,0.0,18,-0.23759262902396067,-0.5873490285870558,0.0,0.10874908757175093,0
5,1774286893.7812603,20,-0.007027387619018555,-1.639723777770996,1.546025276184082,0.6424936266213876,3.185749053955078,6.043910980224609,0.5271005917159763,0.07733310461044311,0.7733310461044312,0.23199931383132935,20,-0.31489389283316477,-0.6182103729713617,0.0,0.12379142447734581,0
6,1774286893.8816216,18,-0.07027387619018555,-1.405477523803711,1.546025276184082,0.3473353764604781,2.951502799987793,6.043910980224609,0.4883431952662722,0.010740708973672655,0.1933327615261078,0.04428507759247181,18,-0.37814038140433176,-0.6201818563297457,0.0,0.1397662990247728,0
7,1774286893.9810069,16,-0.17568469047546387,-1.405477523803711,0.0,0.2160557732722168,1.405477523803711,5.992770195007324,0.2345288536134153,0.03624989278614521,0.3866655230522156,0.10181567529254826,16,-0.4835511956896101,-0.681912564180006,0.0,0.1643962807393818,0
8,1774286894.0811038,16,-0.07027387619018555,-1.405477523803711,0.2810955047607422,0.12346044186983818,1.6865730285644531,6.043910980224609,0.2790532544378698,0.024166595190763474,0.3866655230522156,0.09359682070836317,16,-0.37814038140433176,-0.46729735095677843,0.0,0.16278081568840888,0
9,1774286894.181601,17,-0.2232229008394129,-1.405477523803711,0.0,0.2141993573239164,1.405477523803711,6.043910980224609,0.23254437869822486,0.0,0.0,0.0,17,-0.5310894060535591,-0.5838043420872039,0.0,0.1777869822454848,0
10,1774286894.281095,17,-0.1047218547147863,-1.405477523803711,0.0,0.11349436944577389,1.405477523803711,6.043910980224609,0.23254437869822486,0.04549006153555477,0.3866655230522156,0.12457966422660721,17,-0.4125883599289325,-0.4088277872900779,0.0,0.17461682553357658,0
11,1774286894.3812366,25,-0.0299835205078125,-1.405477523803711,1.405477523803711,0.25668885441518796,2.810955047607422,6.043910980224609,0.4650887573964497,0.06186648368835449,0.3866655230522156,0.1417539222413176,25,-0.3378500257219587,-0.3045504896583437,0.0,0.16794405334895768,0
12,1774286894.4814036,23,0.01018461973770805,-0.8432865142822266,1.405477523803711,0.1704267543875815,2.2487640380859375,6.043910980224609,0.37207100591715975,0.05043463344159334,0.3866655230522156,0.13022166359424442,23,-0.29768188547643815,-0.24611836748406604,0.0,0.16139149168976188,0
13,1774286894.5812447,25,0.08432865142822266,-0.8432865142822266,1.546025276184082,0.3315104913781397,2.3893117904663086,6.043910980224609,0.39532544378698226,0.06186648368835449,0.5799982845783234,0.17048398186877303,25,-0.22353785378592356,-0.17072454047626506,0.0,0.15634686468968584,0
14,1774286894.6812377,27,0.2134243647257487,-1.405477523803711,1.546025276184082,0.5108857439811092,2.951502799987793,6.043910980224609,0.4883431952662722,0.14320945298230206,0.7733310461044312,0.30039868285889143,27,-0.09444214048839752,-0.06701155646252291,0.0,0.15808180545041867,0
15,1774286894.7812884,22,0.18313798037442294,-1.405477523803711,1.546025276184082,0.49162877590423865,2.951502799987793,6.043910980224609,0.4883431952662722,0.17575705593282526,0.9666638076305389,0.37283701827445226,22,-0.12472852483972327,-0.08263495674660815,0.0,0.15699261120718377,0
16,1774286894.8811657,24,0.3220885992050171,-0.5153417587280273,1.546025276184082,0.3150184626488084,2.0613670349121094,5.992770195007324,0.34397565196634244,0.13694403941432634,0.9666638076305389,0.3081175072951735,24,0.014222093990870877,0.008837610576352845,0.0,0.1654026844202989,0
17,1774286894.981523,26,0.25947277362530047,-1.405477523803711,1.6865730285644531,0.6345201113409267,3.092050552368164,5.992770195007324,0.5159634779495136,0.16358925975286043,1.3533293306827545,0.4001578907007401,26,-0.048393731588845745,-0.028306611645209475,0.0,0.16685847623543212,0
18,1774286895.0813663,24,0.23424625396728516,-0.5621910095214844,1.546025276184082,0.35812673360169356,2.1082162857055664,5.992770195007324,0.3517932804201229,0.11277744422356288,0.9666638076305389,0.2671717623605657,24,-0.07362025124686106,-0.04068609231344001,0.0,0.16625938209845353,0
19,1774286895.1812885,26,0.5585872209989108,-0.5153417587280273,4.778623580932617,1.1350633213454429,5.2939653396606445,5.992770195007324,0.8833920152771976,0.14128163342292493,0.7733310461044312,0.2915204597042626,26,0.25072071578476457,0.13130919765937005,0.0,0.19232819088855854,0
20,1774286895.2869768,23,0.21387701449186905,-1.405477523803711,1.546025276184082,0.38206196443241935,2.951502799987793,5.992770195007324,0.4925105925881721,0.11768081136371779,0.7733310461044312,0.25962816610544964,23,0.04620601165212809,0.024191471023852246,0.0,0.18847397244944664,0
21,1774286895.3818674,24,0.16982853412628174,-1.405477523803711,1.405477523803711,0.3260841763275124,2.810955047607422,5.992770195007324,0.4690577072268306,0.16916616633534431,1.1599965691566467,0.3798078564342967,24,-0.15811622142791748,-0.0832105603117293,0.0,0.18851193325776913,0
22,1774286895.4816606,23,0.1222154368524966,-0.37479400634765625,1.405477523803711,0.1581704336051072,1.7802715301513672,5.992770195007324,0.29706988124365935,0.12608658360398334,0.9666638076305389,0.32555415898561113,23,0.03892787988635077,0.020379576946863508,0.027618965932301114,0.18140723589127564,0
23,1774286895.5816002,20,0.07964372634887695,-0.6558895111083984,1.405477523803711,0.14949139014674984,2.0613670349121094,5.992770195007324,0.34397565196634244,0.0966663807630539,0.9666638076305389,0.2629609854269737,20,0.009369850158691406,0.004918074637601721,0.03107133667383875,0.18141791304261615,0
24,1774286895.6816704,22,0.057496807791969994,-1.405477523803711,1.405477523803711,0.21667817715271773,2.810955047607422,5.992770195007324,0.4690577072268306,0.10545423355969516,0.5799982845783234,0.22370221096467136,22,0.06452419541098856,0.03395277306384938,0.04296283589469062,0.18151578734790605,0
25,1774286895.7815123,19,0.24657500417608963,-0.6558895111083984,1.8271207809448242,0.4005818244646923,2.4830102920532227,5.992770195007324,0.41433430805036703,0.09157867651236684,0.5799982845783234,0.18145352666180922,19,0.3168488803662752,0.16677216580428916,0.023199931383132935,0.18305079666511567,0
26,1774286895.8820038,20,0.037479400634765625,-0.6558895111083984,1.405477523803711,0.11887320056302997,2.0613670349121094,5.992770195007324,0.34397565196634244,0.17399948537349702,0.9666638076305389,0.3506738676818287,20,0.2131640911102295,0.11213279121133264,0.01972783280878651,0.17938990420604511,0
27,1774286895.9821062,19,-0.11095875187924034,-1.405477523803711,0.0,0.11764651524438877,1.405477523803711,5.992770195007324,0.2345288536134153,0.12210490201648913,0.7733310461044312,0.2819891921943715,19,-0.040684875689054795,-0.021401801248467123,0.023199931383132935,0.1747405867529686,0
28,1774286896.081683,19,-0.11342450192100123,-1.405477523803711,0.0,0.12067431703207379,1.405477523803711,5.992770195007324,0.2345288536134153,0.13228031051786324,0.7733310461044312,0.2590236126959352,19,0.10979839891841167,0.05778614094587237,0.0393219175985304,0.17723469274952672,0
29,1774286896.1820855,17,-0.1267685609705308,-1.405477523803711,0.0,0.13317968834322075,1.405477523803711,5.992770195007324,0.2345288536134153,0.13647018460666432,0.5799982845783234,0.2460251240856823,17,-0.022046706255744494,-0.01159748374146394,0.053538303191845237,0.16921883740382723,0
30,1774286896.2820415,19,0.0,0.0,0.0,0.0,0.0,5.992770195007324,0.0,0.09157867651236684,0.5799982845783234,0.21149189414577863,19,0.0299835205078125,0.01577411705207641,0.05826466785718317,0.1638640903995334,0
31,1774286896.3821287,19,-0.02712325045936986,-0.7495880126953125,1.6865730285644531,0.23411352537469937,2.4361610412597656,5.992770195007324,0.4065166795965865,0.08140326801099275,0.7733310461044312,0.23732926992764905,19,-0.03730787019707791,-0.019628230132549628,0.08764418522516887,0.16373382553453236,0
32,1774286896.4816115,19,0.08876700150339227,0.0,1.6865730285644531,0.1418324500062584,1.6865730285644531,5.992770195007324,0.28143462433609834,0.12210490201648913,0.7733310461044312,0.2819891921943715,19,0.004438350075169614,0.002335522865660276,0.12540503450342128,0.16196761614801808,0
33,1774286896.5820222,17,0.0,0.0,0.0,0.0,0.0,5.992770195007324,0.0,0.2047052769099965,1.1599965691566467,0.4422139397498217,17,-0.2134243647257487,-0.1122822527060211,0.15095845762997456,0.16404656694350161,0
34,1774286896.6821644,18,-0.04684925079345703,-0.8432865142822266,0.0,0.03731248909843998,0.8432865142822266,5.992770195007324,0.14071731216804917,0.12888850768407187,0.7733310461044312,0.2882034647000886,18,-0.22998723116787997,-0.12099012544524389,0.15842545736167166,0.16645898760425784,0
35,1774286896.7817976,16,0.0,0.0,0.0,0.0,0.0,5.992770195007324,0.0,0.14499957114458084,0.7733310461044312,0.3018406771888445,16,-0.3220885992050171,-0.16946395481688767,0.13846805893086098,0.1670776422443653,0
36,1774286896.8819036,17,0.0,0.0,0.0,0.0,0.0,5.992770195007324,0.0,0.10235263845499824,0.5799982845783234,0.22110696987491085,17,-0.25947277362530047,-0.1365372663065961,0.1399118668938938,0.160104029333319,0
37,1774286896.9820516,17,0.05236092735739315,0.0,0.8901357650756836,0.04386666741961925,0.8901357650756836,5.992770195007324,0.14853494062182968,0.13647018460666432,0.7733310461044312,0.2948092931665478,17,-0.181885326609892,-0.09569460321397509,0.12447451769489132,0.15491394456778798,0
38,1774286897.0820608,17,-0.20117619458366842,-0.8901357650756836,0.0,0.13188859875503944,0.8901357650756836,5.992770195007324,0.14853494062182968,0.10235263845499824,0.5799982845783234,0.22110696987491085,17,-0.7597634155825792,-0.39971300209606125,0.1430132756494496,0.16102983270564075,0
39,1774286897.1815825,19,-0.09616425162867497,-0.9369850158691406,0.0,0.0786620472471267,0.9369850158691406,5.992770195007324,0.15635256907561018,0.1628065360219855,0.7733310461044312,0.3152735013334339,19,-0.310041266120544,-0.16364422238153883,0.13809482966150557,0.11399888852621491,0
40,1774286897.2815552,21,0.0,0.0,0.0,0.0,0.0,5.992770195007324,0.0,0.13809482966150557,0.9666638076305389,0.33826186878724807,21,-0.16982853412628174,-0.0893981300895045,0.1327359258238949,0.10470907445789575,0
41,1774286897.3817303,19,0.0,0.0,0.0,0.0,0.0,5.992770195007324,0.0,0.1628065360219855,1.3533293306827545,0.3507196295415547,19,-0.1222154368524966,-0.06432155408730743,0.1100509565610152,0.09778447257972189,0
42,1774286897.4819512,19,-0.12082175204628393,-1.405477523803711,0.0,0.13107098582111276,1.405477523803711,5.992770195007324,0.2345288536134153,0.09157867651236684,0.5799982845783234,0.21149189414577863,19,-0.20046547839516088,-0.10548865624443889,0.09825107552966134,0.09670114699260042,0
43,1774286897.581635,22,-0.1980445601723411,-1.405477523803711,0.0,0.1827577325177722,1.405477523803711,6.043910980224609,0.23254437869822486,0.1933327615261078,1.5466620922088623,0.4589918313906997,22,-0.2555413679643111,-0.13449796478569495,0.12360619179538039,0.10203998987675457,0
44,1774286897.6820192,21,-0.09146758488246373,-0.9838342666625977,0.0,0.07953228968828475,0.9838342666625977,6.043910980224609,0.1627810650887574,0.11047586372920445,0.7733310461044312,0.2706094950297985,21,-0.33804258905855333,-0.17786969151579798,0.12999961550893455,0.10096340494289124,0
45,1774286897.781552,22,0.0,0.0,0.0,0.0,0.0,6.043910980224609,0.0,0.07909067516977136,0.5799982845783234,0.19904050096851772,22,-0.037479400634765625,-0.019730691127703134,0.1433329094072868,0.0782895071478237,0
46,1774286897.8817399,23,-0.16906468764595364,-1.405477523803711,0.0,0.19366978384710135,1.405477523803711,6.043910980224609,0.23254437869822486,0.08405772240265556,0.9666638076305389,0.27237815129518006,23,-0.0581059357667133,-0.030587969363839142,0.1300602213902907,0.07997556529307318,0
47,1774286897.9816349,23,-0.10795696921970534,-1.405477523803711,0.0,0.12471242047380289,1.405477523803711,6.043910980224609,0.23254437869822486,0.06724617792212445,0.7733310461044312,0.18568957804396802,23,0.0054675327012958935,0.0028777215892200167,0.11951479803432118,0.07987886468695075,0
48,1774286898.0816379,22,-0.1639723777770996,-1.405477523803711,0.0,0.17314391665867002,1.405477523803711,6.043910980224609,0.23254437869822486,0.07030282237313011,0.3866655230522156,0.14913480730978085,22,-0.03720381680656881,-0.0195855707262258,0.10193909244103865,0.08235734075227133,0
49,1774286898.1817229,23,-0.1425846763279127,-1.1243820190429688,0.0,0.1355995517308146,1.1243820190429688,6.043910980224609,0.18603550295857987,0.033623088961062225,0.3866655230522156,0.09284478902198401,23,-0.1425846763279127,-0.07505715516422448,0.09836228217994958,0.08306359429278878,0
50,1774286898.28218,22,0.09582801298661665,-1.1243820190429688,3.232598304748535,0.5232682066820479,4.356980323791504,6.043910980224609,0.720887573964497,0.07909067516977136,0.5799982845783234,0.19904050096851772,22,0.12295126344598652,0.06470944224692583,0.1335753625089472,0.08900712216801981,0
51,1774286898.3816457,23,-0.04481232684591542,-1.0306835174560547,0.0,0.04417918202159336,1.0306835174560547,6.043910980224609,0.17053254437869822,0.0,0.0,0.0,23,-0.1335793283493077,-0.0703036445906514,0.15036992563141716,0.08879931867566097,0
52,1774286898.481563,24,-0.04489719867706299,-1.0775327682495117,0.0,0.04636244432809633,1.0775327682495117,6.043910980224609,0.17828402366863905,0.05638872211178144,0.7733310461044312,0.1625142385240589,24,-0.04489719867706299,-0.023635815711615497,0.15921521537444172,0.08235043616854623,0
53,1774286898.581561,20,0.0,0.0,0.0,0.0,0.0,6.043910980224609,0.0,0.04833319038152695,0.3866655230522156,0.12034867350009704,20,0.04684925079345703,0.024665332855842614,0.12509766922277563,0.08235043616854623,0
54,1774286898.6820498,21,0.0,0.0,0.0,0.0,0.0,6.043910980224609,0.0,0.018412643954867407,0.1933327615261078,0.056751580113533366,21,0.0,0.0,0.12759962260723115,0.0834632341809135,0
55,1774286898.7820916,23,-0.04684925079345703,-1.0775327682495117,0.0,0.048286750597981154,1.0775327682495117,6.043910980224609,0.17828402366863905,0.008405772240265556,0.1933327615261078,0.03942656658922785,23,-0.04684925079345703,-0.02465506126374943,0.11372515383888693,0.08235043616854623,0
56,1774286898.8815973,22,0.0,-1.0775327682495117,1.0775327682495117,0.10555244242285963,2.1550655364990234,6.043910980224609,0.3565680473372781,0.017575705593282528,0.1933327615261078,0.05557926115933376,22,-0.05236092735739315,-0.027564974191771476,0.13496815427294317,0.08235043616854623,0
57,1774286898.9821606,25,-0.14242172241210938,-1.405477523803711,0.0,0.15161688511398097,1.405477523803711,6.043910980224609,0.23254437869822486,0.023199931383132935,0.3866655230522156,0.08329030267492185,25,0.05875447217155905,0.030921782941953243,0.13567211335165458,0.07948343201087658,0
58,1774286899.0820918,25,-0.04310131072998047,-1.0775327682495117,0.0,0.04458535167941591,1.0775327682495117,6.043910980224609,0.17828402366863905,0.0,0.0,0.0,25,0.0530629408986945,0.02792037865565927,0.15401084392757738,0.07409299764756659,0
59,1774286899.182098,25,-0.31482696533203125,-1.405477523803711,0.0,0.25943505361283314,1.405477523803711,6.043910980224609,0.23254437869822486,0.09279972553253174,0.5799982845783234,0.19037142368606644,25,-0.31482696533203125,-0.16565108448220361,0.131073058661768,0.09178507186840267,0
60,1774286899.2821462,23,-0.15684314396070398,-1.405477523803711,0.0,0.16673409172800058,1.405477523803711,6.043910980224609,0.23254437869822486,0.033623088961062225,0.3866655230522156,0.10895126051807201,23,-0.15684314396070398,-0.08253095765922143,0.15144399652878443,0.09159269975436006,0
61,1774286899.3820915,24,-0.16202032566070557,-1.546025276184082,1.452326774597168,0.36470747999395314,2.99835205078125,6.043910980224609,0.49609467455621303,0.04833319038152695,0.3866655230522156,0.11505600661093679,24,-0.04119857361442164,-0.021681858928513476,0.13408562492939732,0.09091515806042559,0
62,1774286899.4816194,23,-0.09777234948199728,-1.1243820190429688,0.0,0.1003740393939131,1.1243820190429688,6.043910980224609,0.18603550295857987,0.04202886120132778,0.5799982845783234,0.1269243774291997,23,0.10027221069034381,0.05277528216284974,0.12789705762496362,0.09069711168770024,0
63,1774286899.5815902,21,-0.18070425306047713,-1.546025276184082,0.0,0.20156806835891944,1.546025276184082,6.043910980224609,0.2557988165680473,0.009206321977433703,0.1933327615261078,0.04117192352858409,21,-0.0892366681780134,-0.04697727587240298,0.09080781223195972,0.08975281127616161,0
64,1774286899.6820188,20,-0.05621910095214844,-1.1243820190429688,0.0,0.06005115892548929,1.1243820190429688,6.043910980224609,0.18603550295857987,0.02899991422891617,0.1933327615261078,0.06903360396656207,20,-0.05621910095214844,-0.029581734596139695,0.07676447884124868,0.0900654442015689,0
65,1774286899.7816188,21,-0.05354200090680804,-1.1243820190429688,0.0,0.05733491722209268,1.1243820190429688,6.043910980224609,0.18603550295857987,0.0,0.0,0.0,21,0.1155226867391456,0.06080528709066198,0.07392134999527651,0.08815842413447787,0
66,1774286899.8814747,17,-0.090942663304946,-1.546025276184082,0.0,0.13232908814394834,1.546025276184082,6.043910980224609,0.2557988165680473,0.056862576919443464,0.3866655230522156,0.12866532395353644,17,0.01701430591475933,0.008955652584750355,0.056862576919443464,0.08635125556901502,0
67,1774286899.981954,19,-0.1405477523803711,-1.546025276184082,0.0,0.17258470189804748,1.546025276184082,6.043910980224609,0.2557988165680473,0.010175408501374094,0.1933327615261078,0.04317060211598919,19,0.023424625396728516,0.01232669853750779,0.06059683570221289,0.0870233867121249,0
68,1774286900.0818014,21,0.0,0.0,0.0,0.0,0.0,5.992770195007324,0.0,0.07365057581946963,0.3866655230522156,0.15183455174561764,21,0.1425846763279127,0.07504146470551686,0.036960674997638256,0.08732678205419925,0
69,1774286900.182094,22,-0.10221654718572443,-1.1243820190429688,0.0,0.10448222518571428,1.1243820190429688,5.992770195007324,0.18762308289073223,0.0966663807630539,0.5799982845783234,0.20814414753006966,22,-0.19804456017234107,-0.10423869576991049,0.0448307852814163,0.0863436270669448,0
70,1774286900.2820933,21,-0.15839508601597377,-1.1243820190429688,0.0,0.1506036974948371,1.1243820190429688,5.992770195007324,0.18762308289073223,0.027618965932301114,0.1933327615261078,0.06765237375744962,21,-0.11358275917005835,-0.05976631965505349,0.03462676325840736,0.07796271380883234,0
71,1774286900.3820038,19,0.0,0.0,0.0,0.0,0.0,5.992770195007324,0.0,0.030526225504122283,0.1933327615261078,0.07049729804859288,19,0.04489719867706299,0.023624624985541385,0.041640902482546295,0.0799009349495396,0
72,1774286900.481919,19,-0.05917800100226151,-1.1243820190429688,0.0,0.06303664444722595,1.1243820190429688,5.860805511474609,0.19184769343422017,0.030526225504122283,0.1933327615261078,0.07049729804859288,19,-0.05917800100226151,-0.031140449429187835,0.024166595190763474,0.07956165808779002,0
73,1774286900.5814972,19,-0.0739725012528269,-1.405477523803711,0.0,0.09849475694879054,1.405477523803711,5.860805511474609,0.2398096167927752,0.020350817002748187,0.1933327615261078,0.05933231748191226,19,-0.0739725012528269,-0.03894422117305147,0.01464642132773544,0.07695555625380504,0
74,1774286900.6820986,19,-0.0739725012528269,-1.405477523803711,0.0,0.09849475694879054,1.405477523803711,5.860805511474609,0.2398096167927752,0.0,0.0,0.0,19,-0.027123250459369863,-0.01427534231382581,0.016571379559380667,0.07407359977939985,0
75,1774286900.7821481,22,0.0,0.0,0.0,0.0,0.0,5.860805511474609,0.0,0.0,0.0,0.0,22,0.0,0.0,0.013425886217090819,0.07634968541678791,0
76,1774286900.8821185,24,0.0,0.0,0.0,0.0,0.0,6.043910980224609,0.0,0.016111063460508983,0.1933327615261078,0.05343435247211316,24,0.14242172241210938,0.07496046242182677,0.038666552305221556,0.07634968541678791,0
77,1774286900.9819443,20,0.0,0.0,0.0,0.0,0.0,6.043910980224609,0.0,0.0966663807630539,0.5799982845783234,0.20732628917049448,20,0.04310131072998047,0.02268666141519439,0.04237430389613321,0.07824402728081171,0
78,1774286901.0819955,19,0.0,0.0,0.0,0.0,0.0,6.043910980224609,0.0,0.020350817002748187,0.3866655230522156,0.08634120423197839,19,0.31482696533203125,0.16570733570693916,0.059073899355199605,0.08003003033807014,0
79,1774286901.1820517,20,-0.05856156349182129,-1.1712312698364258,0.0,0.0651596776535257,1.1712312698364258,6.043910980224609,0.1937869822485207,0.02899991422891617,0.3866655230522156,0.09221385006897403,20,0.09828158046888269,0.051729722034895495,0.04142844889845167,0.06051163415364654,0
80,1774286901.2820733,20,-0.07027387619018555,-1.405477523803711,0.0,0.09382993582107702,1.405477523803711,6.043910980224609,0.23254437869822486,0.08699974268674851,0.5799982845783234,0.20710081189968624,20,0.09174644947052002,0.048288069131009886,0.03411754615166608,0.057392733709912755,0
81,1774286901.3817523,22,-0.04897876219315962,-1.0775327682495117,0.0,0.050377302065455744,1.0775327682495117,5.992770195007324,0.17980545443695173,0.10545423355969516,0.7733310461044312,0.23840847003980514,22,0.04879358728883766,0.02567903930807247,0.027187419589608908,0.053370712562715784,0
82,1774286901.4817615,21,-0.18070425306047713,-1.405477523803711,0.0,0.19738739731147512,1.405477523803711,6.043910980224609,0.23254437869822486,0.11047586372920445,0.7733310461044312,0.23543717269438344,21,0.0,0.0,0.012473081388781148,0.05883289311037502,0
83,1774286901.581842,22,-0.0553672963922674,-1.2180805206298828,0.0,0.06437628770557292,1.2180805206298828,6.043910980224609,0.20153846153846153,0.14060564474626022,0.7733310461044312,0.27454129782753117,22,0.000851804559881035,0.00044835991312815524,0.026666587796704524,0.05279690739512619,0
84,1774286901.681772,21,-0.10039125170026507,-1.0775327682495117,0.0,0.09579709085857982,1.0775327682495117,6.043910980224609,0.17828402366863905,0.09206321977433704,0.5799982845783234,0.20337429976244112,21,-0.04684925079345703,-0.024655512922500133,0.020350817002748187,0.05346439822670944,0
85,1774286901.7817771,21,-0.06692750113351005,-1.405477523803711,0.0,0.08958580815951979,1.405477523803711,6.043910980224609,0.23254437869822486,0.036825287909734813,0.3866655230522156,0.11350316022706673,21,0.024015162171435955,0.01263754760477676,0.047485239673079105,0.05342116699895945,0
86,1774286901.8818233,21,-0.2766336713518415,-1.405477523803711,0.0,0.24893905291793672,1.405477523803711,6.043910980224609,0.23254437869822486,0.018412643954867407,0.1933327615261078,0.056751580113533366,21,-0.13608591897147043,-0.0716290988431905,0.062365406943905737,0.07065110004619136,0
87,1774286901.9821033,20,-0.05621910095214844,-1.1243820190429688,0.0,0.06005115892548929,1.1243820190429688,6.043910980224609,0.18603550295857987,0.019333276152610778,0.1933327615261078,0.05799982845783234,20,-0.05621910095214844,-0.029584299193369905,0.06645813677459955,0.06900960306336622,0
88,1774286902.0816257,20,0.0,0.0,0.0,0.0,0.0,6.043910980224609,0.0,0.0,0.0,0.0,20,0.10221654718572443,0.053811448586509825,0.05301059590231988,0.06900960306336622,0
89,1774286902.1819096,22,-0.10860508138483221,-1.2180805206298828,0.0,0.11800052003287638,1.2180805206298828,6.043910980224609,0.20153846153846153,0.0,0.0,0.0,22,0.049790004631141555,0.02620779982553797,0.0294914381988978,0.06917678234982606,0
90,1774286902.2816536,20,-0.051534175872802734,-1.0306835174560547,0.0,0.050459654374890306,1.0306835174560547,6.043910980224609,0.17053254437869822,0.009666638076305389,0.1933327615261078,0.042135898498397606,20,-0.051534175872802734,-0.027128249789243056,0.027134422670330918,0.06615836010418194,0
91,1774286902.3821497,23,-0.24035702580990997,-1.2180805206298828,0.0,0.20885534040223191,1.2180805206298828,6.043910980224609,0.20153846153846153,0.008405772240265556,0.1933327615261078,0.03942656658922785,23,-0.18117902480764847,-0.09534580719256917,0.016959014168956822,0.07470745671911404,0
92,1774286902.4815338,20,-0.236588716506958,-1.405477523803711,0.0,0.22771043898472954,1.405477523803711,6.043910980224609,0.23254437869822486,0.009666638076305389,0.1933327615261078,0.042135898498397606,20,-0.1626162152541311,-0.08558583425701143,0.006444425384203593,0.08231839584326583,0
93,1774286902.5820184,22,-0.14693628657947888,-1.1243820190429688,0.0,0.13693792334778712,1.1243820190429688,6.043910980224609,0.18603550295857987,0.02636355838992379,0.1933327615261078,0.06634683365617257,22,-0.07296378532665199,-0.03840361435881551,0.005948700354649471,0.08336106333702002,0
94,1774286902.6816647,23,-0.16702776369841202,-1.405477523803711,0.0,0.18700639482318324,1.405477523803711,6.043910980224609,0.23254437869822486,0.02521731672079667,0.1933327615261078,0.06511083179712221,23,-0.16702776369841202,-0.08793172180658132,0.035151411186565056,0.08499554363114054,0
95,1774286902.7816489,23,-0.11406774106233017,-1.405477523803711,0.0,0.13738364717308402,1.405477523803711,6.043910980224609,0.23254437869822486,0.02521731672079667,0.1933327615261078,0.06511083179712221,23,-0.11406774106233017,-0.06005049480428974,0.04296283589469062,0.08233191339576519,0
96,1774286902.8815095,21,-0.058003834315708706,-1.2180805206298828,0.0,0.06728889590648374,1.2180805206298828,6.043910980224609,0.20153846153846153,0.06444425384203593,0.5799982845783234,0.17223451315942054,21,-0.058003834315708706,-0.030535321298101513,0.049152396998163,0.07977691813898478,0
97,1774286902.981581,23,-0.35238784292469855,-1.405477523803711,0.0,0.2879778987372982,1.405477523803711,6.043910980224609,0.23254437869822486,0.016811544480531113,0.1933327615261078,0.054475630259036005,23,-0.35238784292469855,-0.18550775715138013,0.045875570531618795,0.0931310348275203,0
98,1774286903.082081,22,-0.1107345927845348,-1.405477523803711,0.0,0.12581401282779767,1.405477523803711,6.043910980224609,0.23254437869822486,0.043939263983206314,0.3866655230522156,0.09981082117702071,22,-0.052173029292713516,-0.027459063907178994,0.07483848833268689,0.08906628894588822,0
99,1774286903.1821685,19,-0.1306847522133275,-1.405477523803711,0.0,0.1479974922004605,1.405477523803711,6.043910980224609,0.23254437869822486,0.0,0.0,0.0,19,-0.06041087602314196,-0.031793604472027615,0.10126954175177075,0.08775308349204038,0
100,1774286903.2818167,21,-0.2810955047607422,-1.405477523803711,0.0,0.25648416876070507,1.405477523803711,6.043910980224609,0.23254437869822486,0.0,0.0,0.0,21,-0.23211674256758258,-0.12216256154983154,0.11897400709298941,0.09263741109841594,0
101,1774286903.3822038,22,-0.26618892496282404,-1.405477523803711,0.0,0.2443042932912321,1.405477523803711,6.043910980224609,0.23254437869822486,0.0,0.0,0.0,22,-0.0854846719023469,-0.0449814599059747,0.1147913271561265,0.09414815379993832,0
102,1774286903.482051,21,-0.17178058624267578,-1.405477523803711,0.0,0.18004756644326594,1.405477523803711,6.043910980224609,0.23254437869822486,0.0,0.0,0.0,21,-0.11641328985040839,-0.061263415187993366,0.09062473196536303,0.09402275383609891,0
103,1774286903.5816123,20,-0.05621910095214844,-1.1243820190429688,0.0,0.06005115892548929,1.1243820190429688,5.992770195007324,0.18762308289073223,0.0,0.0,0.0,20,0.04417215074811663,0.023250453983534758,0.04910038387964642,0.0939802527853315,0
104,1774286903.6820185,20,-0.22487640380859375,-1.1712312698364258,0.0,0.20271655841952452,1.1712312698364258,6.043910980224609,0.1937869822485207,0.0,0.0,0.0,20,-0.1579489026750837,-0.08312044183209112,0.024946162777562297,0.09463381880444445,0
105,1774286903.7817612,19,-0.056712250960500615,-1.0775327682495117,0.0,0.057893029362122435,1.0775327682495117,6.043910980224609,0.17828402366863905,0.0,0.0,0.0,19,0.2199214203913409,0.11575190119724961,0.012677558132859527,0.09513856313884744,0
106,1774286903.8820293,19,0.0,0.0,0.0,0.0,0.0,6.043910980224609,0.0,0.0,0.0,0.0,19,0.05621910095214844,0.029590153782212702,0.006236540694390574,0.09659578633953202,0
107,1774286903.9814925,15,0.0,0.0,0.0,0.0,0.0,6.043910980224609,0.0,0.0,0.0,0.0,15,0.0,0.0,0.003118270347195287,0.0998014073885743,0
108,1774286904.0816267,16,0.0,0.0,0.0,0.0,0.0,6.043910980224609,0.0,0.0,0.0,0.0,16,0.10860508138483221,0.0571690815505097,0.005948700354649471,0.0998014073885743,0
109,1774286904.1821866,20,0.0,0.0,0.0,0.0,0.0,6.043910980224609,0.0,0.0,0.0,0.0,20,0.051534175872802734,0.02711564436568523,0.009206321977433703,0.1041504885426028,0
110,1774286904.2817245,18,0.0,0.0,0.0,0.0,0.0,5.992770195007324,0.0,0.0,0.0,0.0,18,0.24035702580990997,0.12653201721699825,0.014871750886623677,0.10674567691650841,0
111,1774286904.3817163,18,0.0,0.0,0.0,0.0,0.0,5.992770195007324,0.0,0.0,0.0,0.0,18,0.236588716506958,0.12450841869258036,0.020820451241273148,0.10725061824425447,0
112,1774286904.4815397,18,0.0,0.0,0.0,0.0,0.0,6.043910980224609,0.0,0.0,0.0,0.0,18,0.14693628657947888,0.07735437483390646,0.02558815961374956,0.10663739314186559,0
113,1774286904.581951,19,0.0,0.0,0.0,0.0,0.0,6.043910980224609,0.0,0.0,0.0,0.0,19,0.16702776369841202,0.08789610949333951,0.037512326863274645,0.10866392956035342,0
114,1774286904.6816075,19,-0.12082175204628393,-1.1712312698364258,0.0,0.12413987329508674,1.1712312698364258,6.043910980224609,0.1937869822485207,0.0,0.0,0.0,19,-0.0067540109839537565,-0.0035548200610818086,0.03462676325840736,0.10769025964352057,0
115,1774286904.7815905,17,0.0,0.0,0.0,0.0,0.0,6.043910980224609,0.0,0.0,0.0,0.0,17,0.058003834315708706,0.03052703373187036,0.041009979717659226,0.10964755351973689,0
116,1774286904.8819616,19,-0.0739725012528269,-1.405477523803711,0.0,0.09849475694879054,1.405477523803711,6.043910980224609,0.23254437869822486,0.0,0.0,0.0,19,0.27841534167187165,0.14650504219987895,0.02114577079191804,0.10945889173909888,0
117,1774286904.9815764,20,-0.07027387619018555,-1.405477523803711,0.0,0.09382993582107702,1.405477523803711,6.043910980224609,0.23254437869822486,0.0,0.0,0.0,20,0.04046071659434926,0.021300771445649215,0.015591351735976434,0.09177968076006213,0
118,1774286905.081557,17,-0.06889595704920151,-1.1712312698364258,0.0,0.0759464463636067,1.1712312698364258,6.043910980224609,0.1937869822485207,0.0,0.0,0.0,17,0.061788795164126,0.032530887431343074,0.0,0.09148990689721392,0
119,1774286905.181561,18,0.0,0.0,0.0,0.0,0.0,6.043910980224609,0.0,0.0,0.0,0.0,18,0.2810955047607422,0.14796491763098002,0.0,0.0920216276377065,0
120,1774286905.2816381,20,0.0,0.0,0.0,0.0,0.0,5.992770195007324,0.0,0.0,0.0,0.0,20,0.26618892496282404,0.1401411573055036,0.0,0.07921173555591704,0
121,1774286905.3817701,20,0.0,0.0,0.0,0.0,0.0,6.043910980224609,0.0,0.0,0.0,0.0,20,0.17178058624267578,0.0904241967871486,0.0,0.06349436818359312,0
122,1774286905.481568,18,0.0,0.0,0.0,0.0,0.0,5.992770195007324,0.0,0.0,0.0,0.0,18,0.05621910095214844,0.02958968963703314,0.0,0.05662918443248155,0
123,1774286905.5811923,18,0.0,0.0,0.0,0.0,0.0,6.043910980224609,0.0,0.0,0.0,0.0,18,0.22487640380859375,0.11840749452151923,0.0,0.05683102797503318,0
124,1774286905.6813545,19,-0.06164375104402241,-1.1712312698364258,0.0,0.06839913676999344,1.1712312698364258,6.043910980224609,0.1937869822485207,0.0,0.0,0.0,19,-0.004931500083521792,-0.002596081985141057,0.0,0.03642901014882098,0
125,1774286905.7814708,19,0.0,0.0,0.0,0.0,0.0,5.992770195007324,0.0,0.0,0.0,0.0,19,0.0,0.0,0.0,0.03586751403888599,0
126,1774286905.8815117,19,0.0,0.0,0.0,0.0,0.0,6.043910980224609,0.0,0.0,0.0,0.0,19,0.0,0.0,0.0,0.03586751403888599,0
127,1774286905.9813297,20,-0.1686573028564453,-1.1712312698364258,0.0,0.16140943813525155,1.1712312698364258,6.043910980224609,0.1937869822485207,0.0,0.0,0.0,20,-0.1686573028564453,-0.08878087815006454,0.0,0.04800019671600836,0
128,1774286906.0810568,19,0.0,0.0,0.0,0.0,0.0,5.992770195007324,0.0,0.0,0.0,0.0,19,0.0,0.0,0.0,0.04800019671600836,0
129,1774286906.1813025,20,0.0,0.0,0.0,0.0,0.0,6.043910980224609,0.0,0.0,0.0,0.0,20,0.0,0.0,0.0,0.04800019671600836,0
130,1774286906.2815168,22,-0.0553672963922674,-1.2180805206298828,0.0,0.06437628770557292,1.2180805206298828,6.043910980224609,0.20153846153846153,0.0,0.0,0.0,22,-0.0553672963922674,-0.029143741806139163,0.0,0.047889693464439116,0
131,1774286906.381551,22,-0.10860508138483221,-1.2180805206298828,0.0,0.11800052003287641,1.2180805206298828,6.043910980224609,0.20153846153846153,0.0,0.0,0.0,22,-0.10860508138483221,-0.05716022916566257,0.0,0.05017182585712862,0
132,1774286906.4817035,21,-0.058003834315708706,-1.2180805206298828,0.0,0.06728889590648375,1.2180805206298828,6.043910980224609,0.20153846153846153,0.0,0.0,0.0,21,-0.058003834315708706,-0.030532309207131687,0.0,0.04965702765843421,0
133,1774286906.581847,22,-0.04897876219315962,-1.0775327682495117,0.0,0.050377302065455744,1.0775327682495117,6.043910980224609,0.17828402366863905,0.0,0.0,0.0,22,0.0718429898531243,0.037807334852945476,0.0,0.04885922035955813,0
134,1774286906.6818025,23,-0.1996185468590778,-1.2180805206298828,0.0,0.18975307199244468,1.2180805206298828,6.043910980224609,0.20153846153846153,0.0,0.0,0.0,23,-0.1996185468590778,-0.1050506689046927,0.0,0.057490183171340206,0
135,1774286906.7817328,22,-0.20869211717085404,-1.2180805206298828,0.0,0.19648462902980157,1.2180805206298828,6.043910980224609,0.20153846153846153,0.0,0.0,0.0,22,-0.13471961591802714,-0.07091359999480999,0.0,0.06648397950037921,0
136,1774286906.8812907,22,-0.0553672963922674,-1.2180805206298828,0.0,0.06437628770557294,1.2180805206298828,6.043910980224609,0.20153846153846153,0.0,0.0,0.0,22,0.014906579797918144,0.00784674850080896,0.0,0.06635793571005755,0
137,1774286906.9814992,21,-0.1093149185180664,-1.2180805206298828,0.0,0.1139929638936467,1.2180805206298828,6.043910980224609,0.20153846153846153,0.0,0.0,0.0,21,-0.040418961468864895,-0.02127378523789012,0.0,0.06733947572420054,0
138,1774286907.0812318,22,-0.0553672963922674,-1.2180805206298828,0.0,0.06437628770557294,1.2180805206298828,6.043910980224609,0.20153846153846153,0.0,0.0,0.0,22,-0.0553672963922674,-0.02914573159020903,0.0,0.06728608886323546,0
139,1774286907.1815908,22,0.0,0.0,0.0,0.0,0.0,6.043910980224609,0.0,0.0,0.0,0.0,22,0.0,0.0,0.0,0.06728608886323548,0
140,1774286907.2811215,19,0.0,0.0,0.0,0.0,0.0,6.043910980224609,0.0,0.0,0.0,0.0,19,0.0,0.0,0.0,0.06728608886323546,0
141,1774286907.3815827,21,-0.10485308510916573,-1.1243820190429688,0.0,0.10449686822873762,1.1243820190429688,6.043910980224609,0.18603550295857987,0.0,0.0,0.0,21,-0.10485308510916573,-0.05518540908180998,0.0,0.06676392801560666,0
142,1774286907.4815636,21,-0.10485308510916573,-1.1243820190429688,0.0,0.10449686822873765,1.1243820190429688,6.043910980224609,0.18603550295857987,0.0,0.0,0.0,21,-0.10485308510916573,-0.05517505152105976,0.0,0.0658213914039383,0
143,1774286907.5810547,20,-0.11009573936462402,-1.1243820190429688,0.0,0.10914451774368672,1.1243820190429688,6.043910980224609,0.18603550295857987,0.0,0.0,0.0,20,-0.048451988320601616,-0.025505071388901072,0.0,0.06458279990195563,0
144,1774286907.681584,22,-0.2555413679643111,-1.2180805206298828,0.0,0.22302238865596477,1.2180805206298828,6.043910980224609,0.20153846153846153,0.0,0.0,0.0,22,-0.2555413679643111,-0.13448745087215627,0.0,0.07580782065997214,0
145,1774286907.7812243,21,-0.1539332526070731,-1.1243820190429688,0.0,0.14238171110153008,1.1243820190429688,6.043910980224609,0.18603550295857987,0.0,0.0,0.0,21,-0.1539332526070731,-0.08102975978616105,0.0,0.07488360764256247,0
146,1774286907.8813336,21,-0.20970617021833146,-1.1712312698364258,0.0,0.1874234646483998,1.1712312698364258,6.043910980224609,0.1937869822485207,0.0,0.0,0.0,21,-0.04104886736188615,-0.021604622571796912,0.0,0.076236316050805,0
147,1774286907.9811542,21,-0.2610172544206892,-1.1712312698364258,0.0,0.218559509973175,1.1712312698364258,6.043910980224609,0.1937869822485207,0.0,0.0,0.0,21,-0.2610172544206892,-0.1373704624413005,0.0,0.08275309447233971,0
148,1774286908.0816796,22,-0.3577579151500355,-1.2180805206298828,0.0,0.2754630332760864,1.2180805206298828,6.043910980224609,0.20153846153846153,0.0,0.0,0.0,22,-0.3577579151500355,-0.18825628206115058,0.0,0.09577265344426299,0
149,1774286908.1819263,22,-0.2512823451649059,-1.2180805206298828,0.0,0.21560342509677086,1.2180805206298828,6.043910980224609,0.20153846153846153,0.0,0.0,0.0,22,-0.1959150487726385,-0.10309096691491641,0.0,0.0953131134832456,0
150,1774286908.2813277,21,-0.20747525351388113,-1.1712312698364258,0.0,0.18344187317464333,1.1712312698364258,6.043910980224609,0.1937869822485207,0.0,0.0,0.0,21,-0.09887017212904892,-0.05204304920515813,0.0,0.09468874105417177,0
151,1774286908.3813183,21,-0.3703321729387556,-1.1712312698364258,0.0,0.27506824696446314,1.1712312698364258,5.992770195007324,0.19544071134451274,0.0,0.0,0.0,21,-0.3123283386230469,-0.16441666848654582,0.0,0.10639052593260934,0
152,1774286908.4816012,19,-0.17506825296502365,-1.1243820190429688,0.0,0.16353777607460304,1.1243820190429688,6.043910980224609,0.18603550295857987,0.0,0.0,0.0,19,-0.12608949077186404,-0.06637147325499798,0.0,0.10402605060604285,0
153,1774286908.581462,20,-0.2225339412689209,-1.1712312698364258,0.0,0.19838721225795553,1.1712312698364258,6.043910980224609,0.1937869822485207,0.0,0.0,0.0,20,-0.02291539440984311,-0.012062896363173915,0.0,0.10144599664610951,0
154,1774286908.681706,21,-0.0513110842023577,-1.0775327682495117,0.0,0.05265654724042886,1.0775327682495117,6.043910980224609,0.17828402366863905,0.0,0.0,0.0,21,0.15738103296849634,0.08283329300286747,0.0,0.10443319203594544,0
155,1774286908.7819219,20,-0.11946558952331543,-1.2180805206298828,0.0,0.12850311502887735,1.2180805206298828,6.043910980224609,0.20153846153846153,0.0,0.0,0.0,20,-0.06409829313104803,-0.033724740228583454,0.0,0.1043013454647372,0
156,1774286908.8818772,22,-0.20869211717085404,-1.2180805206298828,0.0,0.19648462902980157,1.2180805206298828,5.992770195007324,0.20325833979829325,0.0,0.0,0.0,22,-0.09937719865278763,-0.05229338544104018,0.0,0.10202989460439736,0
157,1774286908.9815876,21,-0.058003834315708706,-1.2180805206298828,0.0,0.06728889590648375,1.2180805206298828,6.043910980224609,0.20153846153846153,0.0,0.0,0.0,21,-0.002636537923441304,-0.0013873917196975355,0.0,0.10405874583192104,0
158,1774286909.0815563,21,0.0,0.0,0.0,0.0,0.0,6.043910980224609,0.0,0.009206321977433703,0.1933327615261078,0.04117192352858409,21,0.0,0.0,0.0,0.10758510692309964,0
159,1774286909.1820157,21,0.0,0.0,0.0,0.0,0.0,6.043910980224609,0.0,0.0,0.0,0.0,21,0.0,0.0,0.0,0.10758510692309964,0
160,1774286909.281761,23,-0.04684925079345703,-1.0775327682495117,0.0,0.048286750597981154,1.0775327682495117,5.992770195007324,0.17980545443695173,0.02521731672079667,0.1933327615261078,0.06511083179712221,23,0.0580038343157087,0.03052547097817285,0.0,0.10451835938645636,0
161,1774286909.3816762,23,-0.15480622001316235,-1.405477523803711,0.0,0.16307462154176416,1.405477523803711,5.992770195007324,0.2345288536134153,0.02521731672079667,0.1933327615261078,0.06511083179712221,23,-0.049953134903996624,-0.026289565230640324,0.0,0.10368202352897334,0
162,1774286909.4813242,22,-0.04684925079345703,-1.0306835174560547,0.0,0.04609189829807292,1.0306835174560547,6.043910980224609,0.17053254437869822,0.017575705593282528,0.3866655230522156,0.0805420012734759,22,0.06324648857116699,0.03328290450005194,0.0,0.10613236482790052,0
163,1774286909.5816498,23,-0.15888006790824558,-1.405477523803711,0.0,0.17133954740455662,1.405477523803711,6.043910980224609,0.23254437869822486,0.04202886120132778,0.3866655230522156,0.1134000673097237,23,0.09666130005606552,0.05087260400403288,0.0,0.10544599977718869,0
164,1774286909.681387,21,-0.21639892033168248,-1.405477523803711,0.0,0.20369821979737915,1.405477523803711,6.043910980224609,0.23254437869822486,0.0,0.0,0.0,21,-0.062465667724609375,-0.03287385223830783,0.0,0.1041109712636631,0
165,1774286909.7811184,23,-0.20776624264924423,-1.405477523803711,0.0,0.2078097774918787,1.405477523803711,6.043910980224609,0.23254437869822486,0.02521731672079667,0.1933327615261078,0.06511083179712221,23,0.0019399275690872297,0.001021130164650799,0.0,0.10452344503217535,0
166,1774286909.8815281,20,-0.2904653549194336,-1.405477523803711,0.0,0.25736838068723955,1.405477523803711,5.992770195007324,0.2345288536134153,0.0,0.0,0.0,20,-0.02944810049874441,-0.015495950531391375,0.0,0.10763930940425315,0
167,1774286909.9815729,20,-0.05856156349182129,-1.1712312698364258,0.0,0.0651596776535257,1.1712312698364258,6.043910980224609,0.1937869822485207,0.02899991422891617,0.3866655230522156,0.09221385006897403,20,0.29919635165821423,0.15748060914919373,0.0,0.1081456670289084,0
168,1774286910.0810964,22,-0.15545433217828925,-1.2180805206298828,0.0,0.1535172208859369,1.2180805206298828,6.043910980224609,0.20153846153846153,0.0966663807630539,0.5799982845783234,0.20814414753006966,22,0.09582801298661664,0.05045783415836908,0.0,0.09819022414283111,0
169,1774286910.1812248,21,-0.21639892033168248,-1.2180805206298828,0.0,0.19951754874993494,1.2180805206298828,6.043910980224609,0.20153846153846153,0.027618965932301114,0.5799982845783234,0.12351577058575229,21,-0.008923666817801351,-0.004696921125177221,0.0,0.09667392250605092,0
170,1774286910.281406,21,-0.1093149185180664,-1.1712312698364258,0.0,0.11357489678890229,1.1712312698364258,6.04248046875,0.19383285984848486,0.10126954175177075,0.5799982845783234,0.21194544842165117,21,0.2610172544206892,0.13737116915529235,0.0,0.09603294992595506,0
171,1774286910.3813188,22,-0.14693628657947888,-1.1243820190429688,0.0,0.1369379233477871,1.1243820190429688,6.04248046875,0.18607954545454544,0.05272711677984758,0.3866655230522156,0.13269366731234514,22,0.02813196638554477,0.014808499347170106,0.0,0.08076094796712088,0
172,1774286910.4814327,22,-0.14480677517977628,-1.1243820190429688,0.0,0.1332692549374033,1.1243820190429688,6.043910980224609,0.18603550295857987,0.02636355838992379,0.1933327615261078,0.06634683365617257,22,0.07772716608914462,0.04090966414918251,0.0,0.08022509963063501,0
173,1774286910.581419,20,0.0,0.0,0.0,0.0,0.0,6.043910980224609,0.0,0.05799982845783234,0.3866655230522156,0.13806720793312413,20,0.0513110842023577,0.027009913149099847,0.0,0.08212278502072197,0
174,1774286910.6814425,23,-0.04277540289837381,-0.9838342666625977,0.0,0.04025417204860056,0.9838342666625977,6.043910980224609,0.1627810650887574,0.04202886120132778,0.3866655230522156,0.1134000673097237,23,0.07669018662494162,0.040373442218763475,0.0,0.08249762090774136,0
175,1774286910.7812064,18,0.0,0.0,0.0,0.0,0.0,6.043910980224609,0.0,0.06444425384203593,0.3866655230522156,0.1441017323500443,18,0.20869211717085404,0.10987674952063221,0.003020824398845434,0.08648505707785728,0
176,1774286910.881697,18,0.0,0.0,0.0,0.0,0.0,6.043910980224609,0.0,0.02148141794734531,0.1933327615261078,0.06075862520028111,18,0.058003834315708706,0.030526577912179966,0.0030687739924779014,0.086916472039306,0
177,1774286910.981102,19,-0.1479450025056538,-1.405477523803711,0.0,0.18604565201438217,1.405477523803711,6.043910980224609,0.23254437869822486,0.020350817002748187,0.1933327615261078,0.05933231748191226,19,-0.1479450025056538,-0.07788441461386955,0.011897400709298941,0.0868135790294288,0
178,1774286911.081815,21,-0.06692750113351005,-1.405477523803711,0.0,0.08958580815951979,1.405477523803711,6.043910980224609,0.23254437869822486,0.0,0.0,0.0,21,-0.06692750113351005,-0.03522872099197194,0.01731338162920368,0.08385601475841857,0
179,1774286911.1813276,20,0.0,0.0,0.0,0.0,0.0,6.043910980224609,0.0,0.02899991422891617,0.1933327615261078,0.06903360396656207,20,0.04684925079345703,0.024663125552253192,0.022745030767777386,0.08385601475841858,0
180,1774286911.2816,20,0.0,0.0,0.0,0.0,0.0,6.043910980224609,0.0,0.019333276152610778,0.1933327615261078,0.05799982845783234,20,0.15480622001316235,0.08148022562656869,0.028431288459721732,0.08622384700781092,0
181,1774286911.3815048,19,0.0,0.0,0.0,0.0,0.0,6.043910980224609,0.0,0.030526225504122283,0.3866655230522156,0.09436285647756702,19,0.04684925079345703,0.024655157162511362,0.020504989858829613,0.08860934686567902,0
182,1774286911.4812489,23,0.0,0.0,0.0,0.0,0.0,6.043910980224609,0.0,0.05043463344159334,0.3866655230522156,0.11707885953199446,23,0.15888006790824558,0.08363873723285535,0.023084508838938242,0.09059304551120927,0
183,1774286911.581345,20,0.05621910095214844,0.0,1.1243820190429688,0.06005115892548929,1.1243820190429688,6.043910980224609,0.18603550295857987,0.02899991422891617,0.1933327615261078,0.06903360396656207,20,0.27261802128383095,0.1434863308031366,0.009062473196536303,0.09538405592846949,0
184,1774286911.6813738,20,-0.22487640380859375,-4.497528076171875,0.0,0.9608185428078286,4.497528076171875,6.043910980224609,0.7441420118343195,0.0,0.0,0.0,20,-0.01711016115934952,-0.009004137435518554,0.018412643954867407,0.0959734874647949,0
185,1774286911.7810578,18,0.0,0.0,0.0,0.0,0.0,5.860805511474609,0.0,0.03222212692101797,0.1933327615261078,0.07205086617502215,18,0.2904653549194336,0.15291435327696476,0.043655784860734015,0.09364213941688922,0
186,1774286911.8809803,18,-0.08589029312133789,-1.546025276184082,0.0,0.12541142169197883,1.546025276184082,5.677700042724609,0.27229780801209374,0.03222212692101797,0.1933327615261078,0.07205086617502215,18,-0.0273287296295166,-0.014388029561077546,0.052169157872124325,0.07998896044365288,0
187,1774286911.9815388,24,0.0683218240737915,-1.546025276184082,4.356980323791504,0.9430510610197729,5.903005599975586,5.811095237731934,1.0158163579297188,0.0,0.0,0.0,24,0.22377615625208075,0.1177495096648988,0.07552060997113585,0.0852780861748312,0
188,1774286912.081439,19,-0.24164350409256785,-1.546025276184082,0.0,0.3114987887354528,1.546025276184082,5.677700042724609,0.27229780801209374,0.050877042506870473,0.3866655230522156,0.1057459470728893,19,-0.02524458376088537,-0.013285125342169454,0.060416487976908684,0.09187322141205023,0
189,1774286912.181048,19,-0.24164350409256785,-1.546025276184082,0.0,0.3114987887354528,1.546025276184082,5.677700042724609,0.27229780801209374,0.030526225504122283,0.1933327615261078,0.07049729804859288,19,-0.13232858557450144,-0.06965974969231602,0.05948700354649471,0.09408923910668243,0
190,1774286912.28149,20,-0.3092050552368164,-1.592874526977539,0.0,0.38265054996600156,1.592874526977539,5.836844444274902,0.2728999448563201,0.02899991422891617,0.1933327615261078,0.06903360396656207,20,-0.16226876865733753,-0.08539691677966003,0.04531236598268151,0.10774185088836764,0
191,1774286912.381276,20,0.053876638412475586,0.0,1.0775327682495117,0.05515115116594416,1.0775327682495117,5.860805511474609,0.18385403954112767,0.05799982845783234,0.3866655230522156,0.13806720793312413,20,0.19868341359225186,0.10457884730961789,0.041640902482546295,0.11003378045487656,0
192,1774286912.4812992,22,0.0,0.0,0.0,0.0,0.0,6.043910980224609,0.0,0.02636355838992379,0.1933327615261078,0.06634683365617257,22,0.0,0.0,0.05387962206465299,0.10939637749221133,0
193,1774286912.5809977,25,0.0,0.0,0.0,0.0,0.0,6.043910980224609,0.0,0.023199931383132935,0.1933327615261078,0.06282571118049703,25,0.04277540289837381,0.0225186416043781,0.0425987440650746,0.10939637749221133,0
194,1774286912.6814632,25,0.0,0.0,0.0,0.0,0.0,5.992770195007324,0.0,0.0,0.0,0.0,25,0.0,0.0,0.035151411186565056,0.11011091478661396,0
195,1774286912.7815,24,0.0,0.0,0.0,0.0,0.0,6.043910980224609,0.0,0.0,0.0,0.0,24,0.0,0.0,0.013333293898352262,0.11011091478661396,0
196,1774286912.8810391,21,0.0,0.0,0.0,0.0,0.0,6.043910980224609,0.0,0.0,0.0,0.0,21,0.1479450025056538,0.07786836647872894,0.016111063460508983,0.11011091478661396,0
197,1774286912.980993,22,0.0,0.0,0.0,0.0,0.0,6.043910980224609,0.0,0.008787852796641264,0.1933327615261078,0.04027100063673795,22,0.06692750113351005,0.035240246118596254,0.015846947666074408,0.108712385627531,0
198,1774286913.0815122,21,0.0,0.0,0.0,0.0,0.0,6.043910980224609,0.0,0.009206321977433703,0.1933327615261078,0.04117192352858409,21,0.0,0.0,0.026214611732353597,0.10915632389249769,0
199,1774286913.181673,21,0.0,0.0,0.0,0.0,0.0,6.043910980224609,0.0,0.036825287909734813,0.3866655230522156,0.09655671949035795,21,0.0,0.0,0.03430097381914816,0.10915632389249769,0
200,1774286913.2812943,22,-0.1980445601723411,-1.1243820190429688,0.0,0.1767717716998406,1.1243820190429688,6.043910980224609,0.18603550295857987,0.008787852796641264,0.1933327615261078,0.04027100063673795,22,-0.1980445601723411,-0.10424552440755405,0.03741924416634344,0.11341222366448019,0
201,1774286913.3813457,24,-0.04684925079345703,-1.1243820190429688,0.0,0.05048160289788939,1.1243820190429688,6.043910980224609,0.18603550295857987,0.04833319038152695,0.3866655230522156,0.12787760181985938,24,-0.04684925079345703,-0.02465624303602296,0.027618965932301114,0.11271005358235417,0
202,1774286913.48143,24,-0.04684925079345703,-1.1243820190429688,0.0,0.05048160289788939,1.1243820190429688,6.043910980224609,0.18603550295857987,0.03222212692101797,0.1933327615261078,0.07205086617502215,24,-0.10306835174560547,-0.05424407499861347,0.019999940847528392,0.11195448012050559,0
203,1774286913.5821095,25,-0.12555599212646484,-1.1243820190429688,0.0,0.11601462492762948,1.1243820190429688,6.043910980224609,0.18603550295857987,0.030933241844177246,0.1933327615261078,0.0708769611206588,25,0.0993204116821289,0.05225367000561823,0.020714224449225833,0.10943337044042797,0
204,1774286913.681899,24,-0.04684925079345703,-1.1243820190429688,0.0,0.05048160289788939,1.1243820190429688,6.043910980224609,0.18603550295857987,0.024166595190763474,0.1933327615261078,0.06393880090992969,24,-0.04684925079345703,-0.024646587996597392,0.019333276152610778,0.10354917109686725,0
205,1774286913.7819793,24,-0.1405477523803711,-1.1712312698364258,0.0,0.13845859925254445,1.1712312698364258,6.043910980224609,0.1937869822485207,0.008055531730254492,0.1933327615261078,0.03863297300900034,24,-0.0546574592590332,-0.028751965292458596,0.025355116265719055,0.10393822903345146,0
206,1774286913.881534,24,-0.09174644947052002,-1.1243820190429688,0.0,0.09263724698449494,1.1243820190429688,6.043910980224609,0.18603550295857987,0.040277658651272454,0.3866655230522156,0.09633014885470996,24,-0.16006827354431152,-0.08424666696280837,0.024946162777562297,0.10399632453245683,0
207,1774286913.981963,21,0.0,0.0,0.0,0.0,0.0,6.043910980224609,0.0,0.07365057581946963,0.5799982845783234,0.17370453566149519,21,0.24164350409256785,0.1271457327988551,0.03666655822046872,0.10051508710368698,0
208,1774286914.0820196,24,-0.04489719867706299,-1.0775327682495117,0.0,0.04636244432809633,1.0775327682495117,6.043910980224609,0.17828402366863905,0.05638872211178144,0.5799982845783234,0.14206084943843458,24,0.19674630541550486,0.10349775879298873,0.0393219175985304,0.09273311416699487,0
209,1774286914.181872,21,-0.1026221684047154,-2.1550655364990234,0.0,0.21062618896171545,2.1550655364990234,6.043910980224609,0.3565680473372781,0.05523793186460223,0.3866655230522156,0.13530474751489924,21,0.20658288683210102,0.1087059907910417,0.03741924416634344,0.08377862575784568,0
210,1774286914.2819302,21,-0.05354200090680804,-1.1243820190429688,0.0,0.05733491722209268,1.1243820190429688,6.043910980224609,0.18603550295857987,0.09206321977433704,0.5799982845783234,0.20337429976244112,21,-0.10741863931928362,-0.05651666292914414,0.03462676325840736,0.060196658467028555,0
211,1774286914.3814867,20,-0.10072588920593262,-1.0306835174560547,0.0,0.09136621411443002,1.0306835174560547,6.043910980224609,0.17053254437869822,0.15466620922088622,0.9666638076305389,0.34367583433611143,20,-0.10072588920593262,-0.05300839501909921,0.016111063460508983,0.05721799499167376,0
212,1774286914.4817793,21,0.0,0.0,0.0,0.0,0.0,6.043910980224609,0.0,0.10126954175177075,0.9666638076305389,0.28375790056766687,21,0.0,0.0,0.00783781465646383,0.05721799499167376,0
213,1774286914.5819345,21,0.0,0.0,0.0,0.0,0.0,6.043910980224609,0.0,0.07365057581946963,0.5799982845783234,0.16313644107489947,21,0.0,0.0,0.0,0.05721799499167375,0
214,1774286914.6819737,23,0.0,0.0,0.0,0.0,0.0,6.043910980224609,0.0,0.10086926688318668,0.5799982845783234,0.21983947042642232,23,0.0,0.0,0.0028855636048672802,0.05721799499167375,0
215,1774286914.7819028,18,-0.062465667724609375,-1.1243820190429688,0.0,0.06633331395278219,1.1243820190429688,6.043910980224609,0.18603550295857987,0.08592567178938124,0.7733310461044312,0.24303450080112443,18,-0.062465667724609375,-0.03286172988159743,0.006041648797690868,0.056102286854480245,0
216,1774286914.8815715,21,0.0,0.0,0.0,0.0,0.0,6.043910980224609,0.0,0.11047586372920445,0.5799982845783234,0.22775182761842647,21,0.0,0.0,0.018124946393072605,0.05610228685448025,0
217,1774286914.981607,19,-0.1479450025056538,-0.9838342666625977,0.0,0.11696556383832302,0.9838342666625977,6.043910980224609,0.1627810650887574,0.030526225504122283,0.1933327615261078,0.07049729804859288,19,-0.1479450025056538,-0.07786190804270914,0.018124946393072605,0.058331042575020496,0
218,1774286915.0817547,19,0.0,0.0,0.0,0.0,0.0,6.043910980224609,0.0,0.061052451008244565,0.3866655230522156,0.14099459609718576,19,0.0,0.0,0.03174119965354009,0.058331042575020496,0
219,1774286915.1818311,20,-0.04450678825378418,-0.8901357650756836,0.0,0.03763622981267645,0.8901357650756836,6.043910980224609,0.14727810650887574,0.10633301883935928,0.5799982845783234,0.21593633774203058,20,0.15353777191855691,0.08078653035849544,0.030380862525531224,0.056812301335851495,0
220,1774286915.2813516,20,-0.04450678825378418,-0.8901357650756836,0.0,0.03763622981267645,0.8901357650756836,6.043910980224609,0.14727810650887574,0.07733310461044311,0.5799982845783234,0.18744306676575745,20,0.0023424625396728516,0.0012328712460795948,0.037077515909116565,0.04763077204729182,0
221,1774286915.3814504,20,0.0,0.0,0.0,0.0,0.0,6.043910980224609,0.0,0.05799982845783234,0.5799982845783234,0.17399948537349702,20,0.04684925079345703,0.024657236183571806,0.029132333928591585,0.04910234306663348,0
222,1774286915.481986,19,-0.08876700150339227,-0.8901357650756836,0.0,0.06720747180937847,0.8901357650756836,6.043910980224609,0.14727810650887574,0.061052451008244565,0.5799982845783234,0.15431771051652604,19,0.03678899062307257,0.01936388433266268,0.021187151948066606,0.04970147950385848,0
223,1774286915.5821645,18,-0.049451986948649086,-0.8901357650756836,0.0,0.041573483223879125,0.8901357650756836,5.992770195007324,0.14853494062182968,0.12888850768407187,0.7733310461044312,0.2882034647000886,18,-0.002602736155192055,-0.001369669773244999,0.024166595190763474,0.046971948975217406,0
224,1774286915.6820676,17,-0.04684925079345703,-0.7964372634887695,0.0,0.03511763679853175,0.7964372634887695,5.992770195007324,0.13289968371426866,0.09098012307110954,0.7733310461044312,0.24915932845321442,17,0.09369850158691406,0.049312708826146724,0.03922693712123926,0.046971948975217406,0
225,1774286915.7821562,15,0.0,0.0,0.0,0.0,0.0,6.043910980224609,0.0,0.11599965691566468,0.5799982845783234,0.23199931383132932,15,0.09174644947052002,0.04827179903326569,0.05603848160177037,0.043417596339027933,0
226,1774286915.882162,18,0.0,0.0,0.0,0.0,0.0,6.043910980224609,0.0,0.15036992563141716,0.7733310461044312,0.28498321318460346,18,0.0,0.0,0.06151496957648884,0.04296454961300484,0
227,1774286915.9816096,21,0.0,0.0,0.0,0.0,0.0,6.043910980224609,0.0,0.08285689779690333,0.5799982845783234,0.20295712127234886,21,0.04489719867706299,0.023635204603525993,0.06737353810758302,0.04296454961300484,0
228,1774286916.081777,19,-0.11835600200452302,-0.7964372634887695,0.0,0.07494113420683904,0.7964372634887695,5.992770195007324,0.13289968371426866,0.09157867651236684,0.5799982845783234,0.21149189414577863,19,-0.015733833599807623,-0.008281378228914277,0.09978465111024919,0.04629563075477654,0
229,1774286916.1819518,18,-0.08849302927652995,-0.8901357650756836,0.0,0.06362361975536462,0.8901357650756836,5.992770195007324,0.14853494062182968,0.08592567178938124,0.5799982845783234,0.1957050313951277,18,-0.034951028369721915,-0.018395069421085864,0.11537600284622561,0.04548085874696178,0
230,1774286916.2815304,19,-0.19479425329911082,-0.7964372634887695,0.0,0.106568895049284,0.7964372634887695,5.992770195007324,0.13289968371426866,0.09157867651236684,0.5799982845783234,0.21149189414577863,19,-0.0940683640931782,-0.04950852593946663,0.10913946215183504,0.056349885634562946,0
231,1774286916.3814669,18,-0.036438306172688804,-0.6558895111083984,0.0,0.02257175266448838,0.6558895111083984,5.992770195007324,0.10944679835292713,0.12888850768407187,0.7733310461044312,0.2882034647000886,18,-0.036438306172688804,-0.01918121039587299,0.09220485549706679,0.05514793198472525,0
232,1774286916.4818482,18,0.0,0.0,0.0,0.0,0.0,5.992770195007324,0.0,0.15036992563141716,0.9666638076305389,0.33828970812467124,18,0.0,0.0,0.08731156972146803,0.05514793198472525,0
233,1774286916.5815501,17,-0.03582589766558479,-0.6090402603149414,0.0,0.020535919096719264,0.6090402603149414,5.992770195007324,0.10162916989914662,0.15921521537444172,0.7733310461044312,0.2982982819861155,17,-0.03582589766558479,-0.01885994013384703,0.09978465111024919,0.054194097369546695,0
234,1774286916.681935,18,-0.041643778483072914,-0.7495880126953125,0.0,0.029481472867903202,0.7495880126953125,5.992770195007324,0.12508205526048816,0.0966663807630539,0.5799982845783234,0.1851020267024872,18,0.02082188924153646,0.010958702881080633,0.0766664399155255,0.05310195770534785,0
235,1774286916.781466,20,-0.0726163387298584,-0.7495880126953125,0.0,0.0475130651622635,0.7495880126953125,5.992770195007324,0.12508205526048816,0.1643328472971916,1.5466620922088623,0.36311063215811934,20,-0.0726163387298584,-0.03822124841646761,0.0688133557974282,0.053266907142393564,0
236,1774286916.8815377,22,-0.03407218239524148,-0.7495880126953125,0.0,0.024379185876666674,0.7495880126953125,6.043910980224609,0.12402366863905326,0.14060564474626022,0.7733310461044312,0.2982696146195617,22,0.1138728201104123,0.05993524878447677,0.0666664694917613,0.05215754163891333,0
237,1774286916.9815702,23,-0.032590783160665764,-0.7495880126953125,0.0,0.02336750123456177,0.7495880126953125,6.043910980224609,0.12402366863905326,0.10086926688318668,0.5799982845783234,0.21983947042642232,23,-0.032590783160665764,-0.017154709045112806,0.081920661663605,0.047414841820099446,0
238,1774286917.0815644,22,-0.08305094458840111,-0.6558895111083984,0.0,0.0438834415417603,0.6558895111083984,6.043910980224609,0.1085207100591716,0.05272711677984758,0.3866655230522156,0.13269366731234514,22,-0.03854415633461693,-0.020289245987122978,0.08055531730254491,0.04679809066946495,0
239,1774286917.1816454,23,-0.054996946583623474,-0.6558895111083984,0.0,0.0318066875824131,0.6558895111083984,6.043910980224609,0.1085207100591716,0.04202886120132778,0.3866655230522156,0.09802730714402895,23,-0.010490158329839294,-0.005520282274497581,0.065536529330884,0.046785664476814856,0
240,1774286917.2816167,22,-0.059626319191672585,-0.7495880126953125,0.0,0.03635110751252976,0.7495880126953125,6.043910980224609,0.12402366863905326,0.08787852796641263,0.7733310461044312,0.22370221096467127,22,-0.059626319191672585,-0.03137952716835698,0.08140326801099275,0.04679480741620056,0
241,1774286917.3816168,22,-0.0276836481961337,-0.6090402603149414,0.0,0.016094071926393234,0.6090402603149414,6.043910980224609,0.10076923076923076,0.0,0.0,0.0,22,0.06108335330725857,0.032155381872078614,0.09308614443849635,0.04563483566991778,0
242,1774286917.4816284,22,-0.12990019538185812,-0.6090402603149414,0.0,0.05765115142300284,0.6090402603149414,6.043910980224609,0.10076923076923076,0.035151411186565056,0.3866655230522156,0.11115852231866752,22,-0.08044820843320905,-0.04235311277711179,0.11213300168514252,0.048051486368902954,0
243,1774286917.5816417,22,-0.11712312698364258,-1.452326774597168,0.0,0.11168805226123947,1.452326774597168,6.043910980224609,0.2402958579881657,0.02636355838992379,0.1933327615261078,0.06634683365617257,22,-0.07027387619018555,-0.03699454438724044,0.11986631214618683,0.04986742384183693,0
244,1774286917.6818986,20,0.02810955047607422,0.0,0.5621910095214844,0.015012789731372322,0.5621910095214844,6.043910980224609,0.09301775147928994,0.038666552305221556,0.1933327615261078,0.07733310461044311,20,0.02810955047607422,0.014796506618832576,0.11456756238584165,0.05331518225872101,0
245,1774286917.781849,20,-0.21082162857055664,-1.499176025390625,0.0,0.21344938616607578,1.499176025390625,6.043910980224609,0.24804733727810652,0.038666552305221556,0.1933327615261078,0.07733310461044311,20,-0.21082162857055664,-0.11097704478891708,0.1066663511868181,0.06160446115893215,0
246,1774286917.8824773,23,-0.054996946583623474,-0.6558895111083984,0.0,0.0318066875824131,0.6558895111083984,6.043910980224609,0.1085207100591716,0.02521731672079667,0.1933327615261078,0.06511083179712221,23,-0.054996946583623474,-0.028932548313033934,0.08666641033928969,0.059821167879205606,0
247,1774286917.9814258,23,-0.10592004527216373,-0.6558895111083984,0.0,0.05348137267640293,0.6558895111083984,6.043910980224609,0.1085207100591716,0.008405772240265556,0.1933327615261078,0.03942656658922785,23,0.012435956732359296,0.0065464509056011025,0.08976163927997861,0.058211810946111886,0
248,1774286918.0820591,22,-0.1107345927845348,-0.6558895111083984,0.0,0.055379207203469734,0.6558895111083984,6.043910980224609,0.1085207100591716,0.035151411186565056,0.1933327615261078,0.07456740365489042,22,-0.022241563508004852,-0.011705424492570893,0.10193909244103865,0.05794151757914833,0
249,1774286918.181717,21,0.0,0.0,0.0,0.0,0.0,6.043910980224609,0.0,0.0,0.0,0.0,21,0.19479425329911082,0.10251322663971635,0.12302993915297768,0.05994593146298618,0
250,1774286918.2819376,20,-0.03045201301574707,-0.6090402603149414,0.0,0.01761917683751335,0.6090402603149414,6.043910980224609,0.10076923076923076,0.009666638076305389,0.1933327615261078,0.042135898498397606,20,0.005986293156941734,0.0031499002068124337,0.14591151813291153,0.05295987194366141,0
251,1774286918.3819146,20,-0.03982186317443848,-0.6558895111083984,0.4684925079345703,0.04944453518618275,1.1243820190429688,5.860805511474609,0.19184769343422017,0.0,0.0,0.0,20,-0.03982186317443848,-0.020958143190702102,0.13496815427294317,0.05288803199143876,0
252,1774286918.4814684,18,0.0,0.0,0.0,0.0,0.0,5.860805511474609,0.0,0.053703544868363276,0.3866655230522156,0.10794278926806719,18,0.03582589766558479,0.018856546268350764,0.14060564474626022,0.05288803199143876,0
253,1774286918.5819232,18,0.0,0.0,0.0,0.0,0.0,5.860805511474609,0.0,0.0,0.0,0.0,18,0.041643778483072914,0.021917914565642144,0.13533293306827546,0.05428795474589466,0
254,1774286918.6819413,18,0.002602736155192057,-0.6090402603149414,0.6558895111083984,0.044499952957090104,1.2649297714233398,5.860805511474609,0.2158286551134977,0.0,0.0,0.0,18,0.07521907488505046,0.03957908651899033,0.1338457579796131,0.055825757844104554,0
255,1774286918.7814784,18,0.0,0.0,0.0,0.0,0.0,5.860805511474609,0.0,0.0,0.0,0.0,18,0.03407218239524148,0.017933287008717345,0.09810916256548753,0.05702016993975136,0
256,1774286918.8818293,19,0.0,0.0,0.0,0.0,0.0,5.860805511474609,0.0,0.030526225504122283,0.1933327615261078,0.07049729804859288,19,0.032590783160665764,0.017150705694806728,0.06539196345735998,0.058061331303541616,0
257,1774286918.981913,18,0.0,0.0,0.0,0.0,0.0,5.860805511474609,0.0,0.010740708973672655,0.1933327615261078,0.04428507759247181,18,0.08305094458840111,0.04370300365979509,0.06059683570221289,0.0590144864566019,0
258,1774286919.0816422,16,-0.03220885992050171,-0.5153417587280273,0.0,0.01556115986067752,0.5153417587280273,5.860805511474609,0.08793019282401758,0.04833319038152695,0.1933327615261078,0.08371554143270404,16,0.022788086663121765,0.011993750290931178,0.04328345407300921,0.05861770883454373,0
259,1774286919.1819062,18,0.0,0.0,0.0,0.0,0.0,5.860805511474609,0.0,0.010740708973672655,0.1933327615261078,0.04428507759247181,18,0.059626319191672585,0.03137749173326846,0.041009979717659226,0.05947023910002343,0
260,1774286919.2815404,20,0.025767087936401367,0.0,0.5153417587280273,0.012614913593722576,0.5153417587280273,6.043910980224609,0.08526627218934911,0.05799982845783234,0.5799982845783234,0.15099771380514218,20,0.053450736132535065,0.028133098180032137,0.020504989858829613,0.061264219288288936,0
261,1774286919.3818321,18,-0.031232833862304688,-0.5621910095214844,0.0,0.016583328488195548,0.5621910095214844,6.043910980224609,0.09301775147928994,0.02148141794734531,0.1933327615261078,0.06075862520028111,18,0.09866736151955344,0.051924623275152355,0.033229068387299776,0.06123295772911661,0
262,1774286919.4816482,20,0.05856156349182129,0.0,0.6090402603149414,0.03091998177495725,0.6090402603149414,5.860805511474609,0.10391750061020259,0.038666552305221556,0.1933327615261078,0.07733310461044311,20,0.17568469047546387,0.09246530864747488,0.03430097381914816,0.061226151854320864,0
263,1774286919.5815942,19,0.012328750208804482,-1.499176025390625,1.1243820190429688,0.2042003028939556,2.6235580444335938,5.992770195007324,0.4377871934117085,0.020350817002748187,0.1933327615261078,0.05933231748191226,19,-0.01578080026726974,-0.008307015070118282,0.03375651391725692,0.05855456813730149,0
264,1774286919.6812239,15,-0.099945068359375,-1.499176025390625,0.0,0.13984623365104198,1.499176025390625,5.860805511474609,0.2557969245789602,0.10311080614725748,0.3866655230522156,0.17098992791076204,15,0.11087656021118164,0.05837528789102844,0.0234342741243767,0.05945257155841363,0
265,1774286919.7813778,17,-0.049605089075425095,-1.499176025390625,0.6558895111083984,0.15505226489593948,2.1550655364990234,5.992770195007324,0.35961090887390346,0.06823509230333216,0.3866655230522156,0.1474046465832739,17,0.005391857508198379,0.0028394628802205285,0.022745030767777386,0.04321606009373761,0
266,1774286919.8815522,19,-0.06164375104402241,-0.6090402603149414,0.0,0.03235735163465823,0.6090402603149414,6.043910980224609,0.10076923076923076,0.10175408501374095,0.5799982845783234,0.20197609175076997,19,0.04427629422814132,0.02330176186960301,0.01464642132773544,0.043487221971208884,0
267,1774286919.9811306,18,-0.1405477523803711,-0.7027387619018555,0.0,0.06974752864152833,0.7027387619018555,6.043910980224609,0.11627218934911243,0.0966663807630539,0.5799982845783234,0.2161525985250665,18,-0.02981315959583629,-0.01569880876115193,0.015343869962389506,0.047273976785440576,0
268,1774286920.0809433,18,-0.049451986948649086,-1.592874526977539,0.7027387619018555,0.1659484468853457,2.2956132888793945,6.043910980224609,0.3798224852071006,0.06444425384203593,0.3866655230522156,0.1441017323500443,18,-0.049451986948649086,-0.02603796274292875,0.003169389533214882,0.043438160395148404,0
269,1774286920.1809835,16,0.0,0.0,0.0,0.0,0.0,6.043910980224609,0.0,0.04833319038152695,0.3866655230522156,0.12787760181985938,16,0.03045201301574707,0.01603542721466544,0.019999940847528392,0.043438160395148404,0
270,1774286920.2814448,18,-0.08068482081095378,-0.7495880126953125,0.0,0.05214129059380765,0.7495880126953125,6.043910980224609,0.12402366863905326,0.06444425384203593,0.5799982845783234,0.15785553876738243,18,-0.040862957636515304,-0.02151213928126465,0.017261853707688197,0.04528003775606039,0
271,1774286920.381497,18,0.0,0.0,0.0,0.0,0.0,6.043910980224609,0.0,0.08592567178938124,0.3866655230522156,0.1607522122821258,18,0.0,0.0,0.017901181622787758,0.045428756731399615,0
272,1774286920.4813957,20,-0.06558895111083984,-0.7495880126953125,0.0,0.039595135490344546,0.7495880126953125,6.043910980224609,0.12402366863905326,0.02899991422891617,0.1933327615261078,0.06903360396656207,20,-0.06558895111083984,-0.03453008768081697,0.0,0.046063322085463154,0
273,1774286920.580786,19,-0.029589000501130756,-0.5621910095214844,0.0,0.01575916111180649,0.5621910095214844,6.043910980224609,0.09301775147928994,0.061052451008244565,0.3866655230522156,0.14099459609718576,19,-0.032191736656322814,-0.01695332763935022,0.010545423355969516,0.04569157917724371,0
274,1774286920.681397,19,0.0,0.0,0.0,0.0,0.0,6.043910980224609,0.0,0.040701634005496375,0.5799982845783234,0.13422285662863648,19,0.0,0.0,0.01406056447462602,0.04561053893674739,0
275,1774286920.7811897,19,0.0,0.0,0.0,0.0,0.0,6.043910980224609,0.0,0.020350817002748187,0.1933327615261078,0.05933231748191226,19,0.0,0.0,0.029182303626582307,0.04561053893674739,0
276,1774286920.8810806,19,-0.04191775070993524,-0.7964372634887695,0.0,0.031627760842444966,0.7964372634887695,6.043910980224609,0.13177514792899409,0.040701634005496375,0.3866655230522156,0.10073140493730813,19,-0.04191775070993524,-0.022071644485319182,0.022307626329935513,0.04527472265769878,0
277,1774286920.9809353,23,-0.06314464237378992,-0.7495880126953125,0.0,0.041913795715827935,0.7495880126953125,6.043910980224609,0.12402366863905326,0.06724617792212445,0.7733310461044312,0.1767212411517269,23,-0.030935782453288208,-0.01628805005426751,0.03938259957013307,0.045323913630233505,0
278,1774286921.0811036,21,0.0,0.0,0.0,0.0,0.0,6.043910980224609,0.0,0.027618965932301114,0.1933327615261078,0.06765237375744962,21,0.0,0.0,0.03107133667383875,0.045872597848576634,0
279,1774286921.1812093,20,-0.03982186317443848,-0.7964372634887695,0.0,0.030129834946990286,0.7964372634887695,6.043910980224609,0.13177514792899409,0.0,0.0,0.0,20,-0.06558895111083984,-0.03452651670369283,0.039999881695056784,0.045352290475928245,0
280,1774286921.2812333,20,-0.03982186317443848,-0.7964372634887695,0.0,0.030129834946990286,0.7964372634887695,6.043910980224609,0.13177514792899409,0.02899991422891617,0.1933327615261078,0.06903360396656207,20,-0.008589029312133789,-0.004521966905603925,0.027134422670330918,0.04332281568240711,0
281,1774286921.3809078,20,0.0,0.0,0.0,0.0,0.0,6.043910980224609,0.0,0.05799982845783234,0.3866655230522156,0.13806720793312413,20,-0.05856156349182129,-0.030833891533995676,0.05012330854380572,0.04402749226499113,0
282,1774286921.4808898,22,0.0,0.0,0.0,0.0,0.0,6.043910980224609,0.0,0.10545423355969516,0.5799982845783234,0.22370221096467136,22,-0.012328750208804482,-0.006491222542450729,0.0606534153807397,0.03944719012540362,0
283,1774286921.5813253,19,-0.044383500751696135,-0.8432865142822266,0.0,0.03545811250156461,0.8432865142822266,6.043910980224609,0.1395266272189349,0.09157867651236684,0.5799982845783234,0.21149189414577863,19,0.055561567607678865,0.02924136939608634,0.09098012307110954,0.03776803645149332,0
284,1774286921.6815536,17,-0.05236092735739315,-0.8901357650756836,0.0,0.04386666741961925,0.8901357650756836,6.043910980224609,0.14727810650887574,0.13647018460666432,0.5799982845783234,0.2460251240856823,17,-0.0027558382819680566,-0.0014503070019456603,0.08950590811393878,0.035358100722590984,0
285,1774286921.7809968,16,-0.15811622142791748,-0.8901357650756836,0.0,0.10861089427827153,0.8901357650756836,5.992770195007324,0.14853494062182968,0.10874967835843563,0.5799982845783234,0.22638050789163336,16,-0.09647247038389507,-0.05078983161484349,0.08787852796641263,0.04400227607291527,0
286,1774286921.8813543,18,-0.09890397389729817,-0.8901357650756836,0.0,0.07825596842141952,0.8901357650756836,5.992770195007324,0.14853494062182968,0.053703544868363276,0.5799982845783234,0.1412719698364962,18,0.04164377848307292,0.021915197553795538,0.07064081671146247,0.045500494696278954,0
287,1774286921.9809856,21,-0.08700575147356306,-0.9369850158691406,0.0,0.07196726588814754,0.9369850158691406,5.992770195007324,0.15635256907561018,0.05523793186460223,0.5799982845783234,0.1353047475148992,21,-0.03755376452491397,-0.01976469924628841,0.05948700354649471,0.04118305133380611,0
288,1774286922.0809543,20,-0.09135603904724121,-0.9369850158691406,0.0,0.07516820414110725,0.9369850158691406,6.043910980224609,0.15502958579881657,0.07733310461044311,0.3866655230522156,0.15466620922088622,20,-0.09135603904724121,-0.04808286553424465,0.06692287898980655,0.04252548860349415,0
289,1774286922.181354,20,-0.08667111396789551,-0.8901357650756836,0.0,0.06766180927542109,0.8901357650756836,6.043910980224609,0.14727810650887574,0.11599965691566468,0.5799982845783234,0.23199931383132935,20,-0.005986293156941727,-0.0031508310894772843,0.05869030260613987,0.042170808539249316,0
290,1774286922.281387,16,-0.16690045595169067,-0.9369850158691406,0.0,0.1209826593906449,0.9369850158691406,6.043910980224609,0.15502958579881657,0.18124946393072605,0.9666638076305389,0.3773008464860556,16,-0.16690045595169067,-0.08784742261520895,0.0576606481744532,0.049039747738879834,0
291,1774286922.381195,18,-0.0546574592590332,-0.9838342666625977,0.0,0.050786443495098865,0.9838342666625977,6.043910980224609,0.1627810650887574,0.08592567178938124,0.7733310461044312,0.21588557853613438,18,0.01093149185180664,0.00575402442868875,0.043333205169644846,0.04749305336072263,0
292,1774286922.4808307,19,0.0,0.0,0.0,0.0,0.0,6.043910980224609,0.0,0.10175408501374095,0.5799982845783234,0.21149189414577863,19,0.029589000501130756,0.01557279195492925,0.040701634005496375,0.04896035630490497,0
293,1774286922.5813398,18,-0.1639723777770996,-1.0306835174560547,0.0,0.13467857584714693,1.0306835174560547,6.043910980224609,0.17053254437869822,0.02148141794734531,0.3866655230522156,0.08857015518494361,18,-0.1639723777770996,-0.08630384625906237,0.033918028337913644,0.05425774896629024,0
294,1774286922.681398,20,-0.19676685333251953,-1.0306835174560547,0.0,0.15508826351151583,1.0306835174560547,6.043910980224609,0.17053254437869822,0.05799982845783234,0.3866655230522156,0.13806720793312413,20,-0.19676685333251953,-0.10355015294130489,0.04437145346500834,0.0601095477461556,0
295,1774286922.7808366,19,-0.2071230035079153,-1.0306835174560547,0.0,0.1611058067672255,1.0306835174560547,6.043910980224609,0.17053254437869822,0.061052451008244565,0.3866655230522156,0.14099459609718576,19,-0.16520525279798004,-0.08696130278500878,0.04603160988716852,0.06492879715234164,0
296,1774286922.880792,15,-0.06558895111083984,-0.9838342666625977,0.0,0.06022674710948195,0.9838342666625977,6.043910980224609,0.1627810650887574,0.0902219553788503,0.5799982845783234,0.1849898096405197,15,-0.0024443087370499272,-0.0012865754073304262,0.033229068387299776,0.0644442117444098,0
297,1774286922.9808137,18,0.0,0.0,0.0,0.0,0.0,5.992770195007324,0.0,0.10740708973672655,0.5799982845783234,0.21588557853613438,18,0.0,0.0,0.01901633719928929,0.0667392132453634,0
298,1774286923.081077,22,-0.18526749177412552,-1.0775327682495117,0.0,0.15473255232472913,1.0775327682495117,6.043910980224609,0.17828402366863905,0.08787852796641263,0.5799982845783234,0.19092103183778797,22,-0.14544562859968704,-0.07655565858971893,0.02899991422891617,0.06815787112817837,0
299,1774286923.1809225,22,-0.04471973939375444,-1.0775327682495117,3.092050552368164,0.62163749612339,4.169583320617676,5.992770195007324,0.6957689323864653,0.10545423355969516,0.5799982845783234,0.22370221096467136,22,-0.004897876219315964,-0.002578251340091701,0.06548367729110102,0.0679967573860001,0
300,1774286923.281138,23,-0.08962465369183084,-1.0775327682495117,0.0,0.08453293149022754,1.0775327682495117,6.043910980224609,0.17828402366863905,0.0,0.0,0.0,23,-0.08962465369183084,-0.047165156695213734,0.0855735173968018,0.0671231216888726,0
301,1774286923.3809474,20,0.0,0.0,0.0,0.0,0.0,5.992770195007324,0.0,0.038666552305221556,0.1933327615261078,0.07733310461044311,20,0.0,0.0,0.10999967466140616,0.0671231216888726,0
302,1774286923.4813128,24,0.10150671005249023,-0.9369850158691406,3.3731460571289062,0.5003653562596355,4.310131072998047,6.043910980224609,0.7131360946745562,0.06444425384203593,0.3866655230522156,0.1441017323500443,24,0.14589021080418638,0.07678482828878229,0.11153813164967757,0.0768450070561169,0
303,1774286923.5809994,19,-0.05424650091873972,-1.0306835174560547,0.0,0.052968291514682915,1.0306835174560547,6.043910980224609,0.17053254437869822,0.040701634005496375,0.3866655230522156,0.10073140493730814,19,-0.001885573561346568,-0.0009926967060456815,0.09856179999370202,0.07661667355517597,0
304,1774286923.6810412,20,0.0,0.0,0.0,0.0,0.0,6.043910980224609,0.0,0.05799982845783234,0.5799982845783234,0.15099771380514218,20,0.15811622142791748,0.08321711745127967,0.07030282237313011,0.0785602297514548,0
305,1774286923.7811036,20,0.0,0.0,0.0,0.0,0.0,6.043910980224609,0.0,0.05799982845783234,0.3866655230522156,0.13806720793312413,20,0.09890397389729817,0.052061593068851234,0.062259702864339794,0.07850583624528047,0
306,1774286923.8812232,23,0.0,0.0,0.0,0.0,0.0,6.043910980224609,0.0,0.08405772240265556,0.7733310461044312,0.1960546142880579,23,0.08700575147356306,0.04578677597610434,0.08240412786358693,0.07991925833956785,0
307,1774286923.9809284,22,-0.05323778499256481,-1.1712312698364258,0.0,0.05951949676920573,1.1712312698364258,6.043910980224609,0.1937869822485207,0.07909067516977136,0.5799982845783234,0.19904050096851772,22,0.0381182540546764,0.02006251237811411,0.12083297595381737,0.07989081128944339,0
308,1774286924.0809386,26,-0.04324546227088341,-1.1243820190429688,0.0,0.04675425017556004,1.1243820190429688,6.043910980224609,0.18603550295857987,0.05948700354649471,0.3866655230522156,0.1395093894695755,26,0.043425651697012096,0.022860605027262178,0.1253082713595143,0.07987357948722863,0
309,1774286924.1813872,20,0.0,0.0,0.0,0.0,0.0,6.043910980224609,0.0,0.05799982845783234,0.7733310461044312,0.17399948537349702,20,0.16690045595169067,0.08784234082862749,0.12037700245965202,0.08095266474709836,0
310,1774286924.2814407,23,-0.203692394754161,-1.2180805206298828,0.0,0.1972711672049848,1.2180805206298828,6.043910980224609,0.20153846153846153,0.016811544480531113,0.1933327615261078,0.054475630259036005,23,-0.1490349354951278,-0.07842929897023472,0.07030282237313011,0.08370515703816218,0
311,1774286924.3807871,19,-0.1257532521298057,-1.2180805206298828,0.0,0.13447574285144137,1.2180805206298828,6.043910980224609,0.20153846153846153,0.050877042506870473,0.5799982845783234,0.13802595633883452,19,-0.1257532521298057,-0.06618743874491734,0.061052451008244565,0.08477682081408348,0
312,1774286924.4812396,22,-0.10860508138483221,-1.2180805206298828,0.0,0.11800052003287638,1.2180805206298828,6.043910980224609,0.20153846153846153,0.05272711677984758,0.3866655230522156,0.11920423501990257,22,0.055367296392267396,0.029142220389864155,0.047485239673079105,0.08381056433837886,0
313,1774286924.5815012,23,-0.10388312132462212,-1.2180805206298828,0.0,0.1133605945899674,1.2180805206298828,6.043910980224609,0.20153846153846153,0.0,0.0,0.0,23,0.09288373200789742,0.048883516233810174,0.06802449016659348,0.08150561856005209,0
314,1774286924.6809595,23,-0.10388312132462212,-1.2180805206298828,0.0,0.1133605945899674,1.2180805206298828,6.043910980224609,0.20153846153846153,0.02521731672079667,0.1933327615261078,0.06511083179712221,23,0.10323988218329318,0.05433326613721699,0.08551256759808613,0.07659200699707547,0
315,1774286924.7809095,21,-0.16731875283377512,-1.2180805206298828,0.0,0.1681824238514717,1.2180805206298828,6.043910980224609,0.20153846153846153,0.027618965932301114,0.1933327615261078,0.06765237375744962,21,-0.10172980172293528,-0.053538686137196166,0.09490881020372564,0.07330326513856018,0
316,1774286924.880934,22,-0.10860508138483221,-1.2180805206298828,0.0,0.11800052003287638,1.2180805206298828,6.043910980224609,0.20153846153846153,0.017575705593282528,0.1933327615261078,0.05557926115933376,22,-0.10860508138483221,-0.05715695146590884,0.09978465111024919,0.07399374595278377,0
317,1774286924.9809792,23,-0.20776624264924423,-1.2649297714233398,0.0,0.2055194968311049,1.2649297714233398,6.043910980224609,0.20928994082840235,0.033623088961062225,0.3866655230522156,0.10895126051807201,23,-0.02249875087511871,-0.011842057973399638,0.06348239930708018,0.07864354799319238,0
318,1774286925.081355,21,0.0,0.0,0.0,0.0,0.0,6.043910980224609,0.0,0.06444425384203593,0.9666638076305389,0.20953232861405574,21,0.04471973939375444,0.023531347392919455,0.047589602837195766,0.07596555568479892,0
319,1774286925.1809177,19,0.05917800100226151,0.0,1.1243820190429688,0.06303664444722595,1.1243820190429688,5.992770195007324,0.18762308289073223,0.0,0.0,0.0,19,0.14880265469409235,0.07832626442305307,0.03462676325840736,0.08062887318827046,0
320,1774286925.2810469,24,-0.048801302909851074,-1.1712312698364258,0.0,0.054776044811077895,1.1712312698364258,6.043910980224609,0.1937869822485207,0.008055531730254492,0.1933327615261078,0.03863297300900034,24,-0.048801302909851074,-0.025683551046194946,0.04910038387964642,0.08038103935811537,0
321,1774286925.381451,25,0.0,0.0,0.0,0.0,0.0,5.992770195007324,0.0,0.04639986276626587,0.3866655230522156,0.12565142236099405,25,-0.10150671005249023,-0.05342070027982033,0.05523793186460223,0.08038103935811537,0
322,1774286925.4808385,22,0.0,0.0,0.0,0.0,0.0,6.043910980224609,0.0,0.02636355838992379,0.1933327615261078,0.06634683365617257,22,0.05424650091873972,0.028553207018868373,0.05242922346470719,0.07298762433220864,0
323,1774286925.5809853,24,-0.05270540714263916,-1.2649297714233398,0.0,0.06389077866764126,1.2649297714233398,5.992770195007324,0.21107596825207375,0.03222212692101797,0.3866655230522156,0.10686870494422632,24,-0.05270540714263916,-0.027740504606445296,0.06751302783451384,0.07299815812545235,0
324,1774286925.6812584,23,0.0,0.0,0.0,0.0,0.0,5.992770195007324,0.0,0.033623088961062225,0.3866655230522156,0.10895126051807201,23,0.0,0.0,0.07435875443311837,0.07299815812545236,0
325,1774286925.7813573,22,0.0,0.0,0.0,0.0,0.0,5.992770195007324,0.0,0.05272711677984758,0.5799982845783234,0.16673778347800128,22,0.0,0.0,0.07352090931274521,0.07299815812545236,0
326,1774286925.8813908,19,-0.0665752511275442,-1.2649297714233398,0.0,0.07978075312852036,1.2649297714233398,5.992770195007324,0.21107596825207375,0.050877042506870473,0.5799982845783234,0.15161017206541133,19,-0.013337466134979388,-0.007018011096789645,0.06539196345735998,0.07153370081051139,0
327,1774286925.9813101,20,-0.004684925079345703,-1.2180805206298828,1.1243820190429688,0.13737580545125638,2.3424625396728516,6.04248046875,0.3876657196969697,0.019333276152610778,0.3866655230522156,0.08427179699679521,20,0.03856053719153771,0.020291051589792383,0.0448307852814163,0.07276418012045911,0
328,1774286926.0810204,17,0.0,0.0,0.0,0.0,0.0,5.992770195007324,0.0,0.0,0.0,0.0,17,0.0,0.0,0.04053751451353873,0.0739904326560303,0
329,1774286926.1813376,21,-0.21639892033168248,-2.99835205078125,0.0,0.4950909918042437,2.99835205078125,6.043910980224609,0.49609467455621303,0.0,0.0,0.0,21,-0.012706525577521471,-0.0066880080936082935,0.039270717184990644,0.07971144484930998,0
330,1774286926.2808294,22,-0.05323778499256481,-1.1712312698364258,0.0,0.05951949676920573,1.1712312698364258,5.992770195007324,0.19544071134451274,0.0,0.0,0.0,22,0.07251546713724089,0.03816518574910993,0.033229068387299776,0.07390835617538466,0
331,1774286926.381297,22,-0.05323778499256481,-1.1712312698364258,0.0,0.05951949676920573,1.1712312698364258,5.992770195007324,0.19544071134451274,0.008787852796641264,0.1933327615261078,0.04027100063673795,22,0.0553672963922674,0.02913979961742164,0.02558815961374956,0.07262882534112781,0
332,1774286926.4814675,24,-0.21472573280334473,-1.405477523803711,0.0,0.23172457996878393,1.405477523803711,6.043910980224609,0.23254437869822486,0.008055531730254492,0.1933327615261078,0.03863297300900034,24,-0.11084261147872261,-0.05833925316633683,0.01731338162920368,0.07941216560566115,0
333,1774286926.5815322,23,-0.0611077184262483,-1.405477523803711,0.0,0.0821513715277562,1.405477523803711,6.043910980224609,0.23254437869822486,0.0,0.0,0.0,23,0.04277540289837382,0.02250658507827318,0.0234342741243767,0.07896835582588216,0
334,1774286926.681116,22,-0.11712312698364258,-1.3117790222167969,0.0,0.13722815175108075,1.3117790222167969,6.043910980224609,0.2170414201183432,0.0,0.0,0.0,22,0.05019562585013254,0.02641587854291825,0.02636355838992379,0.0793461892213346,0
335,1774286926.781018,24,0.0,0.0,0.0,0.0,0.0,6.043910980224609,0.0,0.0,0.0,0.0,24,0.10860508138483221,0.05715804160003504,0.03808069545211214,0.07697135988238939,0
336,1774286926.8810074,24,0.0,0.0,0.0,0.0,0.0,6.043910980224609,0.0,0.0,0.0,0.0,24,0.20776624264924423,0.10934902940092772,0.03375651391725692,0.07699053950094467,0
337,1774286926.9814346,24,0.0,0.0,0.0,0.0,0.0,6.043910980224609,0.0,0.024166595190763474,0.1933327615261078,0.06393880090992969,24,0.0,0.0,0.024166595190763474,0.06883855721368728,0
338,1774286927.081377,24,0.048801302909851074,0.0,1.1712312698364258,0.054776044811077895,1.1712312698364258,6.043910980224609,0.1937869822485207,0.0,0.0,0.0,24,-0.010376698092410437,-0.005460100171292392,0.019901901921805215,0.07109328570022638,0
339,1774286927.1816251,23,0.05092309868854025,0.0,1.1712312698364258,0.05704956356094182,1.1712312698364258,6.043910980224609,0.1937869822485207,0.0,0.0,0.0,23,0.09972440159839133,0.05247055786919383,0.027229966412127857,0.07054375641017525,0
340,1774286927.2811882,20,0.0,0.0,0.0,0.0,0.0,5.992770195007324,0.0,0.019333276152610778,0.1933327615261078,0.05799982845783234,20,0.0,0.0,0.035398956335766216,0.07102027582594406,0
341,1774286927.380898,22,0.0,0.0,0.0,0.0,0.0,6.043910980224609,0.0,0.017575705593282528,0.1933327615261078,0.05557926115933376,22,0.0,0.0,0.030821164880973705,0.07102027582594406,0
342,1774286927.4809434,26,0.10811365567720853,0.0,1.405477523803711,0.14026275052668008,1.405477523803711,5.992770195007324,0.2345288536134153,0.022307626329935513,0.1933327615261078,0.06176702039910063,26,0.1608190628198477,0.08464347712066561,0.03922693712123926,0.07745415341635163,0
343,1774286927.581509,25,0.05621910095214844,0.0,1.405477523803711,0.07585409548482858,1.405477523803711,5.992770195007324,0.2345288536134153,0.023199931383132935,0.1933327615261078,0.06282571118049703,25,0.05621910095214844,0.029585097241246142,0.04531236598268151,0.07957889025389767,0
344,1774286927.6814013,24,-0.048801302909851074,-1.1712312698364258,0.0,0.054776044811077895,1.1712312698364258,5.992770195007324,0.19544071134451274,0.04833319038152695,0.3866655230522156,0.12787760181985938,24,-0.048801302909851074,-0.025684301955413744,0.041202063931793466,0.07948773798500641,0
345,1774286927.7809439,25,0.05621910095214844,0.0,1.405477523803711,0.07585409548482858,1.405477523803711,5.992770195007324,0.2345288536134153,0.023199931383132935,0.1933327615261078,0.06282571118049703,25,0.12279435207969264,0.06464381260575419,0.024166595190763474,0.08141970734850106,0
346,1774286927.8811522,24,0.0,0.0,0.0,0.0,0.0,5.992770195007324,0.0,0.04833319038152695,0.3866655230522156,0.12787760181985938,24,0.004684925079345703,0.0024659550744398425,0.006666646949176131,0.08104388503073329,0
347,1774286927.9816525,24,-0.15226006507873535,-1.2649297714233398,0.0,0.16246479628279076,1.2649297714233398,5.992770195007324,0.21107596825207375,0.12083297595381737,0.9666638076305389,0.3196940045496484,24,-0.15226006507873535,-0.08011022313699905,0.0,0.08567606270712416,0
348,1774286928.0814097,24,-0.10345876216888428,-1.2649297714233398,0.0,0.11778659625427679,1.2649297714233398,5.992770195007324,0.21107596825207375,0.03222212692101797,0.3866655230522156,0.10686870494422632,24,0.1129401581627982,0.05943993298720333,0.0029743501773247354,0.08683425792744577,0
349,1774286928.1814744,22,0.0,0.0,0.0,0.0,0.0,6.043910980224609,0.0,0.07030282237313011,0.3866655230522156,0.14913480730978085,22,0.05323778499256481,0.028010377792229837,0.0056862576919443466,0.07641446059010085,0
350,1774286928.281901,23,0.0,0.0,0.0,0.0,0.0,5.992770195007324,0.0,0.05043463344159334,0.3866655230522156,0.13022166359424442,23,0.05323778499256481,0.028010985666244076,0.005603848160177037,0.07628315833083868,0
351,1774286928.3813205,21,0.0,0.0,0.0,0.0,0.0,5.992770195007324,0.0,0.11968218570663816,0.9666638076305389,0.30114665838563004,21,0.21472573280334473,0.11302228846588487,0.0028019240800885186,0.07605852610868133,0
352,1774286928.481625,22,-0.05323778499256481,-1.1712312698364258,0.0,0.05951949676920573,1.1712312698364258,5.992770195007324,0.19544071134451274,0.0,0.0,0.0,22,0.007869933433683488,0.004141867843087634,0.0,0.06213393761881919,0
353,1774286928.5813837,23,0.01018461973770805,-1.1712312698364258,1.405477523803711,0.14542452384080076,2.5767087936401367,5.992770195007324,0.42996956495792804,0.04202886120132778,0.3866655230522156,0.1134000673097237,23,0.12730774672135062,0.0669946415196853,0.0,0.061182445314706055,0
354,1774286928.681497,22,0.0,0.0,0.0,0.0,0.0,5.992770195007324,0.0,0.05272711677984758,0.3866655230522156,0.13269366731234514,22,0.0,0.0,0.008055531730254492,0.0557465730727583,0
355,1774286928.7813733,18,-0.18739700317382812,-1.1712312698364258,0.0,0.17583205647042632,1.1712312698364258,6.043910980224609,0.1937869822485207,0.03222212692101797,0.1933327615261078,0.07205086617502215,18,-0.18739700317382812,-0.09861101492564278,0.008055531730254492,0.06892163117163735,0
356,1774286928.881579,20,0.0,0.0,0.0,0.0,0.0,5.992770195007324,0.0,0.02899991422891617,0.5799982845783234,0.12640769549519285,20,0.0,0.0,0.008168989923638357,0.06892163117163735,0
357,1774286928.9813545,19,-0.04191775070993524,-1.2180805206298828,0.4216432571411133,0.08569043854544779,1.639723777770996,5.992770195007324,0.27361699588231786,0.020350817002748187,0.3866655230522156,0.08634120423197839,19,-0.09071905361978631,-0.04774743712340356,0.0057711272097345605,0.06920011512933395,0
358,1774286929.0813658,21,-0.058003834315708706,-1.2180805206298828,0.0,0.06728889590648374,1.2180805206298828,5.992770195007324,0.20325833979829325,0.04603160988716852,0.3866655230522156,0.10168714988122056,21,-0.10892693300424897,-0.057337789960637174,0.011897400709298941,0.06835381616826249,0
359,1774286929.1818297,22,-0.08305094458840111,-1.2180805206298828,0.4216432571411133,0.1169121635205252,1.639723777770996,5.992770195007324,0.27361699588231786,0.043939263983206314,0.3866655230522156,0.09981082117702071,22,-0.08305094458840111,-0.04369627157535839,0.019901901921805215,0.06781699100651363,0
360,1774286929.2818253,19,-0.18493125313206724,-1.2180805206298828,0.0,0.18262873513751676,1.2180805206298828,5.992770195007324,0.20325833979829325,0.0,0.0,0.0,19,-0.18493125313206724,-0.09728475814098166,0.021187151948066606,0.07591908910148648,0
361,1774286929.381291,17,-0.06614011876723346,-1.1243820190429688,0.0,0.06999224496869993,1.1243820190429688,6.043910980224609,0.18603550295857987,0.03411754615166608,0.1933327615261078,0.07370232329163695,17,-0.17425377444444198,-0.09169574358472328,0.030933241844177246,0.07580140633700853,0
362,1774286929.4819977,20,-0.03982186317443848,-1.2180805206298828,0.4216432571411133,0.08148937876484297,1.639723777770996,5.992770195007324,0.27361699588231786,0.019333276152610778,0.1933327615261078,0.05799982845783234,20,-0.09604096412658691,-0.05053488001282613,0.03135125862585532,0.06806159706880675,0
363,1774286929.5812824,18,0.0,0.0,0.0,0.0,0.0,5.992770195007324,0.0,0.03222212692101797,0.1933327615261078,0.07205086617502215,18,0.048801302909851074,0.025686503371512393,0.03972590990262489,0.06491900147395516,0
364,1774286929.681707,19,0.0,0.0,0.0,0.0,0.0,5.992770195007324,0.0,0.0,0.0,0.0,19,-0.05621910095214844,-0.029577122409399054,0.06356145584419982,0.06574107711965808,0
365,1774286929.7811973,19,-0.1356162522968493,-1.405477523803711,0.0,0.1577740088161182,1.405477523803711,6.043910980224609,0.23254437869822486,0.030526225504122283,0.1933327615261078,0.07049729804859288,19,-0.1356162522968493,-0.0713752785476794,0.06712943108545409,0.06422248252165924,0
366,1774286929.8817985,19,-0.1380820023386102,-1.405477523803711,0.0,0.162990582980443,1.405477523803711,6.043910980224609,0.23254437869822486,0.020350817002748187,0.1933327615261078,0.05933231748191226,19,0.014178062740125147,0.007461564892319354,0.07457120801721301,0.06537388012692441,0
367,1774286929.981199,18,-0.06767114003499348,-1.2180805206298828,0.0,0.07784951429180688,1.2180805206298828,6.043910980224609,0.20153846153846153,0.03222212692101797,0.1933327615261078,0.07205086617502215,18,0.03578762213389079,0.018837679265683055,0.05043463344159334,0.06202797371904893,0
368,1774286930.0818517,20,-0.06090402603149414,-1.2180805206298828,0.0,0.0704767073500534,1.2180805206298828,5.992770195007324,0.20325833979829325,0.02899991422891617,0.1933327615261078,0.06903360396656207,20,-0.06090402603149414,-0.03204838685395119,0.07909067516977136,0.061136970184149854,0
369,1774286930.181311,20,-0.03982186317443848,-1.2180805206298828,0.4216432571411133,0.08148937876484297,1.639723777770996,5.992770195007324,0.27361699588231786,0.019333276152610778,0.1933327615261078,0.05799982845783234,20,-0.03982186317443848,-0.02096538555535458,0.05565640104539467,0.05993931482320154,0
370,1774286930.281677,20,-0.28812289237976074,-1.2180805206298828,0.0,0.2496150649378137,1.2180805206298828,5.992770195007324,0.20325833979829325,0.019333276152610778,0.1933327615261078,0.05799982845783234,20,-0.28812289237976074,-0.1516151772880408,0.05272711677984758,0.07670976427986671,0
371,1774286930.3818495,22,-0.10221654718572443,-1.2180805206298828,0.0,0.10528035329477183,1.2180805206298828,5.992770195007324,0.20325833979829325,0.02636355838992379,0.1933327615261078,0.06634683365617257,22,-0.048978762193159615,-0.025775251057332787,0.03174119965354009,0.07514993604856741,0
372,1774286930.4817932,21,-0.11600766863141741,-1.2180805206298828,0.0,0.12784890222231912,1.2180805206298828,6.043910980224609,0.20153846153846153,0.018412643954867407,0.1933327615261078,0.056751580113533366,21,-0.12619228836912547,-0.06640268374828377,0.04296283589469062,0.07540908641816521,0
373,1774286930.5817263,20,0.0,0.0,0.0,0.0,0.0,6.043910980224609,0.0,0.019333276152610778,0.1933327615261078,0.05799982845783234,20,0.0,0.0,0.038666552305221556,0.07483068977325685,0
374,1774286930.6817338,20,-0.051534175872802734,-1.0306835174560547,0.0,0.050459654374890306,1.0306835174560547,5.992770195007324,0.17198782598317122,0.04833319038152695,0.3866655230522156,0.10366314458524724,20,0.1358628273010254,0.07149318314976495,0.027134422670330918,0.07287665691976697,0
375,1774286930.7812674,21,-0.16731875283377512,-1.2180805206298828,0.0,0.16818242385147172,1.2180805206298828,6.043910980224609,0.20153846153846153,0.018412643954867407,0.1933327615261078,0.056751580113533366,21,-0.16731875283377512,-0.08807694229559117,0.03222212692101797,0.07155885404561049,0
376,1774286930.8812475,22,0.0,0.0,0.0,0.0,0.0,6.043910980224609,0.0,0.0,0.0,0.0,22,0.04191775070993524,0.022063216037800284,0.03741924416634344,0.07155885404561049,0
377,1774286930.9815514,24,-0.06441771984100342,-1.0775327682495117,0.0,0.0533737780639143,1.0775327682495117,6.043910980224609,0.17828402366863905,0.016111063460508983,0.1933327615261078,0.05343435247211316,24,-0.006413885525294712,-0.0033753995272101517,0.031182703471952868,0.07109430949260119,0
378,1774286931.0815735,23,-0.17313853554103686,-1.2180805206298828,0.0,0.15868491694194772,1.2180805206298828,6.043910980224609,0.20153846153846153,0.016811544480531113,0.1933327615261078,0.054475630259036005,23,-0.09008759095263576,-0.04742091600510234,0.026666587796704524,0.07344494969741278,0
379,1774286931.181806,25,-0.1105642318725586,-1.2180805206298828,0.0,0.10234684068564093,1.2180805206298828,6.043910980224609,0.20153846153846153,0.023199931383132935,0.1933327615261078,0.06282571118049703,25,0.07436702125950864,0.03914093337511667,0.017261853707688197,0.07357931155556274,0
380,1774286931.281791,24,-0.11126697063446045,-1.1243820190429688,0.0,0.09781953713705605,1.1243820190429688,6.043910980224609,0.18603550295857987,0.0,0.0,0.0,24,-0.045126851867226994,-0.02374472531610284,0.02812112894925204,0.07053148119320217,0
381,1774286931.3814757,25,-0.23237228393554688,-1.2180805206298828,0.0,0.2165845131912647,1.2180805206298828,6.043910980224609,0.20153846153846153,0.015466620922088623,0.1933327615261078,0.05244986340875713,25,-0.1925504207611084,-0.10137017904382434,0.016959014168956822,0.07711432233308177,0
382,1774286931.4812825,21,0.0,0.0,0.0,0.0,0.0,6.043910980224609,0.0,0.018412643954867407,0.1933327615261078,0.056751580113533366,21,0.0,0.0,0.020714224449225833,0.07900284364000368,0
383,1774286931.5816762,19,0.0,0.0,0.0,0.0,0.0,6.043910980224609,0.0,0.0,0.0,0.0,19,0.0,0.0,0.016959014168956822,0.07900284364000368,0
384,1774286931.6814618,25,-0.09182453155517578,-1.1712312698364258,0.0,0.0970089598922641,1.1712312698364258,6.043910980224609,0.1937869822485207,0.0,0.0,0.0,25,0.04379172074167351,0.02304506593974397,0.027618965932301114,0.07608168551097075,0
385,1774286931.7818582,24,0.0,0.0,0.0,0.0,0.0,6.043910980224609,0.0,0.0,0.0,0.0,24,0.1380820023386102,0.07267245462746412,0.027134422670330918,0.07839457859018163,0
386,1774286931.8819551,26,0.0,0.0,0.0,0.0,0.0,6.043910980224609,0.0,0.0,0.0,0.0,26,0.06767114003499348,0.035602221294292725,0.026666587796704524,0.07998742007651596,0
387,1774286931.9818358,23,0.0,0.0,0.0,0.0,0.0,5.992770195007324,0.0,0.0,0.0,0.0,23,0.06090402603149414,0.0320550184330473,0.022555488844712576,0.08200642425619015,0
388,1774286932.0818853,24,-0.0956505537033081,-1.1712312698364258,0.0,0.10068503875082513,1.1712312698364258,5.992770195007324,0.19544071134451274,0.0,0.0,0.0,24,-0.05582869052886963,-0.029374640206523493,0.021827892430367007,0.08194142581591601,0
389,1774286932.1813257,22,0.0,0.0,0.0,0.0,0.0,5.992770195007324,0.0,0.0,0.0,0.0,22,0.28812289237976074,0.15167167354610564,0.02148141794734531,0.08341780748441936,0
390,1774286932.2813904,23,0.0,0.0,0.0,0.0,0.0,5.992770195007324,0.0,0.0,0.0,0.0,23,0.10221654718572443,0.05381118517743291,0.02148141794734531,0.07008299091287548,0
391,1774286932.3817468,21,-0.04908016749790737,-1.0306835174560547,0.0,0.04817725683245284,1.0306835174560547,5.992770195007324,0.17198782598317122,0.0,0.0,0.0,21,0.06692750113351004,0.03522586077976144,0.028524505798933935,0.06965859033805895,0
392,1774286932.4813788,25,0.0,0.0,0.0,0.0,0.0,6.227016448974609,0.0,0.0,0.0,0.0,25,0.0,0.0,0.028524505798933935,0.06984608849692733,0
393,1774286932.5813873,23,0.0,0.0,0.0,0.0,0.0,5.992770195007324,0.0,0.0,0.0,0.0,23,0.051534175872802734,0.02712819871772667,0.02148141794734531,0.06984608849692733,0
394,1774286932.6814284,22,-0.10221654718572443,-1.2180805206298828,0.0,0.10528035329477184,1.2180805206298828,6.410121917724609,0.19002454809194377,0.0,0.0,0.0,22,0.06510220564805069,0.03426141505476219,0.011542254419469121,0.07050511279310392,0
395,1774286932.7815204,24,0.0,0.0,0.0,0.0,0.0,6.410121917724609,0.0,0.0,0.0,0.0,24,0.0,0.0,0.011207696320354074,0.06710676457498016,0
396,1774286932.8819199,25,-0.08432865142822266,-1.0775327682495117,0.0,0.08182409374057897,1.0775327682495117,6.410121917724609,0.16809863869671948,0.0,0.0,0.0,25,-0.01991093158721924,-0.010477405876480717,0.018796240703927145,0.06638214326775323,0
397,1774286932.9813223,24,-0.042945146560668945,-1.0306835174560547,0.0,0.04241856910169872,1.0306835174560547,6.410121917724609,0.16079000223164472,0.0,0.0,0.0,24,0.13019338898036792,0.06853189686479692,0.013425886217090819,0.06640679936174468,0
398,1774286933.0814056,22,-0.04684925079345703,-1.0306835174560547,0.0,0.04609189829807292,1.0306835174560547,6.410121917724609,0.16079000223164472,0.0,0.0,0.0,22,0.06371498107910156,0.03354126979385499,0.013063024427439715,0.06059126369164879,0
399,1774286933.1820126,24,0.0,0.0,0.0,0.0,0.0,6.410121917724609,0.0,0.0,0.0,0.0,24,0.11126697063446045,0.058554734585119124,0.011047586372920444,0.059700503069182044,0
400,1774286933.2817826,26,-0.04684925079345703,-1.2180805206298828,0.0,0.05487130749770586,1.2180805206298828,6.410121917724609,0.19002454809194377,0.0,0.0,0.0,26,0.18552303314208984,0.09762793011449143,0.011897400709298941,0.05762275164314863,0
401,1774286933.3813715,25,-0.04872322082519531,-1.2180805206298828,0.0,0.05697485394193791,1.2180805206298828,6.410121917724609,0.19002454809194377,0.0,0.0,0.0,25,-0.04872322082519531,-0.025642598936878626,0.005948700354649471,0.03717895795689516,0
402,1774286933.481316,22,-0.0553672963922674,-1.2180805206298828,0.0,0.06437628770557292,1.2180805206298828,6.227016448974609,0.1956122214564668,0.0,0.0,0.0,22,-0.0553672963922674,-0.0291462071303021,0.0,0.03687061152358791,0
403,1774286933.5813634,24,-0.042945146560668945,-1.0306835174560547,0.0,0.04241856910169872,1.0306835174560547,6.410121917724609,0.16079000223164472,0.0,0.0,0.0,24,0.048879384994506836,0.02572732412111538,0.0,0.036117906725164385,0
404,1774286933.6815598,22,-0.15119530937888406,-1.1712312698364258,0.0,0.1452457113920679,1.1712312698364258,6.043910980224609,0.1937869822485207,0.0,0.0,0.0,22,-0.15119530937888406,-0.07958897847558963,0.0,0.042512286350147394,0
405,1774286933.781395,22,0.0,0.0,0.0,0.0,0.0,6.043910980224609,0.0,0.0,0.0,0.0,22,0.0,0.0,0.0,0.042512286350147394,0
406,1774286933.8819458,22,0.0,0.0,0.0,0.0,0.0,6.043910980224609,0.0,0.0,0.0,0.0,22,0.0,0.0,0.0,0.042512286350147394,0
407,1774286933.9814367,20,0.0,0.0,0.0,0.0,0.0,6.043910980224609,0.0,0.0,0.0,0.0,20,0.0956505537033081,0.050354285820433935,0.0,0.042512286350147394,0
408,1774286934.0813365,20,-0.051534175872802734,-1.0306835174560547,0.0,0.050459654374890306,1.0306835174560547,6.043910980224609,0.17053254437869822,0.0,0.0,0.0,20,-0.051534175872802734,-0.02712309594046998,0.0,0.04058035153158636,0
409,1774286934.181354,21,-0.04908016749790737,-1.0306835174560547,0.0,0.04817725683245285,1.0306835174560547,6.043910980224609,0.17053254437869822,0.0,0.0,0.0,21,-0.04908016749790737,-0.025832161758451364,0.0,0.03979947395427429,0
410,1774286934.2818384,19,-0.05424650091873972,-1.0306835174560547,0.0,0.05296829151468293,1.0306835174560547,6.043910980224609,0.17053254437869822,0.0,0.0,0.0,19,-0.00516633342083235,-0.0027189917002127355,0.0,0.03891817431112342,0
411,1774286934.3814692,22,-0.05323778499256481,-1.1712312698364258,0.0,0.05951949676920573,1.1712312698364258,6.043910980224609,0.1937869822485207,0.0,0.0,0.0,22,-0.05323778499256481,-0.028018552918995944,0.0,0.03897041633792196,0
412,1774286934.4819756,22,-0.0553672963922674,-1.2180805206298828,0.0,0.06437628770557292,1.2180805206298828,6.043910980224609,0.20153846153846153,0.0,0.0,0.0,22,-0.0553672963922674,-0.029131662627634915,0.0,0.037876977335411205,0
413,1774286934.5821397,22,-0.11925263838334517,-1.405477523803711,0.0,0.14301004572294643,1.405477523803711,6.043910980224609,0.23254437869822486,0.0,0.0,0.0,22,-0.017036091197620742,-0.008963008330432046,0.0,0.039781242081971695,0
414,1774286934.6813276,22,-0.10860508138483221,-1.2180805206298828,0.0,0.11800052003287637,1.2180805206298828,6.043910980224609,0.20153846153846153,0.0,0.0,0.0,22,-0.10860508138483221,-0.05716636958864823,0.0,0.04022079543382738,0
415,1774286934.781827,22,-0.0553672963922674,-1.2180805206298828,0.0,0.06437628770557292,1.2180805206298828,6.043910980224609,0.20153846153846153,0.0,0.0,0.0,22,0.028961355035955254,0.015243563672760183,0.0,0.03851720005516885,0
416,1774286934.8817794,22,-0.0553672963922674,-1.2180805206298828,0.0,0.06437628770557292,1.2180805206298828,6.043910980224609,0.20153846153846153,0.0,0.0,0.0,22,-0.012422149831598457,-0.0065364009244994236,0.0,0.03786208270387057,0
417,1774286934.9817252,21,0.0,0.0,0.0,0.0,0.0,6.043910980224609,0.0,0.0,0.0,0.0,21,0.04684925079345703,0.02465335377198822,0.0,0.03948883994392421,0
418,1774286935.0818305,19,0.0,0.0,0.0,0.0,0.0,6.043910980224609,0.0,0.0,0.0,0.0,19,0.0,0.0,0.0,0.04095090515024827,0
419,1774286935.1817787,19,0.0,0.0,0.0,0.0,0.0,6.043910980224609,0.0,0.0,0.0,0.0,19,0.04684925079345703,0.02465755177991761,0.0,0.04095090515024827,0
420,1774286935.2817721,19,0.0,0.0,0.0,0.0,0.0,6.043910980224609,0.0,0.0,0.0,0.0,19,0.04872322082519531,0.02563839426069314,0.0,0.042232813352094535,0
421,1774286935.3819432,22,-0.04684925079345703,-1.0306835174560547,0.0,0.04609189829807292,1.0306835174560547,5.992770195007324,0.17198782598317122,0.0,0.0,0.0,22,0.008518045598810371,0.004481702610909939,0.0,0.042226559436570055,0
422,1774286935.4821641,24,-0.042945146560668945,-1.0306835174560547,0.0,0.04241856910169872,1.0306835174560547,6.043910980224609,0.17053254437869822,0.0,0.0,0.0,24,0.0,0.0,0.0,0.04215963942203304,0
423,1774286935.581421,21,-0.05577291761125837,-1.1712312698364258,0.0,0.062212366777444274,1.1712312698364258,6.043910980224609,0.1937869822485207,0.0,0.0,0.0,21,0.0954223917676257,0.050225983310799395,0.0,0.042231669047719564,0
424,1774286935.681298,21,-0.05577291761125837,-1.1712312698364258,0.0,0.06221236677744429,1.1712312698364258,6.043910980224609,0.1937869822485207,0.0,0.0,0.0,21,-0.05577291761125837,-0.02935566493610764,0.0,0.034671577824642155,0
425,1774286935.7814755,22,-0.15332482077858664,-1.1712312698364258,0.0,0.14908670291690723,1.1712312698364258,6.043910980224609,0.1937869822485207,0.0,0.0,0.0,22,-0.15332482077858664,-0.0807172539291896,0.0,0.04126581463843587,0
426,1774286935.8818984,22,-0.04897876219315962,-1.0775327682495117,0.0,0.05037730206545574,1.0775327682495117,6.043910980224609,0.17828402366863905,0.0,0.0,0.0,22,-0.04897876219315962,-0.025772033643204472,0.0,0.039780906277914335,0
427,1774286935.9813704,23,-0.04684925079345703,-1.0775327682495117,0.0,0.048286750597981154,1.0775327682495117,5.992770195007324,0.17980545443695173,0.0,0.0,0.0,23,0.004684925079345703,0.0024657059824426675,0.0,0.03809454094530811,0
428,1774286936.0813978,24,0.0,0.0,0.0,0.0,0.0,5.992770195007324,0.0,0.0,0.0,0.0,24,0.04908016749790737,0.02583107263645641,0.0,0.03978665451764045,0
429,1774286936.1813815,23,0.0,0.0,0.0,0.0,0.0,5.992770195007324,0.0,0.0,0.0,0.0,23,0.05424650091873972,0.02855765811983236,0.0,0.041257278391142925,0
430,1774286936.2813568,22,0.0,0.0,0.0,0.0,0.0,5.992770195007324,0.0,0.0,0.0,0.0,22,0.05323778499256481,0.028021545097215855,0.0,0.042495510541634786,0
431,1774286936.3814294,21,0.0,0.0,0.0,0.0,0.0,5.992770195007324,0.0,0.0,0.0,0.0,21,0.0553672963922674,0.02914906069676559,0.0,0.04354336841405742,0
432,1774286936.4810214,24,0.0,0.0,0.0,0.0,0.0,5.992770195007324,0.0,0.0,0.0,0.0,24,0.11925263838334517,0.06280151103038001,0.0,0.04437183252230682,0
433,1774286936.581147,25,-0.12368202209472656,-1.0775327682495117,0.0,0.11235536717322248,1.0775327682495117,5.992770195007324,0.17980545443695173,0.0,0.0,0.0,25,-0.015076940709894349,-0.007935986397212083,0.0,0.04477875840808052,0
434,1774286936.6813223,21,0.0,0.0,0.0,0.0,0.0,6.043910980224609,0.0,0.0,0.0,0.0,21,0.0553672963922674,0.029148424083519975,0.0,0.04262387871893928,0
435,1774286936.7812812,23,-0.04684925079345703,-1.0775327682495117,0.0,0.048286750597981154,1.0775327682495117,6.174445152282715,0.17451491456704316,0.0,0.0,0.0,23,0.008518045598810371,0.004484357738645881,0.0,0.04245291324843653,0
436,1774286936.8812132,24,-0.042945146560668945,-1.0306835174560547,0.0,0.04241856910169872,1.0306835174560547,6.410121917724609,0.16079000223164472,0.0,0.0,0.0,24,-0.042945146560668945,-0.022608801523277808,0.0,0.04222336634071577,0
437,1774286936.9812326,22,-0.04684925079345703,-1.0306835174560547,0.0,0.04609189829807292,1.0306835174560547,6.410121917724609,0.16079000223164472,0.0,0.0,0.0,22,-0.04684925079345703,-0.02466526164633404,0.0,0.04161172652742103,0
438,1774286937.0808132,23,-0.04684925079345703,-1.0775327682495117,0.0,0.048286750597981154,1.0775327682495117,5.992770195007324,0.17980545443695173,0.0,0.0,0.0,23,-0.04684925079345703,-0.02467003668993141,0.0,0.04085687999032623,0
439,1774286937.1811936,24,0.0,0.0,0.0,0.0,0.0,5.992770195007324,0.0,0.016111063460508983,0.1933327615261078,0.05343435247211316,24,0.0,0.0,0.0,0.04085687999032622,0
440,1774286937.2811108,21,0.0,0.0,0.0,0.0,0.0,5.992770195007324,0.0,0.0,0.0,0.0,21,0.04684925079345703,0.024668308542415557,0.0,0.04085687999032623,0
441,1774286937.3808599,26,-0.0396416737483098,-1.0306835174560547,0.0,0.03928655743918584,1.0306835174560547,6.174445152282715,0.16692730958586735,0.0,0.0,0.0,26,0.003303472812359147,0.0017398642655699437,0.0,0.040807965171986385,0
442,1774286937.4808102,23,0.0,0.0,0.0,0.0,0.0,5.992770195007324,0.0,0.0,0.0,0.0,23,0.05577291761125837,0.029363605755388666,0.0,0.04158855838253992,0
443,1774286937.5807,21,0.0,0.0,0.0,0.0,0.0,5.992770195007324,0.0,0.0,0.0,0.0,21,0.05577291761125837,0.029363410407608426,0.0,0.04199525780516653,0
444,1774286937.6815283,21,0.0,0.0,0.0,0.0,0.0,5.992770195007324,0.0,0.0,0.0,0.0,21,0.15332482077858664,0.08069503222148985,0.0,0.04221424020650506,0
445,1774286937.7812662,21,-0.04908016749790737,-1.0306835174560547,0.0,0.04817725683245284,1.0306835174560547,5.992770195007324,0.17198782598317122,0.0,0.0,0.0,21,-0.00010140530474774673,-5.3388977243618246e-05,0.0,0.031788770782075766,0
446,1774286937.8808007,22,-0.10008703578602184,-1.1712312698364258,0.0,0.10062309438566902,1.1712312698364258,5.992770195007324,0.19544071134451274,0.0,0.0,0.0,22,-0.053237784992564804,-0.028028291269386676,0.0,0.035486117938569754,0
447,1774286937.9813347,25,-0.13492584228515625,-1.1712312698364258,0.0,0.13402997260527627,1.1712312698364258,5.992770195007324,0.19544071134451274,0.0,0.0,0.0,25,-0.13492584228515625,-0.07101595914022402,0.0,0.04244199522627089,0
448,1774286938.080673,22,0.0,0.0,0.0,0.0,0.0,5.992770195007324,0.0,0.0,0.0,0.0,22,0.0,0.0,0.0,0.04244199522627089,0
449,1774286938.18131,24,-0.048801302909851074,-1.1712312698364258,0.0,0.054776044811077895,1.1712312698364258,5.992770195007324,0.19544071134451274,0.0,0.0,0.0,24,-0.048801302909851074,-0.02568552993161861,0.0,0.04195832857513996,0
450,1774286938.2813623,24,-0.048801302909851074,-1.1712312698364258,0.0,0.054776044811077895,1.1712312698364258,5.992770195007324,0.19544071134451274,0.0,0.0,0.0,24,-0.048801302909851074,-0.025685803905584913,0.0,0.04132519666043364,0
451,1774286938.3811507,23,0.0,0.0,0.0,0.0,0.0,5.992770195007324,0.0,0.0,0.0,0.0,23,0.0,0.0,0.0,0.04132519666043365,0
452,1774286938.4814534,22,0.0,0.0,0.0,0.0,0.0,5.992770195007324,0.0,0.0,0.0,0.0,22,0.12368202209472656,0.06508530307461437,0.0,0.04132519666043365,0
453,1774286938.5812802,22,0.0,0.0,0.0,0.0,0.0,5.992770195007324,0.0,0.0,0.0,0.0,22,0.0,0.0,0.0,0.03681285076865208,0
454,1774286938.6814594,22,0.0,0.0,0.0,0.0,0.0,5.992770195007324,0.0,0.0,0.0,0.0,22,0.04684925079345703,0.024655188097754997,0.0,0.03681285076865208,0
455,1774286938.7810159,26,0.0,0.0,0.0,0.0,0.0,5.992770195007324,0.0,0.0,0.0,0.0,26,0.042945146560668945,0.02260505625380411,0.0,0.03717035714445535,0
456,1774286938.8810852,25,-0.035605430603027344,-0.8901357650756836,0.0,0.030425920522247907,0.8901357650756836,5.992770195007324,0.14853494062182968,0.0,0.0,0.0,25,0.011243820190429688,0.005918259499615928,0.005603848160177037,0.0370560512562306,0
457,1774286938.9811013,25,-0.035605430603027344,-0.8901357650756836,0.0,0.030425920522247907,0.8901357650756836,5.992770195007324,0.14853494062182968,0.0,0.0,0.0,25,0.011243820190429688,0.00591690289529265,0.0056862576919443466,0.0368434003836946,0
458,1774286939.0807266,25,0.0,0.0,0.0,0.0,0.0,5.992770195007324,0.0,0.0,0.0,0.0,25,0.0,0.0,0.005445993282425571,0.03699402972287352,0
459,1774286939.181271,23,0.0,0.0,0.0,0.0,0.0,6.043910980224609,0.0,0.0,0.0,0.0,23,0.0,0.0,0.0,0.03699402972287352,0
460,1774286939.281401,23,-0.03870155500329059,-0.8901357650756836,0.0,0.03295182791280001,0.8901357650756836,5.992770195007324,0.14853494062182968,0.0,0.0,0.0,23,0.0009401187450192097,0.00049465847451649,0.0,0.03666595592090368,0
461,1774286939.381226,23,-0.03870155500329059,-0.8901357650756836,0.0,0.03295182791280001,0.8901357650756836,5.992770195007324,0.14853494062182968,0.0,0.0,0.0,23,-0.03870155500329059,-0.020364781760067622,0.0,0.036649757248055706,0
462,1774286939.4813042,24,-0.037088990211486816,-0.8901357650756836,0.0,0.03163864348287859,0.8901357650756836,5.992770195007324,0.14853494062182968,0.0,0.0,0.0,24,-0.037088990211486816,-0.01951431511825816,0.0,0.03619671450685715,0
463,1774286939.5809765,24,-0.037088990211486816,-0.8901357650756836,0.0,0.03163864348287859,0.8901357650756836,5.992770195007324,0.14853494062182968,0.0,0.0,0.0,24,-0.037088990211486816,-0.019526192429818363,0.0,0.03564157137200737,0
464,1774286939.6809058,23,0.0,0.0,0.0,0.0,0.0,5.992770195007324,0.0,0.0,0.0,0.0,23,0.04908016749790737,0.025836567805068995,0.0,0.03564157137200738,0
465,1774286939.7810555,22,0.0,0.0,0.0,0.0,0.0,6.174445152282715,0.0,0.0,0.0,0.0,22,0.10008703578602184,0.05267032592788912,0.0,0.03594715669861716,0
466,1774286939.8811846,22,0.0,0.0,0.0,0.0,0.0,6.174445152282715,0.0,0.0,0.0,0.0,22,0.13492584228515625,0.07101921203210422,0.0,0.03231453574846847,0
467,1774286939.981291,25,0.0,0.0,0.0,0.0,0.0,5.992770195007324,0.0,0.0,0.0,0.0,25,0.0,0.0,0.0,0.019890702847139168,0
468,1774286940.0812552,24,0.0,0.0,0.0,0.0,0.0,5.992770195007324,0.0,0.0,0.0,0.0,24,0.048801302909851074,0.025685636297287925,0.0,0.019890702847139168,0
469,1774286940.1812382,27,0.0,0.0,0.0,0.0,0.0,5.992770195007324,0.0,0.0,0.0,0.0,27,0.048801302909851074,0.025686574287235604,0.0,0.01867581705841039,0
470,1774286940.2812328,26,0.0,0.0,0.0,0.0,0.0,5.992770195007324,0.0,0.0,0.0,0.0,26,0.0,0.0,0.0,0.01703010246641926,0
471,1774286940.3813663,27,0.0,0.0,0.0,0.0,0.0,5.992770195007324,0.0,0.0,0.0,0.0,27,0.0,0.0,0.0,0.01703010246641926,0
472,1774286940.480827,26,0.0,0.0,0.0,0.0,0.0,5.992770195007324,0.0,0.0,0.0,0.0,26,0.0,0.0,0.0,0.01703010246641926,0
473,1774286940.5809674,24,0.0,0.0,0.0,0.0,0.0,5.992770195007324,0.0,0.0,0.0,0.0,24,0.0,0.0,0.0,0.01703010246641926,0
474,1774286940.6807227,25,0.0,0.0,0.0,0.0,0.0,5.992770195007324,0.0,0.0,0.0,0.0,25,0.0,0.0,0.0,0.01703010246641926,0
475,1774286940.781318,25,0.0,0.0,0.0,0.0,0.0,5.992770195007324,0.0,0.0,0.0,0.0,25,0.035605430603027344,0.01873740457210739,0.0,0.01703010246641926,0
476,1774286940.8812823,24,0.0,0.0,0.0,0.0,0.0,5.992770195007324,0.0,0.0,0.0,0.0,24,0.035605430603027344,0.018737914741358684,0.0,0.016221304070224925,0
477,1774286940.9812927,25,0.0,0.0,0.0,0.0,0.0,5.992770195007324,0.0,0.0,0.0,0.0,25,0.0,0.0,0.0,0.015162397172562028,0
478,1774286941.0813508,24,0.0,0.0,0.0,0.0,0.0,5.992770195007324,0.0,0.0,0.0,0.0,24,0.0,0.0,0.0,0.015162397172562028,0
479,1774286941.1814098,23,0.0,0.0,0.0,0.0,0.0,5.992770195007324,0.0,0.0,0.0,0.0,23,0.03870155500329059,0.02036914388136369,0.0,0.015162397172562028,0
480,1774286941.281487,24,0.0,0.0,0.0,0.0,0.0,5.992770195007324,0.0,0.0,0.0,0.0,24,0.03870155500329059,0.020366442570155914,0.0,0.013438577442545388,0
481,1774286941.380989,26,0.0,0.0,0.0,0.0,0.0,5.992770195007324,0.0,0.0,0.0,0.0,26,0.037088990211486816,0.019523758963515405,0.0,0.011126697063446045,0
482,1774286941.4809875,26,0.0,0.0,0.0,0.0,0.0,5.992770195007324,0.0,0.0,0.0,0.0,26,0.037088990211486816,0.019520407507682053,0.0,0.008083358012492013,0
483,1774286941.581605,26,0.0,0.0,0.0,0.0,0.0,5.992770195007324,0.0,0.0,0.0,0.0,26,0.0,0.0,0.0,0.0,0
484,1774286941.6807816,24,0.0,0.0,0.0,0.0,0.0,5.992770195007324,0.0,0.0,0.0,0.0,24,0.0,0.0,0.0,0.0,0
485,1774286941.7807794,24,0.0,0.0,0.0,0.0,0.0,5.992770195007324,0.0,0.0,0.0,0.0,24,0.0,0.0,0.0,0.0,0
486,1774286941.8807094,22,-0.14693628657947888,-1.1243820190429688,0.0,0.13693792334778712,1.1243820190429688,5.992770195007324,0.18762308289073223,0.0,0.0,0.0,22,-0.14693628657947888,-0.07735856941014686,0.0,0.032024021216954,0
487,1774286941.981325,26,-0.16937806056096003,-1.1712312698364258,0.0,0.15821118767740897,1.1712312698364258,5.992770195007324,0.19544071134451274,0.0,0.0,0.0,26,-0.16937806056096003,-0.0891430768825376,0.0,0.04757964974798306,0
488,1774286942.0807598,25,0.0,0.0,0.0,0.0,0.0,5.992770195007324,0.0,0.015466620922088623,0.1933327615261078,0.05244986340875713,25,0.0,0.0,0.0,0.04757964974798306,0
489,1774286942.180777,23,-0.04684925079345703,-1.0775327682495117,0.0,0.048286750597981154,1.0775327682495117,5.992770195007324,0.17980545443695173,0.02521731672079667,0.5799982845783234,0.11827969976768359,23,-0.04684925079345703,-0.02466341653460547,0.0,0.04789554367049851,0
490,1774286942.280887,22,0.0,0.0,0.0,0.0,0.0,5.992770195007324,0.0,0.0,0.0,0.0,22,0.0,0.0,0.0,0.04789554367049851,0
491,1774286942.3811703,22,-0.04897876219315962,-1.0775327682495117,0.0,0.05037730206545572,1.0775327682495117,5.992770195007324,0.17980545443695173,0.0,0.0,0.0,22,-0.04897876219315962,-0.02577364063306745,0.0,0.04815594714491987,0
492,1774286942.4811807,21,-0.0513110842023577,-1.0775327682495117,0.0,0.05265654724042885,1.0775327682495117,5.992770195007324,0.17980545443695173,0.0,0.0,0.0,21,-0.0513110842023577,-0.027002803201060882,0.0,0.04835614943728611,0
493,1774286942.581318,21,0.0,0.0,0.0,0.0,0.0,6.043910980224609,0.0,0.0,0.0,0.0,21,0.0,0.0,0.0,0.04835614943728611,0
494,1774286942.6807451,21,-0.05354200090680804,-1.1243820190429688,0.0,0.05733491722209268,1.1243820190429688,5.992770195007324,0.18762308289073223,0.0,0.0,0.0,21,-0.05354200090680804,-0.028188498931051596,0.0,0.048481094182380745,0
495,1774286942.7808044,21,-0.10485308510916573,-1.1243820190429688,0.0,0.10449686822873762,1.1243820190429688,6.043910980224609,0.18603550295857987,0.0,0.0,0.0,21,-0.10485308510916573,-0.05519971943444861,0.0,0.05100584971571469,0
496,1774286942.881071,24,-0.042945146560668945,-1.0306835174560547,0.0,0.04241856910169872,1.0306835174560547,5.992770195007324,0.17198782598317122,0.008055531730254492,0.1933327615261078,0.03863297300900034,24,-0.042945146560668945,-0.02260534561675289,0.0,0.050553668417574305,0
497,1774286942.9808831,24,-0.042945146560668945,-1.0306835174560547,0.0,0.04241856910169872,1.0306835174560547,5.992770195007324,0.17198782598317122,0.0,0.0,0.0,24,-0.042945146560668945,-0.022608273705645738,0.0,0.0500052861971656,0
498,1774286943.0813124,25,0.0,0.0,0.0,0.0,0.0,5.992770195007324,0.0,0.0,0.0,0.0,25,0.0,0.0,0.0,0.0500052861971656,0
499,1774286943.181002,25,-0.04310131072998047,-1.0775327682495117,0.0,0.04458535167941591,1.0775327682495117,5.992770195007324,0.17980545443695173,0.0,0.0,0.0,25,-0.04310131072998047,-0.022690693514601155,0.0,0.04935836438534406,0
500,1774286943.2807114,25,-0.08432865142822266,-1.0775327682495117,0.0,0.08182409374057897,1.0775327682495117,5.992770195007324,0.17980545443695173,0.015466620922088623,0.3866655230522156,0.07577065860834357,25,-0.08432865142822266,-0.04438998781753996,0.0,0.04957266609712764,0
501,1774286943.3810217,25,0.0,0.0,0.0,0.0,0.0,6.043910980224609,0.0,0.015466620922088623,0.1933327615261078,0.05244986340875713,25,0.0,0.0,0.0,0.04957266609712764,0
502,1774286943.4811306,26,0.0,0.0,0.0,0.0,0.0,5.992770195007324,0.0,0.04461525265987103,0.3866655230522156,0.11128999311839477,26,0.0,0.0,0.0,0.04957266609712764,0
503,1774286943.581116,24,0.0,0.0,0.0,0.0,0.0,5.992770195007324,0.0,0.040277658651272454,0.1933327615261078,0.07851561111287364,24,0.0,0.0,0.0,0.04957266609712764,0
504,1774286943.6813464,23,-0.1405477523803711,-1.1243820190429688,0.0,0.13188199471622522,1.1243820190429688,5.992770195007324,0.18762308289073223,0.0,0.0,0.0,23,-0.1405477523803711,-0.07395043075655493,0.0,0.05299851982649082,0
505,1774286943.7815692,27,0.0,0.0,0.0,0.0,0.0,5.992770195007324,0.0,0.035802363245575515,0.1933327615261078,0.07509967071472286,27,0.14693628657947888,0.0772999060987297,0.005296787987016651,0.05299851982649082,0
506,1774286943.8812306,22,-0.05323778499256481,-1.1712312698364258,0.0,0.05951949676920573,1.1712312698364258,5.992770195007324,0.19544071134451274,0.02636355838992379,0.1933327615261078,0.06634683365617257,22,0.11614027556839521,0.06112949537051237,0.013063024427439715,0.04802301469691992,0
507,1774286943.9812813,22,-0.05323778499256481,-1.1712312698364258,0.0,0.05951949676920573,1.1712312698364258,5.992770195007324,0.19544071134451274,0.035151411186565056,0.1933327615261078,0.07456740365489042,22,-0.05323778499256481,-0.028012197979324062,0.013809482966150557,0.038625695309775034,0
508,1774286944.081394,20,0.0,0.0,0.0,0.0,0.0,5.992770195007324,0.0,0.019333276152610778,0.1933327615261078,0.05799982845783234,20,0.04684925079345703,0.02464949731960237,0.00865669081460184,0.038625695309775034,0
509,1774286944.180892,23,0.0,0.0,0.0,0.0,0.0,5.992770195007324,0.0,0.016811544480531113,0.1933327615261078,0.054475630259036005,23,0.0,0.0,0.0,0.039447668991898076,0
510,1774286944.2811491,22,0.0,0.0,0.0,0.0,0.0,6.043910980224609,0.0,0.017575705593282528,0.1933327615261078,0.05557926115933376,22,0.04897876219315962,0.025778582493158023,0.0,0.039447668991898076,0
511,1774286944.3806858,21,-0.04684925079345703,-0.9838342666625977,0.0,0.043897045998164685,0.9838342666625977,6.043910980224609,0.1627810650887574,0.009206321977433703,0.1933327615261078,0.04117192352858409,21,0.004461833408900669,0.002348945164036523,0.0,0.03941522303106306,0
512,1774286944.4812756,21,0.0,0.0,0.0,0.0,0.0,5.992770195007324,0.0,0.0,0.0,0.0,21,0.0,0.0,0.0,0.03999075761354929,0
513,1774286944.5807667,19,0.0,0.0,0.0,0.0,0.0,5.992770195007324,0.0,0.020350817002748187,0.1933327615261078,0.05933231748191226,19,0.05354200090680804,0.028179680815280474,0.0029292842655470877,0.039990757613549296,0
514,1774286944.6813364,21,0.0,0.0,0.0,0.0,0.0,5.992770195007324,0.0,0.04603160988716852,0.3866655230522156,0.10168714988122056,21,0.10485308510916573,0.05517038635023172,0.0028019240800885186,0.0403353576951298,0
515,1774286944.7809796,19,0.0,0.0,0.0,0.0,0.0,5.992770195007324,0.0,0.030526225504122283,0.1933327615261078,0.07049729804859288,19,0.042945146560668945,0.0226037967602124,0.0026483939935083257,0.03702190831421235,0
516,1774286944.8808346,18,0.0,0.0,0.0,0.0,0.0,5.992770195007324,0.0,0.03222212692101797,0.1933327615261078,0.07205086617502215,18,0.042945146560668945,0.022603286194684536,0.0,0.03718472875114653,0
517,1774286944.9813037,18,0.0,0.0,0.0,0.0,0.0,5.992770195007324,0.0,0.02148141794734531,0.1933327615261078,0.06075862520028111,18,0.0,0.0,0.005155540307362874,0.037223178011840344,0
518,1774286945.081277,20,-0.05621910095214844,-1.1243820190429688,0.0,0.06005115892548929,1.1243820190429688,5.992770195007324,0.18762308289073223,0.10633301883935928,0.5799982845783234,0.21593633774203058,20,-0.013117790222167969,-0.006903101012994316,0.010311080614725748,0.037646601835928294,0
519,1774286945.1812022,18,0.0,0.0,0.0,0.0,0.0,5.992770195007324,0.0,0.02148141794734531,0.3866655230522156,0.08857015518494361,18,0.08432865142822266,0.04437203966862856,0.025438521253435237,0.03771796939284853,0
520,1774286945.2807937,19,0.0,0.0,0.0,0.0,0.0,5.992770195007324,0.0,0.0,0.0,0.0,19,0.0,0.0,0.033511011997858685,0.03510656975459399,0
521,1774286945.381276,22,-0.06388534199107777,-1.405477523803711,0.0,0.08570807534765625,1.405477523803711,6.043910980224609,0.23254437869822486,0.035151411186565056,0.1933327615261078,0.07456740365489042,22,-0.06388534199107777,-0.033621293198242995,0.029132333928591585,0.03625611827061254,0
522,1774286945.4817371,22,-0.1639723777770996,-1.405477523803711,0.0,0.17314391665867002,1.405477523803711,5.992770195007324,0.2345288536134153,0.06151496957648884,0.7733310461044312,0.1688091397114971,22,-0.1639723777770996,-0.08627304581672632,0.02612604885487943,0.047457684474540365,0
523,1774286945.5813978,22,0.0,0.0,0.0,0.0,0.0,5.992770195007324,0.0,0.05272711677984758,0.5799982845783234,0.13269366731234516,22,0.1405477523803711,0.07397050189393345,0.02148141794734531,0.047457684474540365,0
524,1774286945.6816258,21,-0.06692750113351005,-1.405477523803711,0.0,0.08958580815951978,1.405477523803711,5.992770195007324,0.2345288536134153,0.027618965932301114,0.1933327615261078,0.0676523737574496,21,-0.06692750113351005,-0.03522395128303467,0.032675959694553426,0.041081709379817866,0
525,1774286945.7813928,24,-0.04684925079345703,-1.1243820190429688,0.0,0.05048160289788939,1.1243820190429688,5.992770195007324,0.18762308289073223,0.024166595190763474,0.1933327615261078,0.06393880090992969,24,0.00638853419910778,0.003362099368075888,0.027187419589608908,0.040912407865894174,0
526,1774286945.8812554,22,0.0,0.0,0.0,0.0,0.0,5.992770195007324,0.0,0.02636355838992379,0.1933327615261078,0.06634683365617257,22,0.05323778499256481,0.02802026868451692,0.023794801418597883,0.040886965642745327,0
527,1774286945.9815488,23,0.0,0.0,0.0,0.0,0.0,6.043910980224609,0.0,0.02521731672079667,0.1933327615261078,0.06511083179712221,23,0.0,0.0,0.017846101063948412,0.04068773147770984,0
528,1774286946.0813673,23,0.0,0.0,0.0,0.0,0.0,5.992770195007324,0.0,0.016811544480531113,0.3866655230522156,0.0788531331784557,23,0.0,0.0,0.01464642132773544,0.04068773147770984,0
529,1774286946.1818717,23,0.0,0.0,0.0,0.0,0.0,5.992770195007324,0.0,0.0,0.0,0.0,23,0.0,0.0,0.009062473196536303,0.04068773147770984,0
530,1774286946.281426,22,0.04897876219315962,0.0,1.0775327682495117,0.050377302065455744,1.0775327682495117,5.992770195007324,0.17980545443695173,0.035151411186565056,0.1933327615261078,0.07456740365489042,22,0.09582801298661665,0.05041615665148551,0.009508168599644646,0.043339879111687026,0
531,1774286946.381742,22,0.0,0.0,0.0,0.0,0.0,5.992770195007324,0.0,0.035151411186565056,0.3866655230522156,0.11115852231866752,22,0.0,0.0,0.02218572673250417,0.04307913943688327,0
532,1774286946.4817674,21,0.0,0.0,0.0,0.0,0.0,5.992770195007324,0.0,0.11047586372920445,0.5799982845783234,0.22775182761842647,21,0.0,0.0,0.032768264665442,0.04307913943688327,0
533,1774286946.581595,21,0.0,0.0,0.0,0.0,0.0,5.992770195007324,0.0,0.08285689779690333,0.5799982845783234,0.20295712127234888,21,0.0,0.0,0.03666655822046872,0.04307913943688327,0
534,1774286946.681361,17,0.0,0.0,0.0,0.0,0.0,5.992770195007324,0.0,0.06823509230333216,0.5799982845783234,0.18686949633991082,17,0.0,0.0,0.02812112894925204,0.04307913943688327,0
535,1774286946.7812428,17,0.0,0.0,0.0,0.0,0.0,5.992770195007324,0.0,0.09098012307110954,0.7733310461044312,0.24915932845321442,17,0.0,0.0,0.05523793186460223,0.04307913943688327,0
536,1774286946.8814638,18,0.0,0.0,0.0,0.0,0.0,5.992770195007324,0.0,0.12888850768407187,0.7733310461044312,0.2882034647000886,18,0.0,0.0,0.05178556112306459,0.04307913943688327,0
537,1774286946.9811816,18,0.0,0.0,0.0,0.0,0.0,5.992770195007324,0.0,0.06444425384203593,0.3866655230522156,0.1441017323500443,18,0.05621910095214844,0.029590484262455297,0.04409343683928774,0.04307913943688327,0
538,1774286947.0813706,17,0.0,0.0,0.0,0.0,0.0,5.992770195007324,0.0,0.07960760768722086,0.5799982845783234,0.1882486257239587,17,0.0,0.0,0.0196609587992652,0.042284140782239875,0
539,1774286947.181622,16,0.0,0.0,0.0,0.0,0.0,5.992770195007324,0.0,0.03624989278614521,0.3866655230522156,0.10181567529254826,16,0.0,0.0,0.03375651391725692,0.042284140782239875,0
540,1774286947.2821066,19,0.0,0.0,0.0,0.0,0.0,5.992770195007324,0.0,0.020350817002748187,0.3866655230522156,0.08634120423197839,19,0.06388534199107777,0.033609169114976335,0.04979783251430049,0.042284140782239875,0
541,1774286947.3818514,19,0.0,0.0,0.0,0.0,0.0,5.992770195007324,0.0,0.030526225504122283,0.1933327615261078,0.07049729804859288,19,0.1639723777770996,0.0862960601692143,0.047589602837195766,0.04083087586323639,0
542,1774286947.4817293,19,0.0,0.0,0.0,0.0,0.0,5.992770195007324,0.0,0.040701634005496375,0.1933327615261078,0.07881837533335848,19,0.0,0.0,0.03462676325840736,0.021051274165927787,0
543,1774286947.581857,19,0.0,0.0,0.0,0.0,0.0,5.992770195007324,0.0,0.07122785950961866,0.3866655230522156,0.14318068919245908,19,0.06692750113351005,0.03522071621944812,0.025970072443805524,0.02105127416592779,0
544,1774286947.6818302,19,-0.03945200066817434,-0.7495880126953125,0.0,0.028016286420989325,0.7495880126953125,5.992770195007324,0.12508205526048816,0.061052451008244565,0.3866655230522156,0.14099459609718576,19,0.007397250125282688,0.00389239356175523,0.02521731672079667,0.017436432250239994,0
545,1774286947.7813108,18,-0.05205472310384115,-0.9369850158691406,0.0,0.04606480135609874,0.9369850158691406,5.992770195007324,0.15635256907561018,0.06444425384203593,0.3866655230522156,0.12888850768407184,18,-0.05205472310384115,-0.02739642374194995,0.022745030767777386,0.01813097118787443,0
546,1774286947.8811612,18,-0.05205472310384115,-0.9369850158691406,0.0,0.04606480135609874,0.9369850158691406,5.992770195007324,0.15635256907561018,0.06444425384203593,0.3866655230522156,0.1441017323500443,18,-0.05205472310384115,-0.027402812474061462,0.014009620400442593,0.02112755746109987,0
547,1774286947.981169,17,0.0,0.0,0.0,0.0,0.0,5.992770195007324,0.0,0.10235263845499824,0.5799982845783234,0.22110696987491085,17,0.0,0.0,0.01705877307583304,0.02112755746109987,0
548,1774286948.0812383,18,0.0,0.0,0.0,0.0,0.0,5.992770195007324,0.0,0.13962921665774453,0.7733310461044312,0.2641865093084146,18,0.0,0.0,0.023084508838938242,0.02112755746109987,0
549,1774286948.181643,19,0.0,0.0,0.0,0.0,0.0,5.992770195007324,0.0,0.1628065360219855,0.7733310461044312,0.3152735013334339,19,-0.04897876219315962,-0.02577535131128015,0.05948700354649471,0.02112755746109987,0
550,1774286948.2816918,20,-0.03982186317443848,-0.7964372634887695,0.0,0.030129834946990286,0.7964372634887695,5.992770195007324,0.13289968371426866,0.05799982845783234,0.3866655230522156,0.13806720793312413,20,-0.03982186317443848,-0.020959429245973788,0.07552060997113585,0.018547449444587173,0
551,1774286948.3812811,18,0.0,0.0,0.0,0.0,0.0,5.992770195007324,0.0,0.053703544868363276,0.3866655230522156,0.1257167753652118,18,0.0,0.0,0.0884743145966934,0.018547449444587173,0
552,1774286948.4816256,20,0.0,0.0,0.0,0.0,0.0,5.992770195007324,0.0,0.05799982845783234,0.3866655230522156,0.13806720793312413,20,0.0,0.0,0.08084824572909963,0.018547449444587173,0
553,1774286948.5812395,19,0.04191775070993524,0.0,0.7964372634887695,0.031627760842444966,0.7964372634887695,5.992770195007324,0.13289968371426866,0.09157867651236684,0.5799982845783234,0.21149189414577863,19,0.04191775070993524,0.02206338493129394,0.0966663807630539,0.02158483511501386,0
554,1774286948.6811192,17,-0.04409341251148897,-0.7495880126953125,0.0,0.031107664430533314,0.7495880126953125,5.992770195007324,0.12508205526048816,0.06823509230333216,0.3866655230522156,0.1474046465832739,17,-0.04409341251148897,-0.02320856953103254,0.0948424867863925,0.022957950461651975,0
555,1774286948.7817934,16,-0.04684925079345703,-0.7495880126953125,0.0,0.032922784498623514,0.7495880126953125,5.992770195007324,0.12508205526048816,0.07249978557229042,0.5799982845783234,0.19181640272978906,16,-0.04684925079345703,-0.02465322386381885,0.09119469883306972,0.024245751784570238,0
556,1774286948.8812273,17,-0.08543098674100988,-1.452326774597168,0.0,0.11677525592868171,1.452326774597168,5.992770195007324,0.2423464820671958,0.06823509230333216,0.3866655230522156,0.1474046465832739,17,-0.08543098674100988,-0.04496259734136601,0.0606534153807397,0.028900842577694864,0
557,1774286948.9814742,17,0.0,0.0,0.0,0.0,0.0,5.992770195007324,0.0,0.06823509230333216,0.3866655230522156,0.1474046465832739,17,0.0,0.0,0.04461525265987103,0.028900842577694864,0
558,1774286949.0815055,16,-0.3279447555541992,-4.497528076171875,0.0,1.1918047988501712,4.497528076171875,5.992770195007324,0.7504923315629289,0.04833319038152695,0.1933327615261078,0.08371554143270404,16,-0.3279447555541992,-0.17261308604213316,0.028641890596460412,0.07363836581971682,0
559,1774286949.1815512,19,-0.23671200400904605,-4.497528076171875,0.0,1.0085863111556153,4.497528076171875,5.992770195007324,0.7504923315629289,0.020350817002748187,0.1933327615261078,0.05933231748191226,19,-0.23671200400904605,-0.12462169546389712,0.030526225504122283,0.08555601701869098,0
560,1774286949.2813582,19,0.0,0.0,0.0,0.0,0.0,5.992770195007324,0.0,0.030526225504122283,0.1933327615261078,0.07049729804859288,19,0.0,0.0,0.047485239673079105,0.08555601701869098,0
561,1774286949.3811026,19,0.0,0.0,0.0,0.0,0.0,5.992770195007324,0.0,0.040701634005496375,0.3866655230522156,0.10073140493730813,19,0.0,0.0,0.0576606481744532,0.08555601701869098,0
562,1774286949.4813726,19,0.0,0.0,0.0,0.0,0.0,5.992770195007324,0.0,0.010175408501374094,0.1933327615261078,0.04317060211598919,19,0.0,0.0,0.06559504408921514,0.08555601701869096,0
563,1774286949.5814738,19,-0.07150675121106599,-0.7027387619018555,0.0,0.04352009075552117,0.7027387619018555,5.992770195007324,0.11726442680670765,0.010175408501374094,0.1933327615261078,0.04317060211598919,19,-0.03205475054289165,-0.016874086032420292,0.0632725401358171,0.08513041574188673,0
564,1774286949.6809711,15,0.0,0.0,0.0,0.0,0.0,5.860805511474609,0.0,0.038666552305221556,0.1933327615261078,0.07733310461044311,15,0.05205472310384115,0.027402121191926174,0.07660354701977856,0.08575348445063138,0
565,1774286949.7816288,16,-0.21082162857055664,-1.405477523803711,0.0,0.15994986135581257,1.405477523803711,5.860805511474609,0.2398096167927752,0.024166595190763474,0.1933327615261078,0.06393880090992969,16,-0.15876690546671549,-0.08354096781735541,0.10213806269303807,0.09301313926215651,0
566,1774286949.8816855,17,0.0,0.0,0.0,0.0,0.0,5.860805511474609,0.0,0.06823509230333216,0.3866655230522156,0.1474046465832739,17,0.0,0.0,0.13604898033318696,0.09374722069952532,0
567,1774286949.9812646,14,0.0,0.0,0.0,0.0,0.0,5.860805511474609,0.0,0.04142844889845167,0.1933327615261078,0.07932944001535167,14,0.0,0.0,0.11871309918269776,0.09374722069952532,0
568,1774286950.0810897,19,0.0,0.0,0.0,0.0,0.0,5.860805511474609,0.0,0.0,0.0,0.0,19,0.0,0.0,0.09157867651236684,0.09374722069952532,0
569,1774286950.181709,18,0.0,0.0,0.0,0.0,0.0,5.860805511474609,0.0,0.010740708973672655,0.1933327615261078,0.04428507759247181,18,0.03982186317443848,0.020958684945258335,0.05666649906799711,0.09374722069952532,0
570,1774286950.281336,18,0.03904104232788086,0.0,0.7027387619018555,0.025911450762805543,0.7027387619018555,5.860805511474609,0.1199048083963876,0.02148141794734531,0.1933327615261078,0.06075862520028111,18,0.03904104232788086,0.020547322963010553,0.06783605667582729,0.09577375894681814,0
571,1774286950.3816261,21,0.024540083748953685,0.0,0.5153417587280273,0.01204431420811321,0.5153417587280273,5.860805511474609,0.08793019282401758,0.036825287909734813,0.1933327615261078,0.07591727587280882,21,0.024540083748953685,0.012915829662345616,0.07249978557229042,0.09652383655463077,0
572,1774286950.4818752,19,-0.044383500751696135,-0.7027387619018555,0.5153417587280273,0.06064115467945907,1.2180805206298828,5.811095237731934,0.2096128992553388,0.061052451008244565,0.3866655230522156,0.1262734987166934,19,-0.08630125146163137,-0.045406518769123716,0.0780766921547743,0.09595171630419834,0
573,1774286950.5811527,18,-0.03383557001749674,-0.6090402603149414,0.0,0.01946237857295172,0.6090402603149414,5.860805511474609,0.10391750061020259,0.03222212692101797,0.1933327615261078,0.07205086617502215,18,0.010257842493992225,0.005398769355661496,0.0695997941493988,0.09379396130274445,0
574,1774286950.6805766,21,-0.033463750566755025,-0.7027387619018555,0.0,0.022396452039879947,0.7027387619018555,5.860805511474609,0.1199048083963876,0.0,0.0,0.0,21,0.013385500226702006,0.00704951475122621,0.0695997941493988,0.09386677875184365,0
575,1774286950.781233,23,-0.04888617474099864,-0.6558895111083984,0.0,0.025856936735402878,0.6558895111083984,6.043910980224609,0.1085207100591716,0.033623088961062225,0.1933327615261078,0.07327982347547411,23,0.03654481200001124,0.01923405268819828,0.06186648368835449,0.0938629251977789,0
576,1774286950.8808455,22,-0.0276836481961337,-0.6090402603149414,0.0,0.016094071926393234,0.6090402603149414,6.043910980224609,0.10076923076923076,0.043939263983206314,0.3866655230522156,0.1155861571389514,22,-0.0276836481961337,-0.014575163344246439,0.04461525265987103,0.09366181232665563,0
577,1774286950.9812217,24,0.0,0.0,0.0,0.0,0.0,6.043910980224609,0.0,0.05638872211178144,0.5799982845783234,0.15263053866481685,24,0.3279447555541992,0.1726282936957603,0.03222212692101797,0.09366181232665563,0
578,1774286951.0811892,23,-0.054996946583623474,-0.6558895111083984,0.0,0.0318066875824131,0.6558895111083984,6.043910980224609,0.1085207100591716,0.09246349464292111,0.5799982845783234,0.19641467816217198,23,0.18171505742542257,0.09565773236777322,0.030526225504122283,0.06845572783118728,0
579,1774286951.180957,21,-0.1026221684047154,-0.6090402603149414,0.0,0.04528064903529506,0.6090402603149414,6.043910980224609,0.10076923076923076,0.10126954175177075,0.5799982845783234,0.21194544842165117,21,-0.1026221684047154,-0.054023073930836656,0.027134422670330918,0.0532411689050168,0
580,1774286951.281013,21,0.0,0.0,0.0,0.0,0.0,6.043910980224609,0.0,0.10126954175177075,0.5799982845783234,0.18504478160240093,21,0.0,0.0,0.020350817002748187,0.0532411689050168,0
581,1774286951.3807418,23,-0.02648001131804093,-0.6090402603149414,0.0,0.015426201986878673,0.6090402603149414,6.043910980224609,0.10076923076923076,0.10086926688318668,0.5799982845783234,0.19641467816217195,23,-0.02648001131804093,-0.013941476340182196,0.01823893976661394,0.05285047823412354,0
582,1774286951.480704,23,-0.04888617474099864,-0.6558895111083984,0.0,0.025856936735402864,0.6558895111083984,6.043910980224609,0.1085207100591716,0.058840405681858894,0.3866655230522156,0.12005844168097751,23,0.02262057647006735,0.011910391890622117,0.023199931383132935,0.05255671657801648,0
583,1774286951.5811229,22,-0.021295113997025925,-0.4684925079345703,0.0,0.009523119483072915,0.4684925079345703,6.043910980224609,0.07751479289940828,0.02636355838992379,0.1933327615261078,0.06634683365617257,22,-0.021295113997025925,-0.011207059765533026,0.044305424516399704,0.05180340027383312,0
584,1774286951.6809924,23,-0.04481232684591542,-0.5621910095214844,0.0,0.02127637541385525,0.5621910095214844,6.043910980224609,0.09301775147928994,0.0,0.0,0.0,23,0.16600930172464123,0.08740259574971489,0.04524809312313161,0.05144738596002765,0
585,1774286951.7806695,26,-0.01801894261286809,-0.4684925079345703,0.0,0.008117057322145838,0.4684925079345703,6.043910980224609,0.07751479289940828,0.014871750886623677,0.1933327615261078,0.051517256266279406,26,-0.01801894261286809,-0.009488728202145896,0.0347998970746994,0.030977359681640174,0
586,1774286951.8806336,25,-0.07308483123779297,-0.7027387619018555,0.0,0.04039932937303092,0.7027387619018555,6.043910980224609,0.11627218934911243,0.030933241844177246,0.1933327615261078,0.0708769611206588,25,-0.07308483123779297,-0.038478479528919175,0.015163353845184925,0.03243261792148454,0
587,1774286951.9811783,24,-0.10541081428527832,-1.405477523803711,0.0,0.09753374907717216,1.405477523803711,6.043910980224609,0.23254437869822486,0.04833319038152695,0.3866655230522156,0.11505600661093679,24,-0.10541081428527832,-0.05547679046831885,0.010545423355969516,0.03617049627390591,0
588,1774286952.0805295,18,-0.06506840387980144,-0.6090402603149414,0.0,0.033932145587161566,0.6090402603149414,6.043910980224609,0.10076923076923076,0.010740708973672655,0.1933327615261078,0.04428507759247181,18,-0.06506840387980144,-0.034267803248608675,0.023742619836539552,0.03616092011888009,0
589,1774286952.1808503,21,-0.02677100045340402,-0.5621910095214844,0.0,0.01433372930552317,0.5621910095214844,6.043910980224609,0.09301775147928994,0.06444425384203593,0.3866655230522156,0.13778761052753638,21,-0.06581204278128489,-0.03464677591779664,0.039999881695056784,0.03535417362859432,0
590,1774286952.2807035,23,-0.02648001131804093,-0.6090402603149414,0.0,0.015426201986878673,0.6090402603149414,6.043910980224609,0.10076923076923076,0.0,0.0,0.0,23,-0.05102009506699462,-0.026865726826869194,0.043333205169644846,0.03106027658137819,0
591,1774286952.3809521,18,0.0,0.0,0.0,0.0,0.0,6.043910980224609,0.0,0.010740708973672655,0.1933327615261078,0.04428507759247181,18,0.044383500751696135,0.023371091422833234,0.029999911271292586,0.028943182064384034,0
592,1774286952.4808197,22,-0.20230358297174628,-1.405477523803711,0.0,0.1341626142412915,1.405477523803711,6.043910980224609,0.23254437869822486,0.07030282237313011,0.3866655230522156,0.13727064891376559,22,-0.16846801295424954,-0.08868291693836222,0.021827892430367007,0.04571435177514282,0
593,1774286952.5810869,20,-0.1311779022216797,-1.405477523803711,0.0,0.11887320056302997,1.405477523803711,6.043910980224609,0.23254437869822486,0.04833319038152695,0.3866655230522156,0.12034867350009704,20,-0.09771415165492467,-0.05141469166615322,0.02636355838992379,0.049009808578714495,0
594,1774286952.6806278,22,-0.17461993477561258,-1.405477523803711,0.0,0.12773677599961808,1.405477523803711,6.043910980224609,0.23254437869822486,0.07909067516977136,0.5799982845783234,0.16132353279457345,22,-0.12573376003461395,-0.06619675030439078,0.0448307852814163,0.05544764527354693,0
595,1774286952.7811565,21,-0.21416800362723215,-1.405477523803711,0.0,0.14038096138596748,1.405477523803711,6.043910980224609,0.23254437869822486,0.018412643954867407,0.1933327615261078,0.056751580113533366,21,-0.18648435543109845,-0.09813359818415975,0.06444425384203593,0.06472648303099841,0
596,1774286952.8806088,21,-0.15170233590262278,-1.405477523803711,0.0,0.12184665307563124,1.405477523803711,6.043910980224609,0.23254437869822486,0.018412643954867407,0.1933327615261078,0.056751580113533366,21,-0.15170233590262278,-0.07986909788391901,0.08245073653319303,0.06646573410107158,0
597,1774286952.9809802,23,-0.0814769579016644,-0.7027387619018555,0.0,0.044701963476769975,0.7027387619018555,6.043910980224609,0.11627218934911243,0.0,0.0,0.0,23,-0.026480011318040925,-0.013938381267387405,0.09815355585171626,0.06424075876751863,0
598,1774286953.080958,22,0.0,0.0,0.0,0.0,0.0,6.043910980224609,0.0,0.02636355838992379,0.1933327615261078,0.06634683365617257,22,0.1026221684047154,0.05401164453769734,0.101127906029041,0.06632974078480473,0
599,1774286953.1811862,24,-0.14835596084594727,-0.6558895111083984,0.0,0.06669912266943356,0.6558895111083984,6.043910980224609,0.1085207100591716,0.0,0.0,0.0,24,-0.14835596084594727,-0.07807496802972784,0.08656690814601842,0.06798546376189238,0
600,1774286953.281155,22,0.0,0.0,0.0,0.0,0.0,6.043910980224609,0.0,0.0,0.0,0.0,22,0.02648001131804093,0.013933817275253023,0.06254883461138781,0.06798546376189238,0
601,1774286953.3810477,23,-0.05092309868854025,-0.6090402603149414,0.0,0.02727591497088228,0.6090402603149414,6.043910980224609,0.10076923076923076,0.0,0.0,0.0,23,-0.0020369239475416107,-0.0010718713641775586,0.028431288459721732,0.06726409416081887,0
602,1774286953.480968,20,0.0,0.0,0.0,0.0,0.0,6.043910980224609,0.0,0.009666638076305389,0.1933327615261078,0.042135898498397606,20,0.021295113997025925,0.011208868415619777,0.013614983206063929,0.0691831270902537,0
603,1774286953.5808988,25,-0.02810955047607422,-0.7027387619018555,0.0,0.018963523871207144,0.7027387619018555,6.043910980224609,0.11627218934911243,0.0,0.0,0.0,25,0.016702776369841202,0.008791368036548914,0.01567562931292766,0.06892531195576834,0
604,1774286953.6808796,21,-0.031232833862304688,-0.6558895111083984,0.0,0.019509798221406527,0.6558895111083984,6.043910980224609,0.1085207100591716,0.0,0.0,0.0,21,-0.013213891249436598,-0.0069539104946496535,0.030933241844177246,0.06930610085245555,0
605,1774286953.78152,22,-0.05323778499256481,-0.6090402603149414,0.0,0.028392500515961695,0.6090402603149414,6.043910980224609,0.10076923076923076,0.0,0.0,0.0,22,0.019847046245228157,0.0104409434031861,0.03174119965354009,0.06823842390553217,0
606,1774286953.8814585,22,0.0,0.0,0.0,0.0,0.0,6.043910980224609,0.0,0.0,0.0,0.0,22,0.10541081428527832,0.055471194312221805,0.04296283589469062,0.0703393753031348,0
607,1774286953.9811473,21,0.0,0.0,0.0,0.0,0.0,6.043910980224609,0.0,0.0,0.0,0.0,21,0.06506840387980144,0.03423539576556554,0.024946162777562297,0.07176444016098768,0
608,1774286954.081192,21,0.0,0.0,0.0,0.0,0.0,6.043910980224609,0.0,0.0,0.0,0.0,21,0.02677100045340402,0.014087466354300101,0.024946162777562297,0.07333933510435407,0
609,1774286954.180907,21,-0.0513110842023577,-0.5621910095214844,0.0,0.025064118327296745,0.5621910095214844,6.043910980224609,0.09301775147928994,0.0,0.0,0.0,21,-0.02483107288431677,-0.013067586352296667,0.027618965932301114,0.07287610336716449,0
610,1774286954.280755,21,-0.029001917157854353,-0.6090402603149414,0.0,0.016822223976620938,0.6090402603149414,6.043910980224609,0.10076923076923076,0.0,0.0,0.0,21,-0.029001917157854353,-0.015265750359498113,0.04511097768942515,0.07280759222970715,0
611,1774286954.3809023,20,-0.03045201301574707,-0.6090402603149414,0.0,0.01761917683751335,0.6090402603149414,6.043910980224609,0.10076923076923076,0.0,0.0,0.0,20,0.1718515699559992,0.09044426333024749,0.06645813677459955,0.07169243038978428,0
612,1774286954.4812148,22,-0.0553672963922674,-0.6090402603149414,0.0,0.03065537509789187,0.6090402603149414,6.043910980224609,0.10076923076923076,0.0,0.0,0.0,22,0.07581060582941229,0.039897633374638954,0.04910038387964642,0.06484761678813167,0
613,1774286954.581308,21,-0.029001917157854353,-0.6090402603149414,0.0,0.016822223976620934,0.6090402603149414,6.043910980224609,0.10076923076923076,0.0,0.0,0.0,21,0.14561801761775822,0.07661363965843503,0.039270717184990644,0.063164468206193,0
614,1774286954.6811373,22,-0.057496807791969994,-0.6558895111083984,0.0,0.033108712069483515,0.6558895111083984,6.043910980224609,0.1085207100591716,0.0,0.0,0.0,22,0.15667119583526215,0.08245935811505663,0.011897400709298941,0.05707259036991505,0
615,1774286954.7813504,21,-0.06023475102015904,-0.6558895111083984,0.0,0.034520398077468276,0.6558895111083984,6.043910980224609,0.1085207100591716,0.0,0.0,0.0,21,0.09146758488246373,0.048122051930745244,0.01464642132773544,0.04318372104949804,0
616,1774286954.881137,21,-0.06692750113351005,-1.405477523803711,0.0,0.08958580815951979,1.405477523803711,6.043910980224609,0.23254437869822486,0.0,0.0,0.0,21,0.014549456768154348,0.007656977179640087,0.008405772240265556,0.03583008368714143,0
617,1774286954.9811008,24,-0.08589029312133789,-1.405477523803711,0.0,0.09285444591000669,1.405477523803711,6.043910980224609,0.23254437869822486,0.0,0.0,0.0,24,-0.08589029312133789,-0.04520201757213533,0.00852938653791652,0.036105653223383,0
618,1774286955.0810847,20,0.0,0.0,0.0,0.0,0.0,6.043910980224609,0.0,0.0,0.0,0.0,20,0.14835596084594727,0.07808625491168504,0.0,0.036105653223383,0
619,1774286955.1807,19,0.0,0.0,0.0,0.0,0.0,6.043910980224609,0.0,0.0,0.0,0.0,19,0.0,0.0,0.0029743501773247354,0.026923697076028284,0
620,1774286955.2814019,22,-0.11712312698364258,-1.405477523803711,0.0,0.107298347661423,1.405477523803711,6.043910980224609,0.23254437869822486,0.0,0.0,0.0,22,-0.06620002829510233,-0.03483562703356808,0.0028431288459721733,0.031749339909836256,0
621,1774286955.380665,21,-0.06023475102015904,-0.6558895111083984,0.0,0.03452039807746828,0.6558895111083984,6.043910980224609,0.1085207100591716,0.0,0.0,0.0,21,-0.06023475102015904,-0.03170755596706351,0.0029292842655470877,0.03201265507448375,0
622,1774286955.4814248,23,-0.0611077184262483,-1.405477523803711,0.0,0.0821513715277562,1.405477523803711,6.043910980224609,0.23254437869822486,0.0,0.0,0.0,23,-0.03299816795017408,-0.017362649676152465,0.0,0.0311658594595048,0
623,1774286955.581266,22,-0.0276836481961337,-0.6090402603149414,0.0,0.016094071926393234,0.6090402603149414,6.043910980224609,0.10076923076923076,0.0,0.0,0.0,22,0.0035491856661709863,0.0018676127078322187,0.0,0.031174692529295712,0
624,1774286955.6808639,19,0.0,0.0,0.0,0.0,0.0,6.043910980224609,0.0,0.0,0.0,0.0,19,0.05323778499256481,0.028029564894653455,0.0,0.03237476769456993,0
625,1774286955.7807899,20,0.0,0.0,0.0,0.0,0.0,6.043910980224609,0.0,0.0,0.0,0.0,20,0.0,0.0,0.0,0.03329119918556583,0
626,1774286955.8809276,20,0.0,0.0,0.0,0.0,0.0,6.043910980224609,0.0,0.0,0.0,0.0,20,0.0,0.0,0.0,0.03329119918556583,0
627,1774286955.9807875,24,-0.13273954391479492,-1.405477523803711,0.0,0.10876712508434139,1.405477523803711,6.043910980224609,0.23254437869822486,0.03222212692101797,0.1933327615261078,0.07205086617502215,24,-0.13273954391479492,-0.06987779449991785,0.0,0.038203769779679715,0
628,1774286956.0808969,20,-0.16162991523742676,-1.405477523803711,0.0,0.12850311502887735,1.405477523803711,6.043910980224609,0.23254437869822486,0.0,0.0,0.0,20,-0.11031883103506906,-0.05806285303056283,0.0,0.04474064296129946,0
629,1774286956.1810277,19,0.0,0.0,0.0,0.0,0.0,6.043910980224609,0.0,0.0,0.0,0.0,19,0.029001917157854353,0.015261977170412225,0.0,0.04611701915017005,0
630,1774286956.2811835,16,0.0,0.0,0.0,0.0,0.0,6.043910980224609,0.0,0.0,0.0,0.0,16,0.03045201301574707,0.016025003647891806,0.0,0.04715919514307526,0
631,1774286956.3811262,17,0.0,0.0,0.0,0.0,0.0,6.043910980224609,0.0,0.0,0.0,0.0,17,0.0553672963922674,0.029142041195038847,0.0,0.04815938416149846,0
632,1774286956.480908,17,-0.03307005938361673,-0.5621910095214844,0.0,0.017498061242174984,0.5621910095214844,6.043910980224609,0.09301775147928994,0.0,0.0,0.0,17,-0.004068142225762374,-0.002141578313157707,0.0,0.048182429792242534,0
633,1774286956.5813186,15,0.0,0.0,0.0,0.0,0.0,6.043910980224609,0.0,0.0,0.0,0.0,15,0.057496807791969994,0.03025859058239737,0.0,0.04906018822873588,0
634,1774286956.681376,19,-0.0024657500417608965,-0.6090402603149414,1.6865730285644531,0.20249792437879127,2.2956132888793945,6.043910980224609,0.3798224852071006,0.0,0.0,0.0,19,0.05776900097839814,0.030404327600242587,0.0,0.049720348444958505,0
635,1774286956.7810545,19,-0.08630125146163137,-0.5621910095214844,0.0,0.03979917771523352,0.5621910095214844,6.043910980224609,0.09301775147928994,0.0,0.0,0.0,19,-0.019373750328121317,-0.010197152919805632,0.0,0.05055635948680348,0
636,1774286956.8806212,19,-0.08630125146163137,-0.5621910095214844,0.0,0.03979917771523352,0.5621910095214844,6.043910980224609,0.09301775147928994,0.0,0.0,0.0,19,-0.0004109583402934769,-0.00021634847454242716,0.0,0.051210698968008644,0
637,1774286956.9805408,17,-0.030314221101648667,-0.5153417587280273,0.0,0.014703232015994262,0.5153417587280273,6.043910980224609,0.08526627218934911,0.0,0.0,0.0,17,-0.030314221101648667,-0.015959422443010355,0.0,0.05029280595453759,0
638,1774286957.0806828,21,-0.13608591897147043,-0.6090402603149414,0.0,0.05955465446871186,0.6090402603149414,6.043910980224609,0.10076923076923076,0.0,0.0,0.0,21,-0.13608591897147043,-0.07162482038895387,0.0,0.05352936651306721,0
639,1774286957.1811354,21,-0.13608591897147043,-0.6090402603149414,0.0,0.05955465446871186,0.6090402603149414,6.043910980224609,0.10076923076923076,0.0,0.0,0.0,21,-0.018962791987827854,-0.009981816688844502,0.0,0.055756819682333404,0
640,1774286957.2805216,18,-0.09369850158691406,-0.6090402603149414,0.0,0.04414091847593227,0.6090402603149414,6.043910980224609,0.10076923076923076,0.0,0.0,0.0,18,-0.033463750566755025,-0.01761382998130944,0.0,0.0546441753627237,0
641,1774286957.3809516,21,-0.11154583522251674,-0.6558895111083984,0.0,0.05340309564175818,0.6558895111083984,6.043910980224609,0.1085207100591716,0.0,0.0,0.0,21,-0.05043811679626844,-0.026552989871220126,0.0,0.056136604732871416,0
642,1774286957.4806044,22,-0.10647556998512962,-0.6558895111083984,0.0,0.051515541584623015,0.6558895111083984,6.043910980224609,0.1085207100591716,0.0,0.0,0.0,22,-0.07879192178899593,-0.04148387581286972,0.0,0.05724521316132262,0
643,1774286957.5810637,20,-0.08432865142822266,-0.6090402603149414,0.0,0.040516973456306005,0.6090402603149414,6.043910980224609,0.10076923076923076,0.0,0.0,0.0,20,-0.08432865142822266,-0.0443788318618181,0.0,0.057114951410359084,0
644,1774286957.6811087,22,-0.08305094458840111,-0.6558895111083984,0.0,0.04388344154176029,0.6558895111083984,6.043910980224609,0.1085207100591716,0.0,0.0,0.0,22,-0.08305094458840111,-0.043703689045301225,0.012083297595381737,0.05559683868329962,0
645,1774286957.780792,22,-0.029813159595836292,-0.6558895111083984,0.0,0.01866531418682292,0.6558895111083984,6.043910980224609,0.1085207100591716,0.0,0.0,0.0,22,-0.029813159595836292,-0.01569225627025426,0.012083297595381737,0.05423848483504965,0
646,1774286957.8806496,22,-0.05323778499256481,-0.6090402603149414,0.0,0.028392500515961695,0.6090402603149414,6.043910980224609,0.10076923076923076,0.0,0.0,0.0,22,0.0795017589222301,0.04184606923432154,0.012275095969911606,0.05221774902760228,0
647,1774286957.9813366,19,-0.029589000501130756,-0.5621910095214844,0.0,0.01575916111180649,0.5621910095214844,6.043910980224609,0.09301775147928994,0.0,0.0,0.0,19,0.132040914736296,0.06947913791256695,0.0,0.05067531671894406,0
648,1774286958.0810091,19,0.0,0.0,0.0,0.0,0.0,6.043910980224609,0.0,0.0,0.0,0.0,19,0.0,0.0,0.0,0.047095240488800774,0
649,1774286958.181067,19,0.0,0.0,0.0,0.0,0.0,6.043910980224609,0.0,0.0,0.0,0.0,19,0.0,0.0,0.0,0.04709524048880078,0
650,1774286958.2805526,18,0.0,0.0,0.0,0.0,0.0,6.043910980224609,0.0,0.0,0.0,0.0,18,0.0,0.0,0.0,0.047095240488800774,0
651,1774286958.3805108,19,-0.02712325045936986,-0.5153417587280273,0.0,0.013242072878670729,0.5153417587280273,6.043910980224609,0.08526627218934911,0.0,0.0,0.0,19,0.005946808924246868,0.0031305537359974274,0.0,0.04586292168890982,0
652,1774286958.4810915,22,-0.023424625396728516,-0.5153417587280273,0.0,0.01152297457451823,0.5153417587280273,6.043910980224609,0.08526627218934911,0.0,0.0,0.0,22,-0.023424625396728516,-0.012330224108882468,0.0,0.04615626909824807,0
653,1774286958.5810735,18,-0.06506840387980144,-0.6090402603149414,0.0,0.03393214558716156,0.6090402603149414,6.043910980224609,0.10076923076923076,0.0,0.0,0.0,18,-0.06260265383804053,-0.03295401107160094,0.0,0.044352900176844554,0
654,1774286958.6811018,21,-0.0513110842023577,-0.5621910095214844,0.0,0.025064118327296745,0.5621910095214844,6.043910980224609,0.09301775147928994,0.0,0.0,0.0,21,0.03499016725927367,0.018415419036100264,0.0,0.04246370008816715,0
655,1774286958.7811327,23,-0.02240616342295771,-0.5153417587280273,0.0,0.011044795505398337,0.5153417587280273,5.992770195007324,0.08599391299158561,0.0,0.0,0.0,23,0.06389508803867366,0.03361994280509786,0.0,0.042893127869177705,0
656,1774286958.8805864,20,-0.025767087936401367,-0.5153417587280273,0.0,0.012614913593722576,0.5153417587280273,6.043910980224609,0.08526627218934911,0.0,0.0,0.0,20,0.0045471331652473,0.002393170503653352,0.0,0.04295979359893521,0
657,1774286958.9810083,22,-0.023424625396728516,-0.5153417587280273,0.0,0.01152297457451823,0.5153417587280273,6.043910980224609,0.08526627218934911,0.0,0.0,0.0,22,0.11266129357474192,0.059285260023779346,0.0,0.043187119559833405,0
658,1774286959.0810513,22,-0.15971335497769443,-0.6558895111083984,0.0,0.06857099509692646,0.6558895111083984,6.043910980224609,0.1085207100591716,0.0,0.0,0.0,22,-0.023627436006223995,-0.01243604287340346,0.0,0.04563925760715596,0
659,1774286959.1807013,22,-0.05323778499256481,-0.6558895111083984,0.0,0.028791564570490456,0.6558895111083984,6.043910980224609,0.1085207100591716,0.035151411186565056,0.3866655230522156,0.11115852231866752,22,0.04046071659434925,0.02129310096342684,0.0,0.04180894655802189,0
660,1774286959.28079,21,-0.08700575147356306,-0.7027387619018555,0.0,0.04625613894636538,0.7027387619018555,6.043910980224609,0.11627218934911243,0.009206321977433703,0.1933327615261078,0.04117192352858409,21,0.02454008374895368,0.012916931847721832,0.0,0.04150078943584152,0
661,1774286959.3806057,19,-0.09616425162867497,-0.6558895111083984,0.0,0.04955137463781749,0.6558895111083984,6.043910980224609,0.1085207100591716,0.030526225504122283,0.1933327615261078,0.07049729804859288,19,0.010311318356454657,0.005427005983894609,0.0,0.04051784014104045,0
662,1774286959.480809,22,-0.04897876219315962,-0.5621910095214844,0.0,0.024039074466556922,0.5621910095214844,6.043910980224609,0.09301775147928994,0.035151411186565056,0.1933327615261078,0.07456740365489042,22,0.035349889235063034,0.018607699997349663,0.0,0.03847188779922747,0
663,1774286959.580992,23,-0.05092309868854025,-0.6090402603149414,0.0,0.027275914970882293,0.6090402603149414,6.043910980224609,0.10076923076923076,0.02521731672079667,0.1933327615261078,0.06511083179712221,23,0.032127845899860855,0.016910431500037394,0.0,0.037581162394865614,0
664,1774286959.6807835,20,-0.12649297714233398,-1.405477523803711,0.0,0.11437375334821809,1.405477523803711,6.043910980224609,0.23254437869822486,0.0,0.0,0.0,20,-0.0966798175464977,-0.05088434180926196,0.0,0.04075192070506274,0
665,1774286959.7806482,23,-0.028516935265582542,-0.6558895111083984,0.0,0.01789074313271135,0.6558895111083984,5.992770195007324,0.10944679835292713,0.033623088961062225,0.3866655230522156,0.09284478902198401,23,0.02472084972698227,0.013010982683430681,0.0,0.04078290012177613,0
666,1774286959.8806117,23,-0.0611077184262483,-1.405477523803711,0.0,0.0821513715277562,1.405477523803711,6.043910980224609,0.23254437869822486,0.07565195016239,0.5799982845783234,0.19533249539136668,23,-0.03151871792511754,-0.016595130697374675,0.0,0.04086345132120592,0
667,1774286959.9805238,22,0.0,0.0,0.0,0.0,0.0,6.043910980224609,0.0,0.05272711677984758,0.5799982845783234,0.16673778347800128,22,0.0,0.0,0.0,0.0420580699040593,0
668,1774286960.0811586,23,0.0,0.0,0.0,0.0,0.0,6.043910980224609,0.0,0.016811544480531113,0.3866655230522156,0.0788531331784557,23,0.0,0.0,0.0,0.0420580699040593,0
669,1774286960.1806953,21,-0.02677100045340402,-0.5621910095214844,0.0,0.01433372930552317,0.5621910095214844,6.043910980224609,0.09301775147928994,0.0,0.0,0.0,21,-0.02677100045340402,-0.014088942309760561,0.0,0.04093497854204201,0
670,1774286960.281035,21,0.0,0.0,0.0,0.0,0.0,6.043910980224609,0.0,0.036825287909734813,0.1933327615261078,0.07591727587280882,21,0.02712325045936986,0.014271458013614818,0.0,0.04093497854204201,0
671,1774286960.3806744,21,-0.033463750566755025,-0.7027387619018555,0.0,0.022396452039879947,0.7027387619018555,6.043910980224609,0.11627218934911243,0.036825287909734813,0.3866655230522156,0.09655671949035795,21,-0.01003912517002651,-0.005284910369713146,0.0,0.040789610988888454,0
672,1774286960.4811096,23,0.0,0.0,0.0,0.0,0.0,6.043910980224609,0.0,0.05043463344159334,0.3866655230522156,0.1022606328426165,23,0.06506840387980144,0.034245877747884006,0.0,0.04183548745654257,0
673,1774286960.580862,22,-0.0809214331886985,-0.6558895111083984,0.0,0.041938004275932556,0.6558895111083984,6.043910980224609,0.1085207100591716,0.035151411186565056,0.3866655230522156,0.11115852231866752,22,-0.029610348986340802,-0.015586360986535578,0.0,0.0422986556660947,0
674,1774286960.6810572,22,0.0,0.0,0.0,0.0,0.0,6.043910980224609,0.0,0.035151411186565056,0.1933327615261078,0.07456740365489042,22,0.02240616342295771,0.011793186111486349,0.0,0.043605088229739734,0
675,1774286960.7811425,24,-0.0683218240737915,-0.5621910095214844,0.0,0.03273606963283271,0.5621910095214844,6.043910980224609,0.09301775147928994,0.05638872211178144,0.3866655230522156,0.13063877124815207,24,-0.04255473613739014,-0.022390676295958985,0.0,0.043498150755207354,0
676,1774286960.881099,24,-0.048801302909851074,-0.6090402603149414,0.0,0.02624296491227085,0.6090402603149414,6.043910980224609,0.10076923076923076,0.040277658651272454,0.3866655230522156,0.1113296634698639,24,-0.02537667751312256,-0.013355508548905723,0.01171713706218835,0.043183731039404843,0
677,1774286960.9808455,21,-0.024540083748953685,-0.5153417587280273,0.0,0.01204431420811321,0.5153417587280273,6.043910980224609,0.08526627218934911,0.036825287909734813,0.3866655230522156,0.11350316022706673,21,0.13517327122874073,0.07115153747804016,0.014871750886623677,0.043150477245297816,0
678,1774286961.0809321,22,-0.07879192178899591,-0.6090402603149414,0.0,0.03938490129070871,0.6090402603149414,6.043910980224609,0.10076923076923076,0.02636355838992379,0.1933327615261078,0.06634683365617257,22,-0.0255541367964311,-0.013447911516529076,0.024946162777562297,0.03582110421983564,0
679,1774286961.1809928,20,0.0,0.0,0.0,0.0,0.0,6.043910980224609,0.0,0.009666638076305389,0.1933327615261078,0.042135898498397606,20,0.08700575147356306,0.04578761472714668,0.024946162777562297,0.037116838725747114,0
680,1774286961.2810788,20,0.0,0.0,0.0,0.0,0.0,6.043910980224609,0.0,0.0,0.0,0.0,20,0.09616425162867497,0.05060016409943217,0.030208243988454342,0.036806355197637065,0
681,1774286961.3805473,23,0.0,0.0,0.0,0.0,0.0,6.043910980224609,0.0,0.008405772240265556,0.1933327615261078,0.03942656658922785,23,0.04897876219315962,0.025781846841625357,0.020820451241273148,0.035231631022017644,0
682,1774286961.481064,20,-0.10306835174560547,-1.546025276184082,0.0,0.12216547901289232,1.546025276184082,6.043910980224609,0.2557988165680473,0.05799982845783234,0.3866655230522156,0.12379336912176457,20,-0.052145253057065216,-0.027443828641048208,0.020504989858829613,0.038234775440965235,0
683,1774286961.580881,21,-0.2052443368094308,-1.546025276184082,0.0,0.21686733359682847,1.546025276184082,6.043910980224609,0.2557988165680473,0.05523793186460223,0.3866655230522156,0.12143972742590917,21,-0.07875135966709682,-0.0414459548351932,0.03808069545211214,0.053050581932819016,0
684,1774286961.6805415,21,-0.031232833862304688,-0.6558895111083984,0.0,0.019509798221406527,0.6558895111083984,6.043910980224609,0.1085207100591716,0.07365057581946963,0.5799982845783234,0.18366554661167991,21,-0.0027158985967221452,-0.0014295006039640045,0.054019448073471296,0.049623090436283046,0
685,1774286961.780571,21,-0.06023475102015904,-0.6558895111083984,0.0,0.03452039807746828,0.6558895111083984,6.043910980224609,0.1085207100591716,0.04603160988716852,0.3866655230522156,0.10168714988122056,21,0.0008729674060892617,0.00045946636553711334,0.04833319038152695,0.049752158024278695,0
686,1774286961.8805218,21,-0.033463750566755025,-0.7027387619018555,0.0,0.022396452039879944,0.7027387619018555,6.043910980224609,0.11627218934911243,0.08285689779690333,0.3866655230522156,0.15294690765491586,21,-0.033463750566755025,-0.017612519304979337,0.0234342741243767,0.049561436071486484,0
687,1774286961.980474,18,-0.03904104232788086,-0.7027387619018555,0.0,0.025911450762805543,0.7027387619018555,6.043910980224609,0.11627218934911243,0.04296283589469062,0.3866655230522156,0.12151725040056222,18,-0.03904104232788086,-0.020555323885374226,0.017846101063948412,0.04871935634113472,0
688,1774286962.0806725,13,0.054056827838604264,0.0,0.7027387619018555,0.03506568763167003,0.7027387619018555,6.043910980224609,0.11627218934911243,0.04461525265987103,0.1933327615261078,0.0814559343020124,13,0.08082782829200828,0.04254147259577496,0.02455019193982321,0.052323668913555776,0
689,1774286962.1808581,15,-0.04684925079345703,-0.7027387619018555,0.0,0.03072793219871528,0.7027387619018555,6.043910980224609,0.11627218934911243,0.038666552305221556,0.1933327615261078,0.07733310461044311,15,-0.04684925079345703,-0.024659795222048593,0.041640902482546295,0.05227215043300684,0
690,1774286962.2809148,19,-0.07150675121106599,-0.7027387619018555,0.0,0.04352009075552117,0.7027387619018555,6.043910980224609,0.11627218934911243,0.040701634005496375,0.3866655230522156,0.11866463496382453,19,-0.038043000644310966,-0.020020098624352816,0.041009979717659226,0.051858054611585776,0
691,1774286962.380657,14,-0.050195625850132534,-0.7027387619018555,0.0,0.03275481110832442,0.7027387619018555,6.043910980224609,0.11627218934911243,0.0,0.0,0.0,14,-0.050195625850132534,-0.02642504602709586,0.04039789046814193,0.05182319959807985,0
692,1774286962.4803762,15,0.0,0.0,0.0,0.0,0.0,6.043910980224609,0.0,0.0,0.0,0.0,15,0.0809214331886985,0.04260112046595025,0.0426469326895826,0.05182319959807985,0
693,1774286962.5805578,17,-0.19290867973776424,-0.7495880126953125,0.0,0.09060411051178283,0.7495880126953125,5.860805511474609,0.1278984622894801,0.0,0.0,0.0,17,-0.19290867973776424,-0.10155757722855699,0.04419034549168178,0.060747462579894475,0
694,1774286962.680796,18,-0.11712312698364258,-0.7495880126953125,0.0,0.0688330068498999,0.7495880126953125,5.860805511474609,0.1278984622894801,0.010740708973672655,0.1933327615261078,0.04428507759247181,18,-0.048801302909851074,-0.025689582119059345,0.0448307852814163,0.061287447418486456,0
695,1774286962.7807121,15,-0.04684925079345703,-0.7027387619018555,0.0,0.03072793219871528,0.7027387619018555,5.860805511474609,0.1199048083963876,0.0,0.0,0.0,15,0.001952052116394043,0.001027605080856047,0.03462676325840736,0.061247861449247015,0
696,1774286962.880366,16,-0.04392117261886597,-0.7027387619018555,0.0,0.028936041063243323,0.7027387619018555,5.860805511474609,0.1199048083963876,0.0,0.0,0.0,16,-0.019381088869912282,-0.010203147313396162,0.02455019193982321,0.06128094481959144,0
697,1774286962.9805787,16,0.08491426706314087,-0.6090402603149414,0.7027387619018555,0.09690787322602645,1.3117790222167969,6.043910980224609,0.2170414201183432,0.024166595190763474,0.1933327615261078,0.06393880090992969,16,0.16370618885213678,0.08617718458440901,0.012473081388781148,0.06821173569751414,0
698,1774286963.0813634,20,-0.0679314136505127,-0.7495880126953125,0.0,0.042025934412492916,0.7495880126953125,6.043910980224609,0.12402366863905326,0.019333276152610778,0.1933327615261078,0.05799982845783234,20,-0.0679314136505127,-0.035746403216166345,0.006137547984955803,0.06801593393772212,0
699,1774286963.180762,20,-0.04216432571411133,-0.7495880126953125,0.6090402603149414,0.06955486938409194,1.358628273010254,6.043910980224609,0.22479289940828404,0.038666552305221556,0.3866655230522156,0.0985807523638404,20,-0.04216432571411133,-0.02219545074210116,0.02148141794734531,0.0671266779942694,0
700,1774286963.2809474,21,-0.09369850158691406,-0.7027387619018555,0.0,0.05288548875016984,0.7027387619018555,6.043910980224609,0.11627218934911243,0.0,0.0,0.0,21,-0.09369850158691406,-0.04930461671870625,0.039270717184990644,0.06669738144218854,0
701,1774286963.3807788,23,-0.08962465369183084,-0.7027387619018555,0.0,0.053614142569781094,0.7027387619018555,6.043910980224609,0.11627218934911243,0.02521731672079667,0.1933327615261078,0.06511083179712221,23,0.013443698053774628,0.007076693144943385,0.062365406943905737,0.06583507251412385,0
702,1774286963.4806798,23,-0.03055385921312415,-0.7027387619018555,0.0,0.020537842881939054,0.7027387619018555,6.043910980224609,0.11627218934911243,0.02521731672079667,0.1933327615261078,0.06511083179712221,23,0.17469047759630665,0.09195210201984523,0.05830670585708013,0.06534754518752664,0
703,1774286963.5811508,24,-0.007808208465576172,-0.7495880126953125,0.5621910095214844,0.03651990354569534,1.3117790222167969,6.043910980224609,0.2170414201183432,0.05638872211178144,0.3866655230522156,0.1306387712481521,24,0.023424625396728516,0.012324798133605328,0.06751302783451384,0.05638088659281317,0
704,1774286963.680875,21,-0.07138933454241071,-0.7495880126953125,0.0,0.04841615232087823,0.7495880126953125,6.043910980224609,0.12402366863905326,0.05523793186460223,0.3866655230522156,0.13530474751489924,21,-0.011154583522251675,-0.005869894005486801,0.05799982845783234,0.05652316733078675,0
705,1774286963.7806475,21,-0.035694667271205356,-0.7495880126953125,0.0,0.02548218543204119,0.7495880126953125,6.043910980224609,0.12402366863905326,0.08285689779690333,0.5799982845783234,0.20295712127234886,21,-0.002230916704450331,-0.0011740889853693256,0.05948700354649471,0.056517445227199536,0
706,1774286963.8809552,21,-0.035694667271205356,-0.7495880126953125,0.0,0.02548218543204119,0.7495880126953125,6.043910980224609,0.12402366863905326,0.027618965932301114,0.3866655230522156,0.0902031650099328,21,0.0033463750566755032,0.0017608040607349626,0.04202886120132778,0.05649264243132562,0
707,1774286963.981017,23,0.0,0.0,0.0,0.0,0.0,6.043910980224609,0.0,0.04202886120132778,0.3866655230522156,0.09802730714402895,23,-0.054056827838604264,-0.02844580269707515,0.041134630111937825,0.05740791303187166,0
708,1774286964.0809188,21,0.0,0.0,0.0,0.0,0.0,6.043910980224609,0.0,0.05523793186460223,0.5799982845783234,0.1478754273125259,21,0.04684925079345703,0.024656713301525128,0.02819436105589072,0.05382995930865478,0
709,1774286964.181034,20,-0.07964372634887695,-0.7964372634887695,0.0,0.05708810832061317,0.7964372634887695,6.043910980224609,0.13177514792899409,0.0966663807630539,0.5799982845783234,0.20732628917049448,20,-0.008136975137810962,-0.004282349596611189,0.016111063460508983,0.05426914394638246,0
710,1774286964.2806323,20,0.0,0.0,0.0,0.0,0.0,6.043910980224609,0.0,0.12566629499197007,0.7733310461044312,0.25410574405847164,20,0.050195625850132534,0.026419093897950288,0.0,0.05505720569190698,0
711,1774286964.38045,20,-0.04216432571411133,-0.8432865142822266,0.0,0.033778776895587725,0.8432865142822266,6.043910980224609,0.1395266272189349,0.11599965691566468,0.5799982845783234,0.23199931383132935,20,-0.04216432571411133,-0.02219088882383521,0.0038666552305221557,0.05505453317364823,0
712,1774286964.4805522,20,0.0,0.0,0.0,0.0,0.0,6.043910980224609,0.0,0.15466620922088622,0.9666638076305389,0.32118850607532323,20,0.19290867973776424,0.10153118474794483,0.0038666552305221557,0.055054533173648224,0
713,1774286964.5810847,17,0.0,0.0,0.0,0.0,0.0,6.043910980224609,0.0,0.04549006153555477,0.3866655230522156,0.12457966422660721,17,0.11712312698364258,0.06163438196052915,0.0039455665617573014,0.04424013395155762,0
714,1774286964.680778,19,-0.08876700150339227,-0.8432865142822266,0.0,0.0669764347251776,0.8432865142822266,6.043910980224609,0.1395266272189349,0.030526225504122283,0.1933327615261078,0.07049729804859288,19,-0.04191775070993524,-0.022061208895074142,0.008226926022387565,0.04201495478716413,0
715,1774286964.7805066,19,-0.17260250292326274,-0.8432865142822266,0.0,0.11183410859975638,0.8432865142822266,5.992770195007324,0.14071731216804917,0.07122785950961866,0.5799982845783234,0.16843298091091044,19,-0.12868133030439677,-0.06772200723321681,0.014871750886623677,0.051682575236211656,0
716,1774286964.8809586,19,-0.044383500751696135,-0.8432865142822266,0.0,0.03545811250156461,0.8432865142822266,5.992770195007324,0.14071731216804917,0.07122785950961866,0.5799982845783234,0.16843298091091044,19,-0.129297767814837,-0.06803785289237918,0.027618965932301114,0.05168405282635809,0
717,1774286964.98094,17,0.0,0.0,0.0,0.0,0.0,5.992770195007324,0.0,0.06823509230333216,0.3866655230522156,0.1474046465832739,17,0.0679314136505127,0.03576134353456748,0.01901633719928929,0.044110442930173875,0
718,1774286965.0811589,21,0.035694667271205356,-0.8901357650756836,0.8432865142822266,0.10052523073366555,1.7334222793579102,5.992770195007324,0.28925225278987887,0.08285689779690333,0.5799982845783234,0.20295712127234886,21,0.07785899298531668,0.0409698606137577,0.02114577079191804,0.047109160859067294,0
719,1774286965.180973,18,-0.049451986948649086,-0.8901357650756836,0.0,0.041573483223879125,0.8901357650756836,5.992770195007324,0.14853494062182968,0.12888850768407187,0.7733310461044312,0.2882034647000886,18,0.044246514638264976,0.02328732544178472,0.01731338162920368,0.0471532385245002,0
720,1774286965.2809134,21,-0.08700575147356306,-0.9369850158691406,0.0,0.07196726588814754,0.9369850158691406,6.043910980224609,0.15502958579881657,0.11047586372920445,0.7733310461044312,0.24287945485181833,21,0.002618902218267785,0.0013782719753900998,0.035904655711991446,0.04679540573005176,0
721,1774286965.3814993,20,-0.08901357650756836,-0.9369850158691406,0.0,0.07153023645400935,0.9369850158691406,6.043910980224609,0.15502958579881657,0.06766646653413773,0.5799982845783234,0.16490049267421444,20,-0.05845971729444421,-0.0307550064924691,0.04549006153555477,0.046763153266562434,0
722,1774286965.4810426,20,0.0,0.0,0.0,0.0,0.0,6.043910980224609,0.0,0.08699974268674851,0.5799982845783234,0.20710081189968624,20,0.007808208465576172,0.004109817330854978,0.06444425384203593,0.047536982776210115,0
723,1774286965.5810099,21,0.0,0.0,0.0,0.0,0.0,6.043910980224609,0.0,0.04603160988716852,0.3866655230522156,0.10168714988122056,21,0.07138933454241071,0.03757066839276642,0.05523793186460223,0.047817825978635424,0
724,1774286965.6815777,20,-0.09838342666625977,-0.9838342666625977,0.0,0.08711368778335782,0.9838342666625977,6.043910980224609,0.1627810650887574,0.06766646653413773,0.7733310461044312,0.1758690653643492,20,-0.06268875939505442,-0.03297793917327475,0.0505639530145205,0.04910471056311693,0
725,1774286965.7813184,19,-0.10356150175395765,-0.9838342666625977,0.0,0.09116236948704728,0.9838342666625977,6.043910980224609,0.1627810650887574,0.12210490201648913,0.9666638076305389,0.2956126922433165,19,-0.0678668344827523,-0.03571255970313601,0.041640902482546295,0.05104123941982789,0
726,1774286965.8816116,20,-0.04684925079345703,-0.9369850158691406,0.0,0.04170219369825645,0.9369850158691406,6.043910980224609,0.15502958579881657,0.0966663807630539,0.5799982845783234,0.19810712888050344,20,-0.04684925079345703,-0.024649787980462315,0.06343731237575412,0.051022050454173615,0
727,1774286965.981264,21,-0.08477483476911273,-0.9838342666625977,0.0,0.06911047400572731,0.9838342666625977,6.043910980224609,0.1627810650887574,0.10126954175177075,0.5799982845783234,0.21194544842165117,21,-0.08477483476911273,-0.04461022616936594,0.09191229646323157,0.050768990483458315,0
728,1774286966.0814946,19,0.0,0.0,0.0,0.0,0.0,6.043910980224609,0.0,0.07122785950961866,0.3866655230522156,0.14318068919245908,19,0.07964372634887695,0.041907594037416875,0.11277744422356288,0.050768990483458315,0
729,1774286966.1810765,21,-0.24093900408063615,-1.0775327682495117,0.0,0.1863086190357479,1.0775327682495117,6.043910980224609,0.17828402366863905,0.036825287909734813,0.1933327615261078,0.07591727587280882,21,-0.24093900408063615,-0.1267803576184627,0.13211072037617366,0.06581025899203605,0
730,1774286966.281052,21,-0.04461833408900669,-0.9369850158691406,0.0,0.03981591473756434,0.9369850158691406,6.043910980224609,0.15502958579881657,0.018412643954867407,0.1933327615261078,0.056751580113533366,21,-0.0024540083748953653,-0.001291174187354588,0.10853769068132367,0.06463304096825057,0
731,1774286966.381469,22,0.04684925079345703,0.0,1.0306835174560547,0.04609189829807292,1.0306835174560547,5.992770195007324,0.17198782598317122,0.0,0.0,0.0,22,0.04684925079345703,0.024645608071116813,0.0794045270553657,0.06850792738587944,0
732,1774286966.4811175,21,0.0,0.0,0.0,0.0,0.0,5.992770195007324,0.0,0.009206321977433703,0.1933327615261078,0.04117192352858409,21,0.0,0.0,0.04921197566119107,0.06850792738587944,0
733,1774286966.580995,23,0.0,0.0,0.0,0.0,0.0,5.992770195007324,0.0,0.0,0.0,0.0,23,0.08876700150339227,0.04671413784561528,0.0576606481744532,0.06850792738587944,0
734,1774286966.6812062,21,-0.04461833408900669,-0.9369850158691406,0.0,0.03981591473756434,0.9369850158691406,6.043910980224609,0.15502958579881657,0.0,0.0,0.0,21,0.12798416883425603,0.0673352947472634,0.07030282237313011,0.06804215853381387,0
735,1774286966.781423,21,0.0,0.0,0.0,0.0,0.0,6.043910980224609,0.0,0.0,0.0,0.0,21,0.044383500751696135,0.023354027365373738,0.07461966234341003,0.06284190335050424,0
736,1774286966.8815982,23,0.08962465369183084,-1.0306835174560547,2.951502799987793,0.9103699664209172,3.9821863174438477,6.043910980224609,0.6588757396449704,0.0,0.0,0.0,23,0.08962465369183084,0.047154536761106376,0.09321401002151626,0.06912008003611879,0
737,1774286966.9814215,17,-0.17361781176398783,-1.0306835174560547,0.0,0.14092622587230863,1.0306835174560547,6.043910980224609,0.17053254437869822,0.0,0.0,0.0,17,-0.20931247903519318,-0.11014923920068882,0.10633301883935928,0.07474572765550597,0
738,1774286967.080946,17,-0.055116765639361215,-0.9369850158691406,0.0,0.04860572567270831,0.9369850158691406,6.043910980224609,0.15502958579881657,0.0,0.0,0.0,17,-0.005664778690712129,-0.002981504969914741,0.1015816204628702,0.07245744618087663,0
739,1774286967.1813374,21,-0.04461833408900669,-0.9369850158691406,0.0,0.03981591473756434,0.9369850158691406,6.043910980224609,0.15502958579881657,0.0,0.0,0.0,21,0.04238741738455636,0.022304189646224905,0.08874290693001669,0.07246384284870681,0
740,1774286967.2812943,22,-0.12990019538185812,-0.9838342666625977,0.0,0.10693556215730592,0.9838342666625977,6.043910980224609,0.1627810650887574,0.02636355838992379,0.1933327615261078,0.06634683365617257,22,-0.040886618874289765,-0.021521594531105442,0.06655718019751251,0.07417647126402034,0
741,1774286967.3809712,16,-0.061489641666412354,-0.9838342666625977,0.0,0.05671464048395691,0.9838342666625977,6.043910980224609,0.1627810650887574,0.012083297595381737,0.1933327615261078,0.046798410354181585,16,-0.061489641666412354,-0.03236418602468252,0.06655718019751251,0.07371188063658264,0
742,1774286967.4815168,20,-0.08901357650756836,-0.8901357650756836,0.0,0.07131075122401853,0.8901357650756836,6.043910980224609,0.14727810650887574,0.009666638076305389,0.1933327615261078,0.042135898498397606,20,-0.08901357650756836,-0.0468367534345698,0.07733310461044311,0.07326861731826592,0
743,1774286967.5812285,20,-0.09604096412658691,-0.9838342666625977,0.0,0.0830696724207769,0.9838342666625977,6.043910980224609,0.1627810650887574,0.02899991422891617,0.1933327615261078,0.06903360396656207,20,0.0023424625396728516,0.0012331016440978735,0.09502796752978179,0.07271388813940899,0
744,1774286967.6810973,19,-0.10109575171219676,-0.9838342666625977,0.0,0.08693074289221035,0.9838342666625977,6.043910980224609,0.1627810650887574,0.0,0.0,0.0,19,0.002465750041760889,0.00129791425509464,0.10633301883935928,0.0727899773259873,0
745,1774286967.7810235,20,-0.18739700317382812,-0.9838342666625977,0.0,0.14069003242411782,0.9838342666625977,6.043910980224609,0.1627810650887574,0.0,0.0,0.0,20,-0.1405477523803711,-0.07399540412599377,0.0902219553788503,0.07749777431134078,0
746,1774286967.880908,17,-0.05236092735739315,-0.8901357650756836,0.0,0.04386666741961925,0.8901357650756836,6.043910980224609,0.14727810650887574,0.0,0.0,0.0,17,0.032413907411719574,0.017063149280594592,0.0697265697307274,0.07744899345258499,0
747,1774286967.9815722,19,-0.04684925079345703,-0.8901357650756836,0.0,0.03950734139834822,0.8901357650756836,6.043910980224609,0.14727810650887574,0.0,0.0,0.0,19,-0.04684925079345703,-0.02465649363580138,0.041202063931793466,0.07736806006627048,0
748,1774286968.0812833,19,-0.09616425162867497,-0.9369850158691406,0.0,0.0786620472471267,0.9369850158691406,6.043910980224609,0.15502958579881657,0.0,0.0,0.0,19,0.1447747524519612,0.0761889453959508,0.018124946393072605,0.07637465472852699,0
749,1774286968.1809578,20,0.0,0.0,0.0,0.0,0.0,6.043910980224609,0.0,0.009666638076305389,0.1933327615261078,0.042135898498397606,20,0.04461833408900669,0.023484499531152583,0.009062473196536303,0.06621518098471188,0
750,1774286968.2814977,21,-0.18070425306047713,-1.0306835174560547,0.0,0.1392760697520001,1.0306835174560547,6.043910980224609,0.17053254437869822,0.018412643954867407,0.1933327615261078,0.056751580113533366,21,-0.22755350385393416,-0.11976319262105288,0.0029292842655470877,0.07163850969464051,0
751,1774286968.3809488,19,-0.1479450025056538,-0.9838342666625977,0.0,0.11696556383832303,0.9838342666625977,6.043910980224609,0.1627810650887574,0.030526225504122283,0.1933327615261078,0.07049729804859288,19,-0.1479450025056538,-0.07787270527334278,0.0029743501773247354,0.0695065820944283,0
752,1774286968.481479,21,-0.18293516976492746,-1.0306835174560547,0.0,0.1427500083128525,1.0306835174560547,6.043910980224609,0.17053254437869822,0.0,0.0,0.0,21,-0.18293516976492746,-0.09625715582166093,0.0,0.07158483584074034,0
753,1774286968.581543,21,-0.08700575147356306,-0.9369850158691406,0.0,0.07196726588814754,0.9369850158691406,6.043910980224609,0.15502958579881657,0.0,0.0,0.0,21,-0.04238741738455636,-0.022305213828049654,0.0,0.06919401866468831,0
754,1774286968.6809475,18,0.0,0.0,0.0,0.0,0.0,6.043910980224609,0.0,0.0,0.0,0.0,18,0.0,0.0,0.0,0.07113161386761102,0
755,1774286968.7813146,20,-0.09369850158691406,-0.9369850158691406,0.0,0.07901468279669643,0.9369850158691406,6.043910980224609,0.15502958579881657,0.0,0.0,0.0,20,-0.1833231552787449,-0.09650027629035848,0.0,0.06860880833764972,0
756,1774286968.8813367,20,-0.18271207809448242,-0.9369850158691406,0.0,0.13364455654141238,0.9369850158691406,6.043910980224609,0.15502958579881657,0.0,0.0,0.0,20,-0.009094266330494594,-0.0047866695538009004,0.0,0.058523298321474154,0
757,1774286968.9813366,21,-0.1338550022670201,-0.9838342666625977,0.0,0.10771200334379595,0.9838342666625977,6.043910980224609,0.1627810650887574,0.0,0.0,0.0,21,-0.07873823662765889,-0.04143265894487292,0.009666638076305389,0.05664870220816359,0
758,1774286969.0809932,21,-0.17847333635602677,-0.9838342666625977,0.0,0.13558314366009097,0.9838342666625977,6.043910980224609,0.1627810650887574,0.0,0.0,0.0,21,-0.13385500226702007,-0.07046276537702832,0.013107305866176798,0.05828714949498604,0
759,1774286969.1814244,20,-0.04450678825378418,-0.8901357650756836,0.0,0.03763622981267645,0.8901357650756836,6.043910980224609,0.14727810650887574,0.0,0.0,0.0,20,0.08539340712807394,0.04494082279784493,0.016666617372940326,0.05829289495485436,0
760,1774286969.2809167,18,-0.049451986948649086,-0.8901357650756836,0.0,0.041573483223879125,0.8901357650756836,5.992770195007324,0.14853494062182968,0.0,0.0,0.0,18,0.012037654717763267,0.006335789491604645,0.017261853707688197,0.05917770947063917,0
761,1774286969.3810787,18,-0.049451986948649086,-0.8901357650756836,0.0,0.041573483223879125,0.8901357650756836,5.992770195007324,0.14853494062182968,0.0,0.0,0.0,18,0.03956158955891927,0.02082669163526765,0.013107305866176798,0.05963175235124801,0
762,1774286969.4814203,19,-0.04684925079345703,-0.8901357650756836,0.0,0.03950734139834822,0.8901357650756836,5.992770195007324,0.14853494062182968,0.0,0.0,0.0,19,0.04919171333312988,0.02588776235630143,0.0098304793996326,0.060717748631355546,0
763,1774286969.5811067,22,-0.1703609119762074,-0.9838342666625977,0.0,0.13080231350940724,0.9838342666625977,5.992770195007324,0.16417019752939072,0.008787852796641264,0.1933327615261078,0.04027100063673795,22,-0.06926516026401064,-0.03645516727126152,0.0,0.06273260371582576,0
764,1774286969.681137,19,0.0,0.0,0.0,0.0,0.0,6.043910980224609,0.0,0.0,0.0,0.0,19,0.18739700317382812,0.09862410588966597,0.0,0.06652707402983205,0
765,1774286969.7809303,19,-0.10109575171219676,-0.9838342666625977,0.0,0.08693074289221035,0.9838342666625977,6.043910980224609,0.1627810650887574,0.0,0.0,0.0,19,-0.048734824354803606,-0.025649606937780154,0.0,0.06320985613674972,0
766,1774286969.8811805,19,-0.04931500083521793,-0.9369850158691406,0.0,0.04377544753279581,0.9369850158691406,6.043910980224609,0.15502958579881657,0.0,0.0,0.0,19,-0.002465750041760896,-0.0012980307288462357,0.0033333234745880655,0.06330930176829837,0
767,1774286969.981052,17,0.0,0.0,0.0,0.0,0.0,6.043910980224609,0.0,0.0,0.0,0.0,17,0.09616425162867497,0.0506189291095422,0.009666638076305389,0.06575844410199053,0
768,1774286970.0814588,18,-0.15616416931152344,-0.9838342666625977,0.0,0.12218011136155837,0.9838342666625977,6.043910980224609,0.1627810650887574,0.0,0.0,0.0,18,-0.15616416931152344,-0.08217000057330826,0.019333276152610778,0.06733350169879525,0
769,1774286970.1811776,17,-0.05236092735739315,-0.8901357650756836,0.0,0.04386666741961925,0.8901357650756836,6.043910980224609,0.14727810650887574,0.0,0.0,0.0,17,0.128343325703084,0.0675605009854933,0.015846947666074408,0.06464136749095044,0
770,1774286970.2814739,19,-0.1454792524638929,-0.9369850158691406,0.0,0.11295281448115006,0.9369850158691406,6.043910980224609,0.15502958579881657,0.0,0.0,0.0,19,0.002465750041760889,0.0012974046229332768,0.009508168599644646,0.06274363680889883,0
771,1774286970.3816502,19,-0.1479450025056538,-0.9838342666625977,0.0,0.11696556383832303,0.9838342666625977,6.043910980224609,0.1627810650887574,0.0,0.0,0.0,19,0.034990167259273675,0.018414217512529727,0.0,0.06274363680889883,0
772,1774286970.4813612,20,-0.09604096412658691,-1.0306835174560547,0.0,0.08350864288075854,1.0306835174560547,6.043910980224609,0.17053254437869822,0.0,0.0,0.0,20,-0.009035212653023858,-0.004755830183471692,0.0,0.05932115471965827,0
773,1774286970.5814707,20,-0.1405477523803711,-0.9838342666625977,0.0,0.11215695252531077,0.9838342666625977,5.992770195007324,0.16417019752939072,0.0,0.0,0.0,20,-0.1405477523803711,-0.07395213772484836,0.0,0.060359060104168874,0
774,1774286970.6809616,20,0.0,0.0,0.0,0.0,0.0,5.992770195007324,0.0,0.0,0.0,0.0,20,0.09369850158691406,0.049324164811990215,0.0,0.060359060104168874,0
775,1774286970.7814372,20,0.0,0.0,0.0,0.0,0.0,5.992770195007324,0.0,0.0,0.0,0.0,20,0.18271207809448242,0.09615916685394083,0.0,0.06358876465221468,0
776,1774286970.881139,20,0.0,0.0,0.0,0.0,0.0,6.043910980224609,0.0,0.019333276152610778,0.1933327615261078,0.05799982845783234,20,0.1338550022670201,0.07045732703582279,0.0,0.06232730780590377,0
777,1774286970.9811127,18,0.0,0.0,0.0,0.0,0.0,6.043910980224609,0.0,0.0,0.0,0.0,18,0.17847333635602677,0.09392742525406965,0.0,0.06316155215547395,0
778,1774286971.0812724,20,0.0,0.0,0.0,0.0,0.0,6.043910980224609,0.0,0.0,0.0,0.0,20,0.04450678825378418,0.02342649971011001,0.0,0.05992871864312844,0
779,1774286971.1814537,19,0.0,0.0,0.0,0.0,0.0,6.043910980224609,0.0,0.0,0.0,0.0,19,0.049451986948649086,0.026020007284347557,0.0,0.06136389942836112,0
780,1774286971.280921,18,-0.1041094462076823,-0.9369850158691406,0.0,0.08671021431736234,0.9369850158691406,6.043910980224609,0.15502958579881657,0.0,0.0,0.0,18,-0.05465745925903321,-0.028769472258071645,0.0032768264665441996,0.06203543382426785,0
781,1774286971.3815837,17,0.0,0.0,0.0,0.0,0.0,6.043910980224609,0.0,0.0,0.0,0.0,17,0.04684925079345703,0.024655379897998247,0.0032222126921017964,0.06349397404149178,0
782,1774286971.4817996,22,0.0,0.0,0.0,0.0,0.0,6.043910980224609,0.0,0.0,0.0,0.0,22,0.1703609119762074,0.08963094901476885,0.0032222126921017964,0.06480552321971915,0
783,1774286971.581707,20,-0.04919171333312988,-0.9838342666625977,0.0,0.04597666855232774,0.9838342666625977,6.043910980224609,0.1627810650887574,0.0,0.0,0.0,20,-0.04919171333312988,-0.025882611802345537,0.0,0.05947901283266755,0
784,1774286971.6813803,22,0.0,0.0,0.0,0.0,0.0,6.043910980224609,0.0,0.0,0.0,0.0,22,0.10109575171219676,0.05319569164088785,0.0,0.05947901283266755,0
785,1774286971.7816064,21,0.0,0.0,0.0,0.0,0.0,6.043910980224609,0.0,0.0,0.0,0.0,21,0.04931500083521793,0.0259494466746002,0.0,0.05939713600350613,0
786,1774286971.8811255,21,-0.04238741738455636,-0.8901357650756836,0.0,0.035933863050651826,0.8901357650756836,5.992770195007324,0.14853494062182968,0.0,0.0,0.0,21,-0.04238741738455636,-0.022308303733228754,0.0,0.059403161544110746,0
787,1774286971.9812737,23,0.0,0.0,0.0,0.0,0.0,5.992770195007324,0.0,0.0,0.0,0.0,23,0.15616416931152344,0.0821996784549372,0.0,0.059403161544110746,0
788,1774286972.0816872,22,-0.0851804559881037,-0.9838342666625977,0.0,0.07275663285067706,0.9838342666625977,5.992770195007324,0.16417019752939072,0.0,0.0,0.0,22,-0.03281952863071055,-0.01726880448381525,0.0,0.054691282482548766,0
789,1774286972.1810434,20,0.0,0.0,0.0,0.0,0.0,5.992770195007324,0.0,0.0,0.0,0.0,20,0.1454792524638929,0.07658537978725179,0.0,0.05543644901434755,0
790,1774286972.2810454,19,0.0,0.0,0.0,0.0,0.0,5.992770195007324,0.0,0.0,0.0,0.0,19,0.1479450025056538,0.07789058347043298,0.0,0.05051644525676221,0
791,1774286972.3810625,20,0.0,0.0,0.0,0.0,0.0,5.992770195007324,0.0,0.0,0.0,0.0,20,0.09604096412658691,0.050555822249832925,0.0,0.043531836656043245,0
792,1774286972.4817944,20,0.0,0.0,0.0,0.0,0.0,5.992770195007324,0.0,0.0,0.0,0.0,20,0.1405477523803711,0.07395990356983564,0.0,0.04073393550714026,0
793,1774286972.581236,19,0.0,0.0,0.0,0.0,0.0,5.992770195007324,0.0,0.0,0.0,0.0,19,0.0,0.0,0.006444425384203593,0.03030398818860772,0
794,1774286972.6808414,21,0.0,0.0,0.0,0.0,0.0,5.992770195007324,0.0,0.0,0.0,0.0,21,0.0,0.0,0.006666646949176131,0.030303988188607724,0
795,1774286972.7809784,22,0.0,0.0,0.0,0.0,0.0,5.992770195007324,0.0,0.0,0.0,0.0,22,0.0,0.0,0.006666646949176131,0.030303988188607724,0
796,1774286972.8815033,22,0.0,0.0,0.0,0.0,0.0,5.992770195007324,0.0,0.0,0.0,0.0,22,0.0,0.0,0.0,0.030303988188607724,0
797,1774286972.9808757,21,0.0,0.0,0.0,0.0,0.0,5.992770195007324,0.0,0.0,0.0,0.0,21,0.0,0.0,0.0,0.03030398818860772,0
798,1774286973.0810528,22,0.0,0.0,0.0,0.0,0.0,5.992770195007324,0.0,0.0,0.0,0.0,22,0.0,0.0,0.0,0.030303988188607724,0
799,1774286973.1813338,22,0.0,0.0,0.0,0.0,0.0,5.992770195007324,0.0,0.0,0.0,0.0,22,0.1041094462076823,0.05478254320387633,0.0,0.030303988188607724,0
800,1774286973.281186,23,0.0,0.0,0.0,0.0,0.0,5.992770195007324,0.0,0.0,0.0,0.0,23,0.0,0.0,0.0,0.02225986334291229,0
801,1774286973.3810139,23,0.0,0.0,0.0,0.0,0.0,5.992770195007324,0.0,0.0,0.0,0.0,23,0.0,0.0,0.0,0.02225986334291229,0
802,1774286973.481326,23,0.0,0.0,0.0,0.0,0.0,5.992770195007324,0.0,0.0,0.0,0.0,23,0.04919171333312988,0.025895566784393757,0.0,0.022259863342912287,0
803,1774286973.5813673,21,0.0,0.0,0.0,0.0,0.0,5.992770195007324,0.0,0.0,0.0,0.0,21,0.0,0.0,0.0,0.020296212847515063,0
804,1774286973.6811764,21,0.0,0.0,0.0,0.0,0.0,5.992770195007324,0.0,0.0,0.0,0.0,21,0.0,0.0,0.0,0.020296212847515063,0
805,1774286973.780923,21,-0.04684925079345703,-0.9838342666625977,0.0,0.043897045998164685,0.9838342666625977,5.992770195007324,0.16417019752939072,0.0,0.0,0.0,21,-0.004461833408900669,-0.002348583757381186,0.0,0.02205242489462685,0
806,1774286973.881477,21,-0.04684925079345703,-0.9838342666625977,0.0,0.043897045998164685,0.9838342666625977,5.992770195007324,0.16417019752939072,0.0,0.0,0.0,21,-0.04684925079345703,-0.02465486018812223,0.0,0.022411526731797513,0
807,1774286973.9808497,21,0.0,0.0,0.0,0.0,0.0,5.992770195007324,0.0,0.0,0.0,0.0,21,0.0851804559881037,0.04485158831971057,0.0,0.022411526731797513,0
808,1774286974.0815547,22,0.0,0.0,0.0,0.0,0.0,5.992770195007324,0.0,0.0,0.0,0.0,22,0.0,0.0,0.0,0.01405477523803711,0
809,1774286974.1811419,20,0.0,0.0,0.0,0.0,0.0,5.992770195007324,0.0,0.0,0.0,0.0,20,0.0,0.0,0.0,0.01405477523803711,0
810,1774286974.2809355,21,0.0,0.0,0.0,0.0,0.0,5.992770195007324,0.0,0.0,0.0,0.0,21,0.0,0.0,0.0,0.01405477523803711,0
811,1774286974.3814068,20,0.0,0.0,0.0,0.0,0.0,5.992770195007324,0.0,0.0,0.0,0.0,20,0.0,0.0,0.0,0.01405477523803711,0
812,1774286974.481153,19,0.0,0.0,0.0,0.0,0.0,5.992770195007324,0.0,0.0,0.0,0.0,19,0.0,0.0,0.0,0.01405477523803711,0
813,1774286974.5810874,22,-0.1703609119762074,-0.9838342666625977,0.0,0.13080231350940724,0.9838342666625977,5.992770195007324,0.16417019752939072,0.0,0.0,0.0,22,-0.1703609119762074,-0.08965203478923257,0.0,0.03868215107424649,0
814,1774286974.6811354,22,-0.08305094458840111,-0.9369850158691406,0.0,0.0690244769770728,0.9369850158691406,5.992770195007324,0.15635256907561018,0.0,0.0,0.0,22,-0.08305094458840111,-0.04370741243494962,0.0,0.04140393960084192,0
815,1774286974.7816634,20,-0.04450678825378418,-0.8901357650756836,0.0,0.03763622981267645,0.8901357650756836,5.992770195007324,0.14853494062182968,0.0,0.0,0.0,20,-0.04450678825378418,-0.023422652047736414,0.0,0.0416068858837949,0
816,1774286974.8812222,17,0.0,0.0,0.0,0.0,0.0,5.992770195007324,0.0,0.0,0.0,0.0,17,0.0,0.0,0.0,0.0416068858837949,0
817,1774286974.981366,17,0.0,0.0,0.0,0.0,0.0,6.043910980224609,0.0,0.0,0.0,0.0,17,0.0,0.0,0.0,0.0416068858837949,0
818,1774286975.0812976,18,0.0,0.0,0.0,0.0,0.0,5.992770195007324,0.0,0.010740708973672655,0.1933327615261078,0.04428507759247181,18,0.0,0.0,0.0,0.0416068858837949,0
819,1774286975.1808581,19,0.0,0.0,0.0,0.0,0.0,5.992770195007324,0.0,0.0,0.0,0.0,19,0.0,0.0,0.0,0.0416068858837949,0
820,1774286975.2808821,18,0.0,0.0,0.0,0.0,0.0,5.992770195007324,0.0,0.0,0.0,0.0,18,0.0,0.0,0.0,0.0416068858837949,0
821,1774286975.3808508,17,0.0,0.0,0.0,0.0,0.0,6.043910980224609,0.0,0.0,0.0,0.0,17,0.0,0.0,0.0,0.0416068858837949,0
822,1774286975.4814541,18,0.0,0.0,0.0,0.0,0.0,6.043910980224609,0.0,0.0,0.0,0.0,18,0.0,0.0,0.0,0.0416068858837949,0
823,1774286975.580855,18,-0.05205472310384115,-0.9369850158691406,0.0,0.04606480135609874,0.9369850158691406,5.992770195007324,0.15635256907561018,0.0,0.0,0.0,18,-0.05205472310384115,-0.02740185982070315,0.0,0.04192750668392104,0
824,1774286975.680865,20,0.0,0.0,0.0,0.0,0.0,6.043910980224609,0.0,0.0,0.0,0.0,20,0.04684925079345703,0.024658251071190816,0.0,0.04192750668392104,0
825,1774286975.7814236,21,-0.04461833408900669,-0.9369850158691406,0.0,0.03981591473756434,0.9369850158691406,5.992770195007324,0.15635256907561018,0.0,0.0,0.0,21,0.002230916704450338,0.0011741997797129523,0.0,0.041864657182763367,0
826,1774286975.88087,16,0.0,0.0,0.0,0.0,0.0,5.992770195007324,0.0,0.0,0.0,0.0,16,0.0,0.0,0.0,0.0417232029550389,0
827,1774286975.980858,19,-0.04684925079345703,-0.8901357650756836,0.0,0.03950734139834822,0.8901357650756836,5.992770195007324,0.14853494062182968,0.0,0.0,0.0,19,-0.04684925079345703,-0.02466654348040033,0.0,0.04186465718276337,0
828,1774286976.0814428,23,-0.20776624264924423,-1.0306835174560547,0.0,0.15589674918100568,1.0306835174560547,6.043910980224609,0.17053254437869822,0.0,0.0,0.0,23,-0.20776624264924423,-0.10933333449705357,0.0,0.057831569499014975,0
829,1774286976.181017,23,-0.07944003395412279,-0.9369850158691406,0.0,0.06631026362407068,0.9369850158691406,5.992770195007324,0.15635256907561018,0.0,0.0,0.0,23,-0.07944003395412279,-0.04180875309713334,0.0,0.05819264880303882,0
830,1774286976.281063,23,-0.07944003395412279,-0.9369850158691406,0.0,0.06631026362407068,0.9369850158691406,6.043910980224609,0.15502958579881657,0.0,0.0,0.0,23,-0.07944003395412279,-0.04181810895515527,0.0,0.05828142691917447,0
831,1774286976.3809958,20,-0.04684925079345703,-0.9369850158691406,0.0,0.04170219369825645,0.9369850158691406,6.043910980224609,0.15502958579881657,0.0,0.0,0.0,20,-0.04684925079345703,-0.02465954146053256,0.0,0.057547274424245745,0
832,1774286976.481152,19,-0.09616425162867497,-0.9369850158691406,0.0,0.0786620472471267,0.9369850158691406,6.043910980224609,0.15502958579881657,0.0,0.0,0.0,19,0.07419666034753243,0.03904954398758266,0.0,0.057791663755487416,0
833,1774286976.5815272,20,-0.09135603904724121,-0.9369850158691406,0.0,0.07516820414110725,0.9369850158691406,6.043910980224609,0.15502958579881657,0.0,0.0,0.0,20,-0.008305094458840104,-0.004370201125968189,0.0,0.05163462237229953,0
834,1774286976.681435,21,-0.08700575147356306,-0.9369850158691406,0.0,0.07196726588814754,0.9369850158691406,6.043910980224609,0.15502958579881657,0.0,0.0,0.0,21,-0.042498963219778876,-0.022370563492043572,0.0,0.051792637910237645,0
835,1774286976.7810867,17,0.0,0.0,0.0,0.0,0.0,6.043910980224609,0.0,0.0,0.0,0.0,17,0.0,0.0,0.003717937721655919,0.0526633982110024,0
836,1774286976.8812277,19,-0.04931500083521793,-0.9369850158691406,0.0,0.04377544753279581,0.9369850158691406,6.043910980224609,0.15502958579881657,0.0,0.0,0.0,19,-0.04931500083521793,-0.02595715146668936,0.0035802363245575515,0.051806506442565715,0
837,1774286976.9809802,21,-0.04461833408900669,-0.9369850158691406,0.0,0.03981591473756434,0.9369850158691406,5.992770195007324,0.15635256907561018,0.0,0.0,0.0,21,-0.04461833408900669,-0.023487258305802738,0.003515141118656505,0.050813035936745785,0
838,1774286977.081467,24,-0.1542121171951294,-0.9838342666625977,0.0,0.11915837894171943,0.9838342666625977,5.992770195007324,0.16417019752939072,0.0,0.0,0.0,24,-0.1542121171951294,-0.08113827473606422,0.0,0.05475382182962176,0
839,1774286977.181139,23,-0.0814769579016644,-0.9838342666625977,0.0,0.06989505074528186,0.9838342666625977,6.043910980224609,0.1627810650887574,0.0,0.0,0.0,23,-0.0814769579016644,-0.04287681265339473,0.0,0.053604668430987726,0
840,1774286977.2815118,22,-0.1703609119762074,-0.9838342666625977,0.0,0.13080231350940724,0.9838342666625977,6.043910980224609,0.1627810650887574,0.0,0.0,0.0,22,-0.1703609119762074,-0.08963245561568432,0.0,0.05712231285408865,0
841,1774286977.3810253,23,-0.12017851290495499,-0.9369850158691406,0.0,0.0963494520008866,0.9369850158691406,6.043910980224609,0.15502958579881657,0.008405772240265556,0.1933327615261078,0.03942656658922785,23,-0.12017851290495499,-0.06326612771794894,0.0,0.05611497458370478,0
842,1774286977.4810624,22,-0.21508065136996182,-0.9838342666625977,0.0,0.1575622792568422,0.9838342666625977,6.043910980224609,0.1627810650887574,0.0,0.0,0.0,22,-0.16302592826612067,-0.08579374967758073,0.0,0.061522812013737244,0
843,1774286977.5809395,24,-0.19325315952301025,-0.9838342666625977,0.0,0.14217384403103495,0.9838342666625977,6.043910980224609,0.1627810650887574,0.016111063460508983,0.1933327615261078,0.05343435247211316,24,-0.19325315952301025,-0.10170820215597234,0.0,0.06550061228208914,0
844,1774286977.6809256,24,-0.15226006507873535,-0.9369850158691406,0.0,0.11600708926806647,0.9369850158691406,6.043910980224609,0.15502958579881657,0.05638872211178144,0.3866655230522156,0.1306387712481521,24,-0.10764173098972865,-0.05666839454876717,0.0,0.0633648902714001,0
845,1774286977.7814584,24,-0.11907517910003662,-1.0306835174560547,0.0,0.09967906478003385,1.0306835174560547,6.043910980224609,0.17053254437869822,0.016111063460508983,0.3866655230522156,0.07726594601800069,24,-0.11907517910003662,-0.0626517487921251,0.0,0.06229676266458269,0
846,1774286977.8809576,24,-0.16006827354431152,-1.0306835174560547,0.0,0.12856652187309692,1.0306835174560547,6.043910980224609,0.17053254437869822,0.008055531730254492,0.1933327615261078,0.03863297300900034,24,-0.11321902275085449,-0.05958583842717227,0.0,0.05890219555210819,0
847,1774286977.9812193,23,-0.12425236080003821,-1.0306835174560547,0.0,0.10336966011325846,1.0306835174560547,6.043910980224609,0.17053254437869822,0.033623088961062225,0.1933327615261078,0.07327982347547411,23,0.08351388184920602,0.04395984667826926,0.0,0.05716004071767715,0
848,1774286978.0811722,24,-0.12102723121643066,-1.0775327682495117,0.0,0.10332572042415222,1.0775327682495117,6.043910980224609,0.17828402366863905,0.040277658651272454,0.5799982845783234,0.12453549838602536,24,-0.041587197262307876,-0.021886209581922896,0.0,0.05298990776278236,0
849,1774286978.181449,22,0.0,0.0,0.0,0.0,0.0,6.043910980224609,0.0,0.07030282237313011,0.3866655230522156,0.14913480730978085,22,0.07944003395412279,0.0418020549232364,0.0,0.057833142570164385,0
850,1774286978.2810044,21,-0.09146758488246373,-1.0306835174560547,0.0,0.07995035679302918,1.0306835174560547,6.043910980224609,0.17053254437869822,0.009206321977433703,0.1933327615261078,0.04117192352858409,21,-0.0446183340890067,-0.023483226469116925,0.0,0.0576232676413043,0
851,1774286978.381451,23,-0.032590783160665764,-1.0775327682495117,3.232598304748535,0.6264747419049982,4.310131072998047,6.043910980224609,0.7131360946745562,0.06724617792212445,0.7733310461044312,0.16727275556487595,23,0.06357346846800921,0.03345445849656623,0.0,0.05843198414219089,0
852,1774286978.4810076,22,-0.18952651457353073,-1.0775327682495117,0.0,0.1619157053062469,1.0775327682495117,6.043910980224609,0.17828402366863905,0.0,0.0,0.0,22,-0.09817047552628952,-0.051682806771360834,0.0,0.06118890310285428,0
853,1774286978.5808084,21,-0.0513110842023577,-1.0775327682495117,0.0,0.05265654724042886,1.0775327682495117,5.992770195007324,0.17980545443695173,0.0,0.0,0.0,21,0.035694667271205356,0.018792865733241043,0.0,0.062404622299864924,0
854,1774286978.6814082,21,0.0,0.0,0.0,0.0,0.0,6.043910980224609,0.0,0.036825287909734813,0.1933327615261078,0.07591727587280882,21,0.0,0.0,0.0,0.06659807715702153,0
855,1774286978.781358,22,0.0,0.0,0.0,0.0,0.0,6.043910980224609,0.0,0.08787852796641263,0.3866655230522156,0.16203999908555955,22,0.04931500083521793,0.025953484118541356,0.0,0.06659807715702153,0
856,1774286978.881529,23,-0.04888617474099864,-1.1243820190429688,0.0,0.05257687777776401,1.1243820190429688,6.043910980224609,0.18603550295857987,0.058840405681858894,0.5799982845783234,0.1655745110173211,23,-0.0042678406519919485,-0.002245583143658698,0.0,0.06661558654132069,0
857,1774286978.981515,23,0.0,0.0,0.0,0.0,0.0,6.043910980224609,0.0,0.08405772240265556,0.7733310461044312,0.1960546142880579,23,0.1542121171951294,0.08116222104633247,0.0,0.06924478575520557,0
858,1774286979.0810952,22,0.0,0.0,0.0,0.0,0.0,6.043910980224609,0.0,0.07909067516977136,0.5799982845783234,0.17153204345381357,22,0.0814769579016644,0.04288359740699799,0.0028431288459721733,0.07146843356177336,0
859,1774286979.1814177,22,0.0,0.0,0.0,0.0,0.0,6.043910980224609,0.0,0.07909067516977136,0.7733310461044312,0.1811662265146574,22,0.1703609119762074,0.08966807786652674,0.0028855636048672802,0.07430583948732473,0
860,1774286979.281348,21,0.0,0.0,0.0,0.0,0.0,6.043910980224609,0.0,0.027618965932301114,0.1933327615261078,0.06765237375744962,21,0.12017851290495499,0.06324110870295897,0.008405772240265556,0.07430898564160607,0
861,1774286979.3810093,21,-0.05354200090680804,-1.1243820190429688,0.0,0.05733491722209268,1.1243820190429688,6.043910980224609,0.18603550295857987,0.05523793186460223,0.3866655230522156,0.13530474751489924,21,0.1615386504631538,0.08502271725617823,0.024857069339071003,0.07396845897507737,0
862,1774286979.4814875,22,-0.10008703578602184,-1.1243820190429688,0.0,0.10022403033114023,1.1243820190429688,6.043910980224609,0.18603550295857987,0.07909067516977136,0.5799982845783234,0.19904050096851772,22,0.09316612373698842,0.04902066385880676,0.029536949677599802,0.06722132889452842,0
863,1774286979.5812068,23,0.05092309868854025,0.0,1.1712312698364258,0.05704956356094181,1.1712312698364258,6.043910980224609,0.1937869822485207,0.08405772240265556,0.5799982845783234,0.18758248709220987,23,0.2031831637672756,0.10692268320248881,0.026851772434181638,0.06623293341535533,0
864,1774286979.6812482,21,-0.05354200090680804,-1.1243820190429688,0.0,0.05733491722209268,1.1243820190429688,6.043910980224609,0.18603550295857987,0.08285689779690333,0.5799982845783234,0.20295712127234886,21,0.06553317819322858,0.034494962464819506,0.0190609764884895,0.06273401789024374,0
865,1774286979.7812953,22,0.0,0.0,0.0,0.0,0.0,6.043910980224609,0.0,0.05272711677984758,0.5799982845783234,0.16673778347800128,22,0.16006827354431152,0.08423148889530692,0.027229966412127857,0.06199012704078179,0
866,1774286979.8811092,21,-0.10039125170026507,-1.2180805206298828,0.0,0.09830549348704641,1.2180805206298828,6.043910980224609,0.20153846153846153,0.06444425384203593,0.9666638076305389,0.20953232861405574,21,0.02386110909977314,0.012559205942540163,0.047632709361504814,0.057859643096669994,0
867,1774286979.9814575,24,-0.08393824100494385,-1.1243820190429688,0.0,0.07864506357257994,1.1243820190429688,6.043910980224609,0.18603550295857987,0.05638872211178144,0.7733310461044312,0.1625142385240589,24,0.037088990211486816,0.01951759101894089,0.04039789046814193,0.05575484346080522,0
868,1774286980.081501,24,-0.1405477523803711,-1.2649297714233398,0.0,0.1417508777024068,1.2649297714233398,6.043910980224609,0.20928994082840235,0.024166595190763474,0.1933327615261078,0.06393880090992969,24,-0.1405477523803711,-0.07397047404847243,0.04979783251430049,0.057249575626607374,0
869,1774286980.181185,23,-0.03870155500329059,-0.8901357650756836,0.0,0.03295182791280001,0.8901357650756836,6.043910980224609,0.14727810650887574,0.02521731672079667,0.1933327615261078,0.06511083179712221,23,0.05276602987917314,0.02776895547910183,0.02636355838992379,0.05635147181837127,0
870,1774286980.281438,27,-0.0347031487358941,-0.9369850158691406,0.0,0.031312021836825285,0.9369850158691406,6.043910980224609,0.15502958579881657,0.014320945298230206,0.1933327615261078,0.050632187666900925,27,-0.002112365575228335,-0.001111778833111708,0.0234342741243767,0.05544647196981002,0
871,1774286980.3814595,22,-0.1128641041842374,-1.2649297714233398,0.0,0.12743294313992004,1.2649297714233398,6.043910980224609,0.20928994082840235,0.05272711677984758,0.3866655230522156,0.13269366731234514,22,0.07666241038929333,0.040339042754401394,0.012083297595381737,0.05735915797997841,0
872,1774286980.4809167,25,0.0,0.0,0.0,0.0,0.0,6.043910980224609,0.0,0.07733310461044311,0.7733310461044312,0.2117854291852323,25,0.0513110842023577,0.02700429401436424,0.04229154158383608,0.048075495204261784,0
873,1774286980.580892,17,0.0,0.0,0.0,0.0,0.0,6.043910980224609,0.0,0.03411754615166608,0.5799982845783234,0.13647018460666432,17,0.0,0.0,0.06151496957648884,0.04868222980882359,0
874,1774286980.6813643,19,0.0,0.0,0.0,0.0,0.0,6.043910980224609,0.0,0.0,0.0,0.0,19,0.0,0.0,0.07676447884124868,0.04868222980882359,0
875,1774286980.7811909,20,0.0,0.0,0.0,0.0,0.0,6.043910980224609,0.0,0.0,0.0,0.0,20,0.04888617474099864,0.025734146610216193,0.07392134999527651,0.04868222980882359,0
876,1774286980.881185,21,0.0,0.0,0.0,0.0,0.0,6.043910980224609,0.0,0.018412643954867407,0.1933327615261078,0.056751580113533366,21,0.0,0.0,0.08079578093628385,0.04918915466717487,0
877,1774286980.9813113,19,0.0,0.0,0.0,0.0,0.0,6.043910980224609,0.0,0.010175408501374094,0.1933327615261078,0.04317060211598919,19,0.0,0.0,0.06246135372381944,0.04918915466717487,0
878,1774286981.0809138,19,-0.16027375271445826,-1.546025276184082,0.0,0.21840300364904044,1.546025276184082,6.043910980224609,0.2557988165680473,0.0,0.0,0.0,19,-0.16027375271445826,-0.08437698531168611,0.054374839179217815,0.05572170887263322,0
879,1774286981.1813369,18,-0.07027387619018555,-1.2649297714233398,0.0,0.08395310047148996,1.2649297714233398,6.043910980224609,0.20928994082840235,0.0,0.0,0.0,18,-0.07027387619018555,-0.03698646690586464,0.054374839179217815,0.055214731514097656,0
880,1774286981.2812333,20,0.0,0.0,0.0,0.0,0.0,6.043910980224609,0.0,0.05799982845783234,0.3866655230522156,0.13806720793312413,20,0.05354200090680804,0.028176679033874732,0.07323210663867719,0.055214731514097656,0
881,1774286981.3808787,22,0.0,0.0,0.0,0.0,0.0,6.043910980224609,0.0,0.02636355838992379,0.1933327615261078,0.06634683365617257,22,0.10008703578602184,0.0526942723223105,0.08201995943531845,0.0560227665672465,0
882,1774286981.480843,18,0.0,0.0,0.0,0.0,0.0,5.992770195007324,0.0,0.02148141794734531,0.3866655230522156,0.08857015518494361,18,-0.05092309868854025,-0.026806762710236232,0.07323210663867719,0.05509267987017547,0
883,1774286981.5812137,18,-0.07027387619018555,-1.2649297714233398,0.0,0.08395310047148996,1.2649297714233398,5.992770195007324,0.21107596825207375,0.0,0.0,0.0,18,-0.01673187528337751,-0.008806409940650442,0.06645813677459955,0.05162075382451338,0
884,1774286981.6809893,17,0.2645604750689338,0.0,4.497528076171875,1.119875919499199,4.497528076171875,5.992770195007324,0.7504923315629289,0.0,0.0,0.0,17,0.2645604750689338,0.13926478675839932,0.05771127209734561,0.0845257823758279,0
885,1774286981.7810206,17,0.0,0.0,0.0,0.0,0.0,5.860805511474609,0.0,0.0,0.0,0.0,17,0.10039125170026507,0.052839964804191314,0.047632709361504814,0.0845257823758279,0
886,1774286981.8808043,20,-0.14289021492004395,-1.546025276184082,0.0,0.1851303043665098,1.546025276184082,5.860805511474609,0.26379057847205273,0.009666638076305389,0.1933327615261078,0.042135898498397606,20,-0.0589519739151001,-0.031038024773430737,0.035398956335766216,0.08683738722011225,0
887,1774286981.9813755,23,-0.054996946583623474,-1.2649297714233398,0.0,0.06654261093748251,1.2649297714233398,5.992770195007324,0.21107596825207375,0.008405772240265556,0.1933327615261078,0.03942656658922785,23,0.08555080579674762,0.04502971543822433,0.020900839083903545,0.08615656003614887,0
888,1774286982.0813909,23,0.0,0.0,0.0,0.0,0.0,6.043910980224609,0.0,0.0,0.0,0.0,23,0.03870155500329059,0.020367032861753374,0.029536949677599802,0.0823413432045521,0
889,1774286982.1813815,24,-0.05856156349182129,-1.405477523803711,0.0,0.07887750452795217,1.405477523803711,6.043910980224609,0.23254437869822486,0.016111063460508983,0.1933327615261078,0.05343435247211316,24,-0.02385841475592719,-0.012557434796151613,0.04702688793878298,0.08266768197393903,0
890,1774286982.2813997,23,-0.03870155500329059,-0.8901357650756836,0.0,0.03295182791280001,0.8901357650756836,6.043910980224609,0.14727810650887574,0.0,0.0,0.0,23,0.07416254918094681,0.039034148095451485,0.05739566357806325,0.08270295481086068,0
891,1774286982.3814838,23,0.0,0.0,0.0,0.0,0.0,6.043910980224609,0.0,0.0,0.0,0.0,23,0.0,0.0,0.041202063931793466,0.08013570616103236,0
892,1774286982.480887,23,0.0,0.0,0.0,0.0,0.0,6.043910980224609,0.0,0.0,0.0,0.0,23,0.0,0.0,0.010357112224612917,0.08013570616103236,0
893,1774286982.581467,24,0.0,0.0,0.0,0.0,0.0,6.043910980224609,0.0,0.0,0.0,0.0,24,0.0,0.0,0.006444425384203593,0.08013570616103236,0
894,1774286982.6815007,26,0.0,0.0,0.0,0.0,0.0,5.992770195007324,0.0,0.0,0.0,0.0,26,0.0,0.0,0.009666638076305389,0.08013570616103236,0
895,1774286982.7813866,27,0.0,0.0,0.0,0.0,0.0,5.992770195007324,0.0,0.007160472649115103,0.1933327615261078,0.036511389764385324,27,0.0,0.0,0.0098304793996326,0.08013570616103236,0
896,1774286982.88157,27,0.0,0.0,0.0,0.0,0.0,5.992770195007324,0.0,0.014320945298230206,0.3866655230522156,0.07302277952877065,27,0.0,0.0,0.003452370741537639,0.08013570616103237,0
897,1774286982.981211,27,0.0,0.0,0.0,0.0,0.0,5.992770195007324,0.0,0.007160472649115103,0.1933327615261078,0.036511389764385324,27,0.16027375271445826,0.08434141547617331,0.020350817002748187,0.08013570616103237,0
898,1774286983.0809371,26,0.0,0.0,0.0,0.0,0.0,5.992770195007324,0.0,0.0,0.0,0.0,26,0.07027387619018555,0.03699403363739772,0.02899991422891617,0.0730664840655,0
899,1774286983.1815104,24,0.0,0.0,0.0,0.0,0.0,6.043910980224609,0.0,0.024166595190763474,0.1933327615261078,0.06393880090992969,24,0.0,0.0,0.03544433961311976,0.07169084086085788,0
900,1774286983.2813923,25,0.0,0.0,0.0,0.0,0.0,5.992770195007324,0.0,0.023199931383132935,0.1933327615261078,0.06282571118049703,25,0.0,0.0,0.016666617372940326,0.07169084086085786,0
901,1774286983.381505,24,-0.05075335502624512,-1.2180805206298828,0.0,0.05924577006766185,1.2180805206298828,5.992770195007324,0.20325833979829325,0.024166595190763474,0.1933327615261078,0.06393880090992969,24,-0.05075335502624512,-0.02670298900369972,0.007295575906645577,0.07236253317122132,0
902,1774286983.4812782,24,0.0,0.0,0.0,0.0,0.0,6.043910980224609,0.0,0.03222212692101797,0.1933327615261078,0.07205086617502215,24,0.07027387619018555,0.03698499569857285,0.0,0.07236253317122132,0
903,1774286983.5810056,21,-0.06023475102015904,-1.2649297714233398,0.0,0.07256450460921099,1.2649297714233398,5.992770195007324,0.21107596825207375,0.036825287909734813,0.3866655230522156,0.11350316022706673,21,-0.32479522608909284,-0.1709433886174911,0.0035802363245575515,0.07195960767453442,0
904,1774286983.6810315,20,0.0,0.0,0.0,0.0,0.0,5.992770195007324,0.0,0.038666552305221556,0.3866655230522156,0.11599965691566468,20,0.0,0.0,0.006444425384203593,0.036281023674649075,0
905,1774286983.7812705,26,0.0,0.0,0.0,0.0,0.0,5.992770195007324,0.0,0.04461525265987103,0.3866655230522156,0.12353404079820127,26,0.14289021492004395,0.07518692762998685,0.005858568531094175,0.036281023674649075,0
906,1774286983.881384,26,-0.05045303931603065,-1.3117790222167969,0.0,0.06363772940562337,1.3117790222167969,5.992770195007324,0.21889359670585426,0.07435875443311837,0.5799982845783234,0.1784610106394841,26,0.004543907267592823,0.0023915195174346133,0.008285689779690334,0.02427050287210184,0
907,1774286983.9813266,24,-0.05270540714263916,-1.2649297714233398,0.0,0.06389077866764126,1.2649297714233398,5.992770195007324,0.21107596825207375,0.024166595190763474,0.1933327615261078,0.06393880090992969,24,-0.05270540714263916,-0.027740626444677237,0.005523793186460222,0.024089380766049245,0
908,1774286984.0807602,21,0.0,0.0,0.0,0.0,0.0,5.992770195007324,0.0,0.036825287909734813,0.3866655230522156,0.11350316022706673,21,0.05856156349182129,0.030831956329522913,0.005523793186460222,0.02408938076604925,0
909,1774286984.1808083,22,-0.0553672963922674,-1.2180805206298828,0.0,0.06437628770557294,1.2180805206298828,5.992770195007324,0.20325833979829325,0.02636355838992379,0.1933327615261078,0.06634683365617257,22,-0.016665741388976814,-0.008774174010979834,0.0,0.023812820606300876,0
910,1774286984.2808638,21,0.0,0.0,0.0,0.0,0.0,6.043910980224609,0.0,0.05523793186460223,0.5799982845783234,0.17025474034060006,21,0.0,0.0,0.0,0.023410627039437838,0
911,1774286984.3808727,25,0.0,0.0,0.0,0.0,0.0,6.043910980224609,0.0,0.04639986276626587,0.5799982845783234,0.15734959022627137,25,0.0,0.0,0.0,0.023410627039437838,0
912,1774286984.4813807,22,0.0,0.0,0.0,0.0,0.0,5.992770195007324,0.0,0.07909067516977136,0.5799982845783234,0.19904050096851772,22,0.0,0.0,0.0025108150847546465,0.023410627039437838,0
913,1774286984.580817,21,-0.09369850158691406,-1.0775327682495117,0.0,0.08424052160600175,1.0775327682495117,5.992770195007324,0.17980545443695173,0.10126954175177075,0.7733310461044312,0.250439033739975,21,-0.09369850158691406,-0.04933275255419385,0.007249978557229042,0.028962288866199927,0
914,1774286984.6813436,25,0.0,0.0,0.0,0.0,0.0,5.992770195007324,0.0,0.04639986276626587,0.3866655230522156,0.12565142236099405,25,0.0,0.0,0.009547296865486804,0.02896228886619993,0
915,1774286984.781394,23,0.0,0.0,0.0,0.0,0.0,6.043910980224609,0.0,0.02521731672079667,0.1933327615261078,0.06511083179712221,23,0.0,0.0,0.007249978557229042,0.02896228886619993,0
916,1774286984.8808904,21,0.0,0.0,0.0,0.0,0.0,5.992770195007324,0.0,0.018412643954867407,0.1933327615261078,0.056751580113533366,21,0.0,0.0,0.010043260339018586,0.02896228886619993,0
917,1774286984.9811525,24,0.0,0.0,0.0,0.0,0.0,5.992770195007324,0.0,0.06444425384203593,0.3866655230522156,0.1441017323500443,24,0.0,0.0,0.015466620922088623,0.028962288866199927,0
918,1774286985.0813797,23,0.0,0.0,0.0,0.0,0.0,5.992770195007324,0.0,0.033623088961062225,0.3866655230522156,0.10895126051807201,23,0.0,0.0,0.023835545941574932,0.028962288866199927,0
919,1774286985.1813505,23,0.0,0.0,0.0,0.0,0.0,5.992770195007324,0.0,0.05043463344159334,0.5799982845783234,0.163426890777108,23,0.0,0.0,0.02648393993508326,0.028962288866199927,0
920,1774286985.2813709,22,0.0,0.0,0.0,0.0,0.0,5.992770195007324,0.0,0.043939263983206314,0.5799982845783234,0.1294531553121419,22,0.05075335502624512,0.026714178059800857,0.030821164880973705,0.028962288866199927,0
921,1774286985.3808522,22,0.0,0.0,0.0,0.0,0.0,5.992770195007324,0.0,0.043939263983206314,0.3866655230522156,0.09981082117702071,22,0.0,0.0,0.035692202127896824,0.028209049847564456,0
922,1774286985.4813995,22,0.0,0.0,0.0,0.0,0.0,5.992770195007324,0.0,0.008787852796641264,0.1933327615261078,0.04027100063673795,22,0.06023475102015904,0.03169592842186537,0.04039789046814193,0.028209049847564456,0
923,1774286985.5810413,24,0.0,0.0,0.0,0.0,0.0,5.992770195007324,0.0,0.0,0.0,0.0,24,0.0,0.0,0.053703544868363276,0.026445663494802103,0
924,1774286985.681219,22,-0.09582801298661665,-1.0775327682495117,0.0,0.0918799637364478,1.0775327682495117,5.992770195007324,0.17980545443695173,0.02636355838992379,0.1933327615261078,0.06634683365617257,22,-0.09582801298661665,-0.05043716084752546,0.04833319038152695,0.03185459559134928,0
925,1774286985.7807944,20,0.0,0.0,0.0,0.0,0.0,6.043910980224609,0.0,0.02899991422891617,0.1933327615261078,0.06903360396656207,20,0.05045303931603065,0.026562472768275544,0.04629094290061736,0.03185459559134928,0
926,1774286985.88131,19,0.0,0.0,0.0,0.0,0.0,5.992770195007324,0.0,0.020350817002748187,0.1933327615261078,0.05933231748191226,19,0.05270540714263916,0.02773993024062417,0.028855636048672806,0.031126797131666946,0
927,1774286985.9808133,18,-0.05986293156941732,-1.0775327682495117,0.0,0.060920699793440586,1.0775327682495117,6.043910980224609,0.17828402366863905,0.0,0.0,0.0,18,-0.05986293156941732,-0.031505926836817494,0.039270717184990644,0.03159722436578588,0
928,1774286986.081023,20,0.0,0.0,0.0,0.0,0.0,5.992770195007324,0.0,0.038666552305221556,0.1933327615261078,0.07733310461044311,20,0.0553672963922674,0.029137390214659473,0.0426469326895826,0.03159722436578588,0
929,1774286986.1812007,19,-0.056712250960500615,-1.0775327682495117,0.0,0.057893029362122435,1.0775327682495117,5.992770195007324,0.17980545443695173,0.040701634005496375,0.3866655230522156,0.10073140493730813,19,-0.056712250960500615,-0.029843260186431794,0.05970570576541564,0.031683871929742966,0
930,1774286986.2813084,21,0.0,0.0,0.0,0.0,0.0,6.043910980224609,0.0,0.036825287909734813,0.3866655230522156,0.11350316022706673,21,0.0,0.0,0.07392134999527651,0.031683871929742966,0
931,1774286986.3814237,22,0.0,0.0,0.0,0.0,0.0,5.992770195007324,0.0,0.06151496957648884,0.5799982845783234,0.15842526929759843,22,0.0,0.0,0.07392134999527651,0.031683871929742966,0
932,1774286986.4808047,22,0.0,0.0,0.0,0.0,0.0,5.992770195007324,0.0,0.07030282237313011,0.5799982845783234,0.18009738989136673,22,0.09369850158691406,0.049315320149286135,0.05603848160177037,0.03168387192974296,0
933,1774286986.5808668,23,0.0,0.0,0.0,0.0,0.0,5.992770195007324,0.0,0.033623088961062225,0.1933327615261078,0.07327982347547411,23,0.0,0.0,0.030821164880973705,0.026198379897212114,0
934,1774286986.681259,21,0.0,0.0,0.0,0.0,0.0,5.992770195007324,0.0,0.09206321977433704,0.5799982845783234,0.1944256631750854,21,0.0,0.0,0.036960674997638256,0.026198379897212114,0
935,1774286986.780878,24,0.0,0.0,0.0,0.0,0.0,5.992770195007324,0.0,0.04833319038152695,0.3866655230522156,0.12787760181985938,24,0.0,0.0,0.03980380384361043,0.026198379897212114,0
936,1774286986.8812637,21,-0.05577291761125837,-1.1712312698364258,0.0,0.06221236677744429,1.1712312698364258,6.043910980224609,0.1937869822485207,0.05523793186460223,0.3866655230522156,0.1353047475148992,21,-0.05577291761125837,-0.029352449297430527,0.049714138678142006,0.027836626065590626,0
937,1774286986.980942,23,0.0,0.0,0.0,0.0,0.0,6.043910980224609,0.0,0.016811544480531113,0.1933327615261078,0.054475630259036005,23,0.0,0.0,0.0426469326895826,0.027836626065590623,0
938,1774286987.0810676,25,0.0,0.0,0.0,0.0,0.0,5.992770195007324,0.0,0.023199931383132935,0.1933327615261078,0.06282571118049703,25,0.0,0.0,0.046169017677876484,0.027836626065590623,0
939,1774286987.1812809,25,-0.08432865142822266,-1.0775327682495117,0.0,0.08182409374057897,1.0775327682495117,6.043910980224609,0.17828402366863905,0.030933241844177246,0.1933327615261078,0.0708769611206588,25,-0.08432865142822266,-0.044385603855034636,0.03222212692101797,0.03161630702414105,0
940,1774286987.2814865,26,0.0,0.0,0.0,0.0,0.0,6.043910980224609,0.0,0.022307626329935513,0.3866655230522156,0.08179462987643021,26,0.0,0.0,0.01705877307583304,0.03161630702414105,0
941,1774286987.3813741,27,0.0,0.0,0.0,0.0,0.0,5.992770195007324,0.0,0.02148141794734531,0.1933327615261078,0.0607586252002811,27,0.0,0.0,0.011372515383888693,0.03161630702414105,0
942,1774286987.481301,25,-0.07870674133300781,-1.0306835174560547,0.0,0.07141522619349416,1.0306835174560547,6.043910980224609,0.17053254437869822,0.0,0.0,0.0,25,-0.07870674133300781,-0.04141893866290803,0.017575705593282528,0.03398704226564636,0
943,1774286987.5813584,24,-0.08589029312133789,-1.0306835174560547,0.0,0.08114856697716277,1.0306835174560547,5.992770195007324,0.17198782598317122,0.016111063460508983,0.1933327615261078,0.05343435247211316,24,0.009937719865278763,0.005229995347642524,0.025355116265719055,0.03633660544504147,0
944,1774286987.6811635,22,-0.1426772637800737,-1.0775327682495117,0.0,0.12899292080762342,1.0775327682495117,5.992770195007324,0.17980545443695173,0.008787852796641264,0.1933327615261078,0.04027100063673795,22,-0.1426772637800737,-0.07507870903877742,0.016959014168956822,0.04186194311688366,0
945,1774286987.7813945,25,-0.04122734069824219,-1.0306835174560547,0.0,0.04079264690517448,1.0306835174560547,6.043910980224609,0.17053254437869822,0.015466620922088623,0.1933327615261078,0.05244986340875713,25,-0.04122734069824219,-0.021697635444590725,0.020350817002748187,0.041435573100707335,0
946,1774286987.8808596,23,-0.04481232684591542,-1.0306835174560547,0.0,0.04417918202159336,1.0306835174560547,5.992770195007324,0.17198782598317122,0.016811544480531113,0.1933327615261078,0.054475630259036005,23,0.0150506047235019,0.007921177678015647,0.027134422670330918,0.040947482575631425,0
947,1774286987.9808688,24,-0.0409930944442749,-0.9838342666625977,0.0,0.03864997721869656,0.9838342666625977,5.992770195007324,0.16417019752939072,0.024166595190763474,0.1933327615261078,0.06393880090992969,24,-0.0409930944442749,-0.021577063576711943,0.038666552305221556,0.040521295735039056,0
948,1774286988.0809126,24,0.0,0.0,0.0,0.0,0.0,5.992770195007324,0.0,0.03222212692101797,0.3866655230522156,0.10686870494422632,24,0.056712250960500615,0.02985308063480563,0.0467740552079293,0.040521295735039056,0
949,1774286988.1813245,21,-0.04684925079345703,-0.9838342666625977,0.0,0.043897045998164685,0.9838342666625977,5.992770195007324,0.16417019752939072,0.0,0.0,0.0,21,-0.04684925079345703,-0.024657291876457557,0.05651265336916997,0.04027138664605604,0
950,1774286988.2814338,22,0.0,0.0,0.0,0.0,0.0,5.992770195007324,0.0,0.0,0.0,0.0,22,0.0,0.0,0.05482570849247833,0.04027138664605604,0
951,1774286988.3813493,23,0.0,0.0,0.0,0.0,0.0,5.992770195007324,0.0,0.0,0.0,0.0,23,0.0,0.0,0.06444425384203593,0.040271386646056034,0
952,1774286988.4813464,23,0.0,0.0,0.0,0.0,0.0,5.992770195007324,0.0,0.0,0.0,0.0,23,0.0,0.0,0.056862576919443464,0.04027138664605604,0
953,1774286988.5809875,21,0.0,0.0,0.0,0.0,0.0,5.992770195007324,0.0,0.0,0.0,0.0,21,0.0,0.0,0.06444425384203593,0.04027138664605604,0
954,1774286988.6814322,20,-0.051534175872802734,-1.0306835174560547,0.0,0.050459654374890306,1.0306835174560547,5.992770195007324,0.17198782598317122,0.0,0.0,0.0,20,-0.051534175872802734,-0.027115341625706172,0.03980380384361043,0.03984788142508417,0
955,1774286988.780754,20,0.0,0.0,0.0,0.0,0.0,5.992770195007324,0.0,0.0,0.0,0.0,20,0.05577291761125837,0.02936204304592062,0.030821164880973705,0.03984788142508417,0
956,1774286988.8816547,23,0.0,0.0,0.0,0.0,0.0,5.992770195007324,0.0,0.0,0.0,0.0,23,0.0,0.0,0.023835545941574932,0.040151762984965554,0
957,1774286988.980733,18,-0.11712312698364258,-1.0775327682495117,0.0,0.10980358311485361,1.0775327682495117,5.992770195007324,0.17980545443695173,0.0,0.0,0.0,18,-0.11712312698364258,-0.06165461018347157,0.025438521253435237,0.04361679484893075,0
958,1774286989.0812023,18,-0.05205472310384115,-0.9369850158691406,0.0,0.04606480135609874,0.9369850158691406,5.992770195007324,0.15635256907561018,0.0,0.0,0.0,18,0.03227392832438151,0.01698698063592964,0.024786251477706127,0.04289589031102749,0
959,1774286989.1813161,22,0.0,0.0,0.0,0.0,0.0,5.992770195007324,0.0,0.0,0.0,0.0,22,0.0,0.0,0.014871750886623677,0.042405279014609165,0
960,1774286989.2808063,22,-0.0851804559881037,-0.9838342666625977,0.0,0.07275663285067706,0.9838342666625977,5.992770195007324,0.16417019752939072,0.0,0.0,0.0,22,-0.0851804559881037,-0.04484522099884662,0.012719260626717618,0.04294096636408724,0
961,1774286989.3809502,22,0.0,0.0,0.0,0.0,0.0,5.992770195007324,0.0,0.0,0.0,0.0,22,0.07870674133300781,0.0414322516418151,0.008168989923638357,0.04294096636408724,0
962,1774286989.4812708,24,0.0,0.0,0.0,0.0,0.0,5.992770195007324,0.0,0.0,0.0,0.0,24,0.08589029312133789,0.04520750275135183,0.013614983206063929,0.04276017290320645,0
963,1774286989.5814388,19,-0.05178075087697882,-0.9838342666625977,0.0,0.04826243090490738,0.9838342666625977,5.992770195007324,0.16417019752939072,0.0,0.0,0.0,19,0.09089651290309488,0.047833340901671656,0.013809482966150557,0.041370702624507934,0
964,1774286989.6816888,22,-0.09369850158691406,-1.0775327682495117,0.0,0.08799362402359376,1.0775327682495117,5.992770195007324,0.17980545443695173,0.0,0.0,0.0,22,-0.052471160888671875,-0.02761212343853743,0.018796240703927145,0.03594138960133066,0
965,1774286989.7815397,23,-0.17924930738366168,-1.0775327682495117,0.0,0.15280984915996268,1.0775327682495117,5.992770195007324,0.17980545443695173,0.0,0.0,0.0,23,-0.13443698053774628,-0.07073098887201772,0.02450696977091507,0.048313513614238385,0
966,1774286989.8810282,24,-0.08393824100494385,-1.0306835174560547,0.0,0.07754763742262583,1.0306835174560547,5.992770195007324,0.17198782598317122,0.0,0.0,0.0,24,-0.042945146560668945,-0.022600813114833085,0.01961346856061963,0.04932467321568966,0
967,1774286989.9813514,24,-0.1268833875656128,-1.0306835174560547,0.0,0.11275672640032042,1.0306835174560547,5.992770195007324,0.17198782598317122,0.0,0.0,0.0,24,-0.1268833875656128,-0.06676531153235384,0.011542254419469121,0.052828363489109076,0
968,1774286990.0812736,22,-0.1405477523803711,-1.0775327682495117,0.0,0.12530611312203374,1.0775327682495117,5.992770195007324,0.17980545443695173,0.0,0.0,0.0,22,-0.09369850158691406,-0.04931632267381306,0.0,0.055721613241764945,0
969,1774286990.1813202,22,-0.1405477523803711,-1.0775327682495117,0.0,0.12530611312203374,1.0775327682495117,5.992770195007324,0.17980545443695173,0.0,0.0,0.0,22,-0.1405477523803711,-0.07397692547380057,0.0,0.05898208965702684,0
970,1774286990.2812653,22,-0.1405477523803711,-1.0775327682495117,0.0,0.12530611312203374,1.0775327682495117,5.992770195007324,0.17980545443695173,0.0,0.0,0.0,22,-0.1405477523803711,-0.07397577434565322,0.0,0.06023566361503652,0
971,1774286990.3810377,25,-0.20801067352294922,-1.0775327682495117,0.0,0.1733195846554736,1.0775327682495117,5.992770195007324,0.17980545443695173,0.0,0.0,0.0,25,-0.20801067352294922,-0.10949708975395346,0.0,0.06610528959831895,0
972,1774286990.4812608,24,-0.17178058624267578,-1.0775327682495117,0.0,0.14772575340771255,1.0775327682495117,5.992770195007324,0.17980545443695173,0.0,0.0,0.0,24,-0.17178058624267578,-0.09039783075317892,0.0,0.06714191832323232,0
973,1774286990.5810037,24,-0.09369850158691406,-1.1712312698364258,0.0,0.096756405554288,1.1712312698364258,5.992770195007324,0.19544071134451274,0.0,0.0,0.0,24,-0.04216432571411133,-0.02219675727780023,0.0,0.06446226399539526,0
974,1774286990.6809905,25,-0.12368202209472656,-1.0775327682495117,0.0,0.11235536717322248,1.0775327682495117,5.992770195007324,0.17980545443695173,0.0,0.0,0.0,25,-0.12368202209472656,-0.06508770391192457,0.0,0.06440491275275809,0
975,1774286990.7807868,24,-0.042945146560668945,-1.0306835174560547,0.0,0.04241856910169872,1.0306835174560547,5.992770195007324,0.17198782598317122,0.0,0.0,0.0,24,-0.042945146560668945,-0.02261303914601112,0.0,0.06202593704898216,0
976,1774286990.8812654,24,-0.042945146560668945,-1.0306835174560547,0.0,0.04241856910169872,1.0306835174560547,5.992770195007324,0.17198782598317122,0.0,0.0,0.0,24,0.07417798042297363,0.03903010395524707,0.0,0.05947452831971541,0
977,1774286990.9811943,25,-0.04122734069824219,-1.0306835174560547,0.0,0.04079264690517448,1.0306835174560547,5.992770195007324,0.17198782598317122,0.0,0.0,0.0,25,0.01082738240559896,0.005698646345621731,0.0,0.06033969225342064,0
978,1774286991.0808525,23,-0.04481232684591542,-1.0306835174560547,0.0,0.04417918202159335,1.0306835174560547,5.992770195007324,0.17198782598317122,0.0,0.0,0.0,23,-0.04481232684591542,-0.023591191790064435,0.0,0.060593145125336104,0
979,1774286991.1808202,25,-0.04122734069824219,-1.0306835174560547,0.0,0.04079264690517448,1.0306835174560547,5.992770195007324,0.17198782598317122,0.0,0.0,0.0,25,0.04395311528986151,0.023133049049209646,0.0,0.05812790263831031,0
980,1774286991.281319,24,0.0,0.0,0.0,0.0,0.0,5.992770195007324,0.0,0.0,0.0,0.0,24,0.0,0.0,0.0,0.06153859530204265,0
981,1774286991.3811927,24,0.0,0.0,0.0,0.0,0.0,5.992770195007324,0.0,0.0,0.0,0.0,24,0.0,0.0,0.0,0.061538595302042656,0
982,1774286991.4812315,25,-0.04122734069824219,-1.0306835174560547,0.0,0.04079264690517448,1.0306835174560547,5.992770195007324,0.17198782598317122,0.0,0.0,0.0,25,0.010553410178736636,0.005555032577344624,0.0,0.05918938157297682,0
983,1774286991.5809908,25,0.0,0.0,0.0,0.0,0.0,5.992770195007324,0.0,0.0,0.0,0.0,25,0.09369850158691406,0.049333124117370154,0.0,0.06189434222836221,0
984,1774286991.6808114,25,0.0,0.0,0.0,0.0,0.0,5.992770195007324,0.0,0.0,0.0,0.0,25,0.17924930738366168,0.09437791595190305,0.0,0.06475428546731869,0
985,1774286991.7813253,24,-0.12883543968200684,-1.0775327682495117,0.0,0.11637289798471784,1.0775327682495117,5.992770195007324,0.17980545443695173,0.0,0.0,0.0,24,-0.04489719867706299,-0.02362640933531265,0.0,0.061882436376244784,0
986,1774286991.8813632,25,-0.0805807113647461,-1.0306835174560547,0.0,0.07471628405255615,1.0306835174560547,5.992770195007324,0.17198782598317122,0.0,0.0,0.0,25,0.0463026762008667,0.024369678514616286,0.0,0.06187782282960305,0
987,1774286991.9808025,24,-0.1268833875656128,-1.0306835174560547,0.0,0.11275672640032042,1.0306835174560547,5.992770195007324,0.17198782598317122,0.0,0.0,0.0,24,0.0136643648147583,0.007193554274135387,0.0,0.061877822829603045,0
988,1774286992.0808103,19,-0.10602725179571855,-1.0306835174560547,0.0,0.09561287331954817,1.0306835174560547,5.992770195007324,0.17198782598317122,0.0,0.0,0.0,19,0.034520500584652544,0.018173561555831535,0.0,0.060647298051785654,0
989,1774286992.1810293,21,-0.0959294182913644,-1.0306835174560547,0.0,0.08747556467842887,1.0306835174560547,5.992770195007324,0.17198782598317122,0.0,0.0,0.0,21,0.0446183340890067,0.023486250216844428,0.0,0.0591347743301575,0
990,1774286992.281178,21,-0.2498626708984375,-1.1243820190429688,0.0,0.2003238210233706,1.1243820190429688,5.992770195007324,0.18762308289073223,0.0,0.0,0.0,21,-0.04185199737548828,-0.02202574078084601,0.0,0.06902517824824622,0
991,1774286992.3810163,21,-0.0959294182913644,-1.0306835174560547,0.0,0.08747556467842886,1.0306835174560547,5.992770195007324,0.17198782598317122,0.0,0.0,0.0,21,0.07585116795131139,0.03992680575657406,0.0,0.06283832186112284,0
992,1774286992.481127,20,-0.04919171333312988,-0.9838342666625977,0.0,0.04597666855232774,0.9838342666625977,5.992770195007324,0.16417019752939072,0.0,0.0,0.0,20,0.04450678825378418,0.023423104648295827,0.0,0.05910141725581054,0
993,1774286992.5814888,20,-0.10072588920593262,-1.0306835174560547,0.0,0.09136621411443002,1.0306835174560547,5.992770195007324,0.17198782598317122,0.0,0.0,0.0,20,0.022956132888793945,0.012079006752752511,0.0,0.05926045274136753,0
994,1774286992.6807082,19,-0.05424650091873972,-1.0306835174560547,0.0,0.052968291514682915,1.0306835174560547,5.992770195007324,0.17198782598317122,0.0,0.0,0.0,19,-0.011301354358070774,-0.005948327260034785,0.0,0.0580710438078295,0
995,1774286992.7811272,22,-0.04897876219315962,-1.0775327682495117,0.0,0.050377302065455744,1.0775327682495117,5.992770195007324,0.17980545443695173,0.0,0.0,0.0,22,-0.006033615632490677,-0.003175818152932069,0.0,0.05796018652259019,0
996,1774286992.8812206,21,0.0,0.0,0.0,0.0,0.0,5.992770195007324,0.0,0.0,0.0,0.0,21,0.04122734069824219,0.021698299772827886,0.0,0.05959986521451651,0
997,1774286992.9809692,26,0.0,0.0,0.0,0.0,0.0,5.992770195007324,0.0,0.007435875443311838,0.1933327615261078,0.037179377216559194,26,0.04481232684591542,0.023583986851537266,0.0,0.061090586229160554,0
998,1774286993.0807617,25,0.0,0.0,0.0,0.0,0.0,5.992770195007324,0.0,0.0,0.0,0.0,25,0.04122734069824219,0.02169926911159488,0.0,0.06252958257294251,0
999,1774286993.1812258,23,-0.04481232684591542,-1.0306835174560547,0.0,0.04417918202159336,1.0306835174560547,5.992770195007324,0.17198782598317122,0.0,0.0,0.0,23,-0.04481232684591542,-0.02358659125148287,0.0,0.06247781246131481,0
1000,1774286993.2815833,24,0.0,0.0,0.0,0.0,0.0,5.992770195007324,0.0,0.0,0.0,0.0,24,0.0,0.0,0.0,0.062477812461314806,0
1001,1774286993.381492,22,0.04897876219315962,0.0,1.0775327682495117,0.050377302065455744,1.0775327682495117,5.992770195007324,0.17980545443695173,0.0,0.0,0.0,22,0.09020610289140181,0.04747038910624335,0.0,0.06570378504546069,0
1002,1774286993.4812398,23,-0.04888617474099864,-1.1243820190429688,0.0,0.05257687777776401,1.1243820190429688,5.992770195007324,0.18762308289073223,0.0,0.0,0.0,23,-0.04888617474099864,-0.025726194108629544,0.0,0.06562302903204627,0
1003,1774286993.5812936,25,-0.04497528076171875,-1.1243820190429688,0.0,0.04854662111029029,1.1243820190429688,5.992770195007324,0.18762308289073223,0.0,0.0,0.0,25,-0.04497528076171875,-0.023665194700923323,0.0,0.0643170266737169,0
1004,1774286993.6811216,24,0.0,0.0,0.0,0.0,0.0,5.992770195007324,0.0,0.0,0.0,0.0,24,0.12883543968200684,0.06781539854747354,0.0,0.06431702667371691,0
1005,1774286993.7812507,23,0.0,0.0,0.0,0.0,0.0,6.043910980224609,0.0,0.0,0.0,0.0,23,0.0805807113647461,0.04241341065914592,0.0,0.06368349136574357,0
1006,1774286993.8812754,23,0.0,0.0,0.0,0.0,0.0,5.992770195007324,0.0,0.0,0.0,0.0,23,0.1268833875656128,0.06676411378467954,0.0,0.0644755763297564,0
1007,1774286993.9813292,26,-0.04504735653217022,-1.1712312698364258,0.0,0.050731608263411464,1.1712312698364258,5.992770195007324,0.19544071134451274,0.0,0.0,0.0,26,0.06097989526354833,0.03208591898233121,0.0,0.062073981372824834,0
1008,1774286994.0808377,24,-0.18934905529022217,-1.1712312698364258,0.0,0.17951681718919588,1.1712312698364258,5.992770195007324,0.19544071134451274,0.0,0.0,0.0,24,-0.09341963699885777,-0.049173188550494386,0.0,0.06838562440162624,0
1009,1774286994.180832,24,-0.048801302909851074,-1.1712312698364258,0.0,0.054776044811077895,1.1712312698364258,5.992770195007324,0.19544071134451274,0.0,0.0,0.0,24,0.20106136798858643,0.10584105176307519,0.0,0.06760254436047633,0
1010,1774286994.2813315,22,-0.05323778499256481,-1.1712312698364258,0.0,0.05951949676920574,1.1712312698364258,5.992770195007324,0.19544071134451274,0.0,0.0,0.0,22,0.04269163329879958,0.022465552764781165,0.0,0.04948761011407061,0
1011,1774286994.3812094,20,0.0,0.0,0.0,0.0,0.0,5.992770195007324,0.0,0.0,0.0,0.0,20,0.04919171333312988,0.025889253346781233,0.0,0.04834995891440524,0
1012,1774286994.4811375,21,-0.05577291761125837,-1.1712312698364258,0.0,0.062212366777444274,1.1712312698364258,6.043910980224609,0.1937869822485207,0.0,0.0,0.0,21,0.04495297159467425,0.02366383447118876,0.0,0.04847471243604321,0
1013,1774286994.5808325,22,0.0,0.0,0.0,0.0,0.0,5.992770195007324,0.0,0.0,0.0,0.0,22,0.05424650091873972,0.028548922084695255,0.0,0.046503384964672975,0
1014,1774286994.6810613,21,-0.11154583522251674,-1.1712312698364258,0.0,0.11820349687714413,1.1712312698364258,5.992770195007324,0.19544071134451274,0.0,0.0,0.0,21,-0.06256707302935711,-0.03293118143584977,0.0028019240800885186,0.04961561123717492,0
1015,1774286994.7814093,22,0.0,0.0,0.0,0.0,0.0,6.043910980224609,0.0,0.0,0.0,0.0,22,0.0,0.0,0.0026851772434181636,0.049930874947416416,0
1016,1774286994.8810563,23,-0.05092309868854025,-1.1712312698364258,0.0,0.05704956356094181,1.1712312698364258,6.043910980224609,0.1937869822485207,0.0,0.0,0.0,23,-0.05092309868854025,-0.026800402045856223,0.002612604885487943,0.049650438947317146,0
1017,1774286994.9809794,19,0.0,0.0,0.0,0.0,0.0,6.043910980224609,0.0,0.0,0.0,0.0,19,0.0,0.0,0.0,0.04965043894731715,0
1018,1774286995.0808039,19,0.0,0.0,0.0,0.0,0.0,6.043910980224609,0.0,0.0,0.0,0.0,19,0.04481232684591542,0.023590673621726215,0.0,0.04965043894731715,0
1019,1774286995.1813161,22,0.0,0.0,0.0,0.0,0.0,6.043910980224609,0.0,0.0,0.0,0.0,22,0.0,0.0,0.0,0.05004115926704238,0
1020,1774286995.2812626,21,0.0,0.0,0.0,0.0,0.0,6.043910980224609,0.0,0.0,0.0,0.0,21,-0.04897876219315962,-0.025781406801951425,0.0,0.05004115926704238,0
1021,1774286995.3807876,21,0.0,0.0,0.0,0.0,0.0,6.043910980224609,0.0,0.0,0.0,0.0,21,0.04888617474099864,0.025735690539955797,0.0,0.04723712333971611,0
1022,1774286995.4811692,19,-0.05424650091873972,-1.0306835174560547,0.0,0.052968291514682915,1.0306835174560547,6.043910980224609,0.17053254437869822,0.0,0.0,0.0,19,-0.00927122015702097,-0.004879908956977649,0.0,0.04734483424841807,0
1023,1774286995.5808444,21,-0.04908016749790737,-1.0306835174560547,0.0,0.04817725683245284,1.0306835174560547,6.043910980224609,0.17053254437869822,0.0,0.0,0.0,21,-0.04908016749790737,-0.025835436160341424,0.0,0.04740648313770967,0
1024,1774286995.6811447,22,-0.04684925079345703,-1.0306835174560547,0.0,0.04609189829807292,1.0306835174560547,6.043910980224609,0.17053254437869822,0.0,0.0,0.0,22,-0.04684925079345703,-0.024658876135014187,0.0,0.046877448213719336,0
1025,1774286995.7807965,17,0.0,0.0,0.0,0.0,0.0,6.043910980224609,0.0,0.0,0.0,0.0,17,0.0,0.0,0.0,0.046877448213719336,0
1026,1774286995.880658,17,-0.060628442203297335,-1.0306835174560547,0.0,0.058812928063977046,1.0306835174560547,6.043910980224609,0.17053254437869822,0.0,0.0,0.0,17,-0.015581085671127114,-0.008203469783917821,0.0,0.04645885547849047,0
1027,1774286995.9806151,16,-0.06441771984100342,-1.0306835174560547,0.0,0.06224463944271008,1.0306835174560547,5.992770195007324,0.17198782598317122,0.0,0.0,0.0,16,0.12493133544921875,0.0657610384420959,0.0,0.04679068118205633,0
1028,1774286996.08118,16,-0.06441771984100342,-1.0306835174560547,0.0,0.06224463944271008,1.0306835174560547,6.043910980224609,0.17053254437869822,0.0,0.0,0.0,16,-0.015616416931152344,-0.00821766086980741,0.0,0.03248753966451545,0
1029,1774286996.1812017,17,-0.060628442203297335,-1.0306835174560547,0.0,0.058812928063977046,1.0306835174560547,5.992770195007324,0.17198782598317122,0.0,0.0,0.0,17,-0.007390657210732524,-0.0038900854263967566,0.0,0.03287518364518965,0
1030,1774286996.2811832,19,0.0,0.0,0.0,0.0,0.0,5.992770195007324,0.0,0.0,0.0,0.0,19,0.0,0.0,0.0,0.033328528376686026,0
1031,1774286996.381462,21,0.0,0.0,0.0,0.0,0.0,6.043910980224609,0.0,0.0,0.0,0.0,21,0.05577291761125837,0.029349153354443335,0.0,0.033328528376686026,0
1032,1774286996.4811165,20,0.0,0.0,0.0,0.0,0.0,5.992770195007324,0.0,0.0,0.0,0.0,20,0.0,0.0,0.0,0.03346586176636867,0
1033,1774286996.581033,24,0.0,0.0,0.0,0.0,0.0,6.043910980224609,0.0,0.0,0.0,0.0,24,0.11154583522251674,0.05870920805795801,0.0,0.03346586176636867,0
1034,1774286996.6808848,24,-0.042945146560668945,-1.0306835174560547,0.0,0.04241856910169872,1.0306835174560547,5.992770195007324,0.17198782598317122,0.0,0.0,0.0,24,-0.042945146560668945,-0.022608949089604615,0.0,0.027772471440186783,0
1035,1774286996.7809954,22,0.0,0.0,0.0,0.0,0.0,5.992770195007324,0.0,0.0,0.0,0.0,22,0.05092309868854025,0.026802490540343994,0.0,0.027772471440186783,0
1036,1774286996.8807127,23,-0.04684925079345703,-1.0775327682495117,0.0,0.048286750597981154,1.0775327682495117,5.992770195007324,0.17980545443695173,0.0,0.0,0.0,23,-0.04684925079345703,-0.02466096197329864,0.0,0.02759381053363879,0
1037,1774286996.9811194,24,0.0,0.0,0.0,0.0,0.0,5.992770195007324,0.0,0.0,0.0,0.0,24,0.0,0.0,0.0,0.02759381053363879,0
1038,1774286997.0810242,24,-0.042945146560668945,-1.0306835174560547,0.0,0.04241856910169872,1.0306835174560547,5.992770195007324,0.17198782598317122,0.0,0.0,0.0,24,-0.042945146560668945,-0.022606182541488384,0.0,0.027272566559744738,0
1039,1774286997.1813965,24,0.0,0.0,0.0,0.0,0.0,5.992770195007324,0.0,0.0,0.0,0.0,24,0.0,0.0,0.0,0.027272566559744738,0
1040,1774286997.2812145,23,0.0,0.0,0.0,0.0,0.0,5.992770195007324,0.0,0.0,0.0,0.0,23,0.0,0.0,0.0,0.027272566559744738,0
1041,1774286997.3811233,24,0.0,0.0,0.0,0.0,0.0,5.992770195007324,0.0,0.0,0.0,0.0,24,0.05424650091873972,0.028551479992680835,0.0,0.027272566559744738,0
1042,1774286997.4811125,25,0.0,0.0,0.0,0.0,0.0,5.992770195007324,0.0,0.0,0.0,0.0,25,0.04908016749790737,0.025828022935284366,0.0,0.027090054883636014,0
1043,1774286997.5809557,24,0.0,0.0,0.0,0.0,0.0,5.992770195007324,0.0,0.0,0.0,0.0,24,0.04684925079345703,0.02465995305196724,0.0,0.026923859214969998,0
1044,1774286997.681376,26,0.0,0.0,0.0,0.0,0.0,5.992770195007324,0.0,0.0,0.0,0.0,26,0.0,0.0,0.0,0.02665174744291596,0
1045,1774286997.7808616,23,0.0,0.0,0.0,0.0,0.0,5.992770195007324,0.0,0.0,0.0,0.0,23,0.060628442203297335,0.0319062856519345,0.0,0.02665174744291596,0
1046,1774286997.8808188,23,0.0,0.0,0.0,0.0,0.0,5.992770195007324,0.0,0.0,0.0,0.0,23,0.06441771984100342,0.03390042850518041,0.0,0.025167205257341826,0
1047,1774286997.9813597,22,0.0,0.0,0.0,0.0,0.0,5.992770195007324,0.0,0.0,0.0,0.0,22,0.06441771984100342,0.03390085811282431,0.0,0.022788374941857977,0
1048,1774286998.080871,24,0.0,0.0,0.0,0.0,0.0,6.043910980224609,0.0,0.0,0.0,0.0,24,0.060628442203297335,0.03191525953015821,0.0,0.01960825416422015,0
1049,1774286998.1809423,22,0.0,0.0,0.0,0.0,0.0,5.992770195007324,0.0,0.0,0.0,0.0,22,0.0,0.0,0.0,0.015815236640985674,0
1050,1774286998.281361,24,0.0,0.0,0.0,0.0,0.0,5.992770195007324,0.0,0.0,0.0,0.0,24,0.0,0.0,0.0,0.015815236640985674,0
1051,1774286998.3813381,23,-0.04888617474099864,-1.1243820190429688,0.0,0.05257687777776401,1.1243820190429688,5.992770195007324,0.18762308289073223,0.0,0.0,0.0,23,-0.04888617474099864,-0.025726565309709088,0.0,0.018198745180765467,0
1052,1774286998.4806683,22,-0.05110827359286221,-1.1243820190429688,0.0,0.05485316822250002,1.1243820190429688,6.043910980224609,0.18603550295857987,0.0,0.0,0.0,22,-0.05110827359286221,-0.02690425535410655,0.0,0.02022014055242118,0
1053,1774286998.5807564,23,-0.04684925079345703,-1.0775327682495117,0.0,0.048286750597981154,1.0775327682495117,5.992770195007324,0.17980545443695173,0.0,0.0,0.0,23,-0.003904104232788086,-0.0020549305847585766,0.0,0.02141477299319817,0
1054,1774286998.6812036,21,0.0,0.0,0.0,0.0,0.0,6.043910980224609,0.0,0.0,0.0,0.0,21,0.0,0.0,0.0,0.020537799891987042,0
1055,1774286998.7807243,23,0.0,0.0,0.0,0.0,0.0,5.992770195007324,0.0,0.0,0.0,0.0,23,0.04684925079345703,0.024657350663665454,0.0,0.020537799891987042,0
1056,1774286998.8805737,18,0.0,0.0,0.0,0.0,0.0,5.992770195007324,0.0,0.0,0.0,0.0,18,0.0,0.0,0.0,0.019026378170972212,0
1057,1774286998.981067,18,0.0,0.0,0.0,0.0,0.0,5.992770195007324,0.0,0.0,0.0,0.0,18,0.042945146560668945,0.022602199901447507,0.0,0.019026378170972212,0
1058,1774286999.0812316,22,-0.05323778499256481,-1.1712312698364258,0.0,0.05951949676920574,1.1712312698364258,5.992770195007324,0.19544071134451274,0.0,0.0,0.0,22,-0.05323778499256481,-0.028022318737267602,0.0,0.02003671348661297,0
1059,1774286999.181098,20,-0.051534175872802734,-1.0306835174560547,0.0,0.050459654374890306,1.0306835174560547,5.992770195007324,0.17198782598317122,0.0,0.0,0.0,20,-0.051534175872802734,-0.027124913520906638,0.0,0.021818887490525653,0
1060,1774286999.2807887,20,-0.051534175872802734,-1.0306835174560547,0.0,0.050459654374890306,1.0306835174560547,5.992770195007324,0.17198782598317122,0.0,0.0,0.0,20,-0.051534175872802734,-0.02712802848072749,0.0,0.023181435652033518,0
1061,1774286999.3812106,19,-0.05424650091873972,-1.0306835174560547,0.0,0.052968291514682915,1.0306835174560547,5.992770195007324,0.17198782598317122,0.0,0.0,0.0,19,-0.05424650091873972,-0.028549316130288986,0.0,0.024391234195545126,0
1062,1774286999.4808233,17,-0.060628442203297335,-1.0306835174560547,0.0,0.058812928063977046,1.0306835174560547,5.992770195007324,0.17198782598317122,0.0,0.0,0.0,17,-0.060628442203297335,-0.031911931278338815,0.0,0.025713639766277697,0
1063,1774286999.5810635,18,-0.05726019541422526,-1.0306835174560547,0.0,0.05573840964087948,1.0306835174560547,5.992770195007324,0.17198782598317122,0.0,0.0,0.0,18,-0.05726019541422526,-0.030141902050657556,0.0,0.026405492636237694,0
1064,1774286999.6811492,20,-0.051534175872802734,-1.0306835174560547,0.0,0.050459654374890306,1.0306835174560547,5.992770195007324,0.17198782598317122,0.0,0.0,0.0,20,-0.051534175872802734,-0.0271191450750679,0.0,0.026475121907123055,0
1065,1774286999.7809315,19,0.0,0.0,0.0,0.0,0.0,5.992770195007324,0.0,0.010175408501374094,0.1933327615261078,0.04317060211598919,19,0.0,0.0,0.0,0.026475121907123055,0
1066,1774286999.8813744,17,-0.060628442203297335,-1.0306835174560547,0.0,0.058812928063977046,1.0306835174560547,5.992770195007324,0.17198782598317122,0.0,0.0,0.0,17,-0.060628442203297335,-0.031909460570458334,0.0,0.026755033884615132,0
1067,1774286999.9812353,23,-0.04481232684591542,-1.0306835174560547,0.0,0.04417918202159336,1.0306835174560547,5.992770195007324,0.17198782598317122,0.0,0.0,0.0,23,-0.04481232684591542,-0.023580915582640485,0.0,0.026069028383236322,0
1068,1774287000.081229,23,-0.09166157763937245,-1.0775327682495117,0.0,0.08826708474148917,1.0775327682495117,5.992770195007324,0.17980545443695173,0.0,0.0,0.0,23,-0.09166157763937245,-0.0482356577401743,0.0,0.02808758019406043,0
1069,1774287000.181341,21,-0.04908016749790737,-1.0306835174560547,0.0,0.04817725683245284,1.0306835174560547,6.043910980224609,0.17053254437869822,0.0,0.0,0.0,21,-0.04908016749790737,-0.025831941333492137,0.0,0.026938489276561478,0
1070,1774287000.2807648,22,-0.09582801298661665,-1.0775327682495117,0.0,0.0918799637364478,1.0775327682495117,5.992770195007324,0.17980545443695173,0.0,0.0,0.0,22,-0.04694183824561801,-0.024713687702781116,0.0,0.028133592381100594,0
1071,1774287000.3806863,21,-0.10039125170026507,-1.0775327682495117,0.0,0.09579709085857982,1.0775327682495117,6.043910980224609,0.17828402366863905,0.0,0.0,0.0,21,-0.049282978107402856,-0.025938164117489084,0.0,0.03074977492168382,0
1072,1774287000.480775,22,-0.09582801298661665,-1.0775327682495117,0.0,0.0918799637364478,1.0775327682495117,5.992770195007324,0.17980545443695173,0.0,0.0,0.0,22,-0.04897876219315962,-0.02577804228924484,0.0,0.032608449676596915,0
1073,1774287000.5809894,22,0.0,0.0,0.0,0.0,0.0,5.992770195007324,0.0,0.0,0.0,0.0,22,0.0,0.0,0.0,0.034265750314462336,0
1074,1774287000.6810348,22,0.0,0.0,0.0,0.0,0.0,6.043910980224609,0.0,0.0,0.0,0.0,22,0.0,0.0,0.0,0.034265750314462336,0
1075,1774287000.7807367,22,-0.2512823451649059,-1.1712312698364258,0.0,0.21520436104224208,1.1712312698364258,5.992770195007324,0.19544071134451274,0.0,0.0,0.0,22,-0.2512823451649059,-0.13224252536581824,0.0,0.05495253968366743,0
1076,1774287000.8812058,22,0.0,0.0,0.0,0.0,0.0,5.992770195007324,0.0,0.0,0.0,0.0,22,0.0,0.0,0.0,0.05495253968366742,0
1077,1774287000.9807336,22,0.0,0.0,0.0,0.0,0.0,6.043910980224609,0.0,0.0,0.0,0.0,22,0.05323778499256481,0.028027232348660166,0.0,0.05495253968366743,0
1078,1774287001.0809186,22,-0.2512823451649059,-1.1712312698364258,0.0,0.21520436104224203,1.1712312698364258,5.992770195007324,0.19544071134451274,0.0,0.0,0.0,22,-0.19974816929210315,-0.10514054476945511,0.0,0.06913104935591972,0
1079,1774287001.1809301,22,-0.05323778499256481,-1.1712312698364258,0.0,0.05951949676920574,1.1712312698364258,5.992770195007324,0.19544071134451274,0.0,0.0,0.0,22,-0.001703609119762077,-0.0008965696185567388,0.0,0.06911129105684809,0
1080,1774287001.2810967,22,-0.05323778499256481,-1.1712312698364258,0.0,0.05951949676920574,1.1712312698364258,5.992770195007324,0.19544071134451274,0.0,0.0,0.0,22,0.001008715926174908,0.0005309349384490721,0.0,0.0690914220914432,0
1081,1774287001.380721,20,-0.05856156349182129,-1.1712312698364258,0.0,0.0651596776535257,1.1712312698364258,5.992770195007324,0.19544071134451274,0.0,0.0,0.0,20,0.002066878711476046,0.0010878894098758569,0.0,0.06905315564321356,0
1082,1774287001.4813175,18,-0.182191530863444,-1.1712312698364258,0.0,0.16653780537328408,1.1712312698364258,5.992770195007324,0.19544071134451274,0.0,0.0,0.0,18,-0.12493133544921875,-0.06574454505339423,0.0033918028337913647,0.07328977253466762,0
1083,1774287001.5808425,19,-0.05424650091873972,-1.0306835174560547,0.0,0.052968291514682915,1.0306835174560547,5.992770195007324,0.17198782598317122,0.0,0.0,0.0,19,-0.002712325045936985,-0.0014277700070788719,0.003452370741537639,0.07332885141620982,0
1084,1774287001.680636,20,-0.16162991523742676,-1.1243820190429688,0.0,0.14825678572805145,1.1243820190429688,5.992770195007324,0.18762308289073223,0.0,0.0,0.0,20,-0.16162991523742676,-0.08508161082578705,0.0032768264665441996,0.07548465737699193,0
1085,1774287001.781026,22,-0.1937855373729359,-1.1243820190429688,0.0,0.16926211176461742,1.1243820190429688,5.992770195007324,0.18762308289073223,0.0,0.0,0.0,22,-0.13315709516963858,-0.07009553765450423,0.0,0.07699110626944827,0
1086,1774287001.880639,21,-0.04908016749790737,-1.0306835174560547,0.0,0.04817725683245284,1.0306835174560547,5.992770195007324,0.17198782598317122,0.0,0.0,0.0,21,-0.0042678406519919485,-0.0022469369748531836,0.0,0.07725121738004753,0
1087,1774287001.9806662,21,-0.1539332526070731,-1.1243820190429688,0.0,0.1423817111015301,1.1243820190429688,5.992770195007324,0.18762308289073223,0.0,0.0,0.0,21,-0.062271674967700655,-0.032784277008462315,0.0,0.07776774850187415,0
1088,1774287002.0807295,21,-0.1539332526070731,-1.1243820190429688,0.0,0.14238171110153008,1.1243820190429688,5.992770195007324,0.18762308289073223,0.0,0.0,0.0,21,-0.10485308510916574,-0.055203599608229285,0.0,0.07882070795259323,0
1089,1774287002.1810362,20,-0.10541081428527832,-1.0775327682495117,0.0,0.10005782922206663,1.0775327682495117,5.992770195007324,0.17980545443695173,0.0,0.0,0.0,20,-0.009582801298661667,-0.005042859256544135,0.0,0.07802919646311665,0
1090,1774287002.2812161,21,-0.24763175419398717,-1.0775327682495117,0.0,0.19652140116593317,1.0775327682495117,5.992770195007324,0.17980545443695173,0.0,0.0,0.0,21,-0.14724050249372211,-0.07747339596199271,0.0,0.08431673010162634,0
1091,1774287002.3806648,17,-0.1901528414557962,-1.1243820190429688,0.0,0.16899603244829764,1.1243820190429688,5.992770195007324,0.18762308289073223,0.0,0.0,0.0,17,-0.09432482846917954,-0.049647528534725316,0.0,0.0861463055980472,0
1092,1774287002.4806762,21,0.0,0.0,0.0,0.0,0.0,5.992770195007324,0.0,0.0,0.0,0.0,21,0.0,0.0,0.0,0.0895530162462765,0
1093,1774287002.5806565,18,-0.11712312698364258,-1.0775327682495117,0.0,0.10980358311485361,1.0775327682495117,5.992770195007324,0.17980545443695173,0.0,0.0,0.0,18,-0.11712312698364258,-0.061656026269420704,0.0,0.08606187017566418,0
1094,1774287002.6807659,22,-0.29387257315895776,-1.1243820190429688,0.0,0.23069530206804065,1.1243820190429688,5.992770195007324,0.18762308289073223,0.0,0.0,0.0,22,-0.04259022799405188,-0.02241556518594654,0.0,0.09035191560258128,0
1095,1774287002.7807236,21,-0.2610172544206892,-1.1712312698364258,0.0,0.21855950997317505,1.1712312698364258,5.992770195007324,0.19544071134451274,0.0,0.0,0.0,21,-0.2610172544206892,-0.13741237798005868,0.0,0.09103553583752783,0
1096,1774287002.8806875,19,-0.17013675288150185,-1.1243820190429688,0.0,0.15461244871652743,1.1243820190429688,5.992770195007324,0.18762308289073223,0.0,0.0,0.0,19,-0.17013675288150185,-0.08954783485045205,0.0,0.08641403298030864,0
1097,1774287002.9807181,21,-0.2610172544206892,-1.1712312698364258,0.0,0.21855950997317505,1.1712312698364258,5.992770195007324,0.19544071134451274,0.0,0.0,0.0,21,-0.009734909255783297,-0.005124176955764911,0.0,0.08434433378843406,0
1098,1774287003.0805979,18,-0.3071228663126628,-1.1712312698364258,0.0,0.24587765147367055,1.1712312698364258,5.992770195007324,0.19544071134451274,0.0,0.0,0.0,18,-0.25388508132009796,-0.1336470983803291,0.0,0.08845586193177703,0
1099,1774287003.180595,20,-0.16631484031677246,-1.1243820190429688,0.0,0.15681670969769357,1.1243820190429688,5.992770195007324,0.18762308289073223,0.0,0.0,0.0,20,-0.11307705532420764,-0.059529961060297225,0.0,0.0854375367186668,0
1100,1774287003.2805934,21,-0.26547908782958984,-1.1712312698364258,0.0,0.22582591441278055,1.1712312698364258,5.992770195007324,0.19544071134451274,0.0,0.0,0.0,21,-0.20691752433776855,-0.10891127998973978,0.0,0.0848182775933459,0
1101,1774287003.3811014,23,0.0,0.0,0.0,0.0,0.0,5.992770195007324,0.0,0.0,0.0,0.0,23,0.182191530863444,0.09590118943829429,0.0,0.0894845545872463,0
1102,1774287003.4811776,21,0.0,0.0,0.0,0.0,0.0,5.992770195007324,0.0,0.0,0.0,0.0,21,0.05424650091873972,0.028545755785928544,0.0,0.0964469725221225,0
1103,1774287003.5810833,20,-0.05856156349182129,-1.1712312698364258,0.0,0.0651596776535257,1.1712312698364258,6.043910980224609,0.1937869822485207,0.0,0.0,0.0,20,0.10306835174560547,0.05423373119790682,0.0,0.09622010022269079,0
1104,1774287003.6811533,21,0.0,0.0,0.0,0.0,0.0,6.043910980224609,0.0,0.0,0.0,0.0,21,0.1937855373729359,0.10198554910710131,0.0,0.10216393511323427,0
1105,1774287003.7807887,19,0.0,0.0,0.0,0.0,0.0,6.043910980224609,0.0,0.0,0.0,0.0,19,0.04908016749790737,0.025829633580387836,0.0,0.1066183401605052,0
1106,1774287003.8809907,17,0.0,0.0,0.0,0.0,0.0,5.992770195007324,0.0,0.0,0.0,0.0,17,0.1539332526070731,0.08100366325826361,0.0,0.10921685187548064,0
1107,1774287003.9808934,19,-0.11095875187924034,-1.0775327682495117,0.0,0.10470843852914018,1.0775327682495117,6.043910980224609,0.17828402366863905,0.0,0.0,0.0,19,0.042974500727832765,0.022616207464085263,0.0,0.109296797094828,0
1108,1774287004.0810325,16,0.0,0.0,0.0,0.0,0.0,5.992770195007324,0.0,0.0,0.0,0.0,16,0.10541081428527832,0.055479484543042294,0.0,0.1130778454329369,0
1109,1774287004.180654,16,-0.06441771984100342,-1.0306835174560547,0.0,0.06224463944271008,1.0306835174560547,5.992770195007324,0.17198782598317122,0.0,0.0,0.0,16,0.18321403435298375,0.09645697494644753,0.0,0.11383300869484057,0
1110,1774287004.2810588,16,-0.06441771984100342,-1.0306835174560547,0.0,0.06224463944271008,1.0306835174560547,5.992770195007324,0.17198782598317122,0.0,0.0,0.0,16,0.12573512161479278,0.0661626610440082,0.0,0.1109876853919821,0
1111,1774287004.3805854,18,-0.05726019541422526,-1.0306835174560547,0.0,0.05573840964087948,1.0306835174560547,5.992770195007324,0.17198782598317122,0.0,0.0,0.0,18,-0.05726019541422526,-0.030138384334130568,0.0,0.11035732615716667,0
1112,1774287004.4808064,19,0.0,0.0,0.0,0.0,0.0,5.992770195007324,0.0,0.0,0.0,0.0,19,0.11712312698364258,0.06163889058278207,0.0,0.11035732615716667,0
1113,1774287004.5808082,17,0.0,0.0,0.0,0.0,0.0,5.992770195007324,0.0,0.0,0.0,0.0,17,0.29387257315895776,0.15466633235574387,0.0,0.11289623924119141,0
1114,1774287004.681093,21,-0.14947141919817244,-1.0775327682495117,0.0,0.1341199087934855,1.0775327682495117,5.992770195007324,0.17980545443695173,0.0,0.0,0.0,21,0.11154583522251674,0.05869692223270761,0.0,0.10485537989003785,0
1115,1774287004.7808607,18,0.0,0.0,0.0,0.0,0.0,5.992770195007324,0.0,0.0,0.0,0.0,18,0.17013675288150185,0.08953749796207015,0.0,0.09972312313356706,0
1116,1774287004.8806236,18,0.0,0.0,0.0,0.0,0.0,5.992770195007324,0.0,0.0,0.0,0.0,18,0.2610172544206892,0.1373843394975611,0.0,0.09924736332016136,0
1117,1774287004.9808133,18,0.0,0.0,0.0,0.0,0.0,6.043910980224609,0.0,0.0,0.0,0.0,18,0.3071228663126628,0.1616252917212092,0.0,0.09076010437157978,0
1118,1774287005.080987,18,0.0,0.0,0.0,0.0,0.0,5.992770195007324,0.0,0.0,0.0,0.0,18,0.16631484031677246,0.08751606797893617,0.0,0.07208101886321056,0
1119,1774287005.1813025,17,0.0,0.0,0.0,0.0,0.0,5.992770195007324,0.0,0.0,0.0,0.0,17,0.26547908782958984,0.13967370416419556,0.0,0.06725010577546758,0
1120,1774287005.2812436,19,0.0,0.0,0.0,0.0,0.0,6.043910980224609,0.0,0.0,0.0,0.0,19,0.0,0.0,0.0,0.04295658225606731,0
1121,1774287005.3808663,19,0.0,0.0,0.0,0.0,0.0,5.992770195007324,0.0,0.0,0.0,0.0,19,0.0,0.0,0.0,0.04295658225606731,0
1122,1774287005.481281,21,0.0,0.0,0.0,0.0,0.0,5.992770195007324,0.0,0.0,0.0,0.0,21,0.05856156349182129,0.030818668038811007,0.0,0.04295658225606731,0
1123,1774287005.581116,21,-0.1026221684047154,-1.1243820190429688,0.0,0.10025647330918698,1.1243820190429688,5.992770195007324,0.18762308289073223,0.0,0.0,0.0,21,-0.1026221684047154,-0.05401272896991631,0.0,0.04565342241416731,0
1124,1774287005.6807427,21,-0.1026221684047154,-1.1243820190429688,0.0,0.10025647330918698,1.1243820190429688,5.992770195007324,0.18762308289073223,0.0,0.0,0.0,21,-0.1026221684047154,-0.054012972973166776,0.0,0.04798643972289488,0
1125,1774287005.7811446,22,-0.15119530937888406,-1.1712312698364258,0.0,0.14524571139206788,1.1712312698364258,5.992770195007324,0.19544071134451274,0.0,0.0,0.0,22,-0.15119530937888406,-0.07957003447994905,0.0,0.05381288396082464,0
1126,1774287005.8807988,23,-0.09369850158691406,-1.1243820190429688,0.0,0.09237465331787699,1.1243820190429688,5.992770195007324,0.18762308289073223,0.0,0.0,0.0,23,0.01726025029232628,0.009084794379730763,0.0,0.05419100588291263,0
1127,1774287005.9811153,22,-0.10008703578602184,-1.1243820190429688,0.0,0.10022403033114023,1.1243820190429688,6.043910980224609,0.18603550295857987,0.0,0.0,0.0,22,-0.10008703578602184,-0.05267509099293302,0.0,0.053576016261553984,0
1128,1774287006.080714,20,-0.16162991523742676,-1.1243820190429688,0.0,0.14825678572805145,1.1243820190429688,6.043910980224609,0.18603550295857987,0.0,0.0,0.0,20,-0.09721219539642334,-0.05116269936026784,0.0,0.05827038525768591,0
1129,1774287006.1811352,22,-0.20017407157204367,-1.1712312698364258,0.0,0.18081229525194445,1.1712312698364258,6.043910980224609,0.1937869822485207,0.0,0.0,0.0,22,-0.13575635173104025,-0.07144783888406886,0.0,0.0665912388709707,0
1130,1774287006.2811875,23,-0.19147085106891135,-1.1712312698364258,0.0,0.1746173041473307,1.1712312698364258,5.992770195007324,0.19544071134451274,0.0,0.0,0.0,23,-0.1342106556546861,-0.07061480964043348,0.0,0.07258082659189893,0
1131,1774287006.3810182,24,-0.13078749179840088,-1.0775327682495117,0.0,0.11979854419585934,1.0775327682495117,5.992770195007324,0.17980545443695173,0.0,0.0,0.0,24,-0.13078749179840088,-0.06882784910438634,0.0,0.07391957577598682,0
1132,1774287006.481202,21,-0.04908016749790737,-1.0306835174560547,0.0,0.04817725683245284,1.0306835174560547,5.992770195007324,0.17198782598317122,0.0,0.0,0.0,21,-0.04908016749790737,-0.025826315287549497,0.0,0.07238058487588687,0
1133,1774287006.5812268,21,-0.09816033499581474,-1.0306835174560547,0.0,0.09153678798166039,1.0306835174560547,5.992770195007324,0.17198782598317122,0.0,0.0,0.0,21,0.05131108420235771,0.02700393146052659,0.0,0.07066394537995024,0
1134,1774287006.6809618,21,-0.09816033499581474,-1.0306835174560547,0.0,0.09153678798166039,1.0306835174560547,6.043910980224609,0.17053254437869822,0.0,0.0,0.0,21,-0.09816033499581474,-0.051660583014595425,0.0,0.06887876757986845,0
1135,1774287006.7813487,20,0.0,0.0,0.0,0.0,0.0,5.992770195007324,0.0,0.0,0.0,0.0,20,0.0,0.0,0.0,0.06887876757986844,0
1136,1774287006.8807213,20,-0.051534175872802734,-1.0306835174560547,0.0,0.050459654374890306,1.0306835174560547,6.043910980224609,0.17053254437869822,0.0,0.0,0.0,20,-0.051534175872802734,-0.027124562919950728,0.0,0.06700120268131089,0
1137,1774287006.9811614,22,0.0,0.0,0.0,0.0,0.0,6.043910980224609,0.0,0.0,0.0,0.0,22,0.0,0.0,0.0,0.06700120268131089,0
1138,1774287007.081378,23,0.0,0.0,0.0,0.0,0.0,6.043910980224609,0.0,0.0,0.0,0.0,23,0.0,0.0,0.0,0.06700120268131089,0
1139,1774287007.1814175,23,0.0,0.0,0.0,0.0,0.0,6.043910980224609,0.0,0.0,0.0,0.0,23,0.0,0.0,0.0,0.06700120268131089,0
1140,1774287007.280816,24,0.0,0.0,0.0,0.0,0.0,6.043910980224609,0.0,0.0,0.0,0.0,24,0.0,0.0,0.0,0.06700120268131089,0
1141,1774287007.3813086,23,0.0,0.0,0.0,0.0,0.0,5.992770195007324,0.0,0.0,0.0,0.0,23,0.0,0.0,0.0,0.06700120268131089,0
1142,1774287007.480917,26,-0.0396416737483098,-1.0306835174560547,0.0,0.03928655743918584,1.0306835174560547,6.043910980224609,0.17053254437869822,0.007435875443311838,0.1933327615261078,0.037179377216559194,26,0.0629804946564056,0.03315110063150402,0.0,0.06527100811768409,0
1143,1774287007.58136,24,-0.04684925079345703,-1.1243820190429688,0.0,0.05048160289788939,1.1243820190429688,6.043910980224609,0.18603550295857987,0.0,0.0,0.0,24,0.05577291761125837,0.029344632304051464,0.0,0.06537402768351767,0
1144,1774287007.6812518,21,0.0,0.0,0.0,0.0,0.0,6.043910980224609,0.0,0.0,0.0,0.0,21,0.15119530937888406,0.07957199137539196,0.0,0.06706921434882634,0
1145,1774287007.781284,21,-0.04908016749790737,-1.0306835174560547,0.0,0.04817725683245284,1.0306835174560547,5.992770195007324,0.17198782598317122,0.0,0.0,0.0,21,0.04461833408900669,0.02347733740684851,0.0,0.06458192658244723,0
1146,1774287007.8817377,20,-0.11009573936462402,-1.1243820190429688,0.0,0.10914451774368672,1.1243820190429688,5.992770195007324,0.18762308289073223,0.0,0.0,0.0,20,-0.010008703578602188,-0.005266013779411278,0.0,0.06503695311603998,0
1147,1774287007.9813018,21,-0.2052443368094308,-1.1243820190429688,0.0,0.17924129416983028,1.1243820190429688,6.043910980224609,0.18603550295857987,0.0,0.0,0.0,21,-0.04361442157200404,-0.02294785941331578,0.0,0.07148400797892385,0
1148,1774287008.08111,20,-0.16162991523742676,-1.1243820190429688,0.0,0.14825678572805145,1.1243820190429688,5.992770195007324,0.18762308289073223,0.0,0.0,0.0,20,0.038544156334616914,0.020286666890562546,0.0,0.07148400797892383,0
1149,1774287008.1807706,21,-0.10039125170026507,-1.0775327682495117,0.0,0.09579709085857982,1.0775327682495117,6.043910980224609,0.17828402366863905,0.0,0.0,0.0,21,0.09107959936864628,0.047947151829066885,0.0,0.06557368708974509,0
1150,1774287008.2809436,23,-0.1405477523803711,-1.1243820190429688,0.0,0.13188199471622522,1.1243820190429688,6.043910980224609,0.18603550295857987,0.0,0.0,0.0,23,-0.009760260581970215,-0.0051371807653913075,0.0,0.06154051160283306,0
1151,1774287008.3807008,20,-0.16162991523742676,-1.1243820190429688,0.0,0.14825678572805145,1.1243820190429688,5.992770195007324,0.18762308289073223,0.0,0.0,0.0,20,-0.1125497477395194,-0.05925233512807675,0.0,0.06354701047800357,0
1152,1774287008.4809306,20,-0.10541081428527832,-1.0775327682495117,0.0,0.10005782922206663,1.0775327682495117,5.992770195007324,0.17980545443695173,0.0,0.0,0.0,20,-0.007250479289463582,-0.003816636843261681,0.0,0.06399903757668346,0
1153,1774287008.5807264,25,-0.1686573028564453,-1.0775327682495117,0.0,0.1494255445777526,1.0775327682495117,6.043910980224609,0.17828402366863905,0.0,0.0,0.0,25,-0.07049696786063057,-0.037108266028510146,0.0,0.06739148537399638,0
1154,1774287008.6811595,24,-0.2225339412689209,-1.1243820190429688,0.0,0.1884372151650382,1.1243820190429688,5.992770195007324,0.18762308289073223,0.0,0.0,0.0,24,-0.2225339412689209,-0.1171347916967857,0.0,0.07484949303963884,0
1155,1774287008.7811215,24,0.0,0.0,0.0,0.0,0.0,6.043910980224609,0.0,0.0,0.0,0.0,24,0.051534175872802734,0.027117539195288434,0.0,0.07484949303963882,0
1156,1774287008.8807936,24,0.0,0.0,0.0,0.0,0.0,5.992770195007324,0.0,0.0,0.0,0.0,24,0.0,0.0,0.0,0.07658865221756497,0
1157,1774287008.9811735,24,-0.08589029312133789,-1.0306835174560547,0.0,0.08114856697716277,1.0306835174560547,6.043910980224609,0.17053254437869822,0.0,0.0,0.0,24,-0.08589029312133789,-0.04521028271956949,0.0,0.07461252545482167,0
1158,1774287009.0808518,24,-0.042945146560668945,-1.0306835174560547,0.0,0.04241856910169872,1.0306835174560547,6.043910980224609,0.17053254437869822,0.0,0.0,0.0,24,-0.042945146560668945,-0.022609440045287917,0.0,0.07288062969756648,0
1159,1774287009.180736,25,-0.1705312728881836,-1.1243820190429688,0.0,0.15291623767552665,1.1243820190429688,6.043910980224609,0.18603550295857987,0.0,0.0,0.0,25,-0.1705312728881836,-0.08975708139275443,0.0026483939935083257,0.07276061009500498,0
1160,1774287009.2807078,25,-0.04122734069824219,-1.0306835174560547,0.0,0.04079264690517448,1.0306835174560547,6.043910980224609,0.17053254437869822,0.0,0.0,0.0,25,-0.04122734069824219,-0.021705462943181444,0.0026483939935083257,0.07072136890794341,0
1161,1774287009.3806245,24,-0.18349289894104004,-1.1712312698364258,0.0,0.16880548070474788,1.1712312698364258,6.043910980224609,0.1937869822485207,0.0,0.0,0.0,24,-0.14385122519273025,-0.07572282626120182,0.0027229966412127857,0.07000996368422595,0
1162,1774287009.4806063,20,-0.051534175872802734,-1.0306835174560547,0.0,0.050459654374890306,1.0306835174560547,6.043910980224609,0.17053254437869822,0.0,0.0,0.0,20,-0.004684925079345703,-0.0024667286633619618,0.0,0.06952843421836057,0
1163,1774287009.5811481,21,-0.04908016749790737,-1.0306835174560547,0.0,0.04817725683245284,1.0306835174560547,5.992770195007324,0.17198782598317122,0.0,0.0,0.0,21,-0.04908016749790737,-0.02583307591387285,0.0,0.06944098288065667,0
1164,1774287009.6806169,23,0.0,0.0,0.0,0.0,0.0,6.043910980224609,0.0,0.0,0.0,0.0,23,0.04908016749790737,0.02584074180466971,0.0,0.06944098288065667,0
1165,1774287009.7805684,21,-0.0513110842023577,-1.0775327682495117,0.0,0.05265654724042885,1.0775327682495117,6.043910980224609,0.17828402366863905,0.0,0.0,0.0,21,0.058784655162266324,0.03095834538641685,0.0,0.06935682991597815,0
1166,1774287009.8810532,22,-0.04684925079345703,-1.0306835174560547,0.0,0.04609189829807292,1.0306835174560547,6.043910980224609,0.17053254437869822,0.0,0.0,0.0,22,0.15839508601597377,0.0833767428459913,0.0,0.07037766727116161,0
1167,1774287009.9811075,20,-0.051534175872802734,-1.0306835174560547,0.0,0.050459654374890306,1.0306835174560547,6.043910980224609,0.17053254437869822,0.0,0.0,0.0,20,0.11009573936462402,0.05794520305572715,0.0,0.06670121182619344,0
1168,1774287010.080473,17,-0.06889595704920151,-1.1712312698364258,0.0,0.0759464463636067,1.1712312698364258,6.043910980224609,0.1937869822485207,0.0,0.0,0.0,17,0.03149529465106356,0.016579068455069627,0.0,0.06488142362368862,0
1169,1774287010.1808991,16,-0.1317635178565979,-1.0775327682495117,0.0,0.12159996159999409,1.0775327682495117,6.043910980224609,0.17828402366863905,0.0,0.0,0.0,16,0.008784234523773193,0.004623389585958875,0.0,0.06555894004863709,0
1170,1774287010.2808363,19,-0.05424650091873972,-1.0306835174560547,0.0,0.05296829151468293,1.0306835174560547,6.043910980224609,0.17053254437869822,0.0,0.0,0.0,19,0.10738341431868703,0.056513555665453616,0.0,0.06484000592648695,0
1171,1774287010.3810465,16,-0.13761967420578003,-1.1243820190429688,0.0,0.1326428122339074,1.1243820190429688,6.043910980224609,0.18603550295857987,0.0,0.0,0.0,16,-0.03220885992050171,-0.016950996930359924,0.0,0.06360914133948672,0
1172,1774287010.4808097,22,-0.05323778499256481,-1.1712312698364258,0.0,0.05951949676920574,1.1712312698364258,6.043910980224609,0.1937869822485207,0.0,0.0,0.0,22,0.1154195178638805,0.06074445139021995,0.0,0.06371353234573968,0
1173,1774287010.5806127,21,-0.05577291761125837,-1.1712312698364258,0.0,0.062212366777444274,1.1712312698364258,5.992770195007324,0.19544071134451274,0.0,0.0,0.0,21,0.16676102365766254,0.08779422777731277,0.0,0.06058304353860091,0
1174,1774287010.6807065,21,-0.05577291761125837,-1.1712312698364258,0.0,0.062212366777444274,1.1712312698364258,6.043910980224609,0.1937869822485207,0.0,0.0,0.0,21,-0.05577291761125837,-0.02936057999938643,0.0,0.050295864015206866,0
1175,1774287010.780721,21,-0.05577291761125837,-1.1712312698364258,0.0,0.062212366777444274,1.1712312698364258,6.043910980224609,0.1937869822485207,0.0,0.0,0.0,21,-0.05577291761125837,-0.02935528918939622,0.0,0.04802148394737308,0
1176,1774287010.8807268,21,0.0,0.0,0.0,0.0,0.0,6.043910980224609,0.0,0.0,0.0,0.0,21,0.08589029312133789,0.04521604798812748,0.0,0.048021483947373086,0
1177,1774287010.9807801,21,0.0,0.0,0.0,0.0,0.0,6.043910980224609,0.0,0.0,0.0,0.0,21,0.042945146560668945,0.022603561329908844,0.0,0.05014596095304864,0
1178,1774287011.0804915,21,-0.10039125170026507,-1.0775327682495117,0.0,0.09579709085857982,1.0775327682495117,5.992770195007324,0.17980545443695173,0.0,0.0,0.0,21,0.07014002118791852,0.03692055214666731,0.0,0.05044023625047464,0
1179,1774287011.1810508,22,0.0,0.0,0.0,0.0,0.0,5.992770195007324,0.0,0.0,0.0,0.0,22,0.04122734069824219,0.021694684576449297,0.0,0.04665038283048288,0
1180,1774287011.2807798,22,-0.14693628657947888,-1.1243820190429688,0.0,0.13693792334778712,1.1243820190429688,6.043910980224609,0.18603550295857987,0.0,0.0,0.0,22,0.03655661236156116,0.019238749721549285,0.0,0.050146529788560136,0
1181,1774287011.3809786,20,-0.10306835174560547,-1.0306835174560547,0.0,0.09560776618400268,1.0306835174560547,6.043910980224609,0.17053254437869822,0.0,0.0,0.0,20,-0.051534175872802734,-0.027117937245216536,0.0,0.043204260204757046,0
1182,1774287011.4806213,22,0.0,0.0,0.0,0.0,0.0,5.992770195007324,0.0,0.0,0.0,0.0,22,0.04908016749790737,0.025838831391960262,0.0,0.0451656689715644,0
1183,1774287011.5811074,22,0.0,0.0,0.0,0.0,0.0,5.992770195007324,0.0,0.0,0.0,0.0,22,0.0,0.0,0.0,0.04689019251636379,0
1184,1774287011.6807528,19,-0.11589025196276213,-1.1243820190429688,0.0,0.11421743852098637,1.1243820190429688,5.992770195007324,0.18762308289073223,0.0,0.0,0.0,19,-0.06457916776040443,-0.03398573738460065,0.0,0.046814656295112875,0
1185,1774287011.7811418,18,0.0,0.0,0.0,0.0,0.0,6.043910980224609,0.0,0.0,0.0,0.0,18,0.04684925079345703,0.024656351319252822,0.0,0.048669408688339265,0
1186,1774287011.8810399,19,0.0,0.0,0.0,0.0,0.0,6.043910980224609,0.0,0.0,0.0,0.0,19,0.051534175872802734,0.027124215731819248,0.0,0.050292798027088435,0
1187,1774287011.9810085,22,-0.14693628657947888,-1.1243820190429688,0.0,0.13693792334778712,1.1243820190429688,5.992770195007324,0.18762308289073223,0.0,0.0,0.0,22,-0.07804032953027737,-0.04106228276279878,0.0,0.053980406147736144,0
1188,1774287012.081354,24,-0.042945146560668945,-1.0306835174560547,0.0,0.04241856910169872,1.0306835174560547,6.043910980224609,0.17053254437869822,0.0,0.0,0.0,24,0.08881837129592896,0.04673532524116855,0.0,0.054094364454551166,0
1189,1774287012.1813586,24,-0.042945146560668945,-1.0306835174560547,0.0,0.04241856910169872,1.0306835174560547,6.043910980224609,0.17053254437869822,0.0,0.0,0.0,24,0.011301354358070774,0.005946446806805768,0.0,0.051610840982410096,0
1190,1774287012.2812822,23,-0.08962465369183084,-1.0306835174560547,0.0,0.08434207476849641,1.0306835174560547,6.043910980224609,0.17053254437869822,0.008405772240265556,0.1933327615261078,0.03942656658922785,23,0.04799502051394919,0.025257404490915136,0.0,0.05213851076654632,0
1191,1774287012.380841,23,0.0,0.0,0.0,0.0,0.0,6.043910980224609,0.0,0.02521731672079667,0.1933327615261078,0.06511083179712221,23,0.05323778499256481,0.02801942483914911,0.0,0.050132893422547106,0
1192,1774287012.4813044,27,-0.16310479905870226,-1.1712312698364258,0.0,0.1533747131164955,1.1712312698364258,6.043910980224609,0.1937869822485207,0.014320945298230206,0.1933327615261078,0.050632187666900925,27,-0.10733188144744389,-0.056469904485710654,0.0,0.05583131060994576,0
1193,1774287012.5807476,28,-0.0752934387751988,-1.0775327682495117,0.0,0.07373751878479971,1.0775327682495117,6.043910980224609,0.17828402366863905,0.013809482966150557,0.1933327615261078,0.04979079892210237,28,-0.01952052116394043,-0.010273736252015534,0.0,0.05598994350694257,0
1194,1774287012.6811497,25,-0.2211284637451172,-1.2180805206298828,0.0,0.19639889555946866,1.2180805206298828,5.992770195007324,0.20325833979829325,0.038666552305221556,0.3866655230522156,0.09471332326042946,25,-0.16535554613385883,-0.08700959939804469,0.0,0.0664412531895178,0
1195,1774287012.781186,27,-0.26027361551920575,-1.0775327682495117,0.0,0.19466443114247842,1.0775327682495117,5.992770195007324,0.17980545443695173,0.02148141794734531,0.3866655230522156,0.08037610614106287,27,-0.26027361551920575,-0.1369530075967729,0.0,0.07879145409987098,0
1196,1774287012.8807201,29,-0.308558858674148,-1.0775327682495117,0.0,0.21275191377945218,1.0775327682495117,5.992770195007324,0.17980545443695173,0.013333293898352262,0.1933327615261078,0.048989649962291104,29,-0.308558858674148,-0.1624045266793058,0.0,0.0916686256907441,0
1197,1774287012.9806828,25,-0.11993408203125,-1.0775327682495117,0.0,0.10624489837027795,1.0775327682495117,6.043910980224609,0.17828402366863905,0.0,0.0,0.0,25,-0.01954283033098493,-0.01028466463260528,0.0,0.0894244186084454,0
1198,1774287013.0810106,21,-0.15839508601597377,-1.1243820190429688,0.0,0.15060369749483712,1.1243820190429688,6.043910980224609,0.18603550295857987,0.027618965932301114,0.1933327615261078,0.06765237375744962,21,-0.15839508601597377,-0.08336759851283175,0.0,0.09042715026315302,0
1199,1774287013.1810744,25,-0.04497528076171875,-1.1243820190429688,0.0,0.04854662111029029,1.1243820190429688,6.043910980224609,0.18603550295857987,0.07733310461044311,0.5799982845783234,0.18136220631044814,25,0.10196100581776013,0.053655369495339146,0.0,0.08845628967162271,0
