frame_idx,t,numPts,centroid_z,centroid_z_min,centroid_z_max,z_variance,bbox_height,bbox_width,aspect_ratio,doppler_mean,doppler_max,doppler_std,point_count,delta_z,delta_z_rate,doppler_post,window_z_std,label
0,1774279993.4936423,22,0.21295113997025925,-3.279447555541992,3.3731460571289062,1.2813402612662623,6.652593612670898,6.043910980224609,1.1007100591715977,0.0,0.0,0.0,22,nan,nan,nan,nan,0
1,1774279993.5984757,19,-0.09863000167043585,-3.279447555541992,1.405477523803711,0.6602796669530034,4.684925079345703,6.043910980224609,0.7751479289940828,0.0,0.0,0.0,19,-0.3115811416406951,-2.972156270728501,0.0,0.15579057082034756,0
2,1774279993.704305,19,-0.09863000167043585,-3.279447555541992,1.405477523803711,0.6602796669530034,4.684925079345703,6.043910980224609,0.7751479289940828,0.0,0.0,0.0,19,-0.3115811416406951,-1.479052934142162,0.0,0.14688075876265444,0
3,1774279993.7939143,18,-0.1041094462076823,-3.279447555541992,1.405477523803711,0.6963914087363164,4.684925079345703,6.043910980224609,0.7751479289940828,0.0,0.0,0.0,18,-0.31706058617794153,-1.0559113035467456,0.0,0.13572791707691606,0
4,1774279993.8985653,19,-0.09863000167043585,-3.279447555541992,1.405477523803711,0.6602796669530034,4.684925079345703,6.043910980224609,0.7751479289940828,0.0,0.0,0.0,19,-0.3115811416406951,-0.769482520715824,0.0,0.12519838844380815,0
5,1774279994.004278,17,-0.11023353127872243,-3.279447555541992,1.405477523803711,0.7366805297269852,4.684925079345703,5.992770195007324,0.781762845378051,0.0,0.0,0.0,17,-0.32318467124898165,-0.6329066405440611,0.0,0.11746816041066284,0
6,1774279994.0938122,19,-0.09863000167043585,-3.279447555541992,1.405477523803711,0.6602796669530034,4.684925079345703,5.992770195007324,0.781762845378051,0.0,0.0,0.0,19,-0.3115811416406951,-0.5191548978995844,0.0,0.1101022852463974,0
7,1774279994.1985912,16,0.0,0.0,0.0,0.0,0.0,6.043910980224609,0.0,0.0,0.0,0.0,16,-0.21295113997025925,-0.30208024911704945,0.0,0.10467606674492226,0
8,1774279994.3034232,15,0.0,0.0,0.0,0.0,0.0,5.992770195007324,0.0,0.0,0.0,0.0,15,-0.21295113997025925,-0.2629737954709462,0.0,0.0999075472555685,0
9,1774279994.3934968,15,0.05621910095214844,0.0,0.8432865142822266,0.04424822236615,0.8432865142822266,5.992770195007324,0.14071731216804917,0.0,0.0,0.0,15,-0.1567320390181108,-0.17417488346249804,0.0,0.09943408694758918,0
10,1774279994.498664,15,-0.10619163513183594,-1.592874526977539,0.0,0.15787328720762162,1.592874526977539,6.043910980224609,0.26355029585798817,0.0,0.0,0.0,15,-0.3191427751020952,-0.31754818399679136,0.0,0.09705352681721408,0
11,1774279994.6037152,15,-0.012493133544921875,-1.592874526977539,1.405477523803711,0.3006850101883174,2.99835205078125,6.043910980224609,0.49609467455621303,0.0,0.0,0.0,15,-0.22544427351518112,-0.2030896199968553,0.0,0.09324433506345549,0
12,1774279994.6932902,14,0.0,0.0,0.0,0.0,0.0,6.043910980224609,0.0,0.0,0.0,0.0,14,-0.21295113997025925,-0.17751136759310557,0.0,0.09016264400808913,0
13,1774279994.799011,15,0.0,0.0,0.0,0.0,0.0,6.043910980224609,0.0,0.0,0.0,0.0,15,-0.21295113997025925,-0.1631348646469613,0.0,0.08735615977444747,0
14,1774279994.9041286,15,0.04372596740722656,0.0,0.6558895111083984,0.026767443159769755,0.6558895111083984,6.043910980224609,0.1085207100591716,0.0,0.0,0.0,15,-0.16922517256303268,-0.11997648045469483,0.0,0.086522752644571,0
15,1774279994.9932766,16,0.09662657976150513,0.0,0.9838342666625977,0.0709125912989883,0.9838342666625977,6.043910980224609,0.1627810650887574,0.012083297595381737,0.1933327615261078,0.046798410354181585,16,-0.11632456020875412,-0.07756861979875398,0.0,0.0890121648864366,0
16,1774279995.098746,14,0.0,0.0,0.0,0.0,0.0,6.043910980224609,0.0,0.0,0.0,0.0,14,-0.21295113997025925,-0.1326712634434981,0.0,0.08648103693936988,0
17,1774279995.208501,19,-0.056712250960500615,-0.7495880126953125,0.0,0.03201687593162538,0.7495880126953125,6.043910980224609,0.12402366863905326,0.020350817002748187,0.1933327615261078,0.05933231748191226,19,-0.26966339093075986,-0.15725107839201297,0.0,0.08449412052854526,0
18,1774279995.3083706,16,-0.06734579801559448,-0.7495880126953125,0.0,0.037303915456643466,0.7495880126953125,6.043910980224609,0.12402366863905326,0.024166595190763474,0.3866655230522156,0.09359682070836317,16,-0.28029693798585376,-0.15445669974833132,0.0,0.08289417724342364,0
19,1774279995.4085636,24,-0.03513693809509277,-0.4216432571411133,1.405477523803711,0.11655580234304352,1.8271207809448242,6.043910980224609,0.30230769230769233,0.016111063460508983,0.1933327615261078,0.05343435247211316,24,-0.24808807806535202,-0.12955523559859197,0.0,0.08083665213543585,0
20,1774279995.508232,18,-0.07547934850056966,-0.6558895111083984,0.0,0.03198116576502091,0.6558895111083984,6.043910980224609,0.1085207100591716,0.0,0.0,0.0,18,0.023150653169866198,0.01212230675213658,0.0,0.060463271863785646,0
21,1774279995.6080647,24,0.0136643648147583,-0.4216432571411133,0.6558895111083984,0.04874020098633025,1.0775327682495117,6.043910980224609,0.17828402366863905,0.024166595190763474,0.1933327615261078,0.06393880090992969,24,0.11229436648519416,0.058985577553152924,0.0,0.059808989459260484,0
22,1774279995.7083309,25,0.06746292114257812,-0.8432865142822266,0.7495880126953125,0.10062607648251287,1.592874526977539,6.043910980224609,0.26355029585798817,0.06186648368835449,0.3866655230522156,0.1417539222413176,25,0.17157236735026044,0.08962123066046715,0.0,0.0615784507541369,0
23,1774279995.8084812,21,0.1338550022670201,0.0,1.405477523803711,0.17021303550308756,1.405477523803711,6.043910980224609,0.23254437869822486,0.07365057581946963,0.3866655230522156,0.15183455174561764,21,0.23248500393745597,0.12172525555039009,0.0,0.0677053445267993,0
24,1774279995.9084144,19,0.09369850158691406,0.0,0.9369850158691406,0.07485601528108084,0.9369850158691406,5.992770195007324,0.15635256907561018,0.12210490201648913,0.5799982845783234,0.23645512600007543,19,0.2039320328656365,0.10709948656987832,0.0,0.06843866505628829,0
25,1774279996.0086248,19,-0.12082175204628393,-0.7495880126953125,0.0,0.05852534138204061,0.7495880126953125,6.043910980224609,0.12402366863905326,0.09157867651236684,0.5799982845783234,0.21149189414577863,19,-0.02219175037584807,-0.011589515748549621,0.0,0.06930279756887246,0
26,1774279996.1086028,17,0.0,-0.4216432571411133,0.4216432571411133,0.02091565132853729,0.8432865142822266,6.043910980224609,0.1395266272189349,0.04549006153555477,0.3866655230522156,0.12457966422660721,17,0.0,0.0,0.0,0.06576838626366323,0
27,1774279996.2079208,17,-0.027558382819680607,-0.4684925079345703,0.0,0.012151431418177077,0.4684925079345703,6.043910980224609,0.07751479289940828,0.07960760768722086,0.5799982845783234,0.17618225074515426,17,-0.027558382819680607,-0.014470158681453809,0.0,0.06607447772367932,0
28,1774279996.3083236,19,-0.08136975137810958,-0.5621910095214844,0.0,0.03554323142732281,0.5621910095214844,6.043910980224609,0.09301775147928994,0.050877042506870473,0.3866655230522156,0.12294992872220821,19,-0.13758885233025803,-0.07185446083321449,0.0,0.06842342565157859,0
29,1774279996.408772,17,0.0,0.0,0.0,0.0,0.0,6.043910980224609,0.0,0.07960760768722086,0.5799982845783234,0.1882486257239587,17,0.10619163513183594,0.0555945685579388,0.0,0.06703692428119844,0
30,1774279996.5086281,18,-0.1952052116394043,-1.499176025390625,0.0,0.22149717793240598,1.499176025390625,6.043910980224609,0.24804733727810652,0.06444425384203593,0.5799982845783234,0.14410173235004434,18,-0.18271207809448242,-0.09591623503213603,0.0,0.07586757193840013,0
31,1774279996.6082015,20,0.0,0.0,0.0,0.0,0.0,6.043910980224609,0.0,0.05799982845783234,0.3866655230522156,0.13806720793312413,20,0.0,0.0,0.0,0.07590540016553965,0
32,1774279996.7080352,20,0.14289021492004395,0.0,1.1243820190429688,0.09514136007027219,1.1243820190429688,6.043910980224609,0.18603550295857987,0.06766646653413773,0.5799982845783234,0.16490049267421444,20,0.14289021492004395,0.07484986938974111,0.004202886120132778,0.082957380768194,0
33,1774279996.8087313,21,-0.011154583522251673,-0.6090402603149414,0.37479400634765625,0.024227984117807903,0.9838342666625977,6.043910980224609,0.1627810650887574,0.14730115163893925,0.7733310461044312,0.30366910349123527,21,-0.05488055092947824,-0.028814696643369497,0.004296283589469062,0.08297024191967388,0
34,1774279996.9081104,21,-0.011154583522251673,-0.6090402603149414,0.37479400634765625,0.024227984117807903,0.9838342666625977,6.043910980224609,0.1627810650887574,0.11047586372920445,0.7733310461044312,0.24287945485181833,21,-0.1077811632837568,-0.05628747736672325,0.011836699685271906,0.08225275103956237,0
35,1774279997.008104,23,-0.07740311000658118,-0.6090402603149414,0.4684925079345703,0.05870918722816921,1.0775327682495117,6.043910980224609,0.17828402366863905,0.08405772240265556,0.7733310461044312,0.1960546142880579,23,-0.07740311000658118,-0.040538814098477684,0.015782266247029206,0.08003844051306686,0
36,1774279997.1084735,22,-0.12777068398215555,-0.6090402603149414,0.0,0.05610477821170388,0.6090402603149414,6.043910980224609,0.10076923076923076,0.08787852796641263,0.9666638076305389,0.2778963057966688,22,-0.07105843302165493,-0.03739971779068344,0.0196609587992652,0.08357622632591907,0
37,1774279997.2085283,22,-0.025554136796431107,-0.5621910095214844,0.0,0.013713292055625,0.5621910095214844,6.043910980224609,0.09301775147928994,0.043939263983206314,0.3866655230522156,0.09981082117702071,22,0.041791661219163376,0.021993785798958023,0.013333293898352262,0.0832000511017388,0
38,1774279997.308229,24,0.0273287296295166,0.0,0.6558895111083984,0.017177767652754028,0.6558895111083984,6.043910980224609,0.1085207100591716,0.10472191249330838,0.7733310461044312,0.23664624110158428,24,0.062465667724609375,0.03288245876451817,0.01464642132773544,0.08307728006821105,0
39,1774279997.408692,24,-0.10345876216888428,-1.499176025390625,0.4684925079345703,0.1799740780850101,1.9676685333251953,6.043910980224609,0.3255621301775148,0.14499957114458084,1.1599965691566467,0.34516801983281037,24,-0.02797941366831462,-0.01472244462269937,0.03174119965354009,0.08519284596727555,0
40,1774279997.508413,25,-0.05621910095214844,-1.405477523803711,0.0,0.07585409548482858,1.405477523803711,6.043910980224609,0.23254437869822486,0.10826634645462035,0.7733310461044312,0.2569508048602587,25,-0.06988346576690674,-0.036774027778701306,0.052476035271372116,0.08465501276501466,0
41,1774279997.6089485,24,-0.05856156349182129,-1.405477523803711,0.0,0.07887750452795217,1.405477523803711,6.043910980224609,0.23254437869822486,0.12083297595381737,1.3533293306827545,0.30979777882532583,24,-0.12602448463439941,-0.06630712283648997,0.08328180496509259,0.08477030269154709,0
42,1774279997.7085836,22,-0.061755830591375176,-0.7027387619018555,0.0,0.03818770912712239,0.7027387619018555,6.043910980224609,0.11627218934911243,0.035151411186565056,0.1933327615261078,0.07456740365489042,22,-0.19561083285839528,-0.10294752284539235,0.09502796752978179,0.08263730004745551,0
43,1774279997.808868,23,0.0,0.0,0.0,0.0,0.0,6.043910980224609,0.0,0.04202886120132778,0.3866655230522156,0.09802730714402895,23,-0.09369850158691406,-0.0493032311807183,0.08787852796641263,0.07425183142496965,0
44,1774279997.9080908,20,0.0,0.0,0.0,0.0,0.0,6.043910980224609,0.0,0.009666638076305389,0.1933327615261078,0.042135898498397606,20,0.12082175204628393,0.06360827182221537,0.07295575906645577,0.0687549917374908,0
45,1774279998.008655,22,-0.03194267099553889,-0.7027387619018555,0.0,0.02142701883691406,0.7027387619018555,6.043910980224609,0.11627218934911243,0.043939263983206314,0.3866655230522156,0.09981082117702071,22,-0.03194267099553889,-0.016811469265149263,0.05836460725316461,0.06617176731706191,0
46,1774279998.1090815,20,0.0,0.0,0.0,0.0,0.0,6.043910980224609,0.0,0.019333276152610778,0.1933327615261078,0.05799982845783234,20,0.027558382819680607,0.014495556621333467,0.06930797111313299,0.06617176731706191,0
47,1774279998.2080545,21,0.0,0.0,0.0,0.0,0.0,6.043910980224609,0.0,0.05523793186460223,0.3866655230522156,0.13530474751489924,21,0.08136975137810958,0.042832250866455576,0.06444425384203593,0.06659678834189864,0
48,1774279998.3086812,19,0.0,0.0,0.0,0.0,0.0,6.043910980224609,0.0,0.0,0.0,0.0,19,0.0,0.0,0.0667876812544736,0.0660352784904125,0
49,1774279998.408468,17,0.0,0.0,0.0,0.0,0.0,6.043910980224609,0.0,0.0,0.0,0.0,17,0.1952052116394043,0.10274824415015814,0.06333314601717324,0.0660352784904125,0
50,1774279998.5086393,20,0.03045201301574707,0.0,0.6090402603149414,0.01761917683751335,0.6090402603149414,6.043910980224609,0.10076923076923076,0.0,0.0,0.0,20,0.03045201301574707,0.016023682808736756,0.09191229646323157,0.05513721710679014,0
51,1774279998.6086526,18,0.0,0.0,0.0,0.0,0.0,6.043910980224609,0.0,0.0,0.0,0.0,18,-0.14289021492004395,-0.07518094796297985,0.10913946215183504,0.05513721710679014,0
52,1774279998.7084224,22,0.025554136796431107,0.0,0.5621910095214844,0.013713292055625,0.5621910095214844,6.043910980224609,0.09301775147928994,0.017575705593282528,0.1933327615261078,0.05557926115933376,22,0.03670872031868278,0.01932352066302343,0.11302530673833994,0.0424703813073672,0
53,1774279998.8083632,21,0.029001917157854353,0.0,0.6090402603149414,0.016822223976620938,0.6090402603149414,6.043910980224609,0.10076923076923076,0.027618965932301114,0.3866655230522156,0.09020316500993282,21,0.040156500680106025,0.021132188452662445,0.0937370964975068,0.04395726520906279,0
54,1774279998.908401,18,0.0,0.0,0.0,0.0,0.0,6.043910980224609,0.0,0.010740708973672655,0.1933327615261078,0.04428507759247181,18,0.07740311000658118,0.04073211345408436,0.07213909012168201,0.04416255990268425,0
55,1774279999.008037,18,0.0,0.0,0.0,0.0,0.0,6.043910980224609,0.0,0.06444425384203593,0.3866655230522156,0.1441017323500443,18,0.12777068398215555,0.06726317943841167,0.07960760768722086,0.04245392279167058,0
56,1774279999.1081502,20,-0.09838342666625977,-0.7027387619018555,0.0,0.0550688442046976,0.7027387619018555,6.043910980224609,0.11627218934911243,0.05799982845783234,0.3866655230522156,0.13806720793312413,20,-0.07282928986982866,-0.038338833341137676,0.09942827735628401,0.03898373647966791,0
57,1774279999.2087371,19,-0.10602725179571855,-0.7027387619018555,0.0,0.060033162352614675,0.7027387619018555,6.043910980224609,0.11627218934911243,0.010175408501374094,0.1933327615261078,0.04317060211598919,19,-0.13335598142523514,-0.0701685916724329,0.11917772970787466,0.04362108758440674,0
58,1774279999.3082623,21,-0.10039125170026507,-0.7495880126953125,0.0,0.06067945406004805,0.7495880126953125,6.043910980224609,0.12402366863905326,0.018412643954867407,0.1933327615261078,0.056751580113533366,21,0.0030675104686192084,0.0016148442634778904,0.12447451769489132,0.045503775574315224,0
59,1774279999.407961,21,-0.06023475102015904,-0.6558895111083984,0.0,0.03452039807746828,0.6558895111083984,6.043910980224609,0.1085207100591716,0.0,0.0,0.0,21,-0.0040156500680106,-0.0021140031514963677,0.08985888916002192,0.04274419488201429,0
60,1774279999.5080822,21,-0.031232833862304688,-0.6558895111083984,0.0,0.019509798221406527,0.6558895111083984,6.043910980224609,0.1085207100591716,0.009206321977433703,0.1933327615261078,0.04117192352858409,21,0.0273287296295166,0.01439010317437202,0.06724617792212445,0.04215780439701705,0
61,1774279999.6088808,22,-0.057496807791969994,-0.6558895111083984,0.0,0.033108712069483515,0.6558895111083984,6.043910980224609,0.1085207100591716,0.0,0.0,0.0,22,0.004259022799405182,0.0022412404112549535,0.029743501773247354,0.04211373448845489,0
62,1774279999.7084305,19,0.0,0.0,0.0,0.0,0.0,6.043910980224609,0.0,0.0,0.0,0.0,19,0.0,0.0,0.032717851950572086,0.04142632075478294,0
63,1774279999.8085868,22,-0.0276836481961337,-0.6090402603149414,0.0,0.016094071926393234,0.6090402603149414,6.043910980224609,0.10076923076923076,0.0,0.0,0.0,22,-0.0276836481961337,-0.01456653847656623,0.024946162777562297,0.04119561859896413,0
64,1774279999.9085748,19,0.0,0.0,0.0,0.0,0.0,6.043910980224609,0.0,0.0,0.0,0.0,19,0.03194267099553889,0.01681264223081785,0.039894061902212716,0.04119561859896413,0
65,1774280000.0081825,18,0.0,0.0,0.0,0.0,0.0,6.043910980224609,0.0,0.0,0.0,0.0,18,0.0,0.0,0.02577770153681437,0.04137547803182813,0
66,1774280000.1084645,18,0.0,0.0,0.0,0.0,0.0,5.992770195007324,0.0,0.0,0.0,0.0,18,0.0,0.0,0.020350817002748187,0.04137547803182813,0
67,1774280000.2085166,20,-0.03045201301574707,-0.6090402603149414,0.0,0.01761917683751335,0.6090402603149414,6.043910980224609,0.10076923076923076,0.0,0.0,0.0,20,-0.03045201301574707,-0.01602876430619765,0.0,0.041177856359256235,0
68,1774280000.308539,19,0.0,0.0,0.0,0.0,0.0,6.043910980224609,0.0,0.0,0.0,0.0,19,0.0,0.0,0.0,0.041177856359256235,0
69,1774280000.4086711,20,0.0,0.0,0.0,0.0,0.0,6.043910980224609,0.0,0.0,0.0,0.0,20,-0.03045201301574707,-0.016027106985785848,0.006444425384203593,0.041177856359256235,0
70,1774280000.5088036,22,0.0,0.0,0.0,0.0,0.0,6.043910980224609,0.0,0.0,0.0,0.0,22,0.0,0.0,0.015846947666074408,0.03977351368901303,0
71,1774280000.6083448,20,-0.11009573936462402,-0.7495880126953125,0.0,0.06875923542537521,0.7495880126953125,6.043910980224609,0.12402366863905326,0.0,0.0,0.0,20,-0.13564987616105512,-0.07139758878466033,0.01901633719928929,0.043656890765616914,0
72,1774280000.7082703,17,0.0,0.0,0.0,0.0,0.0,6.043910980224609,0.0,0.0,0.0,0.0,17,-0.029001917157854353,-0.015264913201713628,0.033918028337913644,0.042416252438837704,0
73,1774280000.8084886,17,0.0,0.0,0.0,0.0,0.0,6.043910980224609,0.0,0.011372515383888693,0.1933327615261078,0.04549006153555478,17,0.0,0.0,0.04488081963998931,0.04085327473748848,0
74,1774280000.908512,18,-0.041643778483072914,-0.7495880126953125,0.0,0.029481472867903202,0.7495880126953125,6.043910980224609,0.12402366863905326,0.0,0.0,0.0,18,-0.041643778483072914,-0.021912299783678764,0.04409343683928774,0.04027223712837714,0
75,1774280001.0082333,17,0.0,0.0,0.0,0.0,0.0,6.043910980224609,0.0,0.03411754615166608,0.1933327615261078,0.07370232329163695,17,0.09838342666625977,0.05177848720237565,0.02899991422891617,0.04027223712837714,0
76,1774280001.108146,18,0.0,0.0,0.0,0.0,0.0,6.043910980224609,0.0,0.02148141794734531,0.1933327615261078,0.06075862520028111,18,0.10602725179571855,0.05582118542911875,0.009508168599644646,0.037949262572024606,0
77,1774280001.207929,19,0.0,0.0,0.0,0.0,0.0,6.043910980224609,0.0,0.030526225504122283,0.1933327615261078,0.07049729804859288,19,0.10039125170026507,0.052846775565867046,0.009206321977433703,0.03390600211827281,0
78,1774280001.3083708,21,0.0,0.0,0.0,0.0,0.0,5.992770195007324,0.0,0.036825287909734813,0.3866655230522156,0.11350316022706673,21,0.06023475102015904,0.031695661999252674,0.003020824398845434,0.029172154293464665,0
79,1774280001.408374,20,0.0,0.0,0.0,0.0,0.0,5.992770195007324,0.0,0.0,0.0,0.0,20,0.031232833862304688,0.01643580838206153,0.003118270347195287,0.027723741140409302,0
80,1774280001.5083678,18,-0.07808208465576172,-1.405477523803711,0.0,0.10364580305122217,1.405477523803711,6.043910980224609,0.23254437869822486,0.08592567178938124,0.5799982845783234,0.1957050313951277,18,-0.020585276863791725,-0.010837282204289166,0.0,0.030809701930687685,0
81,1774280001.6085827,19,-0.0739725012528269,-1.405477523803711,0.0,0.09849475694879054,1.405477523803711,6.043910980224609,0.23254437869822486,0.030526225504122283,0.1933327615261078,0.07049729804859288,19,-0.0739725012528269,-0.038929776784650594,0.0,0.03206873144828339,0
82,1774280001.7089605,18,-0.044246514638264976,-0.7964372634887695,0.0,0.033281818979781344,0.7964372634887695,6.043910980224609,0.13177514792899409,0.11814779871039921,0.7733310461044312,0.2667936761837706,18,-0.016562866442131275,-0.008715583922167498,0.0,0.032269586319339544,0
83,1774280001.8081064,17,-0.04409341251148897,-0.7495880126953125,0.0,0.031107664430533314,0.7495880126953125,6.043910980224609,0.12402366863905326,0.3752930076683269,2.3199931383132935,0.7156556856344177,17,-0.04409341251148897,-0.023212781743200316,0.0,0.03265300824867438,0
84,1774280001.908551,18,0.0,0.0,0.0,0.0,0.0,6.043910980224609,0.0,0.4296283589469062,2.899991422891617,0.9785251569756387,18,0.0,0.0,0.0,0.03265300824867438,0
85,1774280002.0087314,19,-0.08136975137810958,-0.7964372634887695,0.0,0.05633656900540083,0.7964372634887695,6.043910980224609,0.13177514792899409,0.2035081700274819,1.5466620922088623,0.47553027344525844,19,-0.08136975137810958,-0.042820170149771145,0.0,0.034767651227938214,0
86,1774280002.108075,18,-0.08589029312133789,-0.7964372634887695,0.0,0.05907810773919664,0.7964372634887695,6.043910980224609,0.13177514792899409,0.1933327615261078,1.73999485373497,0.5468276268025299,18,-0.05543828010559082,-0.029184826776866766,0.0,0.03664395289140245,0
87,1774280002.2088232,19,-0.04191775070993524,-0.7964372634887695,0.0,0.03162776084244498,0.7964372634887695,6.043910980224609,0.13177514792899409,0.12210490201648913,1.73999485373497,0.40266856988590943,19,-0.04191775070993524,-0.022058673496171972,0.0,0.03674403569832376,0
88,1774280002.3082533,23,-0.15073237211807913,-0.9369850158691406,0.0,0.1083983198249575,0.9369850158691406,6.043910980224609,0.15502958579881657,0.04202886120132778,0.5799982845783234,0.1269243774291997,23,-0.15073237211807913,-0.0793502783276087,0.0,0.044453910401007796,0
89,1774280002.4085245,21,-0.08031300136021205,-0.9369850158691406,0.0,0.06211282699060037,0.9369850158691406,6.043910980224609,0.15502958579881657,0.018412643954867407,0.1933327615261078,0.056751580113533366,21,-0.08031300136021205,-0.04227621070829165,0.0,0.04450324685085408,0
90,1774280002.5086236,22,-0.1916560259732333,-0.9369850158691406,0.0,0.12588656992862104,0.9369850158691406,6.043910980224609,0.15502958579881657,0.0,0.0,0.0,22,-0.08156028660860928,-0.04292016851507674,0.0035802363245575515,0.05410803220233899,0
91,1774280002.6083863,21,-0.08700575147356306,-0.9369850158691406,0.0,0.07196726588814754,0.9369850158691406,6.043910980224609,0.15502958579881657,0.0,0.0,0.0,21,-0.08700575147356306,-0.04578970599369954,0.003717937721655919,0.05307555928120093,0
92,1774280002.7085235,22,-0.04259022799405185,-0.9369850158691406,0.0,0.03809247793229166,0.9369850158691406,6.043910980224609,0.15502958579881657,0.035151411186565056,0.3866655230522156,0.11115852231866752,22,-0.04259022799405185,-0.022415497680400954,0.014871750886623677,0.05186548761704911,0
93,1774280002.8086724,22,-0.12351166118275035,-0.9838342666625977,0.0,0.09748046495625493,0.9838342666625977,6.043910980224609,0.1627810650887574,0.035151411186565056,0.7733310461044312,0.1610840025469518,22,-0.08186788269967743,-0.043084724038568833,0.01823893976661394,0.05263285185112792,0
94,1774280002.9080846,22,-0.12777068398215555,-0.9838342666625977,0.0,0.10359340070062747,0.9838342666625977,6.043910980224609,0.1627810650887574,0.008787852796641264,0.1933327615261078,0.04027100063673795,22,-0.12777068398215555,-0.06725299105823854,0.028641890596460412,0.05457717783308522,0
95,1774280003.008183,25,-0.09557247161865234,-0.8432865142822266,0.0,0.06715896861351212,0.8432865142822266,6.043910980224609,0.1395266272189349,0.030933241844177246,0.1933327615261078,0.0708769611206588,25,-0.09557247161865234,-0.050300319989138365,0.029999911271292586,0.05304435670485493,0
96,1774280003.108475,24,-0.06441771984100342,-0.7964372634887695,0.0,0.04569179501423548,0.7964372634887695,6.043910980224609,0.13177514792899409,0.024166595190763474,0.1933327615261078,0.06393880090992969,24,-0.06441771984100342,-0.03389432159797919,0.022555488844712576,0.050758280279541476,0
97,1774280003.2082002,23,-0.0407384789508322,-0.9369850158691406,0.0,0.03651172067900276,0.9369850158691406,6.043910980224609,0.15502958579881657,0.008405772240265556,0.1933327615261078,0.03942656658922785,23,-0.0407384789508322,-0.02144323022653447,0.0393219175985304,0.048655819974936405,1
98,1774280003.308165,23,-0.1385108284328295,-0.8432865142822266,0.0,0.09132079228918762,0.8432865142822266,6.043910980224609,0.1395266272189349,0.02521731672079667,0.1933327615261078,0.06511083179712221,23,-0.1385108284328295,-0.0729084558601803,0.03730983117170501,0.0476633724173758,1
99,1774280003.4085872,22,-0.10434605858542702,-0.7964372634887695,0.0,0.0690244769770728,0.7964372634887695,6.043910980224609,0.13177514792899409,0.0,0.0,0.0,22,-0.0262639739296653,-0.013821547854128128,0.07733310461044311,0.04425136062803316,1
100,1774280003.508009,21,-0.11154583522251674,-0.7964372634887695,0.0,0.07472451798372388,0.7964372634887695,6.043910980224609,0.13177514792899409,0.0,0.0,0.0,21,-0.03757333396968984,-0.01978141269058769,0.16827110725420494,0.04459563223101521,1
101,1774280003.6081557,21,-0.11154583522251674,-0.7964372634887695,0.0,0.07472451798372388,0.7964372634887695,6.043910980224609,0.13177514792899409,0.0,0.0,0.0,21,-0.06729932058425175,-0.035435704970297965,0.30641418807911425,0.04481875703582232,1
102,1774280003.7087502,24,-0.19910931587219238,-0.8432865142822266,0.0,0.11929936771792882,0.8432865142822266,6.043910980224609,0.1395266272189349,0.0,0.0,0.0,24,-0.15501590336070342,-0.08155968060843528,0.3329619781838523,0.04964161917804805,1
103,1774280003.8088427,22,-0.14480677517977628,-0.8432865142822266,0.0,0.09456004164811262,0.8432865142822266,6.043910980224609,0.1395266272189349,0.0,0.0,0.0,22,-0.14480677517977628,-0.07620239387750206,0.2741810072552074,0.04921376463802964,1
104,1774280003.9086182,21,-0.15170233590262278,-0.8432865142822266,0.0,0.098016828105199,0.8432865142822266,6.043910980224609,0.1395266272189349,0.0,0.0,0.0,21,-0.0703325845245132,-0.037019354417086925,0.17261853707688196,0.04450174520651198,1
105,1774280004.008607,19,-0.1997257533826326,-1.405477523803711,0.0,0.16446192441140647,1.405477523803711,6.043910980224609,0.23254437869822486,0.0,0.0,0.0,19,-0.11383546026129471,-0.05989662885391898,0.11277744422356288,0.04818401172031858,1
106,1774280004.1082118,20,-0.18973946571350098,-1.405477523803711,0.0,0.1581336210776385,1.405477523803711,6.043910980224609,0.23254437869822486,0.0,0.0,0.0,20,-0.14782171500356572,-0.07782594818228471,0.05830670585708013,0.05034967975968085,1
107,1774280004.2087708,18,-0.21082162857055664,-1.405477523803711,0.0,0.17125944751228417,1.405477523803711,6.043910980224609,0.23254437869822486,0.0,0.0,0.0,18,-0.06008925645247751,-0.031617313495239725,0.020504989858829613,0.05073135970756246,1
108,1774280004.3086343,18,-0.21082162857055664,-1.405477523803711,0.0,0.17125944751228417,1.405477523803711,6.043910980224609,0.23254437869822486,0.0,0.0,0.0,18,-0.1305086272103446,-0.06868478306578757,0.006041648797690868,0.05366493933386707,1
109,1774280004.4084918,18,-0.16917785008748373,-1.405477523803711,0.0,0.1558683844709524,1.405477523803711,6.043910980224609,0.23254437869822486,0.0,0.0,0.0,18,0.022478175885749574,0.01183143930481143,0.011897400709298941,0.05293226280067142,1
110,1774280004.5084052,20,-0.2225339412689209,-1.405477523803711,0.0,0.21528757496724893,1.405477523803711,6.043910980224609,0.23254437869822486,0.0,0.0,0.0,20,-0.13552818979535786,-0.07132991552053455,0.023794801418597883,0.05495199092624604,1
111,1774280004.6082356,24,-0.18544495105743408,-1.405477523803711,0.0,0.18628427844724627,1.405477523803711,6.043910980224609,0.23254437869822486,0.0,0.0,0.0,24,-0.14285472306338223,-0.07519809140391297,0.02636355838992379,0.05463441856716663,1
112,1774280004.7084367,21,-0.10485308510916573,-1.405477523803711,0.0,0.11327627742837056,1.405477523803711,6.043910980224609,0.23254437869822486,0.0,0.0,0.0,21,0.01865857607358462,0.009821521585361526,0.02521731672079667,0.05048492214751606,1
113,1774280004.808789,20,-0.18036961555480957,-1.405477523803711,0.0,0.19671912451002527,1.405477523803711,5.992770195007324,0.2345288536134153,0.0,0.0,0.0,20,-0.05259893157265402,-0.027673388886549927,0.021783973129702285,0.05077602442200875,1
114,1774280004.9085193,20,-0.11009573936462402,-1.405477523803711,0.0,0.1183628974033013,1.405477523803711,6.043910980224609,0.23254437869822486,0.0,0.0,0.0,20,-0.01452326774597168,-0.007642472550331293,0.02148141794734531,0.05127487826316325,1
115,1774280005.0087955,21,-0.037925583975655694,-0.7964372634887695,0.0,0.02876699839789024,0.7964372634887695,6.043910980224609,0.13177514792899409,0.0,0.0,0.0,21,0.026492135865347724,0.013940877577224104,0.019333276152610778,0.055543872120809655,1
116,1774280005.1082134,20,-0.18036961555480957,-1.405477523803711,0.0,0.19671912451002527,1.405477523803711,6.043910980224609,0.23254437869822486,0.0,0.0,0.0,20,-0.13963113660397736,-0.07348956101328806,0.011372515383888693,0.05287917623187686,1
117,1774280005.2082558,20,-0.11009573936462402,-1.405477523803711,0.0,0.1183628974033013,1.405477523803711,5.992770195007324,0.2345288536134153,0.0,0.0,0.0,20,0.028415089068205474,0.014954596194560663,0.008787852796641264,0.0475966767891261,1
118,1774280005.3086302,19,-0.16027375271445826,-1.405477523803711,0.0,0.14909187838878038,1.405477523803711,6.043910980224609,0.23254437869822486,0.0,0.0,0.0,19,-0.055927694129031244,-0.029434962163347695,0.0,0.04748615194306575,1
119,1774280005.4085448,20,-0.18973946571350098,-1.405477523803711,0.0,0.1581336210776385,1.405477523803711,6.043910980224609,0.23254437869822486,0.0,0.0,0.0,20,-0.07819363049098424,-0.04114293958017007,0.0,0.04659141334308219,1
120,1774280005.5086508,20,-0.11946558952331543,-0.8432865142822266,0.0,0.08109430535085949,0.8432865142822266,6.043910980224609,0.1395266272189349,0.0,0.0,0.0,20,-0.007919754300798693,-0.0041672059556573104,0.0,0.04621827503674979,1
121,1774280005.607843,18,-0.13273954391479492,-0.8432865142822266,0.0,0.08834280507130643,0.8432865142822266,5.992770195007324,0.14071731216804917,0.0,0.0,0.0,18,0.06636977195739746,0.03494814805887283,0.0,0.04534289913990392,1
122,1774280005.708533,19,-0.1257532521298057,-0.8432865142822266,0.0,0.08457173266405413,0.8432865142822266,6.043910980224609,0.1395266272189349,0.0,0.0,0.0,19,0.019053523049970572,0.010029804411259731,0.0,0.04503653405334456,0
123,1774280005.8081713,21,-0.18739700317382812,-0.8432865142822266,0.0,0.11266908472862269,0.8432865142822266,6.043910980224609,0.1395266272189349,0.0,0.0,0.0,21,-0.03569466727120535,-0.01879108723670804,0.0,0.04542328235024008,0
124,1774280005.9080675,17,-0.04684925079345703,-0.7964372634887695,0.0,0.03511763679853175,0.7964372634887695,6.043910980224609,0.13177514792899409,0.0,0.0,0.0,17,0.15287650258917557,0.08048416812728508,0.0,0.05158987786479127,0
125,1774280006.008537,17,-0.04684925079345703,-0.7964372634887695,0.0,0.03511763679853175,0.7964372634887695,5.992770195007324,0.13289968371426866,0.0,0.0,0.0,17,0.14289021492004395,0.07519250259267186,0.0,0.055391065856508694,0
126,1774280006.1083229,14,0.0,0.0,0.0,0.0,0.0,6.043910980224609,0.0,0.0,0.0,0.0,14,0.21082162857055664,0.11098491471199964,0.0,0.06284551624896445,0
127,1774280006.2079878,15,-0.05621910095214844,-0.8432865142822266,0.0,0.04424822236615,0.8432865142822266,6.043910980224609,0.1395266272189349,0.0,0.0,0.0,15,0.1546025276184082,0.08139744775161283,0.0,0.06274622392796299,0
128,1774280006.308437,18,-0.13273954391479492,-0.8432865142822266,0.0,0.08834280507130643,0.8432865142822266,6.043910980224609,0.1395266272189349,0.0,0.0,0.0,18,0.03643830617268881,0.01917860843530832,0.0,0.05988844173952419,0
129,1774280006.4080496,17,-0.1405477523803711,-0.8432865142822266,0.0,0.0924420145137821,0.8432865142822266,6.043910980224609,0.1395266272189349,0.0,0.0,0.0,17,0.0819861888885498,0.04315870379430113,0.0,0.059151670537672604,0
130,1774280006.5080686,16,-0.10248273611068726,-0.8432865142822266,0.0,0.07358756753950146,0.8432865142822266,5.992770195007324,0.14071731216804917,0.0,0.0,0.0,16,0.08296221494674683,0.043668162686546,0.0,0.05472427910926251,0
131,1774280006.608239,18,-0.1769860585530599,-0.8432865142822266,0.0,0.10987809970528258,0.8432865142822266,5.992770195007324,0.14071731216804917,0.0,0.0,0.0,18,-0.07213297344389417,-0.03796867544535192,0.0,0.054228041521938844,0
132,1774280006.7085555,18,-0.1769860585530599,-0.8432865142822266,0.0,0.10987809970528258,0.8432865142822266,6.043910980224609,0.1395266272189349,0.0,0.0,0.0,18,0.0033835570017496652,0.0017810384062578047,0.0,0.05567386987933878,0
133,1774280006.8080606,17,-0.18739700317382812,-0.8432865142822266,0.0,0.11439053751286445,0.8432865142822266,5.992770195007324,0.14071731216804917,0.0,0.0,0.0,17,-0.0773012638092041,-0.04069469857494188,0.0,0.0560701501731035,0
134,1774280006.9083555,16,-0.1493319869041443,-0.8432865142822266,0.0,0.09690787322602645,0.8432865142822266,5.992770195007324,0.14071731216804917,0.0,0.0,0.0,16,-0.1114064029284886,-0.05864853145677517,0.0,0.05633847740633532,0
135,1774280007.008581,17,-0.1405477523803711,-0.8432865142822266,0.0,0.0924420145137821,0.8432865142822266,5.992770195007324,0.14071731216804917,0.0,0.0,0.0,17,0.03982186317443848,0.0209548222688568,0.0,0.05292573138039698,0
136,1774280007.108476,17,-0.1405477523803711,-0.8432865142822266,0.0,0.0924420145137821,0.8432865142822266,6.043910980224609,0.1395266272189349,0.0,0.0,0.0,17,-0.03045201301574707,-0.016025518371724525,0.0,0.05165717459098243,0
137,1774280007.2078698,16,-0.09662657976150513,-0.7964372634887695,0.0,0.06542546054921772,0.7964372634887695,5.992770195007324,0.13289968371426866,0.0,0.0,0.0,16,0.06364717295295313,0.033511924962134405,0.0,0.05194902628497319,0
138,1774280007.308021,17,-0.1405477523803711,-0.8432865142822266,0.0,0.0924420145137821,0.8432865142822266,6.043910980224609,0.1395266272189349,0.0,0.0,0.0,17,0.04919171333312988,0.02589751375081728,0.0,0.05146395097039781,0
139,1774280007.4084127,17,-0.1405477523803711,-0.8432865142822266,0.0,0.0924420145137821,0.8432865142822266,5.992770195007324,0.14071731216804917,0.0,0.0,0.0,17,-0.021082162857055664,-0.011097265761725483,0.0,0.0494216062687127,0
140,1774280007.508054,17,-0.1405477523803711,-0.8432865142822266,0.0,0.0924420145137821,0.8432865142822266,6.043910980224609,0.1395266272189349,0.0,0.0,0.0,17,-0.007808208465576172,-0.004109126866374833,0.0,0.04958028443765716,0
141,1774280007.6079552,16,-0.049777328968048096,-0.7964372634887695,0.0,0.0371667371878992,0.7964372634887695,6.043910980224609,0.13177514792899409,0.0,0.0,0.0,16,0.07597592316175761,0.03999949269439631,0.0,0.05200975605494146,0
142,1774280007.708568,16,-0.049777328968048096,-0.7964372634887695,0.0,0.0371667371878992,0.7964372634887695,6.043910980224609,0.13177514792899409,0.0,0.0,0.0,16,0.13761967420578003,0.07241628299745498,0.0,0.05410537546065026,0
143,1774280007.8084,17,-0.04684925079345703,-0.7964372634887695,0.0,0.03511763679853175,0.7964372634887695,6.043910980224609,0.13177514792899409,0.0,0.0,0.0,17,0.0,0.0,0.0,0.053386035966868264,0
144,1774280007.907869,16,-0.049777328968048096,-0.7964372634887695,0.0,0.0371667371878992,0.7964372634887695,6.043910980224609,0.13177514792899409,0.0,0.0,0.0,16,-0.0029280781745910645,-0.001541635745036388,0.0,0.053221603442360765,0
145,1774280008.008044,17,-0.04684925079345703,-0.7964372634887695,0.0,0.03511763679853175,0.7964372634887695,6.043910980224609,0.13177514792899409,0.0,0.0,0.0,17,-0.04684925079345703,-0.024661119818152794,0.0,0.053221603442360765,0
146,1774280008.1081243,18,-0.044246514638264976,-0.7964372634887695,0.0,0.03328181897978134,0.7964372634887695,6.043910980224609,0.13177514792899409,0.0,0.0,0.0,18,0.011972586313883461,0.006300908644144002,0.0,0.049462559862108305,0
147,1774280008.2084079,17,-0.04684925079345703,-0.7964372634887695,0.0,0.03511763679853175,0.7964372634887695,6.043910980224609,0.13177514792899409,0.0,0.0,0.0,17,0.08589029312133789,0.04520611289544369,0.0,0.050015439302891075,0
148,1774280008.3085365,16,-0.049777328968048096,-0.7964372634887695,0.0,0.0371667371878992,0.7964372634887695,6.043910980224609,0.13177514792899409,0.0,0.0,0.0,16,0.090770423412323,0.04776166634467497,0.0,0.051379042911150447,0
149,1774280008.4082904,16,-0.049777328968048096,-0.7964372634887695,0.0,0.0371667371878992,0.7964372634887695,6.043910980224609,0.13177514792899409,0.0,0.0,0.0,16,0.05270540714263916,0.027736449744470214,0.0,0.05211735443187128,0
150,1774280008.5084448,17,-0.04684925079345703,-0.7964372634887695,0.0,0.03511763679853175,0.7964372634887695,6.043910980224609,0.13177514792899409,0.0,0.0,0.0,17,0.13013680775960287,0.06848563681583739,0.0,0.05344828517284449,0
151,1774280008.6083224,17,-0.04684925079345703,-0.7964372634887695,0.0,0.03511763679853175,0.7964372634887695,6.043910980224609,0.13177514792899409,0.0,0.0,0.0,17,0.13013680775960287,0.06850145997004761,0.0,0.05138244201070513,0
152,1774280008.7082033,16,0.0,0.0,0.0,0.0,0.0,6.043910980224609,0.0,0.0,0.0,0.0,16,0.18739700317382812,0.09862259616832393,0.0,0.05122812285763862,0
153,1774280008.8080359,16,0.0,0.0,0.0,0.0,0.0,6.043910980224609,0.0,0.0,0.0,0.0,16,0.1493319869041443,0.07860900643424307,0.0,0.048366254900772045,0
154,1774280008.9080412,16,0.0,0.0,0.0,0.0,0.0,6.043910980224609,0.0,0.0,0.0,0.0,16,0.1405477523803711,0.07399351869494261,0.0,0.047651545150675205,0
155,1774280009.0079925,16,0.0,0.0,0.0,0.0,0.0,6.043910980224609,0.0,0.0,0.0,0.0,16,0.1405477523803711,0.07399132688602575,0.0,0.04653984325398381,0
156,1774280009.108479,18,-0.044246514638264976,-0.7964372634887695,0.0,0.033281818979781344,0.7964372634887695,6.043910980224609,0.13177514792899409,0.0,0.0,0.0,18,0.05238006512324015,0.027559618048756358,0.0,0.042709923377308015,0
157,1774280009.2083712,17,-0.04684925079345703,-0.7964372634887695,0.0,0.03511763679853175,0.7964372634887695,5.992770195007324,0.13289968371426866,0.0,0.0,0.0,17,0.09369850158691406,0.04930591573129706,0.0,0.04161864267423609,0
158,1774280009.308444,16,-0.049777328968048096,-0.7964372634887695,0.0,0.0371667371878992,0.7964372634887695,6.043910980224609,0.13177514792899409,0.0,0.0,0.0,16,0.090770423412323,0.04777311935074923,0.0,0.036328759775313586,0
159,1774280009.4086246,16,-0.049777328968048096,-0.7964372634887695,0.0,0.0371667371878992,0.7964372634887695,5.992770195007324,0.13289968371426866,0.0,0.0,0.0,16,0.090770423412323,0.047759563328232287,0.0,0.029432122022492315,0
160,1774280009.5081203,16,-0.049777328968048096,-0.7964372634887695,0.0,0.0371667371878992,0.7964372634887695,6.043910980224609,0.13177514792899409,0.0,0.0,0.0,16,0.0,0.0,0.0,0.019274970242494544,0
161,1774280009.607857,16,-0.049777328968048096,-0.7964372634887695,0.0,0.0371667371878992,0.7964372634887695,5.992770195007324,0.13289968371426866,0.0,0.0,0.0,16,0.0,0.0,0.0,0.019274970242494544,0
162,1774280009.708091,16,-0.049777328968048096,-0.7964372634887695,0.0,0.0371667371878992,0.7964372634887695,6.043910980224609,0.13177514792899409,0.0,0.0,0.0,16,-0.0029280781745910645,-0.0015413443622784575,0.0,0.019274970242494544,0
163,1774280009.8084779,17,-0.04684925079345703,-0.7964372634887695,0.0,0.03511763679853175,0.7964372634887695,6.043910980224609,0.13177514792899409,0.0,0.0,0.0,17,0.0029280781745910645,0.0015406001532164094,0.0,0.019274970242494544,0
164,1774280009.9079492,17,-0.04684925079345703,-0.7964372634887695,0.0,0.03511763679853175,0.7964372634887695,6.043910980224609,0.13177514792899409,0.0,0.0,0.0,17,0.0,0.0,0.0,0.01919889402550069,0
165,1774280010.0089257,17,-0.04684925079345703,-0.7964372634887695,0.0,0.03511763679853175,0.7964372634887695,5.992770195007324,0.13289968371426866,0.0,0.0,0.0,17,-0.002602736155192055,-0.0013692835703490013,0.0,0.01919889402550069,0
166,1774280010.1077838,16,0.0,0.0,0.0,0.0,0.0,6.043910980224609,0.0,0.0,0.0,0.0,16,0.04684925079345703,0.02466560221726818,0.0,0.020857411452722376,0
167,1774280010.20788,17,-0.04684925079345703,-0.7964372634887695,0.0,0.03511763679853175,0.7964372634887695,6.043910980224609,0.13177514792899409,0.0,0.0,0.0,17,0.0029280781745910645,0.001541626456236826,0.0,0.020857411452722376,0
168,1774280010.308453,17,-0.04684925079345703,-0.7964372634887695,0.0,0.03511763679853175,0.7964372634887695,6.043910980224609,0.13177514792899409,0.0,0.0,0.0,17,0.0029280781745910645,0.0015409618236706794,0.0,0.02077050822641222,0
169,1774280010.4081845,17,-0.04684925079345703,-0.7964372634887695,0.0,0.03511763679853175,0.7964372634887695,6.043910980224609,0.13177514792899409,0.0,0.0,0.0,17,0.0,0.0,0.0,0.02068220353951141,0
170,1774280010.5085537,15,-0.05309581756591797,-0.7964372634887695,0.0,0.039468321801905404,0.7964372634887695,6.043910980224609,0.13177514792899409,0.0,0.0,0.0,15,-0.0062465667724609375,-0.0032872664347010873,0.0,0.020893711454501036,0
171,1774280010.6087005,21,-0.2186298370361328,-1.405477523803711,0.0,0.16729651974856097,1.405477523803711,6.043910980224609,0.23254437869822486,0.0,0.0,0.0,21,-0.2186298370361328,-0.11503823170807437,0.0,0.04498549396237047,0
172,1774280010.7079356,19,-0.2120545035914371,-0.8432865142822266,0.0,0.12623136689943149,0.8432865142822266,5.992770195007324,0.14071731216804917,0.010175408501374094,0.1933327615261078,0.04317060211598919,19,-0.2120545035914371,-0.11161352424620039,0.0,0.05668348455818218,0
173,1774280010.8085048,23,-0.3279447555541992,-0.9369850158691406,0.0,0.1690990554537996,0.9369850158691406,6.043910980224609,0.15502958579881657,0.08405772240265556,0.7733310461044312,0.1960546142880579,23,-0.3279447555541992,-0.17256039990355185,0.0,0.0806837907882547,0
174,1774280010.9086988,17,-0.1405477523803711,-0.8432865142822266,0.0,0.0924420145137821,0.8432865142822266,6.043910980224609,0.1395266272189349,0.0,0.0,0.0,17,-0.1405477523803711,-0.07394501350954699,0.0,0.08025763121490079,0
175,1774280011.008309,21,-0.11377675192696708,-0.8432865142822266,0.0,0.07787992922667583,0.8432865142822266,6.043910980224609,0.1395266272189349,0.04603160988716852,0.3866655230522156,0.11789844678263292,21,-0.06953023728870211,-0.03659813891120703,0.0,0.07849285550384527,0
176,1774280011.1081593,19,-0.1306847522133275,-0.8432865142822266,0.0,0.09116236948704727,0.8432865142822266,6.043910980224609,0.1395266272189349,0.040701634005496375,0.3866655230522156,0.11866463496382453,19,-0.08383550141987048,-0.04412886868779087,0.0,0.07854505329329761,0
177,1774280011.2081666,22,-0.10860508138483221,-0.8432865142822266,0.0,0.07490160214376922,0.8432865142822266,6.043910980224609,0.1395266272189349,0.10545423355969516,0.7733310461044312,0.2653873346246903,22,-0.05882775241678412,-0.030966496453536264,0.0,0.07805229936285696,0
178,1774280011.3085034,18,-0.13273954391479492,-0.8432865142822266,0.0,0.08834280507130643,0.8432865142822266,6.043910980224609,0.1395266272189349,0.03222212692101797,0.5799982845783234,0.13285523277741546,18,-0.08296221494674683,-0.04366711053000193,0.0,0.07791497399150259,0
179,1774280011.4083276,18,-0.04684925079345703,-0.8432865142822266,0.0,0.03731248909843998,0.8432865142822266,6.043910980224609,0.1395266272189349,0.13962921665774453,0.9666638076305389,0.31442955438915465,18,0.0029280781745910645,0.0015409256683178907,0.0,0.07800422841727331,0
180,1774280011.5083697,21,-0.14277866908482142,-0.7964372634887695,0.0,0.08684846402131223,0.7964372634887695,6.043910980224609,0.13177514792899409,0.11047586372920445,0.7733310461044312,0.2706094950297985,21,-0.09300134011677333,-0.0489348691782778,0.0,0.07789596691713047,0
181,1774280011.608522,22,-0.1362887295809659,-0.7964372634887695,0.0,0.08378531217583583,0.7964372634887695,6.043910980224609,0.13177514792899409,0.11424208635633643,0.9666638076305389,0.2517992035583765,22,-0.08651140061291782,-0.04552199177847702,0.0,0.07736397120204566,0
182,1774280011.7083683,19,-0.12082175204628393,-0.7964372634887695,0.0,0.07793245645491342,0.7964372634887695,6.043910980224609,0.13177514792899409,0.11192949351511504,0.9666638076305389,0.2963123682332904,19,-0.0739725012528269,-0.03893514087143463,0.0,0.07638342678877455,0
183,1774280011.807956,19,-0.08136975137810958,-0.7964372634887695,0.0,0.05633656900540083,0.7964372634887695,6.043910980224609,0.13177514792899409,0.1628065360219855,0.9666638076305389,0.3214527341515336,19,-0.034520500584652544,-0.018168619770176666,0.0,0.07535858265065781,0
184,1774280011.9085944,20,-0.2272188663482666,-0.8432865142822266,0.0,0.12121620539318201,0.8432865142822266,6.043910980224609,0.1395266272189349,0.13533293306827546,0.7733310461044312,0.25281539099038564,20,-0.18036961555480957,-0.09494793285162707,0.0,0.0780051573675743,0
185,1774280012.00809,18,-0.08589029312133789,-0.7964372634887695,0.0,0.05907810773919664,0.7964372634887695,6.043910980224609,0.13177514792899409,0.12888850768407187,0.9666638076305389,0.3022703438507469,18,-0.08589029312133789,-0.04519813280585241,0.0,0.07665091948664882,0
186,1774280012.1079948,17,0.0,0.0,0.0,0.0,0.0,6.043910980224609,0.0,0.2047052769099965,0.9666638076305389,0.3720046956528371,17,0.04684925079345703,0.024656011003733033,0.0,0.07665091948664882,0
187,1774280012.208168,17,-0.090942663304946,-0.7964372634887695,0.0,0.06209381454688485,0.7964372634887695,6.043910980224609,0.13177514792899409,0.06823509230333216,0.3866655230522156,0.1474046465832739,17,-0.044093412511488975,-0.02321054144833513,0.0,0.07510521155890258,0
188,1774280012.3083727,17,0.0,0.0,0.0,0.0,0.0,6.043910980224609,0.0,0.09098012307110954,0.3866655230522156,0.16401674939045488,17,0.04684925079345703,0.024655058170253402,0.0,0.07811997909452591,0
189,1774280012.407997,20,-0.11243820190429688,-0.7964372634887695,0.0,0.07185946429899559,0.7964372634887695,6.043910980224609,0.13177514792899409,0.0966663807630539,0.5799982845783234,0.20732628917049448,20,-0.059342384338378906,-0.031241990239043275,0.003515141118656505,0.07629993357994204,0
190,1774280012.5079877,17,-0.15983862035414753,-0.7495880126953125,0.0,0.08367779460342188,0.7495880126953125,6.043910980224609,0.12402366863905326,0.13647018460666432,0.7733310461044312,0.26329276651673655,17,0.05879121668198528,0.030954358005876537,0.03375651391725692,0.07486398494919524,0
191,1774280012.6087737,19,-0.15287650258917557,-0.7964372634887695,0.0,0.08821968662512043,0.7964372634887695,6.043910980224609,0.13177514792899409,0.07122785950961866,0.5799982845783234,0.1797335492026708,19,0.05917800100226153,0.03113258296986847,0.0360450911319862,0.07227539956870833,0
192,1774280012.708357,19,-0.0690410011693051,-0.7495880126953125,0.0,0.04144075699771335,0.7495880126953125,6.043910980224609,0.12402366863905326,0.13228031051786324,0.5799982845783234,0.23513781699822878,19,0.2589037543848941,0.13627572926388676,0.047540842998223226,0.07047815604342701,0
193,1774280012.8079605,21,-0.10708400181361608,-0.7964372634887695,0.0,0.06901093421888341,0.7964372634887695,6.043910980224609,0.13177514792899409,0.12888850768407187,0.5799982845783234,0.23363026054602423,21,0.03346375056675502,0.01761934668466751,0.030526225504122283,0.051673463672724775,0
194,1774280012.9080875,20,-0.07027387619018555,-1.405477523803711,0.0,0.09382993582107702,1.405477523803711,6.043910980224609,0.23254437869822486,0.02899991422891617,0.1933327615261078,0.06903360396656207,20,0.043502875736781535,0.022898918660082753,0.06548367729110102,0.05172932433025852,0
195,1774280013.0084581,23,-0.0611077184262483,-1.405477523803711,0.0,0.0821513715277562,1.405477523803711,6.043910980224609,0.23254437869822486,0.05043463344159334,0.3866655230522156,0.11707885953199446,23,0.06957703378707922,0.03661373282339205,0.062259702864339794,0.0525233536216758,0
196,1774280013.108426,23,-0.09369850158691406,-1.405477523803711,0.0,0.10153577596097223,1.405477523803711,6.043910980224609,0.23254437869822486,0.05043463344159334,0.3866655230522156,0.1022606328426165,23,0.014906579797918151,0.007844496943104195,0.09333305728846583,0.05212489851058717,0
197,1774280013.2086291,24,-0.19325315952301025,-4.638075828552246,0.0,0.8589760243093991,4.638075828552246,5.992770195007324,0.7739452169242704,0.016111063460508983,0.3866655230522156,0.07726594601800069,24,-0.06051361560821533,-0.03184716372814301,0.09497047934615821,0.05594868177207612,0
198,1774280013.3080533,24,0.031232833862304688,0.0,0.7495880126953125,0.022436267954617506,0.7495880126953125,6.043910980224609,0.12402366863905326,0.04833319038152695,0.5799982845783234,0.12787760181985938,24,0.07808208465576172,0.04110176835495161,0.12043680226216551,0.06276809715437723,0
199,1774280013.408492,22,0.0,0.0,0.0,0.0,0.0,5.992770195007324,0.0,0.05272711677984758,0.3866655230522156,0.13269366731234514,22,0.14277866908482142,0.07514182706169446,0.11225773249903033,0.06537953255147326,0
200,1774280013.5083764,22,-0.03407218239524148,-0.7495880126953125,0.0,0.024379185876666674,0.7495880126953125,5.992770195007324,0.12508205526048816,0.06151496957648884,0.7733310461044312,0.16880913971149714,22,0.10221654718572443,0.05380230507282836,0.12888850768407187,0.0655904702608405,0
201,1774280013.6077,18,-0.08589029312133789,-1.546025276184082,0.0,0.12541142169197883,1.546025276184082,5.992770195007324,0.2579817389747568,0.10740708973672655,0.5799982845783234,0.2060425227146685,18,0.034931458924946035,0.018391446284506674,0.13666626245811067,0.06465793013977819,0
202,1774280013.7080688,21,-0.0646965844290597,-1.358628273010254,0.0,0.08371296073572905,1.358628273010254,6.043910980224609,0.22479289940828404,0.07365057581946963,0.3866655230522156,0.15183455174561764,21,0.01667316694904987,0.008774829766958134,0.14245571901923731,0.06429087947782251,0
203,1774280013.807791,19,0.0,0.0,0.0,0.0,0.0,6.043910980224609,0.0,0.10175408501374095,0.3866655230522156,0.17026715093509415,19,0.2272188663482666,0.11963946406943275,0.15466620922088622,0.06678663720847455,0
204,1774280013.9082115,19,0.0,0.0,0.0,0.0,0.0,5.992770195007324,0.0,0.09157867651236684,0.5799982845783234,0.21149189414577863,19,0.08589029312133789,0.045202528029017953,0.1338457579796131,0.05951206438496152,0
205,1774280014.0079243,15,-0.037479400634765625,-0.5621910095214844,0.0,0.01966587660717778,0.5621910095214844,5.992770195007324,0.09381154144536612,0.06444425384203593,0.9666638076305389,0.24112831842318874,15,-0.037479400634765625,-0.019726732056014884,0.1213068307614794,0.05969880371237853,0
206,1774280014.1077812,20,0.0,0.0,0.0,0.0,0.0,5.992770195007324,0.0,0.17399948537349702,0.7733310461044312,0.3050739519059011,20,0.090942663304946,0.0478743072963523,0.08592567178938124,0.05969880371237854,0
207,1774280014.2083352,21,-0.1650878361293248,-1.405477523803711,0.0,0.11760625815608063,1.405477523803711,6.043910980224609,0.23254437869822486,0.11047586372920445,0.7733310461044312,0.24287945485181833,21,-0.1650878361293248,-0.08689005315943134,0.10740708973672655,0.06337893848311608,0
208,1774280014.307745,18,-0.06506840387980144,-0.6090402603149414,0.0,0.033932145587161566,0.6090402603149414,5.992770195007324,0.10162916989914662,0.12888850768407187,0.5799982845783234,0.2411283184231887,18,0.04736979802449544,0.024934778642710535,0.10011875150459153,0.06140405390337475,0
209,1774280014.407676,16,0.0,0.0,0.0,0.0,0.0,6.043910980224609,0.0,0.07249978557229042,0.3866655230522156,0.15092033859442225,16,0.15983862035414753,0.08413939543515173,0.11248451579700816,0.06258328979593782,0
210,1774280014.5082545,17,-0.030314221101648667,-0.5153417587280273,0.0,0.014703232015994262,0.5153417587280273,6.043910980224609,0.08526627218934911,0.10235263845499824,0.5799982845783234,0.22110696987491085,17,0.1225622814875269,0.0645240953297678,0.11141209986250279,0.059189944010398454,0
211,1774280014.6084516,17,0.0633842804852654,0.0,0.5621910095214844,0.030196307074170033,0.5621910095214844,6.043910980224609,0.09301775147928994,0.13647018460666432,0.7733310461044312,0.2948092931665478,17,0.13242528165457051,0.06969404996363567,0.0966663807630539,0.06095092689378504,0
212,1774280014.7083902,17,0.0,0.0,0.0,0.0,0.0,6.043910980224609,0.0,0.06823509230333216,0.3866655230522156,0.1474046465832739,17,0.10708400181361608,0.05634725681696067,0.06947896117344499,0.06167586666012961,0
213,1774280014.8081968,18,-0.023424625396728516,-0.4216432571411133,0.0,0.009328122274609996,0.4216432571411133,6.043910980224609,0.06976331360946746,0.03222212692101797,0.1933327615261078,0.07205086617502215,18,0.04684925079345703,0.024656082159837663,0.043939263983206314,0.06018785546568611,0
214,1774280014.9086099,20,0.0,0.0,0.0,0.0,0.0,6.043910980224609,0.0,0.0,0.0,0.0,20,0.0611077184262483,0.03215938889239911,0.038666552305221556,0.0604554352561656,0
215,1774280015.0079594,19,0.0,0.0,0.0,0.0,0.0,6.043910980224609,0.0,0.07122785950961866,0.5799982845783234,0.17973354920267082,19,0.09369850158691406,0.0493271178654537,0.038121952976979,0.06075249605375807,0
216,1774280015.1082501,23,0.0,0.0,0.0,0.0,0.0,6.043910980224609,0.0,0.033623088961062225,0.3866655230522156,0.10895126051807201,23,0.19325315952301025,0.10173248164940256,0.038666552305221556,0.05964165502004915,0
217,1774280015.2085464,24,-0.08003413677215576,-1.405477523803711,0.0,0.08696721187639866,1.405477523803711,6.043910980224609,0.23254437869822486,0.008055531730254492,0.1933327615261078,0.03863297300900034,24,-0.11126697063446045,-0.058546367782401895,0.054019448073471296,0.048169649329498784,0
218,1774280015.3078532,23,-0.0203692394754161,-0.4684925079345703,0.0,0.00912793016975069,0.4684925079345703,6.043910980224609,0.07751479289940828,0.0,0.0,0.0,23,-0.0203692394754161,-0.010724258338945877,0.0717202179854916,0.046463207382105985,0
219,1774280015.4079802,28,0.03681012562343052,-0.5621910095214844,1.405477523803711,0.12986582715324385,1.9676685333251953,6.043910980224609,0.3255621301775148,0.006904741483075278,0.1933327615261078,0.035878089185444606,28,0.070882308018672,0.037314258051310854,0.07923473833037205,0.04819896912071311,0
220,1774280015.5082867,22,-0.04684925079345703,-0.6558895111083984,0.0,0.023744311244461806,0.6558895111083984,6.043910980224609,0.1085207100591716,0.008787852796641264,0.1933327615261078,0.04027100063673795,22,0.03904104232788086,0.020541575018835526,0.09333305728846583,0.0483951231902611,0
221,1774280015.6085312,20,-0.018739700317382812,-0.37479400634765625,0.0,0.006672350991721032,0.37479400634765625,6.043910980224609,0.06201183431952663,0.02899991422891617,0.1933327615261078,0.06903360396656207,20,0.04595688411167689,0.02418194876039868,0.0884743145966934,0.04640882462796757,0
222,1774280015.7084863,22,-0.04259022799405185,-1.405477523803711,1.405477523803711,0.19791763177106392,2.810955047607422,6.043910980224609,0.4650887573964497,0.05272711677984758,0.3866655230522156,0.13269366731234514,22,-0.04259022799405185,-0.0224077091459739,0.08754691087974692,0.04564994123915674,0
223,1774280015.8086321,22,-0.09795752438631924,-1.405477523803711,0.37479400634765625,0.11610950059266618,1.7802715301513672,6.043910980224609,0.2945562130177515,0.008787852796641264,0.1933327615261078,0.04027100063673795,22,-0.09795752438631924,-0.051545179523779794,0.11456756238584165,0.048261986627188995,0
224,1774280015.9080558,21,-0.01338550022670201,-1.405477523803711,0.5153417587280273,0.1526243551677685,1.9208192825317383,6.043910980224609,0.317810650887574,0.018412643954867407,0.1933327615261078,0.056751580113533366,21,0.024093900408063616,0.012680122857018458,0.12083297595381737,0.04798344520060909,0
225,1774280016.0083756,22,0.01916560259732333,-0.6558895111083984,1.2649297714233398,0.12843060327624195,1.9208192825317383,6.043910980224609,0.317810650887574,0.05272711677984758,0.3866655230522156,0.13269366731234514,22,0.01916560259732333,0.010084004173825491,0.1376267115948564,0.04894665233161279,0
226,1774280016.1077833,22,0.07027387619018555,-0.6558895111083984,1.2649297714233398,0.12026792943360802,1.9208192825317383,6.043910980224609,0.317810650887574,0.0,0.0,0.0,22,0.23536171231951034,0.12391057451704283,0.10545423355969516,0.0529204521469642,0
227,1774280016.208575,18,-0.07027387619018555,-1.405477523803711,0.5153417587280273,0.12736240151411948,1.9208192825317383,6.043910980224609,0.317810650887574,0.04296283589469062,0.3866655230522156,0.12151725040056222,18,-0.00520547231038411,-0.0027385259213185105,0.10235263845499824,0.04311234955747626,0
228,1774280016.3079467,19,0.007397250125282689,-0.4216432571411133,0.5621910095214844,0.025936952663181512,0.9838342666625977,6.043910980224609,0.1627810650887574,0.020350817002748187,0.3866655230522156,0.08634120423197839,19,0.007397250125282689,0.003892734926404231,0.1043996912240982,0.04186054723835701,0
229,1774280016.4078925,21,-0.11377675192696708,-1.405477523803711,0.0,0.1046362239303191,1.405477523803711,6.043910980224609,0.23254437869822486,0.06444425384203593,1.3533293306827545,0.2882034647000887,21,-0.08346253082531842,-0.04393602021506648,0.10235263845499824,0.04718833042231971,0
230,1774280016.508235,18,-0.13273954391479492,-1.405477523803711,0.0,0.11955848222555687,1.405477523803711,6.043910980224609,0.23254437869822486,0.0,0.0,0.0,18,-0.19612382440006032,-0.10323483571858212,0.0780766921547743,0.053393230400267125,0
231,1774280016.6079173,20,-0.04919171333312988,-0.5621910095214844,0.0,0.022272263713318807,0.5621910095214844,6.043910980224609,0.09301775147928994,0.02899991422891617,0.1933327615261078,0.06903360396656207,20,-0.04919171333312988,-0.02589682139031634,0.03163627006790855,0.04978545603871952,0
232,1774280016.708098,22,-0.10860508138483221,-1.405477523803711,0.0,0.10044170163361053,1.405477523803711,6.043910980224609,0.23254437869822486,0.017575705593282528,0.3866655230522156,0.0805420012734759,22,-0.0851804559881037,-0.04483415145772654,0.033918028337913644,0.05221346042175498,0
233,1774280016.8087132,20,0.0,0.0,0.0,0.0,0.0,6.043910980224609,0.0,0.019333276152610778,0.3866655230522156,0.08427179699679521,20,0.0,0.0,0.03430097381914816,0.05270279152508904,0
234,1774280016.9083402,20,0.0,0.0,0.0,0.0,0.0,6.043910980224609,0.0,0.009666638076305389,0.1933327615261078,0.042135898498397606,20,0.0,0.0,0.035151411186565056,0.05270279152508904,0
235,1774280017.0083766,21,-0.04684925079345703,-0.5153417587280273,0.0,0.02090335523722128,0.5153417587280273,6.043910980224609,0.08526627218934911,0.018412643954867407,0.1933327615261078,0.056751580113533366,21,-0.04684925079345703,-0.02465585941166226,0.013809482966150557,0.05222101498452677,0
236,1774280017.1083584,20,-0.10541081428527832,-0.5621910095214844,0.0,0.044747551264379126,0.5621910095214844,6.043910980224609,0.09301775147928994,0.0,0.0,0.0,20,-0.02537667751312256,-0.013357467864583418,0.005155540307362874,0.05368262058529471,0
237,1774280017.2081695,22,-0.05110827359286221,-0.6558895111083984,0.0,0.02691868440548611,0.6558895111083984,6.043910980224609,0.1085207100591716,0.0,0.0,0.0,22,-0.030739034117446114,-0.016175746697441054,0.005296787987016651,0.052987389443640114,0
238,1774280017.3079355,23,-0.0020369239475416102,-0.6558895111083984,0.5621910095214844,0.05353116138641971,1.2180805206298828,6.043910980224609,0.20153846153846153,0.0,0.0,0.0,23,-0.03884704957097213,-0.020446296883761518,0.013809482966150557,0.053461822005655454,0
239,1774280017.4076765,19,-0.03452050058465255,-0.6558895111083984,0.0,0.021449969291069952,0.6558895111083984,6.043910980224609,0.1085207100591716,0.0,0.0,0.0,19,0.01232875020880448,0.006490900695350206,0.030208243988454342,0.05063725088641703,0
240,1774280017.5085943,20,-0.06324648857116699,-0.6558895111083984,0.0,0.03605593615674252,0.6558895111083984,6.043910980224609,0.1085207100591716,0.0,0.0,0.0,20,-0.04450678825378418,-0.023423848244331285,0.030208243988454342,0.05084371755190911,0
241,1774280017.6079972,18,-0.11452039082845052,-1.405477523803711,0.0,0.12052719790113366,1.405477523803711,6.043910980224609,0.23254437869822486,0.0,0.0,0.0,18,-0.07193016283439867,-0.03786772917824692,0.026769151595922618,0.05283508432538844,0
242,1774280017.708191,20,-0.06324648857116699,-0.6558895111083984,0.0,0.03605593615674252,0.6558895111083984,6.043910980224609,0.1085207100591716,0.0,0.0,0.0,20,0.03471103581515225,0.01827320961768437,0.026769151595922618,0.052931428931860314,0
243,1774280017.8084888,19,-0.03452050058465255,-0.6558895111083984,0.0,0.021449969291069952,0.6558895111083984,6.043910980224609,0.1085207100591716,0.010175408501374094,0.1933327615261078,0.04317060211598919,19,-0.021135000357950542,-0.011121149575743425,0.023794801418597883,0.051760552429879196,0
244,1774280017.908291,18,-0.07808208465576172,-1.405477523803711,0.0,0.10364580305122217,1.405477523803711,6.043910980224609,0.23254437869822486,0.0,0.0,0.0,18,-0.09724768725308505,-0.051185270853219306,0.031182703471952868,0.051684664695769045,0
245,1774280018.0084572,22,0.025554136796431107,0.0,0.5621910095214844,0.013713292055625005,0.5621910095214844,6.043910980224609,0.09301775147928994,0.0,0.0,0.0,22,-0.04471973939375444,-0.023528360223876183,0.0196609587992652,0.05212017718552903,0
246,1774280018.1083336,19,-0.1479450025056538,-1.405477523803711,0.0,0.18604565201438217,1.405477523803711,6.043910980224609,0.23254437869822486,0.0,0.0,0.0,19,-0.07767112631546824,-0.040884735166688155,0.043333205169644846,0.04890939342308647,0
247,1774280018.2079709,19,-0.17999975304854543,-1.405477523803711,0.0,0.19505609829821602,1.405477523803711,6.043910980224609,0.23254437869822486,0.0,0.0,0.0,19,-0.18739700317382812,-0.0986287467159827,0.029999911271292586,0.05555185287383428,0
248,1774280018.3083665,17,-0.08267514845904182,-1.405477523803711,0.0,0.10936288276359368,1.405477523803711,6.043910980224609,0.23254437869822486,0.0,0.0,0.0,17,0.03110160346792526,0.016365181685080048,0.032768264665442,0.05312719762516357,0
249,1774280018.4086678,22,0.025554136796431107,0.0,0.5621910095214844,0.013713292055625005,0.5621910095214844,6.043910980224609,0.09301775147928994,0.0,0.0,0.0,22,0.15829368071122601,0.08329348905234493,0.016111063460508983,0.05588181619024159,0
250,1774280018.5079634,21,0.07362025124686104,0.0,1.546025276184082,0.10839882787301888,1.546025276184082,6.043910980224609,0.2557988165680473,0.018412643954867407,0.1933327615261078,0.056751580113533366,21,0.12281196457999093,0.06463630746839547,0.021827892430367007,0.06074091516935646,0
251,1774280018.6082876,21,0.02677100045340402,0.0,0.5621910095214844,0.01433372930552317,0.5621910095214844,6.043910980224609,0.09301775147928994,0.018412643954867407,0.1933327615261078,0.056751580113533366,21,0.13537608183823624,0.07124345861127028,0.015591351735976434,0.06311758881301414,0
252,1774280018.7084415,25,0.07870674133300781,-0.6558895111083984,1.9676685333251953,0.32689603390281263,2.6235580444335938,6.043910980224609,0.4340828402366864,0.023199931383132935,0.1933327615261078,0.06282571118049703,25,0.07870674133300781,0.04143052530622971,0.015846947666074408,0.06720404471786415,0
253,1774280018.808482,23,-0.02648001131804093,-0.6090402603149414,0.0,0.015426201986878673,0.6090402603149414,6.043910980224609,0.10076923076923076,0.008405772240265556,0.1933327615261078,0.03942656658922785,23,-0.02648001131804093,-0.013935808626809444,0.009508168599644646,0.06668746858496477,0
254,1774280018.908344,25,-0.024361610412597656,-0.6090402603149414,0.0,0.014243713485484477,0.6090402603149414,6.043910980224609,0.10076923076923076,0.007733310461044311,0.1933327615261078,0.03788532930417179,25,0.022487640380859375,0.011835803078438172,0.006137547984955803,0.06616577420829499,0
255,1774280019.0087168,24,0.003904104232788086,-0.6558895111083984,1.405477523803711,0.1181409734485328,2.0613670349121094,6.043910980224609,0.34106508875739644,0.0,0.0,0.0,24,0.1093149185180664,0.05752331576185272,0.0,0.06687148476057314,0
256,1774280019.1081302,22,-0.059626319191672585,-0.6558895111083984,0.0,0.03555297940347223,0.6558895111083984,6.043910980224609,0.1085207100591716,0.008787852796641264,0.1933327615261078,0.04027100063673795,22,-0.008518045598810371,-0.00448327449425327,0.0,0.06531419305507645,0
257,1774280019.2083685,21,0.12046950204031807,0.0,1.405477523803711,0.1098620627396244,1.405477523803711,6.043910980224609,0.23254437869822486,0.0,0.0,0.0,21,0.12250642598785969,0.0644623735191099,0.0,0.07356734432091612,0
258,1774280019.3081088,20,-0.0726163387298584,-1.452326774597168,1.405477523803711,0.2977262273518022,2.857804298400879,6.043910980224609,0.4728402366863905,0.0,0.0,0.0,20,-0.03809583814520585,-0.02004587965483708,0.0,0.07393712515431174,0
259,1774280019.4084272,21,-0.1606260027204241,-1.499176025390625,1.405477523803711,0.3289292256257035,2.904653549194336,6.043910980224609,0.4805917159763314,0.0,0.0,0.0,21,-0.09737951414925711,-0.05125688205089701,0.0,0.0791320997001381,0
260,1774280019.5078807,19,-0.16520525279798007,-1.8271207809448242,0.0,0.2389774639894544,1.8271207809448242,6.043910980224609,0.30230769230769233,0.0,0.0,0.0,19,-0.05068486196952955,-0.026677878795150076,0.0033918028337913647,0.0837643815885109,0
261,1774280019.6083732,19,0.0,0.0,0.0,0.0,0.0,6.043910980224609,0.0,0.020350817002748187,0.1933327615261078,0.05933231748191226,19,0.06324648857116699,0.03328443293564746,0.0033918028337913647,0.08256935939848432,0
262,1774280019.7079282,22,-0.029813159595836292,-0.6558895111083984,0.0,0.01866531418682292,0.6558895111083984,6.043910980224609,0.1085207100591716,0.008787852796641264,0.1933327615261078,0.04027100063673795,22,0.004707340988816259,0.0024782791966030124,0.0032768264665441996,0.08236004964410396,0
263,1774280019.808264,21,-0.11154583522251674,-0.6558895111083984,0.0,0.05340309564175818,0.6558895111083984,6.043910980224609,0.1085207100591716,0.0,0.0,0.0,21,-0.03346375056675502,-0.0176127513666778,0.0,0.08401463195135266,0
264,1774280019.9082286,20,-0.09135603904724121,-0.6558895111083984,0.0,0.0475130651622635,0.6558895111083984,6.043910980224609,0.1085207100591716,0.0,0.0,0.0,20,-0.11691017584367232,-0.06153907393632356,0.0,0.08437069015402034,0
265,1774280020.0082674,23,-0.12832620869512143,-0.6558895111083984,0.0,0.0597796444935309,0.6558895111083984,6.043910980224609,0.1085207100591716,0.0,0.0,0.0,23,0.01961879381053236,0.010326040652372487,0.0,0.08506595331905152,0
266,1774280020.1090908,21,-0.04238741738455636,-1.405477523803711,0.5153417587280273,0.10491493533348198,1.9208192825317383,6.043910980224609,0.317810650887574,0.018412643954867407,0.1933327615261078,0.056751580113533366,21,0.13761233566398906,0.0723848781081735,0.0,0.08189032893848011,0
267,1774280020.2085261,23,-0.032590783160665764,-0.6558895111083984,0.5153417587280273,0.04531602423364409,1.1712312698364258,6.043910980224609,0.1937869822485207,0.0,0.0,0.0,23,0.05008436529837606,0.026357978228244518,0.006444425384203593,0.07555362277316702,0
268,1774280020.3084452,25,0.08620262145996094,-1.2180805206298828,1.8271207809448242,0.3270645985594456,3.045201301574707,5.992770195007324,0.5081458494957332,0.023199931383132935,0.1933327615261078,0.06282571118049703,25,0.06064848466352983,0.03192399502552656,0.012083297595381737,0.07909938760737428,0
269,1774280020.4091241,23,0.0,0.0,0.0,0.0,0.0,6.043910980224609,0.0,0.016811544480531113,0.1933327615261078,0.054475630259036005,23,-0.07362025124686104,-0.03872384411699083,0.020198945234070963,0.07845220782415306,0
270,1774280020.5090802,23,-0.02648001131804093,-0.6090402603149414,0.0,0.015426201986878673,0.6090402603149414,6.043910980224609,0.10076923076923076,0.05043463344159334,0.3866655230522156,0.13022166359424442,23,-0.05325101177144495,-0.02801516157374669,0.016811544480531113,0.07493899184179124,0
271,1774280020.6096349,23,0.028516935265582542,0.0,0.6558895111083984,0.01789074313271135,0.6558895111083984,5.992770195007324,0.10944679835292713,0.06724617792212445,0.3866655230522156,0.14655964695094822,23,-0.05018980606742527,-0.02639910625926519,0.01324196996754163,0.07500928224042586,0
272,1774280020.7085965,24,0.0,0.0,0.0,0.0,0.0,6.043910980224609,0.0,0.07249978557229042,0.5799982845783234,0.19181640272978906,24,0.02648001131804093,0.013936007968134184,0.005370354486836327,0.07102076049013395,0
273,1774280020.809117,24,0.0,0.0,0.0,0.0,0.0,6.043910980224609,0.0,0.07249978557229042,0.5799982845783234,0.19181640272978906,24,0.024361610412597656,0.01281668552334172,0.005445993282425571,0.07144295167762754,0
274,1774280020.9087937,23,0.0,0.0,0.0,0.0,0.0,6.043910980224609,0.0,0.10086926688318668,0.5799982845783234,0.21983947042642232,23,-0.003904104232788086,-0.002054708576447707,0.0028855636048672802,0.07182558344869831,0
275,1774280021.009173,24,-0.10541081428527832,-0.7027387619018555,0.0,0.056014459737241395,0.7027387619018555,6.043910980224609,0.11627218934911243,0.0966663807630539,0.5799982845783234,0.2161525985250665,24,-0.045784495093605736,-0.024083885700247092,0.0030687739924779014,0.07287914777772883,0
276,1774280021.1091003,24,-0.04489719867706299,-0.5621910095214844,0.0,0.022219069029105754,0.5621910095214844,6.043910980224609,0.09301775147928994,0.0966663807630539,0.5799982845783234,0.2161525985250665,24,-0.16536670071738108,-0.08700159619812511,0.0,0.07274674853310364,0
277,1774280021.2089124,21,-0.11823858533586774,-0.7027387619018555,0.0,0.06033106480609436,0.7027387619018555,6.043910980224609,0.11627218934911243,0.04603160988716852,0.3866655230522156,0.11789844678263292,21,-0.045622246606009345,-0.02400155777407316,0.0,0.06478226991699589,0
278,1774280021.3088815,20,0.0,0.0,0.0,0.0,0.0,6.043910980224609,0.0,0.038666552305221556,0.3866655230522156,0.0985807523638404,20,0.1606260027204241,0.08451979307131612,0.006553652933088399,0.06548548638288679,0
279,1774280021.4084938,20,0.0,0.0,0.0,0.0,0.0,6.043910980224609,0.0,0.02899991422891617,0.1933327615261078,0.06903360396656207,20,0.16520525279798007,0.08692208606060967,0.009666638076305389,0.060749375924538815,0
280,1774280021.5086253,17,0.0,0.0,0.0,0.0,0.0,6.043910980224609,0.0,0.0,0.0,0.0,17,0.0,0.0,0.00935481104158586,0.05388118140301785,0
281,1774280021.6086612,21,-0.029001917157854353,-0.6090402603149414,0.0,0.016822223976620938,0.6090402603149414,6.043910980224609,0.10076923076923076,0.027618965932301114,0.1933327615261078,0.06765237375744962,21,0.0008112424379819391,0.00042680504863586843,0.0030687739924779014,0.05342060689877984,0
282,1774280021.7087083,17,-0.08543098674100988,-0.7495880126953125,0.0,0.0548029556959786,0.7495880126953125,6.043910980224609,0.12402366863905326,0.0,0.0,0.0,17,0.026114848481506858,0.013741443990236425,0.0,0.05465391582075705,0
283,1774280021.8088558,19,-0.11095875187924034,-1.405477523803711,0.0,0.11764651524438877,1.405477523803711,6.043910980224609,0.23254437869822486,0.020350817002748187,0.1933327615261078,0.05933231748191226,19,-0.01960271283199913,-0.010313812982212477,0.006041648797690868,0.05461296352828536,0
284,1774280021.9086907,20,-0.06324648857116699,-0.6558895111083984,0.0,0.03605593615674252,0.6558895111083984,6.043910980224609,0.1085207100591716,0.0,0.0,0.0,20,0.06507972012395444,0.034244855092582106,0.0057711272097345605,0.053495270313834546,0
285,1774280022.0088937,22,-0.0021295113997025924,-0.6558895111083984,1.8271207809448242,0.20501462319535405,2.4830102920532227,6.043910980224609,0.4108284023668639,0.02636355838992379,0.1933327615261078,0.06634683365617257,22,0.04025790598485377,0.02119056955496766,0.014009620400442593,0.04922351348132554,0
286,1774280022.1084924,20,-0.03045201301574707,-0.6090402603149414,0.0,0.01761917683751335,0.6090402603149414,6.043910980224609,0.10076923076923076,0.0,0.0,0.0,20,0.0021387701449186933,0.001125688499074801,0.013614983206063929,0.04910923083648311,0
287,1774280022.2083476,19,-0.1380820023386102,-0.7495880126953125,0.0,0.07219300888950242,0.7495880126953125,5.992770195007324,0.12508205526048816,0.030526225504122283,0.1933327615261078,0.07049729804859288,19,-0.22428462379857114,-0.11805060640952807,0.029952963053340644,0.05479412411332008,0
288,1774280022.3090763,22,-0.12564117258245294,-1.405477523803711,0.0,0.11640426381476134,1.405477523803711,6.043910980224609,0.23254437869822486,0.0,0.0,0.0,22,-0.12564117258245294,-0.06612859752604038,0.0448307852814163,0.05128797593743404,0
289,1774280022.4086087,21,-0.06023475102015904,-0.6558895111083984,0.0,0.03452039807746828,0.6558895111083984,6.043910980224609,0.1085207100591716,0.009206321977433703,0.1933327615261078,0.04117192352858409,21,-0.033754739702118106,-0.017770062224062754,0.06352362164429255,0.05046149048590048,0
290,1774280022.5089567,20,0.0,0.0,0.0,0.0,0.0,5.992770195007324,0.0,0.02899991422891617,0.1933327615261078,0.06903360396656207,20,-0.028516935265582542,-0.015014272646169061,0.07079791267153243,0.051286030657534815,0
291,1774280022.6088643,18,-0.12232859929402669,-1.405477523803711,0.0,0.13001790182758874,1.405477523803711,5.992770195007324,0.2345288536134153,0.03222212692101797,0.1933327615261078,0.07205086617502215,18,-0.12232859929402669,-0.06437439857457496,0.08168989923638358,0.05112021833708185,0
292,1774280022.7091663,18,-0.03904104232788086,-0.7027387619018555,0.0,0.025911450762805543,0.7027387619018555,6.043910980224609,0.11627218934911243,0.010740708973672655,0.1933327615261078,0.04428507759247181,18,-0.03904104232788086,-0.02054738484178953,0.08985888916002192,0.0498340592374132,0
293,1774280022.8089666,21,0.0,0.0,0.0,0.0,0.0,6.043910980224609,0.0,0.009206321977433703,0.1933327615261078,0.04117192352858409,21,0.0,0.0,0.09802787908366029,0.0498340592374132,0
294,1774280022.9082217,20,0.0,0.0,0.0,0.0,0.0,6.043910980224609,0.0,0.0,0.0,0.0,20,0.10541081428527832,0.05550716442599974,0.08125579832256705,0.0498340592374132,0
295,1774280023.0090017,19,0.0,0.0,0.0,0.0,0.0,6.043910980224609,0.0,0.020350817002748187,0.3866655230522156,0.08634120423197839,19,0.04489719867706299,0.0236313310320145,0.06246135372381944,0.04966603925166672,0
296,1774280023.108598,18,-0.07027387619018555,-0.6558895111083984,0.0,0.03956830951779011,0.6558895111083984,6.043910980224609,0.1085207100591716,0.0,0.0,0.0,18,0.0479647091456822,0.025248761483928295,0.03803267439857858,0.049881878576750555,0
297,1774280023.2088523,18,0.0,0.0,0.0,0.0,0.0,6.043910980224609,0.0,0.053703544868363276,0.3866655230522156,0.1257167753652118,18,0.0,0.0,0.023742619836539552,0.04839943186209589,0
298,1774280023.3089414,19,-0.1454792524638929,-1.405477523803711,0.0,0.13143578121721944,1.405477523803711,6.043910980224609,0.23254437869822486,0.09157867651236684,0.5799982845783234,0.19198922362586315,19,-0.1454792524638929,-0.07654999376196951,0.019999940847528392,0.052057744065933845,0
299,1774280023.4088151,23,-0.05907079447870669,-0.7027387619018555,0.0,0.036685981164061646,0.7027387619018555,6.043910980224609,0.11627218934911243,0.21855007824690445,2.5133258998394012,0.708183193367468,23,-0.05907079447870669,-0.031086785172099354,0.010545423355969516,0.05073275849561024,0
300,1774280023.5090456,23,0.0,0.0,0.0,0.0,0.0,6.043910980224609,0.0,0.41188283977301227,2.1266603767871857,0.7926424829933149,23,0.029001917157854353,0.015261079158133278,0.016959014168956822,0.05073275849561024,0
301,1774280023.6089036,19,0.0,0.0,0.0,0.0,0.0,6.043910980224609,0.0,0.12210490201648913,1.1599965691566467,0.35599390489147353,19,0.08543098674100988,0.04495905449045523,0.006904741483075278,0.05183110678495237,0
302,1774280023.708888,19,0.0,0.0,0.0,0.0,0.0,6.043910980224609,0.0,0.030526225504122283,0.5799982845783234,0.1295118063479676,19,0.11095875187924034,0.05839835087944284,0.015846947666074408,0.052467318741919976,1
303,1774280023.8086224,18,0.0,0.0,0.0,0.0,0.0,6.043910980224609,0.0,0.12888850768407187,0.5799982845783234,0.2411283184231887,18,0.06324648857116699,0.03328882274835984,0.00935481104158586,0.05140913346280901,1
304,1774280023.908583,16,-0.2957358956336975,-1.592874526977539,0.0,0.2956791846364659,1.592874526977539,6.043910980224609,0.26355029585798817,0.0966663807630539,0.5799982845783234,0.20506036005094871,16,-0.29360638423399493,-0.15455495805006228,0.01901633719928929,0.07540371302890965,1
305,1774280024.0090063,18,0.0,0.0,0.0,0.0,0.0,6.043910980224609,0.0,0.02148141794734531,0.1933327615261078,0.06075862520028111,18,0.03045201301574707,0.01602304156657362,0.009508168599644646,0.07547894670255641,1
306,1774280024.1082366,15,0.0,0.0,0.0,0.0,0.0,6.043910980224609,0.0,0.0,0.0,0.0,15,0.1380820023386102,0.07267898434989771,0.012473081388781148,0.07624823234273652,1
307,1774280024.2087753,17,-0.08543098674100988,-1.452326774597168,0.0,0.11677525592868171,1.452326774597168,6.043910980224609,0.2402958579881657,0.011372515383888693,0.1933327615261078,0.04549006153555478,17,0.040210185841443064,0.02116660924664834,0.012275095969911606,0.0741378515624992,1
308,1774280024.3087795,18,0.0,0.0,0.0,0.0,0.0,6.043910980224609,0.0,0.010740708973672655,0.1933327615261078,0.04428507759247181,18,0.06023475102015904,0.031699650853933205,0.022937785265809398,0.07278674694798097,1
309,1774280024.4090402,21,0.0,0.0,0.0,0.0,0.0,6.043910980224609,0.0,0.05523793186460223,0.3866655230522156,0.1353047475148992,21,0.0,0.0,0.024166595190763474,0.07329213701315691,1
310,1774280024.5084598,20,-0.04450678825378418,-0.8901357650756836,0.0,0.03763622981267645,0.8901357650756836,6.043910980224609,0.14727810650887574,0.08699974268674851,0.5799982845783234,0.20710081189968624,20,0.07782181104024251,0.0409675697166185,0.016959014168956822,0.07269069734670335,1
311,1774280024.6088855,19,-0.04191775070993524,-0.7964372634887695,0.0,0.031627760842444966,0.7964372634887695,6.043910980224609,0.13177514792899409,0.050877042506870473,0.9666638076305389,0.21585301057994602,19,-0.00287670838205438,-0.0015142808074402878,0.006553652933088399,0.0703841649741759,1
312,1774280024.7087739,17,-0.12952439925249884,-0.7495880126953125,0.0,0.07837673264724214,0.7495880126953125,6.043910980224609,0.12402366863905326,0.04549006153555477,0.7733310461044312,0.18196024614221912,17,-0.12952439925249884,-0.0681776541576266,0.009666638076305389,0.07309266002380804,1
313,1774280024.8085096,17,-0.090942663304946,-0.7964372634887695,0.0,0.06209381454688485,0.7964372634887695,6.043910980224609,0.13177514792899409,0.0,0.0,0.0,17,-0.090942663304946,-0.04785730883396326,0.006783605667582729,0.07306781998325255,1
314,1774280024.9084535,15,0.0,0.0,0.0,0.0,0.0,6.043910980224609,0.0,0.0,0.0,0.0,15,0.0,0.0,0.024605987830595536,0.07306781998325255,1
315,1774280025.009084,16,-0.049777328968048096,-0.7964372634887695,0.0,0.0371667371878992,0.7964372634887695,6.043910980224609,0.13177514792899409,0.0,0.0,0.0,16,0.02049654722213745,0.01078489781232876,0.04921197566119107,0.07222847370120473,1
316,1774280025.1084228,15,-0.04684925079345703,-0.7027387619018555,0.0,0.03072793219871528,0.7027387619018555,6.043910980224609,0.11627218934911243,0.0,0.0,0.0,15,-0.04684925079345703,-0.024663076024025978,0.12888850768407187,0.0720902783780468,1
317,1774280025.208908,16,-0.1405477523803711,-0.7964372634887695,0.0,0.08587359623390967,0.7964372634887695,6.043910980224609,0.13177514792899409,0.0,0.0,0.0,16,0.004931500083521806,0.002595571827655464,0.24984541489527776,0.07375726227282423,1
318,1774280025.3083584,16,-0.09662657976150513,-0.7964372634887695,0.0,0.06542546054921772,0.7964372634887695,6.043910980224609,0.13177514792899409,0.0,0.0,0.0,16,-0.03755578528279844,-0.01977095524595308,0.25876846542725196,0.07154548198177269,1
319,1774280025.409138,14,0.0,0.0,0.0,0.0,0.0,6.043910980224609,0.0,0.0,0.0,0.0,14,0.0,0.0,0.20284093012575244,0.07249014886634399,1
320,1774280025.5088239,13,0.0,0.0,0.0,0.0,0.0,6.043910980224609,0.0,0.0,0.0,0.0,13,0.0,0.0,0.09321401002151626,0.07249014886634397,1
321,1774280025.6032403,16,-0.09662657976150513,-0.7964372634887695,0.0,0.06542546054921772,0.7964372634887695,6.043910980224609,0.13177514792899409,0.0,0.0,0.0,16,-0.09662657976150513,-0.051007716453952676,0.08389912292642414,0.0721430582012422,1
322,1774280025.7030156,16,-0.09662657976150513,-0.7964372634887695,0.0,0.06542546054921772,0.7964372634887695,6.043910980224609,0.13177514792899409,0.0,0.0,0.0,16,-0.09662657976150513,-0.05100661228814066,0.08179462987643021,0.07146843031023485,1
323,1774280025.80281,18,-0.17178058624267578,-0.7964372634887695,0.0,0.10340193057345459,0.7964372634887695,6.043910980224609,0.13177514792899409,0.0,0.0,0.0,18,0.12395530939102173,0.06543846517114489,0.03945566561757302,0.07393057460521729,1
324,1774280025.9033508,14,0.0,0.0,0.0,0.0,0.0,6.043910980224609,0.0,0.0,0.0,0.0,14,0.0,0.0,0.011599965691566468,0.05408202095034333,1
325,1774280026.003246,14,0.0,0.0,0.0,0.0,0.0,6.043910980224609,0.0,0.0,0.0,0.0,14,0.0,0.0,0.007733310461044311,0.05408202095034333,1
326,1774280026.1031365,16,-0.10248273611068726,-0.8432865142822266,0.0,0.07358756753950146,0.8432865142822266,6.043910980224609,0.1395266272189349,0.0,0.0,0.0,16,-0.017051749369677377,-0.009001318677569821,0.027618965932301114,0.053522143750582354,1
327,1774280026.2033472,18,-0.13273954391479492,-0.8432865142822266,0.0,0.08834280507130643,0.8432865142822266,6.043910980224609,0.1395266272189349,0.0,0.0,0.0,18,-0.13273954391479492,-0.07006323497969456,0.05242922346470719,0.05561244777192302,1
328,1774280026.3082988,19,-0.2884927548860249,-0.8432865142822266,0.0,0.14353482852142269,0.8432865142822266,6.043910980224609,0.1395266272189349,0.030526225504122283,0.1933327615261078,0.07049729804859288,19,-0.2884927548860249,-0.15189756298709398,0.06444425384203593,0.07249865061134793,0
329,1774280026.408426,19,-0.08136975137810958,-0.8432865142822266,0.0,0.056798643173802565,0.8432865142822266,6.043910980224609,0.1395266272189349,0.10175408501374095,0.5799982845783234,0.21149189414577863,19,-0.036862963124325396,-0.0194019042810461,0.0621426733476775,0.07034417020686481,0
330,1774280026.5079374,20,-0.2319037914276123,-0.8432865142822266,0.0,0.1260887774989783,0.8432865142822266,6.043910980224609,0.1395266272189349,0.06766646653413773,0.5799982845783234,0.16490049267421444,20,-0.18998604071767705,-0.10004257400739991,0.032830091579905095,0.07707871360483795,0
331,1774280026.608849,22,-0.24276429956609552,-0.8432865142822266,0.0,0.12702934426658982,0.8432865142822266,6.043910980224609,0.1395266272189349,0.07030282237313011,0.9666638076305389,0.20646779153185246,22,-0.11323990031359668,-0.059597588810846536,0.015782266247029206,0.0830260845336126,0
332,1774280026.7082999,21,-0.2565554210117885,-0.8901357650756836,0.0,0.1328657074792522,0.8901357650756836,6.043910980224609,0.14727810650887574,0.06444425384203593,0.7733310461044312,0.17223451315942054,21,-0.16561275770684253,-0.08717423119728208,0.0,0.08964086386146068,0
333,1774280026.8078783,21,-0.2944810049874442,-0.8432865142822266,0.0,0.14196364399678563,0.8432865142822266,6.043910980224609,0.1395266272189349,0.05523793186460223,0.3866655230522156,0.12143972742590917,21,-0.2944810049874442,-0.15503693872517352,0.0,0.09844104754043134,0
334,1774280026.9082222,21,-0.21639892033168248,-0.8432865142822266,0.0,0.11778542977239968,0.8432865142822266,6.043910980224609,0.1395266272189349,0.04603160988716852,0.3866655230522156,0.10168714988122056,21,-0.16662159136363439,-0.08773536875458234,0.0,0.09692446902329574,0
335,1774280027.0082734,18,-0.08068482081095378,-0.7495880126953125,0.0,0.05214129059380765,0.7495880126953125,6.043910980224609,0.12402366863905326,0.06444425384203593,0.5799982845783234,0.18227587560084332,18,-0.03383557001749675,-0.01780959507778349,0.0,0.09591726381182543,0
336,1774280027.1083345,18,-0.1639723777770996,-0.7964372634887695,0.0,0.09443961701549597,0.7964372634887695,6.043910980224609,0.13177514792899409,0.06444425384203593,0.7733310461044312,0.18227587560084332,18,-0.023424625396728516,-0.012332472926299385,0.0,0.09429390559342263,0
337,1774280027.2076623,18,-0.07808208465576172,-1.405477523803711,0.0,0.10364580305122217,1.405477523803711,6.043910980224609,0.23254437869822486,0.04296283589469062,0.1933327615261078,0.0803761061410629,18,0.018544495105743408,0.009763837676359466,0.0,0.0950798193574866,0
338,1774280027.30765,18,-0.08068482081095378,-0.7495880126953125,0.0,0.05214129059380765,0.7495880126953125,6.043910980224609,0.12402366863905326,0.12888850768407187,0.9666638076305389,0.2734138134012649,18,-0.08068482081095378,-0.04249897577573032,0.0,0.09543565693128588,0
339,1774280027.4082906,16,-0.04392117261886597,-0.7027387619018555,0.0,0.028936041063243323,0.7027387619018555,5.992770195007324,0.11726442680670765,0.024166595190763474,0.1933327615261078,0.06393880090992969,16,-0.04392117261886597,-0.023122896228301427,0.0,0.09287186978359188,0
340,1774280027.5086377,18,-0.16657511393229166,-0.8432865142822266,0.0,0.09833480242428373,0.8432865142822266,6.043910980224609,0.1395266272189349,0.12888850768407187,0.5799982845783234,0.21373740988845258,18,-0.06994853417078653,-0.0367107321623354,0.0,0.08790956074065287,0
341,1774280027.6077342,17,-0.21495538599350872,-1.405477523803711,0.0,0.16940614325866113,1.405477523803711,5.992770195007324,0.2345288536134153,0.04549006153555477,0.3866655230522156,0.12457966422660721,17,-0.11832880623200359,-0.06212403443975281,0.0,0.0886818608719973,0
342,1774280027.7081006,18,-0.20041068394978842,-1.405477523803711,0.0,0.21456036078701704,1.405477523803711,5.992770195007324,0.2345288536134153,0.053703544868363276,0.3866655230522156,0.1257167753652118,18,-0.02863009770711264,-0.01502663040086921,0.0,0.08860578650282891,0
343,1774280027.80802,17,-0.090942663304946,-0.7964372634887695,0.0,0.06209381454688485,0.7964372634887695,5.992770195007324,0.13289968371426866,0.03411754615166608,0.1933327615261078,0.07370232329163695,17,-0.090942663304946,-0.04774721996607087,0.0,0.08946966810319994,0
344,1774280027.9082975,19,-0.15041075254741468,-1.452326774597168,0.0,0.14037326842183187,1.452326774597168,6.043910980224609,0.2402958579881657,0.07122785950961866,0.3866655230522156,0.14318068919245908,19,-0.15041075254741468,-0.07895364242467416,0.0,0.0827512861930928,0
345,1774280028.0080507,19,-0.261369504426655,-1.452326774597168,0.0,0.2248720420066647,1.452326774597168,6.043910980224609,0.2402958579881657,0.061052451008244565,0.3866655230522156,0.1262734987166934,19,-0.15888676831596776,-0.0834088870049931,0.010943363859968365,0.07757683473350242,0
346,1774280028.1083868,19,-0.11589025196276213,-0.7964372634887695,0.0,0.07216868919642865,0.7964372634887695,6.043910980224609,0.13177514792899409,0.12210490201648913,0.5799982845783234,0.23645512600007543,19,0.01684929195203279,0.008844589059577617,0.04488081963998931,0.07705565924242389,0
347,1774280028.2087736,18,-0.03904104232788086,-0.7027387619018555,0.0,0.025911450762805543,0.7027387619018555,6.043910980224609,0.11627218934911243,0.10740708973672655,0.7733310461044312,0.2514335507304236,18,0.24945171255814402,0.13125757536811397,0.0666664694917613,0.08185509759868902,0
348,1774280028.3081682,20,-0.03045201301574707,-0.6090402603149414,0.0,0.01761917683751335,0.6090402603149414,6.043910980224609,0.10076923076923076,0.08699974268674851,0.5799982845783234,0.20710081189968624,20,0.050917738362362505,0.026802447370640428,0.07923473833037205,0.08170078807293171,0
349,1774280028.4084969,20,0.0,0.0,0.0,0.0,0.0,6.043910980224609,0.0,0.04833319038152695,0.3866655230522156,0.12034867350009704,20,0.2319037914276123,0.12201870056465991,0.06751302783451384,0.08697463343145034,0
350,1774280028.5076587,20,0.0,0.0,0.0,0.0,0.0,6.043910980224609,0.0,0.02899991422891617,0.1933327615261078,0.06903360396656207,20,0.24276429956609552,0.12785078105635073,0.06343731237575412,0.09040332890143193,0
351,1774280028.6082158,20,-0.07027387619018555,-1.405477523803711,0.0,0.09382993582107702,1.405477523803711,6.043910980224609,0.23254437869822486,0.038666552305221556,0.3866655230522156,0.0985807523638404,20,0.18628154482160297,0.0980472564740007,0.05523793186460223,0.08803972353482446,0
352,1774280028.70855,21,-0.0959294182913644,-1.405477523803711,0.0,0.1025259804492282,1.405477523803711,6.043910980224609,0.23254437869822486,0.07365057581946963,0.7733310461044312,0.18366554661167994,21,0.19855158669607978,0.10446390323698324,0.05477761576573054,0.08311232539540922,0
353,1774280028.8082762,18,-0.03904104232788086,-0.7027387619018555,0.0,0.025911450762805543,0.7027387619018555,6.043910980224609,0.11627218934911243,0.06444425384203593,0.3866655230522156,0.1441017323500443,18,0.17735787800380162,0.09334359974006301,0.0576606481744532,0.07445143325192802,0
354,1774280028.9079702,20,-0.07027387619018555,-1.405477523803711,0.0,0.09382993582107702,1.405477523803711,5.992770195007324,0.2345288536134153,0.02899991422891617,0.1933327615261078,0.06903360396656207,20,0.010410944620768234,0.005480319003093998,0.057283781192920824,0.07041281452459505,0
355,1774280029.0081065,24,0.0,0.0,0.0,0.0,0.0,6.043910980224609,0.0,0.06444425384203593,0.3866655230522156,0.1441017323500443,24,0.1639723777770996,0.08631161209007632,0.07876519914026614,0.07362184205647168,0
356,1774280029.1086912,19,0.0,0.0,0.0,0.0,0.0,6.043910980224609,0.0,0.08140326801099275,0.3866655230522156,0.15763675066671695,19,0.07808208465576172,0.04107359221360074,0.06692287898980655,0.07467511318102937,0
357,1774280029.2082946,17,0.0,0.0,0.0,0.0,0.0,6.043910980224609,0.0,0.011372515383888693,0.1933327615261078,0.04549006153555478,17,0.08068482081095378,0.04245129432647912,0.0966663807630539,0.07706378117857571,0
358,1774280029.3078818,20,0.0,0.0,0.0,0.0,0.0,6.043910980224609,0.0,0.05799982845783234,0.3866655230522156,0.13806720793312413,20,0.04392117261886597,0.02312138129791127,0.06823509230333216,0.07918861497631162,0
359,1774280029.408213,20,0.0,0.0,0.0,0.0,0.0,6.043910980224609,0.0,0.019333276152610778,0.1933327615261078,0.05799982845783234,20,0.16657511393229166,0.08769071684985491,0.07660354701977856,0.08073797878380938,0
360,1774280029.5075762,18,-0.11191765467325847,-1.405477523803711,0.0,0.11782427793920963,1.405477523803711,6.043910980224609,0.23254437869822486,0.06444425384203593,0.5799982845783234,0.18227587560084332,18,0.10303773132025025,0.05423489428424881,0.04461525265987103,0.07856494585067281,0
361,1774280029.6081982,19,0.0,0.0,0.0,0.0,0.0,6.043910980224609,0.0,0.09157867651236684,0.5799982845783234,0.21149189414577863,19,0.20041068394978842,0.10547388883932547,0.053703544868363276,0.07313712445726919,0
362,1774280029.7085476,18,-0.07808208465576172,-1.405477523803711,0.0,0.10364580305122217,1.405477523803711,6.043910980224609,0.23254437869822486,0.02148141794734531,0.3866655230522156,0.08857015518494361,18,0.012860578649184287,0.0067668469953907975,0.05624225789850408,0.06624707031063777,0
363,1774280029.80809,22,-0.08305094458840111,-0.6558895111083984,0.0,0.0438834415417603,0.6558895111083984,6.043910980224609,0.1085207100591716,0.017575705593282528,0.3866655230522156,0.0805420012734759,22,0.06735980795901357,0.03545640397159929,0.08479507084478412,0.06607104951297284,0
364,1774280029.9085078,22,0.0,0.0,0.0,0.0,0.0,6.043910980224609,0.0,0.05272711677984758,0.3866655230522156,0.13269366731234514,22,0.261369504426655,0.1375298071211969,0.0966663807630539,0.06355554878986266,0
365,1774280030.0085602,23,-0.11610466500987178,-1.405477523803711,0.0,0.10723658325789835,1.405477523803711,6.043910980224609,0.23254437869822486,0.02521731672079667,0.1933327615261078,0.06511083179712221,23,-0.00021441304710964615,-0.00011283867262460183,0.1051458878475323,0.044359814117848624,0
366,1774280030.1083724,22,0.0,0.0,0.0,0.0,0.0,6.043910980224609,0.0,0.05272711677984758,0.3866655230522156,0.13269366731234514,22,0.03904104232788086,0.02055225638673134,0.07999976339011357,0.04189577223433286,0
367,1774280030.2080948,22,-0.06388534199107777,-1.405477523803711,0.0,0.08570807534765627,1.405477523803711,6.043910980224609,0.23254437869822486,0.017575705593282528,0.1933327615261078,0.05557926115933376,22,-0.0334333289753307,-0.01759716816243024,0.05477761576573054,0.04231276465322568,0
368,1774280030.3083868,23,-0.02648001131804093,-0.6090402603149414,0.0,0.015426201986878673,0.6090402603149414,6.043910980224609,0.10076923076923076,0.008405772240265556,0.1933327615261078,0.03942656658922785,23,-0.02648001131804093,-0.01393765537525799,0.038666552305221556,0.04235679247763405,0
369,1774280030.4084692,23,-0.0611077184262483,-1.405477523803711,0.0,0.0821513715277562,1.405477523803711,6.043910980224609,0.23254437869822486,0.0,0.0,0.0,23,-0.0611077184262483,-0.03214824363892465,0.047540842998223226,0.041722615225591606,0
370,1774280030.507672,22,-0.03194267099553889,-0.7027387619018555,0.0,0.02142701883691407,0.7027387619018555,6.043910980224609,0.11627218934911243,0.0,0.0,0.0,22,0.03833120519464666,0.02018009361395375,0.0589828763977956,0.0407295099428836,0
371,1774280030.602816,20,0.0,0.0,0.0,0.0,0.0,6.043910980224609,0.0,0.009666638076305389,0.1933327615261078,0.042135898498397606,20,0.0959294182913644,0.050641996309831995,0.055706049931251396,0.04120216822243112,0
372,1774280030.7029223,20,0.05856156349182129,0.0,0.6090402603149414,0.03091998177495725,0.6090402603149414,6.043910980224609,0.10076923076923076,0.0,0.0,0.0,20,0.09760260581970215,0.051514951699581285,0.05301059590231988,0.04416024824198117,0
373,1774280030.8036156,22,-0.05323778499256481,-0.6090402603149414,0.0,0.028392500515961695,0.6090402603149414,6.043910980224609,0.10076923076923076,0.0,0.0,0.0,22,0.017036091197620735,0.008986961051459807,0.05830670585708013,0.04439460226705623,0
374,1774280030.9026418,22,-0.15332482077858664,-1.546025276184082,0.0,0.13591758911745788,1.546025276184082,6.043910980224609,0.2557988165680473,0.0,0.0,0.0,22,-0.15332482077858664,-0.08093004153916858,0.05477761576573054,0.05116060522222474,0
375,1774280031.0033207,20,-0.22487640380859375,-1.546025276184082,0.0,0.2867794015060099,1.546025276184082,6.043910980224609,0.2557988165680473,0.0,0.0,0.0,20,-0.22487640380859375,-0.11869149422926788,0.05178556112306459,0.06487877567356772,0
376,1774280031.108549,19,-0.23424625396728516,-1.452326774597168,0.0,0.22341286042223815,1.452326774597168,6.043910980224609,0.2402958579881657,0.030526225504122283,0.1933327615261078,0.07049729804859288,19,-0.23424625396728516,-0.12327099104230799,0.030526225504122283,0.07555331725088427,0
377,1774280031.208245,21,-0.12716225215366908,-1.405477523803711,0.0,0.11604348350263127,1.405477523803711,6.043910980224609,0.23254437869822486,0.018412643954867407,0.3866655230522156,0.08234384705716818,21,-0.12716225215366908,-0.06691470961677559,0.046666528644232916,0.07567249723300597,0
378,1774280031.3086817,18,0.0,0.0,0.0,0.0,0.0,6.043910980224609,0.0,0.053703544868363276,0.3866655230522156,0.10794278926806719,18,0.0,0.0,0.0576606481744532,0.07567249723300597,0
379,1774280031.4081304,18,0.0,0.0,0.0,0.0,0.0,6.043910980224609,0.0,0.02148141794734531,0.1933327615261078,0.06075862520028111,18,0.11191765467325847,0.05888685302552351,0.05975739901716059,0.07567249723300597,0
380,1774280031.5081446,19,-0.261369504426655,-4.356980323791504,0.0,0.9503284863973859,4.356980323791504,6.043910980224609,0.720887573964497,0.030526225504122283,0.1933327615261078,0.07049729804859288,19,-0.261369504426655,-0.13756677419163307,0.0425987440650746,0.08650635240824912,0
381,1774280031.608158,18,-0.1639723777770996,-1.499176025390625,0.0,0.21515649351044885,1.499176025390625,6.043910980224609,0.24804733727810652,0.03222212692101797,0.1933327615261078,0.07205086617502215,18,-0.08589029312133789,-0.045214685981025016,0.031182703471952868,0.08698566852456134,0
382,1774280031.7088091,18,-0.08328755696614583,-1.499176025390625,0.0,0.11792589147161281,1.499176025390625,6.043910980224609,0.24804733727810652,0.0,0.0,0.0,18,-0.00023661237774472155,-0.0001244857115148222,0.03174119965354009,0.0869842939840488,0
383,1774280031.8086398,21,-0.16954966953822545,-1.499176025390625,0.0,0.19638204546435178,1.499176025390625,6.043910980224609,0.24804733727810652,0.0,0.0,0.0,21,-0.16954966953822545,-0.08923047178667098,0.04328345407300921,0.08909001753712621,0
384,1774280031.9085789,21,-0.11823858533586774,-1.499176025390625,0.4684925079345703,0.20393711528580458,1.9676685333251953,6.043910980224609,0.3255621301775148,0.009206321977433703,0.1933327615261078,0.04117192352858409,21,-0.002133920325995964,-0.0011231049120527907,0.03174119965354009,0.08711477928901017,0
385,1774280032.009116,22,-0.04046071659434925,-1.499176025390625,0.6090402603149414,0.1173837846758774,2.1082162857055664,6.043910980224609,0.3488165680473373,0.035151411186565056,0.1933327615261078,0.07456740365489042,22,-0.04046071659434925,-0.021286784315904157,0.025970072443805524,0.08760562447926865,0
386,1774280032.108829,20,-0.1452326774597168,-1.499176025390625,0.0,0.190052260649054,1.499176025390625,6.043910980224609,0.24804733727810652,0.08699974268674851,0.5799982845783234,0.20710081189968624,20,-0.08134733546863902,-0.04279784941020523,0.00852938653791652,0.08603794983174533,0
387,1774280032.2086658,22,-0.1341592181812633,-1.499176025390625,0.0,0.18003684123689423,1.499176025390625,6.043910980224609,0.24804733727810652,0.035151411186565056,0.1933327615261078,0.07456740365489042,22,-0.10767920686322238,-0.05666494462515829,0.0028431288459721733,0.08613079977945648,0
388,1774280032.3083868,23,-0.15684314396070398,-1.452326774597168,0.0,0.11806562768655712,1.452326774597168,6.043910980224609,0.2402958579881657,0.06724617792212445,0.3866655230522156,0.14655964695094822,23,-0.09573542553445569,-0.050389251305695694,0.0029743501773247354,0.08536289593728122,0
389,1774280032.4090357,21,0.0,0.0,0.0,0.0,0.0,6.043910980224609,0.0,0.05523793186460223,0.3866655230522156,0.13530474751489924,21,0.03194267099553889,0.016799874998670545,0.003118270347195287,0.08793491587167407,0
390,1774280032.5089638,23,0.04277540289837381,0.0,0.5153417587280273,0.019259932658173967,0.5153417587280273,6.043910980224609,0.08526627218934911,0.07565195016239,0.5799982845783234,0.19533249539136668,23,0.04277540289837381,0.022440759698107528,0.003118270347195287,0.09230894352539597,0
391,1774280032.6087027,23,0.0,0.0,0.0,0.0,0.0,6.043910980224609,0.0,0.04202886120132778,0.3866655230522156,0.1134000673097237,23,-0.05856156349182129,-0.03072839141984497,0.0,0.09230894352539597,0
392,1774280032.7089815,23,0.04277540289837381,0.0,0.5153417587280273,0.019259932658173967,0.5153417587280273,6.043910980224609,0.08526627218934911,0.058840405681858894,0.3866655230522156,0.13290692885927638,23,0.09601318789093863,0.05039094363887704,0.0,0.09102341795670708,0
393,1774280032.808914,24,-0.02537667751312256,-0.5621910095214844,0.4684925079345703,0.03273606963283271,1.0306835174560547,6.043910980224609,0.17053254437869822,0.040277658651272454,0.3866655230522156,0.11132966346986391,24,0.12794814326546408,0.06711955673619663,0.009508168599644646,0.09192219435700341,0
394,1774280032.9089959,22,0.161842866377397,0.0,1.8271207809448242,0.17593283022157002,1.8271207809448242,6.043910980224609,0.30230769230769233,0.0966663807630539,0.3866655230522156,0.16227811824279811,22,0.3867192701859907,0.20293031871565587,0.016111063460508983,0.1068292825928188,0
395,1774280033.008732,20,0.06558895111083984,0.0,0.4684925079345703,0.02445065462097773,0.4684925079345703,6.043910980224609,0.07751479289940828,0.07733310461044311,0.3866655230522156,0.15466620922088622,20,0.299835205078125,0.1577928078550103,0.03333323474588065,0.10614239862809971,0
396,1774280033.108808,19,-0.007397250125282689,-0.5621910095214844,0.4216432571411133,0.025936952663181512,0.9838342666625977,6.043910980224609,0.1627810650887574,0.061052451008244565,0.3866655230522156,0.14099459609718576,19,0.11976500202838639,0.06301553904053774,0.030526225504122283,0.09962158891051973,0
397,1774280033.2085726,22,-0.05323778499256481,-0.6090402603149414,0.0,0.028392500515961695,0.6090402603149414,6.043910980224609,0.10076923076923076,0.02636355838992379,0.1933327615261078,0.06634683365617257,22,-0.05323778499256481,-0.028021495867021875,0.035151411186565056,0.09827513348829695,0
398,1774280033.3091214,23,0.0,-0.5153417587280273,1.2649297714233398,0.09332893692653274,1.7802715301513672,6.043910980224609,0.2945562130177515,0.02521731672079667,0.1933327615261078,0.06511083179712221,23,0.0,0.0,0.02812112894925204,0.09827513348829695,0
399,1774280033.4084916,24,0.021472573280334473,-0.37479400634765625,1.2649297714233398,0.0779134461392772,1.639723777770996,6.043910980224609,0.27130177514792897,0.0,0.0,0.0,24,0.2828420777069895,0.14883706951439576,0.021090846711939032,0.09895564468747112,0
400,1774280033.508716,28,0.18739700317382812,-0.37479400634765625,1.546025276184082,0.2196420051551026,1.9208192825317383,6.174445152282715,0.31109180422820737,0.027618965932301114,0.1933327615261078,0.0676523737574496,28,0.35136938095092773,0.18487695819039737,0.010175408501374094,0.09963990128697708,0
401,1774280033.6089196,26,0.06486819340632512,-0.4684925079345703,1.546025276184082,0.18438058048400707,2.0145177841186523,6.174445152282715,0.3262670141905589,0.014871750886623677,0.3866655230522156,0.07435875443311839,26,0.14815575037247095,0.07797217671539489,0.0032222126921017964,0.09655147531347673,0
402,1774280033.7088969,26,-0.07387766471275917,-0.5621910095214844,0.0,0.03075715360507501,0.5621910095214844,6.174445152282715,0.09105125977410947,0.0,0.0,0.0,26,0.09567200482546628,0.050346873742508715,0.015104121994227171,0.09625149220564375,0
403,1774280033.8081622,23,-0.008147695790166441,-0.5153417587280273,1.6865730285644531,0.16235268524652025,2.2019147872924805,6.174445152282715,0.3566174341152621,0.0,0.0,0.0,23,0.1100908895457013,0.0579552827430041,0.04296283589469062,0.08965309411106993,0
404,1774280033.9087906,21,-0.04238741738455636,-0.5153417587280273,0.0,0.017538910441897097,0.5153417587280273,6.174445152282715,0.08346365479293368,0.009206321977433703,0.1933327615261078,0.04117192352858409,21,-0.0019267007902071115,-0.0010142267183189224,0.05135401478037238,0.08649251134161456,0
405,1774280034.0084436,21,0.020078250340053012,-0.4684925079345703,1.6865730285644531,0.16065721596607213,2.1550655364990234,6.174445152282715,0.3490298291340863,0.009206321977433703,0.1933327615261078,0.04117192352858409,21,0.1653109277997698,0.08702340474259132,0.06246135372381944,0.08625825146866971,0
406,1774280034.1087954,26,0.012613259829007663,-0.7495880126953125,1.6865730285644531,0.185643594603333,2.4361610412597656,6.174445152282715,0.39455545902114103,0.014871750886623677,0.3866655230522156,0.07435875443311839,26,0.14677247801027096,0.07724340558576537,0.05272711677984758,0.07976832189388004,0
407,1774280034.2089896,23,0.12832620869512143,-0.5621910095214844,1.6865730285644531,0.2145644458174942,2.2487640380859375,6.174445152282715,0.36420503909643787,0.016811544480531113,0.1933327615261078,0.054475630259036005,23,0.28516935265582544,0.15004152894270553,0.06636796291194745,0.07719674797737523,0
408,1774280034.3088677,25,-0.05621910095214844,-0.5621910095214844,0.5621910095214844,0.04863792696596647,1.1243820190429688,6.174445152282715,0.18210251954821893,0.04639986276626587,0.5799982845783234,0.15734959022627137,25,-0.05621910095214844,-0.02959161686310539,0.05771127209734561,0.06834210481065704,0
409,1774280034.408948,22,0.06388534199107777,0.0,1.405477523803711,0.08570807534765625,1.405477523803711,6.043910980224609,0.23254437869822486,0.07030282237313011,0.7733310461044312,0.22231704463733504,22,0.021109939092703964,0.011110587112701104,0.058840405681858894,0.06863550359573413,0
410,1774280034.508806,22,0.0,0.0,0.0,0.0,0.0,6.043910980224609,0.0,0.035151411186565056,0.3866655230522156,0.11115852231866752,22,0.0,0.0,0.04695224208491189,0.06878466346074145,0
411,1774280034.6092699,17,0.0,0.0,0.0,0.0,0.0,6.043910980224609,0.0,0.0,0.0,0.0,17,-0.04277540289837381,-0.0225099538426755,0.06444425384203593,0.06878466346074145,0
412,1774280034.7083457,20,-0.004684925079345703,-0.6558895111083984,0.5621910095214844,0.0372905405754409,1.2180805206298828,6.043910980224609,0.20153846153846153,0.02899991422891617,0.5799982845783234,0.12640769549519285,20,0.020691752433776855,0.010893654335734047,0.07030282237313011,0.06895276161186081,0
413,1774280034.8084052,17,0.0,0.0,0.0,0.0,0.0,6.043910980224609,0.0,0.0,0.0,0.0,17,-0.161842866377397,-0.08520694664267285,0.07923473833037205,0.06828598048295122,0
414,1774280034.9086776,18,0.0,0.0,0.0,0.0,0.0,6.043910980224609,0.0,0.0,0.0,0.0,18,-0.06558895111083984,-0.03452149085155395,0.05387962206465299,0.06063297219316821,0
415,1774280035.0083783,19,-0.06410950108578331,-1.2180805206298828,0.0,0.07398050633042494,1.2180805206298828,6.043910980224609,0.20153846153846153,0.0,0.0,0.0,19,-0.05671225096050062,-0.02985530630259422,0.03624989278614521,0.06189595915360868,0
416,1774280035.1087506,18,0.0,0.0,0.0,0.0,0.0,6.043910980224609,0.0,0.0,0.0,0.0,18,0.05323778499256481,0.028017262717367764,0.016811544480531113,0.06181635825166972,0
417,1774280035.2086983,19,-0.03452050058465255,-0.6558895111083984,0.0,0.021449969291069952,0.6558895111083984,6.043910980224609,0.1085207100591716,0.030526225504122283,0.5799982845783234,0.1295118063479676,19,-0.03452050058465255,-0.018172731275700568,0.01804439107577006,0.06099111168176858,0
418,1774280035.3088734,18,0.0,0.0,0.0,0.0,0.0,6.043910980224609,0.0,0.0,0.0,0.0,18,-0.021472573280334473,-0.011299083816023504,0.014871750886623677,0.06099111168176858,0
419,1774280035.4085426,18,0.0,0.0,0.0,0.0,0.0,6.043910980224609,0.0,0.0,0.0,0.0,18,-0.18739700317382812,-0.09863900758616795,0.014499957114458084,0.06098163347634006,0
420,1774280035.5088024,20,-0.03279447555541992,-0.6558895111083984,0.0,0.02043407491214566,0.6558895111083984,6.043910980224609,0.1085207100591716,0.0,0.0,0.0,20,-0.09766266896174504,-0.05140457574522613,0.005155540307362874,0.045914807313352915,0
421,1774280035.6086545,20,-0.06324648857116699,-0.6558895111083984,0.0,0.03605593615674252,0.6558895111083984,6.043910980224609,0.1085207100591716,0.0,0.0,0.0,20,0.010631176141592175,0.0055960697349595,0.002761896593230111,0.045160509399591604,0
422,1774280035.7087858,20,-0.06324648857116699,-0.6558895111083984,0.0,0.03605593615674252,0.6558895111083984,6.043910980224609,0.1085207100591716,0.0,0.0,0.0,20,-0.05509879278100055,-0.028989850458550757,0.005948700354649471,0.04443583202110256,0
423,1774280035.8085775,19,-0.03452050058465255,-0.6558895111083984,0.0,0.021449969291069952,0.6558895111083984,6.043910980224609,0.1085207100591716,0.0,0.0,0.0,19,0.007866916799903811,0.004140946859010517,0.011372515383888693,0.04483324806347114,0
424,1774280035.9088738,18,0.0,0.0,0.0,0.0,0.0,6.043910980224609,0.0,0.0,0.0,0.0,18,-0.020078250340053012,-0.01056510800228701,0.013809482966150557,0.04418029173460837,0
425,1774280036.008731,18,0.0,0.0,0.0,0.0,0.0,6.043910980224609,0.0,0.0,0.0,0.0,18,-0.012613259829007663,-0.006638783230102466,0.02612604885487943,0.04379314314614366,0
426,1774280036.1085615,18,0.0,0.0,0.0,0.0,0.0,6.043910980224609,0.0,0.0,0.0,0.0,18,-0.12832620869512143,-0.06755533127880432,0.04419034549168178,0.04359037171593241,0
427,1774280036.2027974,18,0.0,0.0,0.0,0.0,0.0,5.992770195007324,0.0,0.0,0.0,0.0,18,0.05621910095214844,0.029683836924200596,0.05043463344159334,0.03053169482205239,0
428,1774280036.303192,18,0.0,0.0,0.0,0.0,0.0,6.043910980224609,0.0,0.0,0.0,0.0,18,-0.06388534199107777,-0.033726037135713746,0.03803267439857858,0.029113888693852567,0
429,1774280036.4032156,19,0.0,0.0,0.0,0.0,0.0,5.992770195007324,0.0,0.0,0.0,0.0,19,0.0,0.0,0.022937785265809398,0.023639924430808333,0
430,1774280036.5030007,18,0.0,0.0,0.0,0.0,0.0,6.043910980224609,0.0,0.0,0.0,0.0,18,0.0,0.0,0.010740708973672655,0.023639924430808333,0
431,1774280036.6026547,18,0.0,0.0,0.0,0.0,0.0,6.043910980224609,0.0,0.0,0.0,0.0,18,0.004684925079345703,0.0024731577429094,0.010545423355969516,0.023639924430808333,0
432,1774280036.7035697,18,0.0,0.0,0.0,0.0,0.0,6.043910980224609,0.0,0.0,0.0,0.0,18,0.0,0.0,0.0,0.023762443514891898,0
433,1774280036.8030171,18,0.0,0.0,0.0,0.0,0.0,6.043910980224609,0.0,0.0,0.0,0.0,18,0.0,0.0,0.0,0.0237624435148919,0
434,1774280036.9028773,18,0.0,0.0,0.0,0.0,0.0,6.043910980224609,0.0,0.0,0.0,0.0,18,0.06410950108578331,0.033839816720532295,0.010357112224612917,0.023762443514891898,0
435,1774280037.003217,18,0.0,0.0,0.0,0.0,0.0,6.043910980224609,0.0,0.0,0.0,0.0,18,0.0,0.0,0.010545423355969516,0.02103847670232384,0
436,1774280037.1032383,18,0.0,0.0,0.0,0.0,0.0,6.043910980224609,0.0,0.0,0.0,0.0,18,0.03452050058465255,0.018221045363031083,0.010545423355969516,0.02103847670232384,0
437,1774280037.2029483,18,0.0,0.0,0.0,0.0,0.0,6.043910980224609,0.0,0.0,0.0,0.0,18,0.0,0.0,0.0,0.020480848472365313,0
438,1774280037.3036618,18,0.0,0.0,0.0,0.0,0.0,5.992770195007324,0.0,0.0,0.0,0.0,18,0.0,0.0,0.0,0.020480848472365316,0
439,1774280037.403498,18,0.0,0.0,0.0,0.0,0.0,6.043910980224609,0.0,0.0,0.0,0.0,18,0.03279447555541992,0.017308572909107405,0.0,0.020480848472365313,0
440,1774280037.502704,17,0.0,0.0,0.0,0.0,0.0,5.992770195007324,0.0,0.0,0.0,0.0,17,0.06324648857116699,0.033392206332680405,0.0,0.019869114969335664,0
441,1774280037.603182,17,0.0,0.0,0.0,0.0,0.0,6.043910980224609,0.0,0.0,0.0,0.0,17,0.06324648857116699,0.033386091601543176,0.0,0.015352302870853035,0
442,1774280037.7027502,18,0.0,0.0,0.0,0.0,0.0,5.992770195007324,0.0,0.0,0.0,0.0,18,0.03452050058465255,0.018224579606447657,0.0,0.00752356867644686,0
443,1774280037.8029046,17,0.0,0.0,0.0,0.0,0.0,5.992770195007324,0.0,0.0,0.0,0.0,17,0.0,0.0,0.0,0.0,0
444,1774280037.9030674,18,0.0,0.0,0.0,0.0,0.0,6.043910980224609,0.0,0.0,0.0,0.0,18,0.0,0.0,0.0,0.0,0
445,1774280038.0027797,18,0.0,0.0,0.0,0.0,0.0,6.043910980224609,0.0,0.0,0.0,0.0,18,0.0,0.0,0.0,0.0,0
446,1774280038.1028597,18,0.0,0.0,0.0,0.0,0.0,6.043910980224609,0.0,0.0,0.0,0.0,18,0.0,0.0,0.0,0.0,0
447,1774280038.203018,18,0.0,0.0,0.0,0.0,0.0,6.043910980224609,0.0,0.0,0.0,0.0,18,0.0,0.0,0.0,0.0,0
448,1774280038.3026624,18,0.0,0.0,0.0,0.0,0.0,6.043910980224609,0.0,0.0,0.0,0.0,18,0.0,0.0,0.0,0.0,0
449,1774280038.4030669,18,0.0,0.0,0.0,0.0,0.0,6.043910980224609,0.0,0.0,0.0,0.0,18,0.0,0.0,0.0,0.0,0
450,1774280038.5032218,18,0.0,0.0,0.0,0.0,0.0,6.043910980224609,0.0,0.0,0.0,0.0,18,0.0,0.0,0.0,0.0,0
451,1774280038.6028593,17,0.0,0.0,0.0,0.0,0.0,6.043910980224609,0.0,0.0,0.0,0.0,17,0.0,0.0,0.0,0.0,0
452,1774280038.7034144,18,0.0,0.0,0.0,0.0,0.0,6.043910980224609,0.0,0.0,0.0,0.0,18,0.0,0.0,0.0,0.0,0
453,1774280038.8031816,18,0.0,0.0,0.0,0.0,0.0,6.043910980224609,0.0,0.0,0.0,0.0,18,0.0,0.0,0.0,0.0,0
454,1774280038.902696,18,0.0,0.0,0.0,0.0,0.0,6.043910980224609,0.0,0.0,0.0,0.0,18,0.0,0.0,0.0,0.0,0
455,1774280039.0027335,18,0.0,0.0,0.0,0.0,0.0,5.992770195007324,0.0,0.0,0.0,0.0,18,0.0,0.0,0.0,0.0,0
456,1774280039.1026545,18,0.0,0.0,0.0,0.0,0.0,6.043910980224609,0.0,0.0,0.0,0.0,18,0.0,0.0,0.0,0.0,0
457,1774280039.2026772,19,-0.03452050058465255,-0.6558895111083984,0.0,0.021449969291069952,0.6558895111083984,6.043910980224609,0.1085207100591716,0.050877042506870473,0.9666638076305389,0.21585301057994602,19,-0.03452050058465255,-0.018178104348424585,0.0,0.00752356867644686,0
458,1774280039.3031836,18,0.0,0.0,0.0,0.0,0.0,6.043910980224609,0.0,0.0,0.0,0.0,18,0.0,0.0,0.0,0.00752356867644686,0
459,1774280039.402918,21,-0.0646965844290597,-0.7027387619018555,0.0,0.039815914737564344,0.7027387619018555,6.043910980224609,0.11627218934911243,0.027618965932301114,0.5799982845783234,0.12351577058575229,21,-0.0646965844290597,-0.03404699564435055,0.0,0.015628677966274908,0
460,1774280039.5032597,19,-0.03452050058465255,-0.6558895111083984,0.0,0.021449969291069952,0.6558895111083984,6.043910980224609,0.1085207100591716,0.0,0.0,0.0,19,-0.03452050058465255,-0.018167942679011544,0.0,0.016844421729362583,0
461,1774280039.6027899,20,-0.03279447555541992,-0.6558895111083984,0.0,0.02043407491214566,0.6558895111083984,6.043910980224609,0.1085207100591716,0.02899991422891617,0.5799982845783234,0.12640769549519285,20,-0.03279447555541992,-0.01725988989808948,0.0,0.017688709980330793,0
462,1774280039.7033472,21,-0.031232833862304688,-0.6558895111083984,0.0,0.019509798221406527,0.6558895111083984,6.043910980224609,0.1085207100591716,0.05523793186460223,0.5799982845783234,0.17025474034060006,21,-0.031232833862304688,-0.016434505234829005,0.0,0.018254311560567768,0
463,1774280039.8036451,23,-0.10999389316724695,-0.6558895111083984,0.0,0.0575640468977823,0.6558895111083984,6.043910980224609,0.1085207100591716,0.016811544480531113,0.1933327615261078,0.054475630259036005,23,-0.10999389316724695,-0.05787392345489401,0.0,0.028269089519230857,0
464,1774280039.9033673,21,-0.08923666817801339,-0.6558895111083984,0.0,0.04784877553586796,0.6558895111083984,6.043910980224609,0.1085207100591716,0.0,0.0,0.0,21,-0.08923666817801339,-0.046952147912025434,0.0,0.0322502057040452,0
465,1774280040.0034618,23,-0.054996946583623474,-0.6558895111083984,0.0,0.0318066875824131,0.6558895111083984,6.043910980224609,0.1085207100591716,0.04202886120132778,0.5799982845783234,0.1391402885785782,23,-0.054996946583623474,-0.028936591471543566,0.0,0.03278078133233388,0
466,1774280040.103666,23,-0.03055385921312415,-0.6558895111083984,0.5621910095214844,0.0476394973677625,1.2180805206298828,6.043910980224609,0.20153846153846153,0.04202886120132778,0.5799982845783234,0.1391402885785782,23,-0.03055385921312415,-0.016075494952899973,0.0,0.032401730407373444,0
467,1774280040.2033553,23,0.02240616342295771,-0.6558895111083984,0.6090402603149414,0.04807099952124156,1.2649297714233398,6.043910980224609,0.20928994082840235,0.05043463344159334,0.5799982845783234,0.163426890777108,23,0.02240616342295771,0.01178841829433373,0.0,0.03358241955258499,0
468,1774280040.3033097,23,0.032590783160665764,-0.6558895111083984,1.405477523803711,0.10352732436164509,2.0613670349121094,6.043910980224609,0.34106508875739644,0.05043463344159334,0.3866655230522156,0.13022166359424442,23,0.032590783160665764,0.017150852020943155,0.0,0.03540074989878853,0
469,1774280040.403034,22,0.0276836481961337,-0.6558895111083984,0.8432865142822266,0.09151717823233073,1.499176025390625,6.043910980224609,0.24804733727810652,0.035151411186565056,0.1933327615261078,0.07456740365489042,22,0.0276836481961337,0.014571781296301557,0.0,0.036725971403349295,0
470,1774280040.5076404,25,0.06371498107910156,-0.6558895111083984,0.8432865142822266,0.06845832117505779,1.499176025390625,6.043910980224609,0.24804733727810652,0.030933241844177246,0.1933327615261078,0.0708769611206588,25,0.06371498107910156,0.03345002791883224,0.0,0.040853581071141544,0
471,1774280040.6079874,23,0.1222154368524966,0.0,0.8432865142822266,0.05854322486144648,0.8432865142822266,6.043910980224609,0.1395266272189349,0.033623088961062225,0.1933327615261078,0.07327982347547411,23,0.1222154368524966,0.06416946957712384,0.0,0.05083225569407369,0
472,1774280040.7084396,25,0.01686573028564453,-0.4216432571411133,0.8432865142822266,0.03527215440044529,1.2649297714233398,6.043910980224609,0.20928994082840235,0.015466620922088623,0.1933327615261078,0.05244986340875713,25,0.01686573028564453,0.008852203121146165,0.0,0.051141671861454886,0
473,1774280040.8077579,24,-0.07613003253936768,-1.2649297714233398,0.0,0.07404197055471684,1.2649297714233398,6.043910980224609,0.20928994082840235,0.016111063460508983,0.1933327615261078,0.05343435247211316,24,-0.07613003253936768,-0.03996197190907249,0.0,0.05306369469175335,0
474,1774280040.9025705,22,-0.04684925079345703,-0.5621910095214844,0.0,0.022148055026346727,0.5621910095214844,6.043910980224609,0.09301775147928994,0.0,0.0,0.0,22,-0.04684925079345703,-0.02465961573165519,0.017575705593282528,0.05344169914040794,0
475,1774280041.0079641,21,-0.1405477523803711,-1.499176025390625,0.0,0.1877121300302471,1.499176025390625,6.043910980224609,0.24804733727810652,0.027618965932301114,0.1933327615261078,0.06765237375744962,21,-0.1405477523803711,-0.07376635623481502,0.017575705593282528,0.059744488164280886,0
476,1774280041.103442,20,-0.053876638412475586,-1.499176025390625,0.5153417587280273,0.14952980006199823,2.0145177841186523,6.043910980224609,0.33331360946745564,0.02899991422891617,0.1933327615261078,0.06903360396656207,20,-0.019356137827823035,-0.01018334241457098,0.026666587796704524,0.05985987615859046,0
477,1774280041.2031531,21,0.04684925079345703,0.0,0.5621910095214844,0.021321422341965705,0.5621910095214844,6.043910980224609,0.09301775147928994,0.0,0.0,0.0,21,0.04684925079345703,0.024657895232179493,0.009999970423764196,0.06185567337544991,0
478,1774280041.3079565,23,-0.12425236080003821,-1.405477523803711,0.0,0.10146109289594697,1.405477523803711,6.043910980224609,0.23254437869822486,0.008405772240265556,0.1933327615261078,0.03942656658922785,23,-0.0595557763709785,-0.03126224527657883,0.019333276152610778,0.06550106516996242,0
479,1774280041.408315,23,-0.02444308737049932,-0.5621910095214844,0.0,0.013144219444441002,0.5621910095214844,6.043910980224609,0.09301775147928994,0.008405772240265556,0.1933327615261078,0.03942656658922785,23,0.01007741321415323,0.005289827175171716,0.02899991422891617,0.06495465420838875,0
480,1774280041.5025482,20,0.0,0.0,0.0,0.0,0.0,6.043910980224609,0.0,0.019333276152610778,0.1933327615261078,0.05799982845783234,20,0.03279447555541992,0.01726244590347287,0.033229068387299776,0.06515978702483359,0
481,1774280041.6035662,21,-0.18962791987827846,-1.499176025390625,0.0,0.19700914612146833,1.499176025390625,6.043910980224609,0.24804733727810652,0.0,0.0,0.0,21,-0.15839508601597377,-0.08335622843904801,0.023794801418597883,0.07449862218334524,0
482,1774280041.7076273,21,-0.0513110842023577,-0.5621910095214844,0.0,0.025064118327296745,0.5621910095214844,6.043910980224609,0.09301775147928994,0.018412643954867407,0.1933327615261078,0.056751580113533366,21,0.05868280896488925,0.030821091773564194,0.020198945234070963,0.07461710287983747,0
483,1774280041.8080964,21,0.0,0.0,0.0,0.0,0.0,6.043910980224609,0.0,0.009206321977433703,0.1933327615261078,0.04117192352858409,21,0.08923666817801339,0.04685005698272293,0.028855636048672806,0.0727683575595103,0
484,1774280041.9078486,22,0.07240338758988814,-0.5621910095214844,1.6865730285644531,0.1483974104590849,2.2487640380859375,6.043910980224609,0.37207100591715975,0.07030282237313011,0.3866655230522156,0.14913480730978085,22,0.1274003341735116,0.06689835118025109,0.0448307852814163,0.07441756652451738,0
485,1774280042.0080726,22,0.0,0.0,0.0,0.0,0.0,6.043910980224609,0.0,0.02636355838992379,0.1933327615261078,0.06634683365617257,22,0.03055385921312415,0.0160437692532035,0.047632709361504814,0.0740664215107338,0
486,1774280042.1081855,24,0.048801302909851074,-0.5153417587280273,1.6865730285644531,0.12720617070804963,2.2019147872924805,6.043910980224609,0.36431952662721895,0.016111063460508983,0.1933327615261078,0.05343435247211316,24,0.026395139486893364,0.013856951263328665,0.04549006153555477,0.07532970837106442,0
487,1774280042.20325,20,0.0,0.0,0.0,0.0,0.0,6.043910980224609,0.0,0.038666552305221556,0.3866655230522156,0.11599965691566468,20,-0.032590783160665764,-0.01715358318301988,0.038666552305221556,0.07496537480078927,0
488,1774280042.3079255,21,0.0,0.0,0.0,0.0,0.0,6.043910980224609,0.0,0.05523793186460223,0.3866655230522156,0.1353047475148992,21,-0.0276836481961337,-0.014532926588131706,0.033142759118761335,0.07429053009208351,0
489,1774280042.4077783,21,0.0,0.0,0.0,0.0,0.0,5.992770195007324,0.0,0.08285689779690333,0.5799982845783234,0.20295712127234888,21,-0.06371498107910156,-0.033531766844555846,0.02648393993508326,0.07373021800274449,0
490,1774280042.508203,23,0.0,0.0,0.0,0.0,0.0,6.043910980224609,0.0,0.08405772240265556,0.5799982845783234,0.1960546142880579,23,-0.1222154368524966,-0.06431661501753355,0.02148141794734531,0.07152562503719993,0
491,1774280042.6081042,23,0.0,0.0,0.0,0.0,0.0,6.043910980224609,0.0,0.07565195016239,0.5799982845783234,0.16853520936587127,23,-0.01686573028564453,-0.008878267209235808,0.010891986564851143,0.06393255230329042,0
492,1774280042.7076383,22,-0.06601485339078036,-1.452326774597168,0.0,0.09151717823233073,1.452326774597168,6.043910980224609,0.2402958579881657,0.08787852796641263,0.5799982845783234,0.19092103183778797,22,0.010115179148587311,0.005324113612303519,0.014427818024336403,0.06369855771706334,0
493,1774280042.802933,22,-0.06601485339078036,-1.452326774597168,0.0,0.09151717823233073,1.452326774597168,6.043910980224609,0.2402958579881657,0.043939263983206314,0.5799982845783234,0.14197210683225314,22,-0.019165602597323333,-0.010085235149589615,0.018412643954867407,0.06337158497381568,0
494,1774280042.903194,21,-0.06692750113351005,-1.405477523803711,0.0,0.08958580815951979,1.405477523803711,6.043910980224609,0.23254437869822486,0.11047586372920445,0.5799982845783234,0.22775182761842647,21,0.07362025124686104,0.03884502586882835,0.01870962208317172,0.06379224648733675,0
495,1774280043.0083954,22,-0.22998723116787997,-4.497528076171875,0.0,0.8809157610970534,4.497528076171875,6.043910980224609,0.7441420118343195,0.035151411186565056,0.1933327615261078,0.07456740365489042,22,-0.1761105927554044,-0.09244876298866847,0.012083297595381737,0.07369847690575729,0
496,1774280043.1029127,21,0.0,0.0,0.0,0.0,0.0,6.043910980224609,0.0,0.0,0.0,0.0,21,-0.04684925079345703,-0.024660621530492137,0.0057711272097345605,0.07395152539246115,0
497,1774280043.2033794,21,-0.09369850158691406,-1.405477523803711,0.0,0.10033610513866213,1.405477523803711,5.992770195007324,0.2345288536134153,0.0,0.0,0.0,21,0.030553859213124146,0.016119810856510767,0.01171713706218835,0.07274285310690044,0
498,1774280043.3028574,22,0.03194267099553889,0.0,0.7027387619018555,0.02142701883691407,0.7027387619018555,5.992770195007324,0.11726442680670765,0.02636355838992379,0.1933327615261078,0.06634683365617257,22,0.05638575836603821,0.029762203637712495,0.009062473196536303,0.07160602517296923,0
499,1774280043.4032085,22,0.029813159595836292,0.0,0.6558895111083984,0.01866531418682292,0.6558895111083984,6.043910980224609,0.1085207100591716,0.0,0.0,0.0,22,0.029813159595836292,0.01568568563557366,0.012473081388781148,0.07284821128163255,0
500,1774280043.5032103,20,0.0,0.0,0.0,0.0,0.0,6.043910980224609,0.0,0.02899991422891617,0.1933327615261078,0.06903360396656207,20,0.18962791987827846,0.09982286484181326,0.009206321977433703,0.07284821128163253,0
501,1774280043.6032453,20,-0.0726163387298584,-1.452326774597168,0.0,0.10018952036006112,1.452326774597168,6.043910980224609,0.2402958579881657,0.009666638076305389,0.1933327615261078,0.042135898498397606,20,-0.0213052545275007,-0.011239213257048448,0.033229068387299776,0.06385960380741283,0
502,1774280043.7031362,21,-0.015616416931152344,-0.6090402603149414,0.7027387619018555,0.08911797116135338,1.3117790222167969,5.992770195007324,0.21889359670585426,0.0,0.0,0.0,21,-0.015616416931152344,-0.008240680199582984,0.035692202127896824,0.0635465024718785,0
503,1774280043.8031132,22,-0.16610188917680221,-1.499176025390625,0.0,0.19289305253904268,1.499176025390625,6.043910980224609,0.24804733727810652,0.043939263983206314,0.1933327615261078,0.08101999954277977,22,-0.23850527676669037,-0.12584273116877434,0.036960674997638256,0.07066319881500982,0
504,1774280043.9032168,21,-0.1405477523803711,-1.499176025390625,0.0,0.1877121300302471,1.499176025390625,5.992770195007324,0.2501641105209763,0.036825287909734813,0.1933327615261078,0.07591727587280882,21,-0.1405477523803711,-0.0741620350515316,0.02636355838992379,0.07051953736249748,0
505,1774280044.0030813,21,-0.1026221684047154,-1.452326774597168,0.0,0.11342558710863639,1.452326774597168,6.043910980224609,0.2402958579881657,0.06444425384203593,0.3866655230522156,0.13778761052753638,21,-0.15142347131456646,-0.07991123942185176,0.035692202127896824,0.07112790038912703,0
506,1774280044.1031659,22,-0.03407218239524148,-1.452326774597168,0.7027387619018555,0.11716157855460563,2.1550655364990234,6.043910980224609,0.3565680473372781,0.06151496957648884,0.3866655230522156,0.1352872741826749,22,-0.03407218239524148,-0.01793352105349169,0.05924713659671045,0.06785330410346173,0
507,1774280044.2031589,19,-0.15534225263093648,-1.499176025390625,0.7027387619018555,0.2571564345621016,2.2019147872924805,5.992770195007324,0.36742853732768394,0.050877042506870473,0.3866655230522156,0.12294992872220822,19,-0.15534225263093648,-0.08196470853036474,0.07435875443311837,0.07056518798168686,1
508,1774280044.3027973,19,-0.03945200066817434,-1.452326774597168,0.7027387619018555,0.13544853057439232,2.1550655364990234,6.043910980224609,0.3565680473372781,0.040701634005496375,0.1933327615261078,0.07881837533335848,19,-0.03945200066817434,-0.020818788379095357,0.08079578093628385,0.0694763368680178,1
509,1774280044.4032156,18,-0.29150644938151044,-4.497528076171875,0.7027387619018555,1.1834047468381763,5.2002668380737305,5.860805511474609,0.8872955821332682,0.04296283589469062,0.3866655230522156,0.12151725040056222,18,-0.29150644938151044,-0.1538282366826077,0.08245073653319303,0.08445623054760171,1
510,1774280044.503463,17,-0.08818682502297794,-1.499176025390625,0.7495880126953125,0.31060577633787867,2.2487640380859375,5.860805511474609,0.38369538686844035,0.056862576919443464,0.3866655230522156,0.1102606275092691,17,-0.08818682502297794,-0.0465277735179526,0.06925352651681473,0.08276605968369531,1
511,1774280044.6032338,15,-0.0062465667724609375,-1.452326774597168,0.7027387619018555,0.20218003896843584,2.1550655364990234,5.860805511474609,0.36770807908225533,0.038666552305221556,0.3866655230522156,0.10470951863416166,15,0.05976828661831943,0.031530083831112776,0.08030745478776785,0.08248111137765447,1
512,1774280044.7030945,20,0.06324648857116699,0.0,0.6558895111083984,0.03605593615674252,0.6558895111083984,5.860805511474609,0.1119111545032951,0.07733310461044311,0.3866655230522156,0.15466620922088622,20,0.12926134196194736,0.0680265028204859,0.06246135372381944,0.0880922173793124,1
513,1774280044.803197,21,-0.17847333635602677,-1.499176025390625,0.7027387619018555,0.30615452239581664,2.2019147872924805,5.860805511474609,0.3757017329753478,0.06444425384203593,0.5799982845783234,0.17223451315942054,21,-0.11154583522251672,-0.05870824297791153,0.04833319038152695,0.09105737438166586,1
514,1774280044.902923,20,0.10541081428527832,0.0,1.452326774597168,0.11586076578140592,1.452326774597168,6.043910980224609,0.2402958579881657,0.0966663807630539,0.7733310461044312,0.20732628917049448,20,0.3353980454531583,0.17703517879702171,0.012083297595381737,0.09944814831186971,1
515,1774280045.0085602,20,-0.0773012638092041,-0.7964372634887695,0.0,0.053834239785999216,0.7964372634887695,6.043910980224609,0.13177514792899409,0.20299939960241317,0.9666638076305389,0.36413854824758013,20,-0.0773012638092041,-0.04056430328799498,0.009062473196536303,0.09242483365233577,1
516,1774280045.1089406,19,0.0,0.0,0.0,0.0,0.0,6.043910980224609,0.0,0.24420980403297826,1.3533293306827545,0.4972433854256573,19,0.09369850158691406,0.049171079447827545,0.008923050531974206,0.09242483365233575,1
517,1774280045.2086277,19,0.0,0.0,0.0,0.0,0.0,6.043910980224609,0.0,0.36631470604946736,2.3199931383132935,0.8459675765831145,19,-0.03194267099553889,-0.016761028842276076,0.018124946393072605,0.09305008808179406,1
518,1774280045.308737,20,0.0,0.0,0.0,0.0,0.0,6.043910980224609,0.0,0.8023309603333473,3.8666552305221558,1.4367564203812142,20,-0.029813159595836292,-0.01564561164309224,0.012473081388781148,0.09177717517753498,1
519,1774280045.4082615,20,0.0,0.0,0.0,0.0,0.0,6.043910980224609,0.0,0.570331646502018,3.0933241844177246,1.1559213673056075,20,0.0,0.0,0.012677558132859527,0.0905650981766591,1
520,1774280045.5083413,16,0.0,0.0,0.0,0.0,0.0,6.043910980224609,0.0,0.0,0.0,0.0,16,0.0726163387298584,0.03811689104832808,0.018412643954867407,0.09056509817665909,1
521,1774280045.608755,17,-0.10747769299675436,-0.9369850158691406,0.0,0.08670046316869344,0.9369850158691406,6.043910980224609,0.15502958579881657,0.2047052769099965,1.9333276152610779,0.5645168177922765,17,-0.09186127606560202,-0.048205481051510936,0.027187419589608908,0.09112544303467922,1
522,1774280045.7080758,14,0.0,0.0,0.0,0.0,0.0,6.043910980224609,0.0,0.0,0.0,0.0,14,0.16610188917680221,0.08719430735122366,0.04833319038152695,0.09158285297996265,1
523,1774280045.808477,19,0.0,0.0,0.0,0.0,0.0,6.043910980224609,0.0,0.020350817002748187,0.1933327615261078,0.05933231748191226,19,0.1405477523803711,0.07376827626250744,0.054374839179217815,0.08916878371146661,1
524,1774280045.908773,19,0.0,0.0,0.0,0.0,0.0,6.043910980224609,0.0,0.0,0.0,0.0,19,0.1026221684047154,0.0538503539235425,0.05924713659671045,0.08748535220434105,1
525,1774280046.008291,19,-0.05178075087697882,-0.9838342666625977,0.0,0.04826243090490738,0.9838342666625977,6.043910980224609,0.1627810650887574,0.0,0.0,0.0,19,-0.017708568481737345,-0.009295225861701388,0.05155540307362874,0.08652493503643524,1
526,1774280046.109104,17,0.0,0.0,0.0,0.0,0.0,6.043910980224609,0.0,0.0,0.0,0.0,17,0.15534225263093648,0.08150405574438933,0.04488081963998931,0.08701912532507342,1
527,1774280046.2086678,17,0.0,0.0,0.0,0.0,0.0,6.043910980224609,0.0,0.0,0.0,0.0,17,0.03945200066817434,0.020700253222563275,0.04654307221924817,0.08335385345806787,1
528,1774280046.3082027,18,0.0,0.0,0.0,0.0,0.0,6.043910980224609,0.0,0.0,0.0,0.0,18,0.29150644938151044,0.15302279468099775,0.04639986276626587,0.08365801571429654,1
529,1774280046.4088469,17,0.0,0.0,0.0,0.0,0.0,6.043910980224609,0.0,0.0,0.0,0.0,17,0.08818682502297794,0.046282971363522905,0.05948700354649471,0.05881363292754705,1
530,1774280046.5084615,18,0.0,0.0,0.0,0.0,0.0,6.043910980224609,0.0,0.0,0.0,0.0,18,0.0062465667724609375,0.003278645854189859,0.0621426733476775,0.05657764310543783,1
531,1774280046.6083186,17,0.0,0.0,0.0,0.0,0.0,6.043910980224609,0.0,0.0,0.0,0.0,17,-0.06324648857116699,-0.03319635158612299,0.07923473833037205,0.05662924404516909,1
532,1774280046.7087235,17,0.0,0.0,0.0,0.0,0.0,6.043910980224609,0.0,0.0,0.0,0.0,17,0.17847333635602677,0.09366089814438099,0.12043680226216551,0.05402733629388145,0
533,1774280046.8089938,17,0.0,0.0,0.0,0.0,0.0,6.043910980224609,0.0,0.0,0.0,0.0,17,-0.10541081428527832,-0.05530267779412206,0.18022545565993098,0.03902539185972538,0
534,1774280046.9084585,17,0.0,0.0,0.0,0.0,0.0,5.992770195007324,0.0,0.0,0.0,0.0,17,0.0773012638092041,0.040687053717703064,0.2699992014416333,0.02950437363751064,0
535,1774280047.0031264,17,0.0,0.0,0.0,0.0,0.0,6.043910980224609,0.0,0.0,0.0,0.0,17,0.0,0.0,0.47666525686609335,0.025460300524575683,0
536,1774280047.1028264,17,0.0,0.0,0.0,0.0,0.0,5.992770195007324,0.0,0.0,0.0,0.0,17,0.0,0.0,0.5832751110448675,0.025460300524575683,0
537,1774280047.2028878,17,0.0,0.0,0.0,0.0,0.0,5.992770195007324,0.0,0.0,0.0,0.0,17,0.0,0.0,0.49023664529834476,0.02546030052457568,0
538,1774280047.3030748,17,0.0,0.0,0.0,0.0,0.0,5.992770195007324,0.0,0.0,0.0,0.0,17,0.0,0.0,0.2808796724058547,0.02546030052457568,0
539,1774280047.4025102,17,0.0,0.0,0.0,0.0,0.0,5.992770195007324,0.0,0.0,0.0,0.0,17,0.0,0.0,0.07404233420148809,0.02546030052457568,0
540,1774280047.5030444,17,0.0,0.0,0.0,0.0,0.0,6.043910980224609,0.0,0.0,0.0,0.0,17,0.10747769299675436,0.05673774092578358,0.07733310461044311,0.02546030052457568,0
541,1774280047.6031194,17,0.0,0.0,0.0,0.0,0.0,6.043910980224609,0.0,0.0,0.0,0.0,17,0.0,0.0,0.007435875443311838,0.011285353014670289,0
542,1774280047.703135,17,0.0,0.0,0.0,0.0,0.0,6.043910980224609,0.0,0.0,0.0,0.0,17,0.0,0.0,0.006783605667582729,0.011285353014670289,0
543,1774280047.8027694,18,0.0,0.0,0.0,0.0,0.0,6.043910980224609,0.0,0.0,0.0,0.0,18,0.0,0.0,0.0,0.011285353014670289,0
544,1774280047.9029512,17,0.0,0.0,0.0,0.0,0.0,6.043910980224609,0.0,0.0,0.0,0.0,17,0.05178075087697882,0.02732983462439896,0.0,0.011285353014670289,0
545,1774280048.0036128,18,0.0,0.0,0.0,0.0,0.0,6.043910980224609,0.0,0.0,0.0,0.0,18,0.0,0.0,0.0,0.0,0
546,1774280048.102779,18,0.0,0.0,0.0,0.0,0.0,6.043910980224609,0.0,0.0,0.0,0.0,18,0.0,0.0,0.0,0.0,0
547,1774280048.2030985,18,0.0,0.0,0.0,0.0,0.0,6.043910980224609,0.0,0.0,0.0,0.0,18,0.0,0.0,0.0,0.0,0
548,1774280048.3030603,18,0.0,0.0,0.0,0.0,0.0,6.043910980224609,0.0,0.0,0.0,0.0,18,0.0,0.0,0.0,0.0,0
549,1774280048.403192,18,0.0,0.0,0.0,0.0,0.0,6.043910980224609,0.0,0.0,0.0,0.0,18,0.0,0.0,0.0,0.0,0
550,1774280048.5028043,18,0.0,0.0,0.0,0.0,0.0,6.043910980224609,0.0,0.0,0.0,0.0,18,0.0,0.0,0.0,0.0,0
551,1774280048.6024215,18,0.0,0.0,0.0,0.0,0.0,6.043910980224609,0.0,0.0,0.0,0.0,18,0.0,0.0,0.0,0.0,0
552,1774280048.7033932,17,0.0,0.0,0.0,0.0,0.0,6.043910980224609,0.0,0.0,0.0,0.0,17,0.0,0.0,0.0,0.0,0
553,1774280048.8030417,18,0.0,0.0,0.0,0.0,0.0,6.043910980224609,0.0,0.0,0.0,0.0,18,0.0,0.0,0.0,0.0,0
554,1774280048.9032755,18,0.0,0.0,0.0,0.0,0.0,6.043910980224609,0.0,0.0,0.0,0.0,18,0.0,0.0,0.0,0.0,0
555,1774280049.0027742,17,0.0,0.0,0.0,0.0,0.0,6.043910980224609,0.0,0.0,0.0,0.0,17,0.0,0.0,0.0,0.0,0
556,1774280049.1028135,17,0.0,0.0,0.0,0.0,0.0,6.043910980224609,0.0,0.0,0.0,0.0,17,0.0,0.0,0.0,0.0,0
557,1774280049.203384,18,0.0,0.0,0.0,0.0,0.0,6.043910980224609,0.0,0.0,0.0,0.0,18,0.0,0.0,0.0,0.0,0
558,1774280049.302968,18,0.0,0.0,0.0,0.0,0.0,6.043910980224609,0.0,0.0,0.0,0.0,18,0.0,0.0,0.0,0.0,0
559,1774280049.4028041,18,0.0,0.0,0.0,0.0,0.0,6.043910980224609,0.0,0.0,0.0,0.0,18,0.0,0.0,0.0,0.0,0
560,1774280049.5027468,18,0.0,0.0,0.0,0.0,0.0,6.043910980224609,0.0,0.0,0.0,0.0,18,0.0,0.0,0.0,0.0,0
561,1774280049.6027734,18,0.0,0.0,0.0,0.0,0.0,6.043910980224609,0.0,0.0,0.0,0.0,18,0.0,0.0,0.0,0.0,0
562,1774280049.7032437,18,0.0,0.0,0.0,0.0,0.0,6.043910980224609,0.0,0.0,0.0,0.0,18,0.0,0.0,0.0,0.0,0
563,1774280049.8026164,18,0.0,0.0,0.0,0.0,0.0,6.043910980224609,0.0,0.0,0.0,0.0,18,0.0,0.0,0.0,0.0,0
564,1774280049.9028971,18,0.0,0.0,0.0,0.0,0.0,6.043910980224609,0.0,0.0,0.0,0.0,18,0.0,0.0,0.0,0.0,0
565,1774280050.0027492,18,0.0,0.0,0.0,0.0,0.0,6.043910980224609,0.0,0.0,0.0,0.0,18,0.0,0.0,0.0,0.0,0
566,1774280050.1032856,18,0.0,0.0,0.0,0.0,0.0,6.043910980224609,0.0,0.0,0.0,0.0,18,0.0,0.0,0.0,0.0,0
567,1774280050.2026846,18,0.0,0.0,0.0,0.0,0.0,6.043910980224609,0.0,0.0,0.0,0.0,18,0.0,0.0,0.0,0.0,0
568,1774280050.3027754,18,0.0,0.0,0.0,0.0,0.0,6.043910980224609,0.0,0.0,0.0,0.0,18,0.0,0.0,0.0,0.0,0
569,1774280050.40299,18,0.0,0.0,0.0,0.0,0.0,6.043910980224609,0.0,0.0,0.0,0.0,18,0.0,0.0,0.0,0.0,0
570,1774280050.5026689,18,0.0,0.0,0.0,0.0,0.0,6.043910980224609,0.0,0.0,0.0,0.0,18,0.0,0.0,0.0,0.0,0
571,1774280050.6032398,18,0.0,0.0,0.0,0.0,0.0,6.043910980224609,0.0,0.0,0.0,0.0,18,0.0,0.0,0.0,0.0,0
572,1774280050.7030346,16,0.0,0.0,0.0,0.0,0.0,6.043910980224609,0.0,0.0,0.0,0.0,16,0.0,0.0,0.0,0.0,0
573,1774280050.8027978,18,0.0,0.0,0.0,0.0,0.0,6.043910980224609,0.0,0.10740708973672655,0.9666638076305389,0.3037931260014055,18,0.0,0.0,0.0,0.0,0
574,1774280050.9026213,17,0.0,0.0,0.0,0.0,0.0,6.043910980224609,0.0,0.04549006153555477,0.7733310461044312,0.18196024614221912,17,0.0,0.0,0.0,0.0,0
575,1774280051.0031326,18,0.0,0.0,0.0,0.0,0.0,6.043910980224609,0.0,0.0,0.0,0.0,18,0.0,0.0,0.0,0.0,0
576,1774280051.1026876,17,0.0,0.0,0.0,0.0,0.0,6.043910980224609,0.0,0.04549006153555477,0.7733310461044312,0.18196024614221912,17,0.0,0.0,0.0,0.0,0
577,1774280051.2026684,17,0.0,0.0,0.0,0.0,0.0,6.043910980224609,0.0,0.13647018460666432,1.1599965691566467,0.37373899267982164,17,0.0,0.0,0.0,0.0,0
578,1774280051.3025506,20,0.0,0.0,0.0,0.0,0.0,6.043910980224609,0.0,0.08699974268674851,0.5799982845783234,0.20710081189968624,20,0.0,0.0,0.0,0.0,0
579,1774280051.4026556,18,0.0,0.0,0.0,0.0,0.0,6.043910980224609,0.0,0.0966663807630539,0.5799982845783234,0.2161525985250665,18,0.0,0.0,0.0,0.0,0
580,1774280051.5028827,22,-0.04259022799405185,-0.9369850158691406,0.0,0.03809247793229166,0.9369850158691406,6.043910980224609,0.15502958579881657,0.035151411186565056,0.3866655230522156,0.11115852231866752,22,-0.04259022799405185,-0.022414620145306968,0.0,0.009282324990421453,0
581,1774280051.6024635,22,0.0,0.0,0.0,0.0,0.0,6.043910980224609,0.0,0.14060564474626022,0.7733310461044312,0.2982696146195617,22,0.0,0.0,0.0,0.009282324990421453,0
582,1774280051.702837,20,0.0,0.0,0.0,0.0,0.0,6.043910980224609,0.0,0.20299939960241317,1.1599965691566467,0.4077213304834995,20,0.0,0.0,0.0,0.009282324990421453,0
583,1774280051.8026006,23,-0.032590783160665764,-0.7495880126953125,0.0,0.023367501234561775,0.7495880126953125,6.043910980224609,0.12402366863905326,0.11768081136371779,0.9666638076305389,0.28356246915810146,23,-0.032590783160665764,-0.01715572094019768,0.0,0.011387443623787047,0
584,1774280051.9026299,22,-0.10221654718572443,-0.7964372634887695,0.0,0.06637160797821676,0.7964372634887695,6.043910980224609,0.13177514792899409,0.08787852796641263,0.7733310461044312,0.22370221096467127,22,-0.10221654718572443,-0.05380156238322531,0.0,0.024239239366082386,0
585,1774280052.0031803,23,-0.06314464237378992,-0.7495880126953125,0.0,0.041913795715827935,0.7495880126953125,6.043910980224609,0.12402366863905326,0.10086926688318668,0.5799982845783234,0.21983947042642232,23,-0.06314464237378992,-0.03323586401744976,0.0,0.02685007218842606,0
586,1774280052.1029336,24,-0.06051361560821533,-0.7495880126953125,0.0,0.040326600503348686,0.7495880126953125,6.043910980224609,0.12402366863905326,0.040277658651272454,0.1933327615261078,0.07851561111287364,24,-0.06051361560821533,-0.031845097915716776,0.0,0.02867204430590553,0
587,1774280052.203089,22,0.0,0.0,0.0,0.0,0.0,6.043910980224609,0.0,0.08787852796641263,0.5799982845783234,0.1996216423540414,22,0.0,0.0,0.0,0.02867204430590553,0
588,1774280052.3027961,22,-0.10221654718572443,-0.7964372634887695,0.0,0.06637160797821676,0.7964372634887695,6.043910980224609,0.13177514792899409,0.02636355838992379,0.1933327615261078,0.06634683365617257,22,-0.10221654718572443,-0.053803675726569807,0.0,0.034124950755109545,0
589,1774280052.4031937,22,-0.06601485339078036,-0.7495880126953125,0.0,0.04362949168887836,0.7495880126953125,6.043910980224609,0.12402366863905326,0.07030282237313011,0.3866655230522156,0.14913480730978085,22,-0.06601485339078036,-0.034735064489640206,0.0,0.03519098713464457,0
590,1774280052.5035276,24,-0.20106136798858643,-0.7495880126953125,0.0,0.09885599516756827,0.7495880126953125,6.043910980224609,0.12402366863905326,0.11277744422356288,0.7733310461044312,0.24273764653032362,24,-0.20106136798858643,-0.10580574213165361,0.03717937721655919,0.05183480902919296,0
591,1774280052.6023407,17,0.0,0.0,0.0,0.0,0.0,6.043910980224609,0.0,0.1819602461422191,0.7733310461044312,0.32803349878090976,17,0.0,0.0,0.053071738458147236,0.05183480902919296,0
592,1774280052.702995,17,-0.090942663304946,-0.7964372634887695,0.0,0.06209381454688485,0.7964372634887695,6.043910980224609,0.13177514792899409,0.14784269999055302,0.7733310461044312,0.2696029815490051,17,-0.090942663304946,-0.047859590611372044,0.051069031346519037,0.05267715804082809,0
593,1774280052.802425,19,0.0,0.0,0.0,0.0,0.0,6.043910980224609,0.0,0.10175408501374095,0.7733310461044312,0.23776513672262922,19,0.0,0.0,0.029743501773247354,0.05267715804082809,0
594,1774280052.9030852,20,0.0,0.0,0.0,0.0,0.0,6.043910980224609,0.0,0.038666552305221556,0.3866655230522156,0.11599965691566468,20,0.0,0.0,0.05948700354649471,0.05267715804082809,0
595,1774280053.0025353,17,0.0,0.0,0.0,0.0,0.0,6.043910980224609,0.0,0.03411754615166608,0.1933327615261078,0.07370232329163695,17,0.0,0.0,0.08950590811393878,0.05267715804082809,0
596,1774280053.103134,18,-0.03383557001749674,-0.6090402603149414,0.0,0.01946237857295172,0.6090402603149414,6.043910980224609,0.10076923076923076,0.010740708973672655,0.1933327615261078,0.04428507759247181,18,-0.03383557001749674,-0.017803832915366663,0.10545423355969516,0.051966042162388905,0
597,1774280053.2026076,18,-0.041643778483072914,-0.7495880126953125,0.0,0.029481472867903202,0.7495880126953125,6.043910980224609,0.12402366863905326,0.03222212692101797,0.1933327615261078,0.07205086617502215,18,-0.041643778483072914,-0.02191711974246882,0.07088867922623952,0.05115939616734389,0
598,1774280053.3027146,19,-0.0690410011693051,-0.7495880126953125,0.0,0.04144075699771336,0.7495880126953125,6.043910980224609,0.12402366863905326,0.010175408501374094,0.1933327615261078,0.04317060211598919,19,-0.0690410011693051,-0.036336240992094294,0.09042984006866332,0.05054545241661671,0
599,1774280053.4031093,21,0.0,0.0,0.0,0.0,0.0,6.043910980224609,0.0,0.06444425384203593,0.3866655230522156,0.13778761052753638,21,0.04259022799405185,0.022413236479560134,0.1238538003526628,0.05054545241661671,0
600,1774280053.5031836,22,-0.012777068398215553,-0.7495880126953125,0.6090402603149414,0.07905096134710815,1.358628273010254,6.043910980224609,0.22479289940828404,0.017575705593282528,0.1933327615261078,0.05557926115933376,22,-0.012777068398215553,-0.006722225048965052,0.1516918590435615,0.051040302950269255,0
601,1774280053.6032782,18,0.0,0.0,0.0,0.0,0.0,6.043910980224609,0.0,0.0966663807630539,0.5799982845783234,0.2161525985250665,18,0.0,0.0,0.1338457579796131,0.05104030295026926,0
602,1774280053.702998,20,0.0,0.0,0.0,0.0,0.0,5.992770195007324,0.0,0.11599965691566468,0.7733310461044312,0.27613441586624826,20,0.032590783160665764,0.017149457720401134,0.10235263845499824,0.05104030295026927,0
603,1774280053.8028162,21,0.035694667271205356,0.0,0.7495880126953125,0.02548218543204119,0.7495880126953125,6.043910980224609,0.12402366863905326,0.009206321977433703,0.1933327615261078,0.04117192352858409,21,0.13791121445692978,0.07257773326582463,0.07565195016239,0.05388081768408501,0
604,1774280053.9030776,19,0.0,0.0,0.0,0.0,0.0,6.043910980224609,0.0,0.030526225504122283,0.1933327615261078,0.07049729804859288,19,0.06314464237378992,0.03323581813890647,0.07565195016239,0.052606263845175555,0
605,1774280054.0027835,20,-0.22487640380859375,-4.497528076171875,0.0,0.9608185428078286,4.497528076171875,6.043910980224609,0.7441420118343195,0.12566629499197007,0.7733310461044312,0.27528711587595733,20,-0.16436278820037842,-0.08651356558308992,0.05117631922749912,0.06678793106103924,0
606,1774280054.1027343,22,-0.025554136796431107,-0.5621910095214844,0.0,0.013713292055625005,0.5621910095214844,6.043910980224609,0.09301775147928994,0.05272711677984758,0.5799982845783234,0.14493298121172596,22,-0.025554136796431107,-0.013452056766994973,0.06151496957648884,0.06677362775802573,0
607,1774280054.203204,21,0.031232833862304688,0.0,0.6558895111083984,0.019509798221406527,0.6558895111083984,6.043910980224609,0.1085207100591716,0.11047586372920445,0.5799982845783234,0.22775182761842647,21,0.13344938104802911,0.07022144492900574,0.07107822114930433,0.06808100828099531,0
608,1774280054.303229,20,-0.14757513999938965,-1.499176025390625,0.0,0.1960606688200528,1.499176025390625,6.043910980224609,0.24804733727810652,0.11599965691566468,0.7733310461044312,0.24758673824352911,20,-0.08156028660860928,-0.04292566728524299,0.11661341171416026,0.07081469375335137,0
609,1774280054.4028456,21,-0.1918588365827288,-1.546025276184082,0.4684925079345703,0.29492643443982347,2.0145177841186523,6.043910980224609,0.33331360946745564,0.027618965932301114,0.1933327615261078,0.06765237375744962,21,0.009202531405857639,0.004845176796970836,0.1433329094072868,0.07787909495799988,0
610,1774280054.5027611,21,-0.08477483476911273,-1.499176025390625,0.7027387619018555,0.23424698037977545,2.2019147872924805,6.043910980224609,0.36431952662721895,0.06444425384203593,0.7733310461044312,0.17223451315942054,21,-0.08477483476911273,-0.044608463238083006,0.14226373017958874,0.07024737137872059,0
611,1774280054.602928,22,-0.1341592181812633,-1.499176025390625,0.0,0.18003684123689423,1.499176025390625,6.043910980224609,0.24804733727810652,0.043939263983206314,0.3866655230522156,0.09981082117702071,22,-0.0432165548763173,-0.02274635896665701,0.09321401002151626,0.07221815579957801,0
612,1774280054.7033274,21,-0.07138933454241071,-1.499176025390625,0.0,0.10192874172816473,1.499176025390625,6.043910980224609,0.24804733727810652,0.027618965932301114,0.1933327615261078,0.06765237375744962,21,-0.07138933454241071,-0.03755549491808396,0.05869030260613987,0.07178160971636348,0
613,1774280054.8028264,22,0.04259022799405185,0.0,0.4684925079345703,0.018139275205853175,0.4684925079345703,6.043910980224609,0.07751479289940828,0.0,0.0,0.0,22,0.04259022799405185,0.022418963490427025,0.02812112894925204,0.07379324118928501,0
614,1774280054.9031918,23,-0.15073237211807913,-1.499176025390625,0.5153417587280273,0.2855133575914655,2.0145177841186523,6.043910980224609,0.33331360946745564,0.08405772240265556,0.7733310461044312,0.18758248709220987,23,-0.15073237211807913,-0.07930542691655858,0.025534515673259518,0.0763235248285265,0
615,1774280055.003128,20,-0.10541081428527832,-1.546025276184082,0.4684925079345703,0.24272322871610186,2.0145177841186523,6.043910980224609,0.33331360946745564,0.0,0.0,0.0,20,-0.07157524426778158,-0.03767129748084061,0.017575705593282528,0.07605616755039826,0
616,1774280055.1028948,20,-0.051534175872802734,-1.499176025390625,0.4684925079345703,0.1206949279719538,1.9676685333251953,6.043910980224609,0.3255621301775148,0.0,0.0,0.0,20,-0.00989039738972982,-0.00520468571435263,0.03666655822046872,0.07585854101636744,0
617,1774280055.202731,21,-0.18962791987827846,-1.499176025390625,0.4684925079345703,0.28898390916524197,1.9676685333251953,6.043910980224609,0.3255621301775148,0.0,0.0,0.0,21,-0.12058691870897335,-0.06346625458527969,0.031182703471952868,0.08075737436897873,0
618,1774280055.3027546,19,-0.0739725012528269,-1.499176025390625,0.6090402603149414,0.276162274699257,2.1082162857055664,6.043910980224609,0.3488165680473373,0.0,0.0,0.0,19,-0.0739725012528269,-0.03894016432551177,0.05704901159786787,0.08076926232319581,0
619,1774280055.4026222,18,0.09890397389729817,0.0,1.2180805206298828,0.09020571983203103,1.2180805206298828,6.043910980224609,0.20153846153846153,0.0,0.0,0.0,18,0.11168104229551373,0.05879686826533518,0.07411089191834132,0.08751146777682617,0
620,1774280055.5028963,23,-0.08555080579674762,-1.499176025390625,0.6090402603149414,0.13181560976953613,2.1082162857055664,6.043910980224609,0.3488165680473373,0.008405772240265556,0.1933327615261078,0.03942656658922785,23,-0.08555080579674762,-0.045035790930205336,0.0720901822639724,0.08686683680943887,0
621,1774280055.603046,22,-0.0021295113997025924,-1.499176025390625,0.9369850158691406,0.15413395624293588,2.4361610412597656,6.043910980224609,0.40307692307692305,0.008787852796641264,0.1933327615261078,0.04027100063673795,22,-0.0021295113997025924,-0.0011207671490862943,0.05155540307362874,0.08678661447715975,0
622,1774280055.7029917,22,-0.09156899018721147,-1.592874526977539,0.6090402603149414,0.23594208742133374,2.2019147872924805,6.043910980224609,0.36431952662721895,0.0,0.0,0.0,22,-0.12726365745841683,-0.06697468348246513,0.05477761576573054,0.08556244998722032,0
623,1774280055.8028867,17,-0.18739700317382812,-1.499176025390625,0.0,0.15312322515830387,1.499176025390625,6.043910980224609,0.24804733727810652,0.022745030767777386,0.1933327615261078,0.062289832113303606,17,-0.18739700317382812,-0.09863991123913941,0.0697265697307274,0.08545276799632914,0
624,1774280055.9028673,18,-0.11452039082845052,-1.499176025390625,0.0,0.12930660710076658,1.499176025390625,6.043910980224609,0.24804733727810652,0.02148141794734531,0.1933327615261078,0.06075862520028111,18,0.11035601298014323,0.05807955108346637,0.09513199376681494,0.08356424839100196,0
625,1774280056.0028656,22,-0.09582801298661665,-1.499176025390625,0.0,0.10983784619024246,1.499176025390625,6.043910980224609,0.24804733727810652,0.008787852796641264,0.1933327615261078,0.04027100063673795,22,-0.07027387619018555,-0.03698369630682503,0.09206321977433704,0.07750867831962431,0
626,1774280056.1027553,18,-0.10150671005249023,-0.6558895111083984,0.0,0.05176193340616919,0.6558895111083984,6.043910980224609,0.1085207100591716,0.02148141794734531,0.1933327615261078,0.06075862520028111,18,-0.13273954391479492,-0.06987941705692872,0.08419329937427275,0.07652688567153901,0
627,1774280056.2026176,17,-0.07440763361313764,-1.499176025390625,0.7964372634887695,0.18257525705811056,2.2956132888793945,6.043910980224609,0.3798224852071006,0.04549006153555477,0.1933327615261078,0.08200837469522744,17,0.07316750638625201,0.03852161071535449,0.06860194763829632,0.07179814743189084,0
628,1774280056.3028395,19,0.0,0.0,0.0,0.0,0.0,6.043910980224609,0.0,0.07122785950961866,0.5799982845783234,0.14318068919245908,19,0.1918588365827288,0.10097865942502862,0.04531236598268151,0.07313665044033794,0
629,1774280056.403117,15,0.0,0.0,0.0,0.0,0.0,6.043910980224609,0.0,0.10311080614725748,0.3866655230522156,0.17098992791076204,15,0.08477483476911273,0.044609979910274614,0.04531236598268151,0.07080649135432508,0
630,1774280056.5027635,16,-0.28402358293533325,-1.592874526977539,0.0,0.3502075464623111,1.592874526977539,6.043910980224609,0.26355029585798817,0.18124946393072605,0.7733310461044312,0.316711505150775,16,-0.14986436475406995,-0.07888280744671443,0.023794801418597883,0.08438576428741361,0
631,1774280056.602785,19,0.0,0.0,0.0,0.0,0.0,6.043910980224609,0.0,0.08140326801099275,0.5799982845783234,0.18088201807163756,19,0.07138933454241071,0.037584061388543505,0.03808069545211214,0.08542701187467755,0
632,1774280056.7026246,20,0.0,0.0,0.0,0.0,0.0,6.043910980224609,0.0,0.05799982845783234,0.5799982845783234,0.13806720793312416,20,-0.04259022799405185,-0.02241829106200077,0.029743501773247354,0.08705879089249002,0
633,1774280056.8030326,20,0.0,0.0,0.0,0.0,0.0,5.992770195007324,0.0,0.07733310461044311,0.5799982845783234,0.177192402801647,20,0.15073237211807913,0.07933947391725026,0.030687739924779012,0.08468567166433516,0
634,1774280056.9031854,21,0.0,0.0,0.0,0.0,0.0,5.992770195007324,0.0,0.10126954175177075,1.1599965691566467,0.27092251942019674,21,0.10541081428527832,0.05547770238679914,0.0,0.0843585008916353,0
635,1774280057.002693,19,0.0,0.0,0.0,0.0,0.0,5.992770195007324,0.0,0.09157867651236684,0.5799982845783234,0.21149189414577863,19,0.051534175872802734,0.02712613218502093,0.0,0.08514134180400199,0
636,1774280057.1030395,20,0.0,0.0,0.0,0.0,0.0,5.992770195007324,0.0,0.15466620922088622,0.7733310461044312,0.30933241844177245,20,0.18962791987827846,0.09978796021830863,0.0,0.08621208599770933,0
637,1774280057.2032895,20,0.09604096412658691,0.0,0.7495880126953125,0.05321968114202491,0.7495880126953125,6.043910980224609,0.12402366863905326,0.1933327615261078,0.9666638076305389,0.3866655230522156,20,0.1700134653794138,0.08945558864532896,0.0032222126921017964,0.08722444116521984,0
638,1774280057.3029313,18,0.0,0.0,0.0,0.0,0.0,5.992770195007324,0.0,0.15036992563141716,0.9666638076305389,0.31277416646847317,18,-0.09890397389729817,-0.05204625638742857,0.006137547984955803,0.08751917560692316,0
639,1774280057.4031613,18,-0.044246514638264976,-0.7964372634887695,0.0,0.033281818979781344,0.7964372634887695,6.043910980224609,0.13177514792899409,0.1933327615261078,0.9666638076305389,0.3702040534049744,18,0.041304291158482644,0.021736069247073525,0.0057711272097345605,0.08132963228831472,0
640,1774280057.50265,17,0.0,0.0,0.0,0.0,0.0,5.992770195007324,0.0,0.1819602461422191,0.9666638076305389,0.36604662814787586,17,0.0021295113997025924,0.001121029071142011,0.009508168599644646,0.08155771912646409,0
641,1774280057.6028848,16,0.0,0.0,0.0,0.0,0.0,5.992770195007324,0.0,0.18124946393072605,1.3533293306827545,0.39543964459046804,16,0.09156899018721147,0.04819691845690597,0.013567211335165459,0.08161496112287496,0
642,1774280057.7030928,18,0.03383557001749674,0.0,0.6090402603149414,0.01946237857295172,0.6090402603149414,5.992770195007324,0.10162916989914662,0.06444425384203593,0.3866655230522156,0.1441017323500443,18,0.22123257319132486,0.11642556797902277,0.016959014168956822,0.08259788715003778,0
643,1774280057.802888,17,-0.04409341251148897,-0.7495880126953125,0.0,0.031107664430533314,0.7495880126953125,5.992770195007324,0.12508205526048816,0.13647018460666432,0.9666638076305389,0.3163931070130188,17,0.07042697831696154,0.037066428827397996,0.016666617372940326,0.07527011914287378,0
644,1774280057.902566,17,0.0,0.0,0.0,0.0,0.0,5.992770195007324,0.0,0.25019533844555125,1.5466620922088623,0.5458807384266572,17,0.09582801298661665,0.050443750406388085,0.023742619836539552,0.07305532739312223,0
645,1774280058.002666,17,-0.17912948832792394,-1.546025276184082,0.0,0.24071985639408786,1.546025276184082,5.992770195007324,0.2579817389747568,0.2047052769099965,1.1599965691566467,0.4422139397498217,17,-0.07762277827543371,-0.04085601431127921,0.04654307221924817,0.07906181750042333,0
646,1774280058.1026745,17,-0.17361781176398783,-1.499176025390625,0.0,0.2261381386922754,1.499176025390625,5.992770195007324,0.2501641105209763,0.1705877307583304,0.9666638076305389,0.36851161645818475,17,-0.09921017815085019,-0.052214321232424504,0.07202593076462839,0.08375144508283593,0
647,1774280058.2028654,19,-0.15534225263093648,-1.499176025390625,0.0,0.20517309061690658,1.499176025390625,5.992770195007324,0.2501641105209763,0.1729819445233596,0.9666638076305389,0.33717318118509987,19,-0.15534225263093648,-0.08175796822688348,0.11599965691566468,0.08750244815731702,0
648,1774280058.302638,20,-0.17568469047546387,-1.499176025390625,0.0,0.18302324615859789,1.499176025390625,5.992770195007324,0.2501641105209763,0.038666552305221556,0.1933327615261078,0.07733310461044311,20,-0.17568469047546387,-0.09248893804060138,0.11986631214618683,0.09199699535933767,0
649,1774280058.4023857,21,-0.07138933454241071,-1.499176025390625,0.0,0.10192874172816475,1.499176025390625,5.992770195007324,0.2501641105209763,0.13809482966150557,0.9666638076305389,0.33826186878724807,21,0.21263424839292255,0.11193501959392613,0.10193909244103865,0.09151449096463575,0
650,1774280058.5030122,21,0.0,0.0,0.0,0.0,0.0,5.992770195007324,0.0,0.23015804943584262,1.73999485373497,0.4942346022517844,21,0.0,0.0,0.0720901822639724,0.07454220420712784,0
651,1774280058.603225,18,0.0,0.0,0.0,0.0,0.0,6.043910980224609,0.0,0.08592567178938124,0.7733310461044312,0.2060425227146685,18,0.0,0.0,0.07923473833037205,0.07454220420712784,0
652,1774280058.7028432,17,-0.16259445863611557,-1.405477523803711,0.0,0.19834173932319527,1.405477523803711,5.992770195007324,0.2345288536134153,0.056862576919443464,0.5799982845783234,0.1592152153744417,17,-0.16259445863611557,-0.08558456442609425,0.0902219553788503,0.07894388359578335,0
653,1774280058.8028526,17,-0.33345643211813536,-4.497528076171875,0.0,1.1593680716082753,4.497528076171875,5.860805511474609,0.7673907737368807,0.29568539998110605,2.3199931383132935,0.7417461072300704,17,-0.33345643211813536,-0.17553412569003815,0.11599965691566468,0.10026417617969695,0
654,1774280058.902845,20,-0.07027387619018555,-1.405477523803711,0.0,0.09382993582107702,1.405477523803711,5.860805511474609,0.2398096167927752,0.14499957114458084,0.7733310461044312,0.2656127599197735,20,-0.07027387619018555,-0.03698329258583794,0.14745719099448898,0.09930979862632125,0
655,1774280059.0025785,15,-0.1811504364013672,-1.546025276184082,0.0,0.21798297552777512,1.546025276184082,5.677700042724609,0.27229780801209374,0.1933327615261078,0.7733310461044312,0.3235075867766789,15,-0.1811504364013672,-0.09536547393301875,0.16666617372940326,0.10130080134343875,0
656,1774280059.1029747,16,-0.18446892499923706,-1.499176025390625,0.0,0.23827007916699117,1.499176025390625,5.860805511474609,0.2557969245789602,0.1933327615261078,1.1599965691566467,0.4043844834708486,16,-0.280509889125824,-0.14766125320773202,0.17952327855995723,0.1026186136613209,0
657,1774280059.2028723,19,0.0,0.0,0.0,0.0,0.0,6.043910980224609,0.0,0.11192949351511504,0.9666638076305389,0.26844571325727284,19,0.0,0.0,0.17509382175949384,0.09620870900702995,0
658,1774280059.3027961,17,-0.17912948832792394,-1.546025276184082,0.0,0.2407198563940878,1.546025276184082,6.043910980224609,0.2557988165680473,0.11372515383888693,0.7733310461044312,0.2573306479070729,17,-0.13488297368965896,-0.07100468520795619,0.18575108460351533,0.09602289073710016,0
659,1774280059.4029412,22,-0.004259022799405185,-1.2180805206298828,1.1243820190429688,0.12488890979229912,2.3424625396728516,6.043910980224609,0.3875739644970414,0.043939263983206314,0.3866655230522156,0.09981082117702071,22,-0.004259022799405185,-0.0022412474411427036,0.14026102306796054,0.09748561685301974,0
660,1774280059.5027554,22,0.0,0.0,0.0,0.0,0.0,6.043910980224609,0.0,0.07909067516977136,0.5799982845783234,0.1811662265146574,22,0.0,0.0,0.12509766922277563,0.09748561685301974,0
661,1774280059.602987,22,-0.16610188917680221,-1.2649297714233398,0.0,0.17493517008524806,1.2649297714233398,6.043910980224609,0.20928994082840235,0.008787852796641264,0.1933327615261078,0.04027100063673795,22,-0.19993745919429895,-0.10523609959229219,0.14871750886623675,0.09618720687636795,0
662,1774280059.703247,25,0.0,0.0,0.0,0.0,0.0,6.043910980224609,0.0,0.0,0.0,0.0,25,0.04409341251148897,0.023202673254966354,0.19712359998740403,0.09405100570110765,0
663,1774280059.8031325,24,0.0,0.0,0.0,0.0,0.0,6.043910980224609,0.0,0.024166595190763474,0.1933327615261078,0.06393880090992969,24,0.0,0.0,0.2084961153712927,0.09592832530977216,0
664,1774280059.9033287,24,0.0,0.0,0.0,0.0,0.0,6.043910980224609,0.0,0.03222212692101797,0.1933327615261078,0.07205086617502215,24,0.17912948832792394,0.09424580807595484,0.18238939766613943,0.09592832530977216,0
665,1774280060.0031567,22,0.0,0.0,0.0,0.0,0.0,6.043910980224609,0.0,0.0,0.0,0.0,22,0.17361781176398783,0.09135461189694666,0.124285346695355,0.09665262731540683,0
666,1774280060.1031978,23,-0.10795696921970534,-1.2649297714233398,0.0,0.12242213981302907,1.2649297714233398,6.043910980224609,0.20928994082840235,0.016811544480531113,0.3866655230522156,0.0788531331784557,23,0.04738528341123115,0.024935259822364123,0.11599965691566468,0.09495443594555691,0
667,1774280060.203007,22,-0.1128641041842374,-1.2649297714233398,0.0,0.12743294313992004,1.2649297714233398,6.043910980224609,0.20928994082840235,0.0,0.0,0.0,22,0.06282058629122647,0.033057047679306006,0.13720389527659263,0.09392950460012557,0
668,1774280060.3024824,21,0.0,0.0,0.0,0.0,0.0,6.043910980224609,0.0,0.0,0.0,0.0,21,0.07138933454241071,0.03757142267400583,0.15466620922088622,0.09348254224849156,0
669,1774280060.4030042,22,-0.059626319191672585,-1.3117790222167969,0.0,0.07466125674729168,1.3117790222167969,6.043910980224609,0.2170414201183432,0.0,0.0,0.0,22,-0.059626319191672585,-0.031382405574665116,0.13119008817843028,0.09356354457982835,0
670,1774280060.508223,23,-0.10795696921970534,-1.2649297714233398,0.0,0.12242213981302907,1.2649297714233398,6.043910980224609,0.20928994082840235,0.033623088961062225,0.3866655230522156,0.09284478902198401,23,-0.10795696921970534,-0.056670382641068155,0.14499957114458084,0.09200356120284582,0
671,1774280060.6084242,21,0.0,0.0,0.0,0.0,0.0,6.043910980224609,0.0,0.0,0.0,0.0,21,0.16259445863611557,0.08532539884278932,0.16469087092964738,0.09200356120284583,0
672,1774280060.7081683,23,-0.054996946583623474,-1.2649297714233398,0.0,0.06654261093748251,1.2649297714233398,6.043910980224609,0.20928994082840235,0.02521731672079667,0.1933327615261078,0.06511083179712221,23,0.2784594855345119,0.14614874304340955,0.20820451241273147,0.09035181277061335,0
673,1774280060.809022,22,0.0,0.0,0.0,0.0,0.0,6.043910980224609,0.0,0.035151411186565056,0.3866655230522156,0.11115852231866752,22,0.07027387619018555,0.03686639518324131,0.17437856921962663,0.07021755240214989,0
674,1774280060.9086158,22,-0.0553672963922674,-1.2180805206298828,0.0,0.06437628770557294,1.2180805206298828,6.043910980224609,0.20153846153846153,0.05272711677984758,0.3866655230522156,0.13269366731234514,22,0.1257831400090998,0.06599196038185344,0.16239951968193053,0.07019893194399271,0
675,1774280061.0083873,21,0.0,0.0,0.0,0.0,0.0,6.043910980224609,0.0,0.018412643954867407,0.3866655230522156,0.08234384705716818,21,0.18446892499923706,0.09681310905569153,0.137563695701269,0.06560907173006349,0
676,1774280061.1079075,22,0.0,0.0,0.0,0.0,0.0,6.043910980224609,0.0,0.043939263983206314,0.5799982845783234,0.1294531553121419,22,0.0,0.0,0.08666641033928969,0.05891154533232127,0
677,1774280061.2083008,21,-0.12046950204031807,-1.3117790222167969,0.0,0.13808159230987313,1.3117790222167969,6.043910980224609,0.2170414201183432,0.018412643954867407,0.1933327615261078,0.056751580113533366,21,0.05865998628760587,0.030784487794331475,0.07606534879715716,0.06040683957553475,0
678,1774280061.3088255,21,-0.062465667724609375,-1.3117790222167969,0.0,0.07803919288562611,1.3117790222167969,6.043910980224609,0.2170414201183432,0.018412643954867407,0.1933327615261078,0.056751580113533366,21,-0.05820664492520419,-0.030540492917983237,0.043939263983206314,0.05263807838952535,0
679,1774280061.4086885,21,0.0,0.0,0.0,0.0,0.0,6.043910980224609,0.0,0.018412643954867407,0.1933327615261078,0.056751580113533366,21,0.0,0.0,0.028019240800885185,0.05280113445018066,0
680,1774280061.5088108,20,0.0,0.0,0.0,0.0,0.0,6.043910980224609,0.0,0.009666638076305389,0.1933327615261078,0.042135898498397606,20,0.16610188917680221,0.08715490762137057,0.010891986564851143,0.05280113445018066,0
681,1774280061.608267,21,-0.062465667724609375,-1.3117790222167969,0.0,0.07803919288562611,1.3117790222167969,6.043910980224609,0.2170414201183432,0.0,0.0,0.0,21,-0.062465667724609375,-0.03279003253096625,0.018538757954558283,0.04490024068552436,0
682,1774280061.7084394,22,-0.0553672963922674,-1.2180805206298828,0.0,0.06437628770557294,1.2180805206298828,6.043910980224609,0.20153846153846153,0.008787852796641264,0.1933327615261078,0.04027100063673795,22,-0.0553672963922674,-0.02905951730418322,0.019333276152610778,0.04422252135449619,0
683,1774280061.808586,24,0.0,0.0,0.0,0.0,0.0,6.043910980224609,0.0,0.04833319038152695,0.3866655230522156,0.12787760181985938,24,0.0,0.0,0.016811544480531113,0.04422252135449619,0
684,1774280061.9081082,24,0.0,0.0,0.0,0.0,0.0,6.043910980224609,0.0,0.008055531730254492,0.1933327615261078,0.03863297300900034,24,0.0,0.0,0.0057711272097345605,0.04422252135449619,0
685,1774280062.0080502,23,-0.05296002263608186,-1.2180805206298828,0.0,0.06170480794751468,1.2180805206298828,6.043910980224609,0.20153846153846153,0.0,0.0,0.0,23,0.054996946583623474,0.02887202539366875,0.005858568531094175,0.04332597680310325,0
686,1774280062.1080263,22,0.0,0.0,0.0,0.0,0.0,6.043910980224609,0.0,0.008787852796641264,0.1933327615261078,0.04027100063673795,22,0.1128641041842374,0.0592456492036354,0.0,0.04153833134446765,0
687,1774280062.208678,22,-0.0553672963922674,-1.2180805206298828,0.0,0.06437628770557294,1.2180805206298828,6.043910980224609,0.20153846153846153,0.008787852796641264,0.1933327615261078,0.04027100063673795,22,-0.0553672963922674,-0.029045967378189208,0.01171713706218835,0.03804698601778125,0
688,1774280062.3084195,24,-0.05075335502624512,-1.2180805206298828,0.0,0.05924577006766185,1.2180805206298828,6.043910980224609,0.20153846153846153,0.024166595190763474,0.1933327615261078,0.06393880090992969,24,0.008872964165427467,0.004656708792813752,0.01171713706218835,0.037357460529866125,0
689,1774280062.4082189,23,0.0,-1.2180805206298828,1.2180805206298828,0.12901914389025795,2.4361610412597656,6.043910980224609,0.40307692307692305,0.016811544480531113,0.1933327615261078,0.054475630259036005,23,0.10795696921970534,0.056819582970612584,0.020198945234070963,0.03780062321585557,0
690,1774280062.5084627,22,0.0,0.0,0.0,0.0,0.0,6.043910980224609,0.0,0.035151411186565056,0.3866655230522156,0.11115852231866752,22,0.0,0.0,0.020504989858829613,0.03439594288996424,0
691,1774280062.608459,22,0.0,0.0,0.0,0.0,0.0,6.043910980224609,0.0,0.06151496957648884,0.5799982845783234,0.15842526929759843,22,0.054996946583623474,0.028941332915220944,0.037512326863274645,0.03439594288996424,0
692,1774280062.7085145,22,0.0,0.0,0.0,0.0,0.0,6.043910980224609,0.0,0.035151411186565056,0.3866655230522156,0.11115852231866752,22,0.0,0.0,0.035692202127896824,0.03436693038069186,0
693,1774280062.8087034,25,0.0,0.0,0.0,0.0,0.0,6.043910980224609,0.0,0.023199931383132935,0.1933327615261078,0.06282571118049703,25,0.0553672963922674,0.02913933891172868,0.038666552305221556,0.03436693038069186,0
694,1774280062.9079585,26,0.0,0.0,0.0,0.0,0.0,6.043910980224609,0.0,0.04461525265987103,0.5799982845783234,0.12353404079820127,26,0.0,0.0,0.027187419589608908,0.03409949850510358,0
695,1774280063.0081303,25,0.0,0.0,0.0,0.0,0.0,6.043910980224609,0.0,0.023199931383132935,0.1933327615261078,0.06282571118049703,25,0.0,0.0,0.027187419589608908,0.034099498505103576,0
696,1774280063.1081707,26,-0.1405477523803711,-1.2649297714233398,0.0,0.15161364348596879,1.2649297714233398,6.043910980224609,0.20928994082840235,0.022307626329935513,0.1933327615261078,0.06176702039910063,26,-0.02007825034005302,-0.010568223719489837,0.018412643954867407,0.04216540732115679,0
697,1774280063.2087452,26,0.0,0.0,0.0,0.0,0.0,6.043910980224609,0.0,0.05948700354649471,0.3866655230522156,0.1395093894695755,26,0.062465667724609375,0.03287805591804379,0.015591351735976434,0.03711659533689414,0
698,1774280063.3083036,25,0.0,0.0,0.0,0.0,0.0,6.043910980224609,0.0,0.015466620922088623,0.1933327615261078,0.05244986340875713,25,0.0,0.0,0.00935481104158586,0.0363687171735506,0
699,1774280063.4086096,25,0.0,0.0,0.0,0.0,0.0,6.043910980224609,0.0,0.0,0.0,0.0,25,0.0,0.0,0.006137547984955803,0.0363687171735506,0
700,1774280063.5081644,27,0.0,0.0,0.0,0.0,0.0,6.043910980224609,0.0,0.028641890596460412,0.1933327615261078,0.0686808409048895,27,0.062465667724609375,0.03287844375031608,0.020198945234070963,0.0363687171735506,0
701,1774280063.6084588,27,0.0,0.0,0.0,0.0,0.0,6.043910980224609,0.0,0.028641890596460412,0.1933327615261078,0.0686808409048895,27,0.0553672963922674,0.02914038466151906,0.02209517274584089,0.03533009666099528,0
702,1774280063.7084882,25,0.0,0.0,0.0,0.0,0.0,6.043910980224609,0.0,0.023199931383132935,0.1933327615261078,0.06282571118049703,25,0.0,0.0,0.0190609764884895,0.034431827976890074,0
703,1774280063.8083048,25,0.0,0.0,0.0,0.0,0.0,6.043910980224609,0.0,0.0,0.0,0.0,25,0.0,0.0,0.005603848160177037,0.034431827976890074,0
704,1774280063.9087474,22,0.0,0.0,0.0,0.0,0.0,6.043910980224609,0.0,0.008787852796641264,0.1933327615261078,0.04027100063673795,22,0.05296002263608186,0.027863471237900457,0.0057711272097345605,0.034431827976890074,0
705,1774280064.0089428,25,-0.14616966247558594,-1.2649297714233398,0.0,0.1568564365243219,1.2649297714233398,6.043910980224609,0.20928994082840235,0.007733310461044311,0.1933327615261078,0.03788532930417179,25,-0.14616966247558594,-0.07689430682619464,0.014215644229860866,0.04418404359488664,0
706,1774280064.1084955,25,-0.050597190856933594,-1.2649297714233398,0.0,0.06144181734271115,1.2649297714233398,6.043910980224609,0.20928994082840235,0.0,0.0,0.0,25,0.004770105535333809,0.002510823075823983,0.016811544480531113,0.04443479258580115,0
707,1774280064.2089176,24,0.0,0.0,0.0,0.0,0.0,6.043910980224609,0.0,0.0,0.0,0.0,24,0.05075335502624512,0.026705290388591926,0.02521731672079667,0.04400305818282537,0
708,1774280064.3081758,23,-0.054996946583623474,-1.2649297714233398,0.0,0.06654261093748251,1.2649297714233398,6.043910980224609,0.20928994082840235,0.0,0.0,0.0,23,-0.054996946583623474,-0.02894641735258255,0.037512326863274645,0.044163651955126344,0
709,1774280064.4087033,23,0.0,0.0,0.0,0.0,0.0,6.043910980224609,0.0,0.0,0.0,0.0,23,0.0,0.0,0.043939263983206314,0.044163651955126344,0
710,1774280064.508723,23,-0.10795696921970534,-1.2649297714233398,0.0,0.12242213981302907,1.2649297714233398,6.043910980224609,0.20928994082840235,0.016811544480531113,0.1933327615261078,0.054475630259036005,23,-0.10795696921970534,-0.056811562927308996,0.03922693712123926,0.04787758259647145,1
711,1774280064.6084101,22,-0.057496807791969994,-1.2649297714233398,0.0,0.06942354103160155,1.2649297714233398,6.043910980224609,0.20928994082840235,0.017575705593282528,0.1933327615261078,0.05557926115933376,22,-0.057496807791969994,-0.030263139581551277,0.034429121915608235,0.048015342737500695,1
712,1774280064.7086697,23,-0.21184009054432745,-1.2649297714233398,0.0,0.21335292054041824,1.2649297714233398,6.043910980224609,0.20928994082840235,0.016811544480531113,0.1933327615261078,0.054475630259036005,23,-0.21184009054432745,-0.1114967656226468,0.030526225504122283,0.062018614037003955,1
713,1774280064.8080106,23,-0.1609169918557872,-1.2649297714233398,0.0,0.17269214069334693,1.2649297714233398,6.043910980224609,0.20928994082840235,0.016811544480531113,0.1933327615261078,0.054475630259036005,23,-0.1609169918557872,-0.08469083260622207,0.03012978101705576,0.06676131933540531,1
714,1774280064.9086761,24,-0.10345876216888428,-1.2649297714233398,0.0,0.11778659625427679,1.2649297714233398,6.043910980224609,0.20928994082840235,0.024166595190763474,0.1933327615261078,0.06393880090992969,24,-0.10345876216888428,-0.05443634151656151,0.035151411186565056,0.06696377199484305,1
715,1774280065.0083117,25,-0.05621910095214844,-1.2649297714233398,1.0775327682495117,0.16663318660903315,2.3424625396728516,6.043910980224609,0.3875739644970414,0.015466620922088623,0.1933327615261078,0.05244986340875713,25,0.08432865142822266,0.04438020725569336,0.03264059610181041,0.06590619998988667,1
716,1774280065.1083405,22,-0.061755830591375176,-1.2649297714233398,1.1243820190429688,0.19382269039334254,2.3893117904663086,6.043910980224609,0.39532544378698226,0.017575705593282528,0.3866655230522156,0.0805420012734759,22,-0.061755830591375176,-0.032509994034842546,0.025438521253435237,0.06293335561802844,1
717,1774280065.2078629,24,-0.1542121171951294,-1.2649297714233398,0.0,0.16653060774807216,1.2649297714233398,6.043910980224609,0.20928994082840235,0.03222212692101797,0.3866655230522156,0.10686870494422632,24,-0.1542121171951294,-0.08118310414945837,0.01506489050852788,0.06565337419931275,1
718,1774280065.3081648,23,-0.15684314396070398,-1.2180805206298828,0.0,0.16406209762376447,1.2180805206298828,6.043910980224609,0.20153846153846153,0.05043463344159334,0.5799982845783234,0.163426890777108,23,-0.15684314396070398,-0.08256835254938635,0.01957800116720079,0.06756298401141538,1
719,1774280065.408181,23,-0.05296002263608186,-1.2180805206298828,0.0,0.06170480794751468,1.2180805206298828,6.043910980224609,0.20153846153846153,0.10927503912345223,0.9666638076305389,0.27237815129518,23,-0.05296002263608186,-0.027873453386826723,0.026919751604901083,0.06593780845385543,1
720,1774280065.5082176,23,-0.14869544817053754,-1.2180805206298828,0.0,0.14784757439495272,1.2180805206298828,6.043910980224609,0.20153846153846153,0.07565195016239,0.7733310461044312,0.18682762492703858,23,-0.14869544817053754,-0.07827069780467404,0.017575705593282528,0.06614710415238881,1
721,1774280065.6085415,22,0.0,0.0,0.0,0.0,0.0,6.043910980224609,0.0,0.13181779194961896,0.9666638076305389,0.33173416828086283,22,0.0,0.0,0.010740708973672655,0.0661471041523888,1
722,1774280065.708617,23,0.0,0.0,0.0,0.0,0.0,6.043910980224609,0.0,0.1344923558442489,0.7733310461044312,0.29311929390189645,23,0.0,0.0,0.005370354486836327,0.06614710415238881,1
723,1774280065.8083608,22,0.0,0.0,0.0,0.0,0.0,6.043910980224609,0.0,0.4306047870354219,3.0933241844177246,0.9307244726287485,22,0.0,0.0,0.005370354486836327,0.06614710415238881,1
724,1774280065.908182,21,0.0,0.0,0.0,0.0,0.0,6.043910980224609,0.0,0.5984109285331908,3.47998970746994,1.259887769441233,21,0.14616966247558594,0.07696222413647225,0.002612604885487943,0.06614710415238881,1
725,1774280066.0081525,21,0.0,0.0,0.0,0.0,0.0,6.043910980224609,0.0,0.26698333734557744,1.73999485373497,0.5580276719212991,21,0.050597190856933594,0.026634908598286162,0.0,0.06608817452390674,1
726,1774280066.108039,19,-0.044383500751696135,-0.8432865142822266,0.0,0.03545811250156461,0.8432865142822266,6.043910980224609,0.1395266272189349,0.1933327615261078,1.5466620922088623,0.4818031749343011,19,-0.044383500751696135,-0.023370545690943146,0.0,0.06618800504109534,1
727,1774280066.2087443,18,0.0,0.0,0.0,0.0,0.0,6.043910980224609,0.0,0.053703544868363276,0.5799982845783234,0.15527662835964934,18,0.054996946583623474,0.02893710329838472,0.005603848160177037,0.06618800504109534,1
728,1774280066.3081708,19,0.0,0.0,0.0,0.0,0.0,6.043910980224609,0.0,0.040701634005496375,0.7733310461044312,0.17268240846395677,19,0.0,0.0,0.011372515383888693,0.06781787027269771,1
729,1774280066.403226,17,0.0,0.0,0.0,0.0,0.0,6.043910980224609,0.0,0.0,0.0,0.0,17,0.10795696921970534,0.05698432578941184,0.01705877307583304,0.06781787027269771,1
730,1774280066.5032961,19,0.0,0.0,0.0,0.0,0.0,6.043910980224609,0.0,0.020350817002748187,0.3866655230522156,0.08634120423197839,19,0.057496807791969994,0.03034314849590863,0.01705877307583304,0.06854303059412523,1
731,1774280066.6129518,24,-0.17373263835906982,-0.8901357650756836,0.0,0.11495157870022865,0.8901357650756836,6.043910980224609,0.14727810650887574,0.04833319038152695,0.5799982845783234,0.12787760181985938,24,0.03810745218525763,0.020011453305356038,0.019333276152610778,0.07284029562240657,1
732,1774280066.7125103,20,-0.04216432571411133,-0.8432865142822266,0.0,0.033778776895587725,0.8432865142822266,6.043910980224609,0.1395266272189349,0.0,0.0,0.0,20,0.11875266614167587,0.062353730917428504,0.018796240703927145,0.06483001802395627,1
733,1774280066.8127718,24,-0.17373263835906982,-0.8901357650756836,0.0,0.11495157870022865,0.8901357650756836,6.043910980224609,0.14727810650887574,0.040277658651272454,0.3866655230522156,0.1113296634698639,24,-0.07027387619018555,-0.03690669436724334,0.0190609764884895,0.06590087964048065,1
734,1774280066.9130566,21,-0.12046950204031807,-0.8901357650756836,0.0,0.0872864390834254,0.8901357650756836,6.043910980224609,0.14727810650887574,0.0,0.0,0.0,21,-0.06425040108816964,-0.03373176235780298,0.021783973129702285,0.06658307350645909,1
735,1774280067.0134058,24,-0.14249980449676514,-0.9369850158691406,0.0,0.10196536925910493,0.9369850158691406,6.043910980224609,0.15502958579881657,0.016111063460508983,0.1933327615261078,0.05343435247211316,24,-0.08074397390538995,-0.04238383533979023,0.033623088961062225,0.06899774899458365,0
736,1774280067.1129868,18,0.0,0.0,0.0,0.0,0.0,6.043910980224609,0.0,0.010740708973672655,0.1933327615261078,0.04428507759247181,18,0.1542121171951294,0.08094597586259673,0.06352362164429255,0.07037799880555629,0
737,1774280067.2131655,22,-0.18739700317382812,-0.8901357650756836,0.0,0.11991874838589535,0.8901357650756836,6.043910980224609,0.14727810650887574,0.0,0.0,0.0,22,-0.030553859213124146,-0.016038765459410968,0.07845387424247852,0.07291368160220552,0
738,1774280067.3133378,22,-0.1107345927845348,-0.8901357650756836,0.0,0.0781258583116096,0.8901357650756836,6.043910980224609,0.14727810650887574,0.0,0.0,0.0,22,-0.05777457014845294,-0.03032536146498555,0.10519576730097041,0.07057439624866664,0
739,1774280067.4128373,20,-0.04216432571411133,-0.8432865142822266,0.0,0.033778776895587725,0.8432865142822266,6.043910980224609,0.1395266272189349,0.0,0.0,0.0,20,0.10653112245642621,0.0559330152920639,0.11372515383888693,0.07066616700527448,0
740,1774280067.5131905,20,-0.0819861888885498,-0.8432865142822266,0.0,0.06055048782371841,0.8432865142822266,6.043910980224609,0.1395266272189349,0.0,0.0,0.0,20,-0.0819861888885498,-0.04304530024182978,0.23084508838938245,0.06788762001231849,0
741,1774280067.61324,22,-0.14906579797918146,-0.8901357650756836,0.0,0.10049158464042662,0.8901357650756836,6.043910980224609,0.14727810650887574,0.0,0.0,0.0,22,-0.14906579797918146,-0.07826525013334965,0.3808069545211214,0.06949811315891515,0
742,1774280067.7131858,23,-0.1812862313312033,-0.8901357650756836,0.0,0.11896182446685986,0.8901357650756836,6.043910980224609,0.14727810650887574,0.0,0.0,0.0,23,-0.1812862313312033,-0.09517212026379795,0.4319778890348971,0.072397560418731,0
743,1774280067.8129618,21,-0.11377675192696708,-0.8432865142822266,0.0,0.07787992922667586,0.8432865142822266,6.043910980224609,0.1395266272189349,0.0,0.0,0.0,21,-0.11377675192696708,-0.059732230095166386,0.3581410172532816,0.07093404001308315,0
744,1774280067.9130113,21,-0.07808208465576172,-0.8432865142822266,0.0,0.05797197185789368,0.8432865142822266,6.043910980224609,0.1395266272189349,0.0,0.0,0.0,21,-0.07808208465576172,-0.0409910086379007,0.17666614415316745,0.06863578920162017,0
745,1774280068.014006,21,-0.07808208465576172,-0.8432865142822266,0.0,0.05797197185789368,0.8432865142822266,6.043910980224609,0.1395266272189349,0.0,0.0,0.0,21,-0.033698583904065584,-0.017680570521166006,0.0966663807630539,0.0660274263193701,0
746,1774280068.112844,21,0.0,0.0,0.0,0.0,0.0,6.043910980224609,0.0,0.0,0.0,0.0,21,0.0,0.0,0.03222212692101797,0.06810140551456824,0
747,1774280068.2131872,20,-0.03982186317443848,-0.7964372634887695,0.0,0.030129834946990286,0.7964372634887695,6.043910980224609,0.13177514792899409,0.0,0.0,0.0,20,-0.03982186317443848,-0.020903684980810286,0.021090846711939032,0.06617842002705837,0
748,1774280068.3128378,17,0.0,0.0,0.0,0.0,0.0,6.043910980224609,0.0,0.0,0.0,0.0,17,0.0,0.0,0.02577770153681437,0.06617842002705837,0
749,1774280068.4130914,17,0.0,0.0,0.0,0.0,0.0,6.043910980224609,0.0,0.0,0.0,0.0,17,0.0,0.0,0.02455019193982321,0.06617842002705837,0
750,1774280068.512966,18,-0.07547934850056966,-1.358628273010254,0.0,0.09685124485119763,1.358628273010254,6.043910980224609,0.22479289940828404,0.0,0.0,0.0,18,0.09825328985850017,0.05171187237456568,0.031274417305693906,0.06326897508874482,0
751,1774280068.612795,19,0.0,0.0,0.0,0.0,0.0,6.043910980224609,0.0,0.0,0.0,0.0,19,0.04216432571411133,0.022188424831362952,0.014871750886623677,0.06303708463559396,0
752,1774280068.7131722,19,0.0,0.0,0.0,0.0,0.0,6.043910980224609,0.0,0.0,0.0,0.0,19,0.17373263835906982,0.09141896536344837,0.01961346856061963,0.0649706259880518,0
753,1774280068.8131785,20,0.0,0.0,0.0,0.0,0.0,6.043910980224609,0.0,0.0,0.0,0.0,20,0.12046950204031807,0.06340093249381679,0.009206321977433703,0.06327994410509066,0
754,1774280068.9127562,18,-0.049451986948649086,-0.8901357650756836,0.0,0.041573483223879125,0.8901357650756836,6.043910980224609,0.14727810650887574,0.0,0.0,0.0,18,0.09304781754811606,0.04898928460800978,0.009062473196536303,0.06233614819860346,0
755,1774280069.012759,19,0.0,0.0,0.0,0.0,0.0,6.043910980224609,0.0,0.0,0.0,0.0,19,0.0,0.0,0.003118270347195287,0.06137769438720439,0
756,1774280069.1127992,19,-0.04684925079345703,-0.8901357650756836,0.0,0.03950734139834822,0.8901357650756836,6.043910980224609,0.14727810650887574,0.0,0.0,0.0,19,0.1405477523803711,0.07398676722507955,0.0,0.05994455484414427,0
757,1774280069.2135804,18,-0.049451986948649086,-0.8901357650756836,0.0,0.041573483223879125,0.8901357650756836,6.043910980224609,0.14727810650887574,0.0,0.0,0.0,18,0.06128260583588572,0.032249885829377926,0.0,0.05256818316256602,0
758,1774280069.3135765,19,-0.04684925079345703,-0.8901357650756836,0.0,0.03950734139834822,0.8901357650756836,6.043910980224609,0.14727810650887574,0.0,0.0,0.0,19,-0.004684925079345703,-0.0024647911174196383,0.0,0.05099030879244012,0
759,1774280069.413089,18,-0.10150671005249023,-0.9369850158691406,0.0,0.08248986560488447,0.9369850158691406,6.043910980224609,0.15502958579881657,0.0,0.0,0.0,18,-0.01952052116394043,-0.010274507225221717,0.0,0.05206906162034648,0
760,1774280069.512836,17,0.0,0.0,0.0,0.0,0.0,6.043910980224609,0.0,0.0,0.0,0.0,17,0.14906579797918146,0.07847236984719926,0.0,0.05296992924741042,0
761,1774280069.613187,16,0.0,0.0,0.0,0.0,0.0,6.043910980224609,0.0,0.0,0.0,0.0,16,0.1812862313312033,0.09541374131041931,0.0,0.04890595509833283,0
762,1774280069.7127857,16,0.0,0.0,0.0,0.0,0.0,6.043910980224609,0.0,0.0,0.0,0.0,16,0.11377675192696708,0.059888051563711006,0.0,0.03803293975096983,0
763,1774280069.8128605,16,0.0,0.0,0.0,0.0,0.0,6.043910980224609,0.0,0.0,0.0,0.0,16,0.07808208465576172,0.04109909651009061,0.0,0.03396109687721491,0
764,1774280069.912697,16,0.0,0.0,0.0,0.0,0.0,6.043910980224609,0.0,0.0,0.0,0.0,16,0.07808208465576172,0.04112416257392304,0.0,0.03246659329134627,0
765,1774280070.012926,17,0.0,0.0,0.0,0.0,0.0,6.043910980224609,0.0,0.0,0.0,0.0,17,0.0,0.0,0.0,0.030402618292950625,0
766,1774280070.1138742,16,0.0,0.0,0.0,0.0,0.0,6.043910980224609,0.0,0.0,0.0,0.0,16,0.03982186317443848,0.020951300034282236,0.0,0.030402618292950625,0
767,1774280070.2127628,16,0.0,0.0,0.0,0.0,0.0,6.043910980224609,0.0,0.0,0.0,0.0,16,0.0,0.0,0.0,0.03037405359621511,0
768,1774280070.3130918,16,0.0,0.0,0.0,0.0,0.0,6.043910980224609,0.0,0.0,0.0,0.0,16,0.0,0.0,0.0,0.03037405359621511,0
769,1774280070.4135442,17,-0.05236092735739315,-0.8901357650756836,0.0,0.04386666741961925,0.8901357650756836,6.043910980224609,0.14727810650887574,0.0,0.0,0.0,17,0.023118421143176505,0.012163888025345692,0.0,0.03092009555052325,0
770,1774280070.5132957,18,-0.04684925079345703,-0.8432865142822266,0.0,0.03731248909843998,0.8432865142822266,6.043910980224609,0.1395266272189349,0.0,0.0,0.0,18,-0.04684925079345703,-0.02465100635694883,0.0,0.028970526171344282,0
771,1774280070.602986,17,-0.05236092735739315,-0.8901357650756836,0.0,0.04386666741961925,0.8901357650756836,6.043910980224609,0.14727810650887574,0.0,0.0,0.0,17,-0.05236092735739315,-0.027706922548067968,0.0,0.029437182650434438,0
772,1774280070.7034652,19,-0.044383500751696135,-0.8432865142822266,0.0,0.03545811250156461,0.8432865142822266,6.043910980224609,0.1395266272189349,0.0,0.0,0.0,19,-0.044383500751696135,-0.023479772209433224,0.0,0.02934643903156467,0
773,1774280070.8029807,18,0.0,0.0,0.0,0.0,0.0,6.043910980224609,0.0,0.0,0.0,0.0,18,0.049451986948649086,0.026161965459226267,0.0,0.02934643903156467,0
774,1774280070.9030805,16,0.0,0.0,0.0,0.0,0.0,6.043910980224609,0.0,0.0,0.0,0.0,16,0.0,0.0,0.0,0.029223242921031466,0
775,1774280071.0030522,16,0.0,0.0,0.0,0.0,0.0,6.043910980224609,0.0,0.0,0.0,0.0,16,0.04684925079345703,0.02478464477108322,0.0,0.029223242921031466,0
776,1774280071.103586,16,0.0,0.0,0.0,0.0,0.0,6.043910980224609,0.0,0.0,0.0,0.0,16,0.049451986948649086,0.0261649950924603,0.0,0.029016888975488743,0
777,1774280071.20282,16,0.0,0.0,0.0,0.0,0.0,6.043910980224609,0.0,0.0,0.0,0.0,16,0.04684925079345703,0.02479788774999489,0.0,0.02847723390788345,0
778,1774280071.3034475,17,0.0,0.0,0.0,0.0,0.0,6.043910980224609,0.0,0.0,0.0,0.0,17,0.10150671005249023,0.05369707007596922,0.0,0.027863534697612043,0
779,1774280071.4030402,17,0.0,0.0,0.0,0.0,0.0,6.043910980224609,0.0,0.0,0.0,0.0,17,0.0,0.0,0.0,0.01965727661784823,0
780,1774280071.5032518,16,0.0,0.0,0.0,0.0,0.0,6.043910980224609,0.0,0.0,0.0,0.0,16,0.0,0.0,0.0,0.01965727661784823,0
781,1774280071.6035478,17,0.0,0.0,0.0,0.0,0.0,6.043910980224609,0.0,0.0,0.0,0.0,17,0.0,0.0,0.0,0.01965727661784823,0
782,1774280071.703003,16,0.0,0.0,0.0,0.0,0.0,6.043910980224609,0.0,0.0,0.0,0.0,16,0.0,0.0,0.0,0.01965727661784823,0
783,1774280071.8036456,16,0.0,0.0,0.0,0.0,0.0,6.043910980224609,0.0,0.0,0.0,0.0,16,0.0,0.0,0.0,0.01965727661784823,0
784,1774280071.9035573,17,0.0,0.0,0.0,0.0,0.0,6.043910980224609,0.0,0.0,0.0,0.0,17,0.0,0.0,0.0,0.01965727661784823,0
785,1774280072.0031307,17,0.0,0.0,0.0,0.0,0.0,6.043910980224609,0.0,0.0,0.0,0.0,17,0.0,0.0,0.0,0.01965727661784823,0
786,1774280072.1029038,18,-0.10150671005249023,-0.9369850158691406,0.0,0.08248986560488447,0.9369850158691406,6.043910980224609,0.15502958579881657,0.0,0.0,0.0,18,-0.10150671005249023,-0.053703247271067754,0.0,0.027863534697612043,0
787,1774280072.2024028,19,-0.1405477523803711,-0.9369850158691406,0.0,0.10558394747979612,0.9369850158691406,6.043910980224609,0.15502958579881657,0.0,0.0,0.0,19,-0.1405477523803711,-0.07439100644911346,0.0,0.03880255567506743,0
788,1774280072.3027387,19,-0.09123275154515316,-0.8901357650756836,0.0,0.07080678638429722,0.8901357650756836,6.043910980224609,0.14727810650887574,0.0,0.0,0.0,19,-0.03887182418776001,-0.02057587211050006,0.0,0.04124556551391397,0
789,1774280072.4031298,19,-0.1405477523803711,-0.9369850158691406,0.0,0.10558394747979612,0.9369850158691406,6.043910980224609,0.15502958579881657,0.0,0.0,0.0,19,-0.09369850158691406,-0.049580277091931295,0.0,0.047947823773191706,0
790,1774280072.5026226,19,-0.09123275154515316,-0.8901357650756836,0.0,0.07080678638429722,0.8901357650756836,6.043910980224609,0.14727810650887574,0.0,0.0,0.0,19,-0.03887182418776001,-0.0204627696108275,0.0,0.0496334461402983,0
791,1774280072.6033409,18,-0.09630123774210612,-0.8901357650756836,0.0,0.07425239524473505,0.8901357650756836,6.043910980224609,0.14727810650887574,0.0,0.0,0.0,18,-0.05191773699040999,-0.027326913337685124,0.0,0.05137960711076003,0
792,1774280072.7030938,19,-0.09123275154515316,-0.8901357650756836,0.0,0.07080678638429722,0.8901357650756836,6.043910980224609,0.14727810650887574,0.0,0.0,0.0,19,-0.09123275154515316,-0.04801437939032245,0.0,0.05278951617265682,0
793,1774280072.8028533,19,-0.09123275154515316,-0.8901357650756836,0.0,0.07080678638429722,0.8901357650756836,6.043910980224609,0.14727810650887574,0.0,0.0,0.0,19,-0.09123275154515316,-0.04802297810827908,0.0,0.053280255303995584,0
794,1774280072.9030683,19,-0.044383500751696135,-0.8432865142822266,0.0,0.03545811250156461,0.8432865142822266,6.043910980224609,0.1395266272189349,0.0,0.0,0.0,19,-0.044383500751696135,-0.023359539672433476,0.0,0.05239364453530819,0
795,1774280073.0031354,19,-0.044383500751696135,-0.8432865142822266,0.0,0.03545811250156461,0.8432865142822266,6.043910980224609,0.1395266272189349,0.0,0.0,0.0,19,-0.044383500751696135,-0.023365277461645934,0.0,0.05139603967652206,0
796,1774280073.1026068,19,-0.044383500751696135,-0.8432865142822266,0.0,0.03545811250156461,0.8432865142822266,6.043910980224609,0.1395266272189349,0.0,0.0,0.0,19,-0.044383500751696135,-0.023362359837977905,0.0,0.05028083457416108,0
797,1774280073.2027507,18,0.0,0.0,0.0,0.0,0.0,6.043910980224609,0.0,0.0,0.0,0.0,18,0.0,0.0,0.0,0.05028083457416108,0
798,1774280073.302772,19,0.0,0.0,0.0,0.0,0.0,6.043910980224609,0.0,0.0,0.0,0.0,19,0.0,0.0,0.0,0.05028083457416108,0
799,1774280073.4029212,18,-0.04684925079345703,-0.8432865142822266,0.0,0.03731248909843998,0.8432865142822266,5.992770195007324,0.14071731216804917,0.0,0.0,0.0,18,-0.04684925079345703,-0.024661791455122255,0.0,0.04902614345862081,0
800,1774280073.5025249,18,0.0,0.0,0.0,0.0,0.0,6.043910980224609,0.0,0.0,0.0,0.0,18,0.0,0.0,0.0,0.04902614345862081,0
801,1774280073.602757,18,0.0,0.0,0.0,0.0,0.0,5.992770195007324,0.0,0.0,0.0,0.0,18,0.0,0.0,0.0,0.04902614345862081,0
802,1774280073.703101,19,0.0,0.0,0.0,0.0,0.0,6.043910980224609,0.0,0.0,0.0,0.0,19,0.0,0.0,0.0,0.04902614345862081,0
803,1774280073.8028681,19,-0.044383500751696135,-0.8432865142822266,0.0,0.03545811250156461,0.8432865142822266,6.043910980224609,0.1395266272189349,0.0,0.0,0.0,19,-0.044383500751696135,-0.023368213414460475,0.0,0.04764374071150241,0
804,1774280073.9028277,18,-0.09630123774210612,-0.8901357650756836,0.0,0.07425239524473505,0.8901357650756836,5.992770195007324,0.14853494062182968,0.0,0.0,0.0,18,-0.09630123774210612,-0.05069294441647809,0.0,0.04686239631159419,0
805,1774280074.002801,19,-0.1405477523803711,-0.9369850158691406,0.0,0.10558394747979612,0.9369850158691406,6.043910980224609,0.15502958579881657,0.0,0.0,0.0,19,-0.03904104232788086,-0.020549029922650314,0.0,0.048125159126447235,0
806,1774280074.102863,19,-0.09123275154515316,-0.8901357650756836,0.0,0.07080678638429722,0.8901357650756836,6.043910980224609,0.14727810650887574,0.0,0.0,0.0,19,0.049315000835217934,0.025948977891550075,0.0,0.047789101263681646,0
807,1774280074.2023885,17,-0.05236092735739315,-0.8901357650756836,0.0,0.04386666741961925,0.8901357650756836,6.043910980224609,0.14727810650887574,0.0,0.0,0.0,17,0.03887182418776001,0.02046262579092918,0.0,0.04454968031194405,0
808,1774280074.3030167,18,-0.09630123774210612,-0.8901357650756836,0.0,0.07425239524473505,0.8901357650756836,6.043910980224609,0.14727810650887574,0.0,0.0,0.0,18,0.04424651463826497,0.023289026248478995,0.0,0.04473876547908284,0
809,1774280074.4028068,18,-0.04684925079345703,-0.8432865142822266,0.0,0.03731248909843998,0.8432865142822266,6.043910980224609,0.1395266272189349,0.0,0.0,0.0,18,0.04438350075169613,0.023357473351381386,0.0,0.040857411501231705,0
810,1774280074.5026653,18,-0.09630123774210612,-0.8901357650756836,0.0,0.07425239524473505,0.8901357650756836,6.043910980224609,0.14727810650887574,0.0,0.0,0.0,18,0.0,0.0,0.0,0.041090841988515384,0
811,1774280074.6031284,19,-0.1405477523803711,-0.9369850158691406,0.0,0.10558394747979612,0.9369850158691406,6.043910980224609,0.15502958579881657,0.0,0.0,0.0,19,-0.049315000835217934,-0.025954790044669784,0.0,0.04426167671262803,0
812,1774280074.7029295,19,-0.1405477523803711,-0.9369850158691406,0.0,0.10558394747979612,0.9369850158691406,6.043910980224609,0.15502958579881657,0.0,0.0,0.0,19,-0.049315000835217934,-0.025954223367316398,0.0,0.04729380646245898,0
813,1774280074.8032005,18,-0.09630123774210612,-0.8901357650756836,0.0,0.07425239524473505,0.8901357650756836,6.043910980224609,0.14727810650887574,0.0,0.0,0.0,18,-0.05191773699040999,-0.027323223908887348,0.0,0.04746929351109331,0
814,1774280074.9022253,17,-0.10196601643281825,-0.8901357650756836,0.0,0.07804256828324228,0.8901357650756836,6.043910980224609,0.14727810650887574,0.0,0.0,0.0,17,-0.05758251568112211,-0.030321112398107957,0.0,0.04811099360346531,0
815,1774280075.0023618,18,-0.09630123774210612,-0.8901357650756836,0.0,0.07425239524473505,0.8901357650756836,6.043910980224609,0.14727810650887574,0.0,0.0,0.0,18,-0.05191773699040999,-0.027328648673760482,0.0,0.04838439956518034,0
816,1774280075.1031334,19,-0.1331505022550884,-0.8901357650756836,0.0,0.09478600375503983,0.8901357650756836,6.043910980224609,0.14727810650887574,0.0,0.0,0.0,19,-0.1331505022550884,-0.07006509701876544,0.0,0.050184532649357017,0
817,1774280075.2023163,18,-0.091095765431722,-0.8432865142822266,0.0,0.06644847595617241,0.8432865142822266,6.043910980224609,0.1395266272189349,0.0,0.0,0.0,18,-0.091095765431722,-0.04795664326173286,0.0,0.04760157339375563,0
818,1774280075.3030498,17,-0.049605089075425095,-0.8432865142822266,0.0,0.039370637794893734,0.8432865142822266,6.043910980224609,0.1395266272189349,0.0,0.0,0.0,17,-0.0027558382819680635,-0.0014503430334366675,0.0,0.04481088755667794,0
819,1774280075.4029481,19,-0.08630125146163137,-0.8432865142822266,0.0,0.06336496030372192,0.8432865142822266,6.043910980224609,0.1395266272189349,0.0,0.0,0.0,19,-0.08630125146163137,-0.04541159434894752,0.0,0.044259742804285664,0
820,1774280075.5024726,18,-0.091095765431722,-0.8432865142822266,0.0,0.06644847595617241,0.8432865142822266,6.043910980224609,0.1395266272189349,0.0,0.0,0.0,18,-0.091095765431722,-0.04795231584062135,0.0,0.040302499851047835,0
821,1774280075.6024225,17,-0.049605089075425095,-0.8432865142822266,0.0,0.039370637794893734,0.8432865142822266,6.043910980224609,0.1395266272189349,0.0,0.0,0.0,17,-0.049605089075425095,-0.0261172674612873,0.0,0.03635539652044824,0
822,1774280075.7025328,19,-0.08630125146163137,-0.8432865142822266,0.0,0.06336496030372193,0.8432865142822266,6.043910980224609,0.1395266272189349,0.0,0.0,0.0,19,-0.04191775070993523,-0.022065868794884314,0.0,0.030402735119825317,0
823,1774280075.802328,16,0.0,0.0,0.0,0.0,0.0,6.043910980224609,0.0,0.0,0.0,0.0,16,0.09630123774210612,0.05069819372596726,0.0,0.03501958774892093,0
824,1774280075.903128,17,-0.049605089075425095,-0.8432865142822266,0.0,0.039370637794893734,0.8432865142822266,6.043910980224609,0.1395266272189349,0.0,0.0,0.0,17,0.09094266330494599,0.04785632413408263,0.0,0.03600675221550929,0
825,1774280076.0028923,16,0.0,0.0,0.0,0.0,0.0,6.043910980224609,0.0,0.0,0.0,0.0,16,0.09123275154515316,0.04801650016147492,0.0,0.03846277292085344,0
826,1774280076.1028264,16,0.0,0.0,0.0,0.0,0.0,6.043910980224609,0.0,0.0,0.0,0.0,16,0.05236092735739315,0.02755203378877813,0.0,0.04207375480743249,0
827,1774280076.2027879,18,-0.091095765431722,-0.8432865142822266,0.0,0.06644847595617241,0.8432865142822266,6.043910980224609,0.1395266272189349,0.0,0.0,0.0,18,0.005205472310384124,0.0027400522090802954,0.0,0.041868325562563376,0
828,1774280076.3029015,18,-0.04684925079345703,-0.8432865142822266,0.0,0.03731248909843998,0.8432865142822266,6.043910980224609,0.1395266272189349,0.0,0.0,0.0,18,0.0,0.0,0.0,0.04212367640920696,0
829,1774280076.4028423,18,-0.04684925079345703,-0.8432865142822266,0.0,0.03731248909843998,0.8432865142822266,6.043910980224609,0.1395266272189349,0.0,0.0,0.0,18,0.04945198694864909,0.026024937096817368,0.0,0.04212367640920695,0
830,1774280076.5029078,19,-0.08630125146163137,-0.8432865142822266,0.0,0.06336496030372192,0.8432865142822266,6.043910980224609,0.1395266272189349,0.0,0.0,0.0,19,0.054246500918739726,0.028554106445111638,0.0,0.04192289181767056,0
831,1774280076.603092,20,-0.03982186317443848,-0.7964372634887695,0.0,0.030129834946990286,0.7964372634887695,6.043910980224609,0.13177514792899409,0.0,0.0,0.0,20,0.10072588920593262,0.053009093385466416,0.0,0.03963475890369486,0
832,1774280076.7028515,19,0.0,0.0,0.0,0.0,0.0,6.043910980224609,0.0,0.0,0.0,0.0,19,0.09630123774210612,0.050694172339351876,0.0,0.038801919334790484,0
833,1774280076.8023453,22,-0.04046071659434925,-0.8901357650756836,0.0,0.034378461333893225,0.8901357650756836,6.043910980224609,0.14727810650887574,0.008787852796641264,0.1933327615261078,0.04027100063673795,22,0.061505299838468995,0.03236916573369623,0.0,0.03824642237299064,0
834,1774280076.902993,23,-0.10795696921970534,-0.8432865142822266,0.0,0.07776166692793972,0.8432865142822266,6.043910980224609,0.1395266272189349,0.02521731672079667,0.1933327615261078,0.06511083179712221,23,-0.011655731477599213,-0.006132558248509004,0.0,0.038601069207626126,0
835,1774280077.0031447,23,0.0,0.0,0.0,0.0,0.0,6.043910980224609,0.0,0.10086926688318668,0.7733310461044312,0.26044332718848884,23,0.1331505022550884,0.07007879489040983,0.0,0.03971532964850181,0
836,1774280077.1027086,21,0.0,0.0,0.0,0.0,0.0,6.043910980224609,0.0,0.036825287909734813,0.3866655230522156,0.11350316022706673,21,0.091095765431722,0.04793524248792544,0.0,0.03709797661210477,0
837,1774280077.2025542,22,-0.0851804559881037,-0.9369850158691406,0.0,0.07255710082341267,0.9369850158691406,6.043910980224609,0.15502958579881657,0.05272711677984758,0.3866655230522156,0.13269366731234514,22,-0.0355753669126786,-0.018728762344150048,0.0,0.03677657598551055,0
838,1774280077.3032033,21,-0.04461833408900669,-0.9369850158691406,0.0,0.03981591473756434,0.9369850158691406,6.043910980224609,0.15502958579881657,0.05523793186460223,0.5799982845783234,0.17025474034060006,21,0.041682917372624674,0.021935431252285895,0.0,0.036780745816271734,0
839,1774280077.4031,23,0.0,0.0,0.0,0.0,0.0,6.043910980224609,0.0,0.07565195016239,0.5799982845783234,0.19533249539136668,23,0.091095765431722,0.047929313576546215,0.0,0.03704889214294782,0
840,1774280077.503045,21,-0.09146758488246373,-0.9838342666625977,0.0,0.07953228968828477,0.9838342666625977,6.043910980224609,0.1627810650887574,0.11047586372920445,0.7733310461044312,0.2706094950297985,21,-0.04186249580703864,-0.02202567499132822,0.0,0.03707296315125347,0
841,1774280077.603244,20,0.0,0.0,0.0,0.0,0.0,6.043910980224609,0.0,0.05799982845783234,0.5799982845783234,0.17399948537349702,20,0.08630125146163137,0.045404713252846535,0.0,0.03821043996585864,0
842,1774280077.7080765,20,0.0,0.0,0.0,0.0,0.0,6.043910980224609,0.0,0.11599965691566468,0.5799982845783234,0.23199931383132935,20,0.0,0.0,0.0,0.03770080734776204,0
843,1774280077.80334,19,0.0,0.0,0.0,0.0,0.0,6.043910980224609,0.0,0.061052451008244565,0.5799982845783234,0.17799695244573677,19,0.049605089075425095,0.026105028167192543,0.0,0.03770080734776204,0
844,1774280077.9031446,18,0.0,0.0,0.0,0.0,0.0,6.043910980224609,0.0,0.053703544868363276,0.5799982845783234,0.15527662835964934,18,0.0,0.0,0.0,0.03838327460759542,0
845,1774280078.0078497,20,0.0,0.0,0.0,0.0,0.0,6.043910980224609,0.0,0.05799982845783234,0.3866655230522156,0.13806720793312413,20,0.0,0.0,0.0,0.03838327460759542,0
846,1774280078.1084375,20,0.0,0.0,0.0,0.0,0.0,6.043910980224609,0.0,0.06766646653413773,0.3866655230522156,0.14041602881557533,20,0.091095765431722,0.047802997186410456,0.0,0.03838327460759542,0
847,1774280078.208107,18,0.0,0.0,0.0,0.0,0.0,6.043910980224609,0.0,0.02148141794734531,0.3866655230522156,0.08857015518494361,18,0.04684925079345703,0.024590130084916666,0.0,0.036709771126816504,0
848,1774280078.3082407,19,0.0,0.0,0.0,0.0,0.0,6.043910980224609,0.0,0.11192949351511504,0.9666638076305389,0.2756765869939987,19,0.04684925079345703,0.024587640862782194,0.0,0.037019819650654345,0
849,1774280078.4085162,18,0.0,0.0,0.0,0.0,0.0,6.043910980224609,0.0,0.07518496281570858,0.9666638076305389,0.23359498761451103,18,0.08630125146163137,0.045288030192862996,0.0,0.0371800018323178,0
850,1774280078.5082483,21,0.0,0.0,0.0,0.0,0.0,6.043910980224609,0.0,0.11047586372920445,0.5799982845783234,0.22775182761842647,21,0.03982186317443848,0.020902149407975794,0.003169389533214882,0.03471716246551447,0
851,1774280078.6080081,20,-0.11009573936462402,-1.1243820190429688,0.0,0.10914451774368672,1.1243820190429688,6.043910980224609,0.18603550295857987,0.009666638076305389,0.1933327615261078,0.042135898498397606,20,-0.11009573936462402,-0.05778828819020259,0.012083297595381737,0.03969649902012203,0
852,1774280078.707913,20,0.0,0.0,0.0,0.0,0.0,6.043910980224609,0.0,0.02899991422891617,0.1933327615261078,0.06903360396656207,20,0.04046071659434925,0.021232894396961344,0.04549006153555477,0.03969649902012203,0
853,1774280078.8084366,20,-0.053876638412475586,-1.0775327682495117,0.0,0.05515115116594416,1.0775327682495117,6.043910980224609,0.17828402366863905,0.02899991422891617,0.1933327615261078,0.06903360396656207,20,0.05408033080722975,0.02838201501575786,0.05482570849247833,0.04008066559553544,0
854,1774280078.9081767,21,0.0,0.0,0.0,0.0,0.0,6.043910980224609,0.0,0.04603160988716852,0.3866655230522156,0.11789844678263292,21,0.0,0.0,0.06444425384203593,0.03550784706639974,0
855,1774280079.0083306,21,-0.0513110842023577,-1.0775327682495117,0.0,0.05265654724042886,1.0775327682495117,6.043910980224609,0.17828402366863905,0.036825287909734813,0.1933327615261078,0.07591727587280882,21,-0.0513110842023577,-0.026926160621188043,0.04833319038152695,0.03587522003540101,0
856,1774280079.1079507,21,0.0,0.0,0.0,0.0,0.0,6.043910980224609,0.0,0.04603160988716852,0.3866655230522156,0.10168714988122056,21,0.0851804559881037,0.04470484631929871,0.06151496957648884,0.03587522003540101,0
857,1774280079.2080443,21,-0.058003834315708706,-1.2180805206298828,0.0,0.06728889590648375,1.2180805206298828,6.043910980224609,0.20153846153846153,0.027618965932301114,0.5799982845783234,0.12351577058575229,21,-0.013385500226702013,-0.00702709601734595,0.08030745478776785,0.03391078700239735,0
858,1774280079.3080707,23,-0.04684925079345703,-1.0775327682495117,0.0,0.048286750597981154,1.0775327682495117,6.043910980224609,0.17828402366863905,0.033623088961062225,0.1933327615261078,0.07327982347547411,23,-0.04684925079345703,-0.02459316152413021,0.08156225876882672,0.03399360929761125,0
859,1774280079.4086041,23,-0.1996185468590778,-1.2649297714233398,0.0,0.19013478543590698,1.2649297714233398,6.043910980224609,0.20928994082840235,0.07565195016239,0.5799982845783234,0.19533249539136668,23,-0.10815096197661406,-0.056755502402924575,0.09508168599644645,0.05135665177397673,0
860,1774280079.5085216,23,-0.04277540289837381,-1.1243820190429688,1.2180805206298828,0.16812817560847163,2.3424625396728516,6.043910980224609,0.3875739644970414,0.008405772240265556,0.1933327615261078,0.03942656658922785,23,-0.04277540289837381,-0.02245100942464159,0.0786438351970608,0.049533402769888116,0
861,1774280079.6085014,23,-0.09573542553445567,-1.1243820190429688,0.0,0.09628306705419751,1.1243820190429688,6.043910980224609,0.18603550295857987,0.008405772240265556,0.1933327615261078,0.03942656658922785,23,-0.09573542553445567,-0.05037579893273452,0.0780114651772014,0.051182398472161585,0
862,1774280079.7084818,23,-0.1018461973770805,-1.2649297714233398,0.0,0.10967623004872257,1.2649297714233398,6.043910980224609,0.20928994082840235,0.07565195016239,0.5799982845783234,0.19533249539136668,23,-0.1018461973770805,-0.053458590719897704,0.0576606481744532,0.052698475160903806,0
863,1774280079.8084412,23,-0.04684925079345703,-1.0775327682495117,0.0,0.048286750597981154,1.0775327682495117,6.043910980224609,0.17828402366863905,0.05043463344159334,0.3866655230522156,0.13022166359424442,23,-0.04684925079345703,-0.024588954641575005,0.05999982254258517,0.05199357029365923,0
864,1774280079.9077873,23,-0.04684925079345703,-1.0775327682495117,0.0,0.048286750597981154,1.0775327682495117,6.043910980224609,0.17828402366863905,0.016811544480531113,0.1933327615261078,0.054475630259036005,23,-0.04684925079345703,-0.02465830986297258,0.04999985211882098,0.05117185904361332,0
865,1774280080.0084693,22,0.0,0.0,0.0,0.0,0.0,6.043910980224609,0.0,0.017575705593282528,0.1933327615261078,0.05557926115933376,22,0.0,0.0,0.06783605667582729,0.05117185904361332,0
866,1774280080.1080434,22,0.0,0.0,0.0,0.0,0.0,6.043910980224609,0.0,0.02636355838992379,0.1933327615261078,0.06634683365617257,22,0.0,0.0,0.07030282237313011,0.05117185904361332,0
867,1774280080.2034836,20,0.0,0.0,0.0,0.0,0.0,6.043910980224609,0.0,0.0,0.0,0.0,20,0.0,0.0,0.09999970423764196,0.05117185904361332,0
868,1774280080.30356,24,0.0,0.0,0.0,0.0,0.0,6.043910980224609,0.0,0.024166595190763474,0.1933327615261078,0.06393880090992969,24,0.0,0.0,0.065536529330884,0.05117185904361332,0
869,1774280080.4035165,26,0.0,0.0,0.0,0.0,0.0,6.043910980224609,0.0,0.04461525265987103,0.5799982845783234,0.12353404079820127,26,0.0,0.0,0.05071023253143811,0.05117185904361332,0
870,1774280080.5084784,25,0.0,0.0,0.0,0.0,0.0,6.043910980224609,0.0,0.023199931383132935,0.1933327615261078,0.06282571118049703,25,0.11009573936462402,0.05793078790387836,0.022555488844712576,0.05117185904361332,0
871,1774280080.6031358,21,0.0,0.0,0.0,0.0,0.0,6.043910980224609,0.0,0.036825287909734813,0.3866655230522156,0.11350316022706673,21,0.0,0.0,0.0348632848653637,0.04951976822717503,0
872,1774280080.7085087,22,0.0,0.0,0.0,0.0,0.0,6.043910980224609,0.0,0.035151411186565056,0.3866655230522156,0.11115852231866752,22,0.053876638412475586,0.02835504951389551,0.03741924416634344,0.04951976822717503,0
873,1774280080.808536,25,0.0,0.0,0.0,0.0,0.0,6.043910980224609,0.0,0.030933241844177246,0.1933327615261078,0.0708769611206588,25,0.0,0.0,0.04296283589469062,0.05000160392844584,0
874,1774280080.9083726,22,0.0,0.0,0.0,0.0,0.0,6.043910980224609,0.0,0.05272711677984758,0.3866655230522156,0.13269366731234514,22,0.0513110842023577,0.02700523602217767,0.036825287909734813,0.05000160392844584,0
875,1774280081.0079186,21,0.0,0.0,0.0,0.0,0.0,6.043910980224609,0.0,0.036825287909734813,0.3866655230522156,0.09655671949035795,21,0.0,0.0,0.035692202127896824,0.050387684010276934,0
876,1774280081.1085181,24,0.0,0.0,0.0,0.0,0.0,6.043910980224609,0.0,0.03222212692101797,0.1933327615261078,0.07205086617502215,24,0.058003834315708706,0.030520722414567294,0.046169017677876484,0.050387684010276934,0
877,1774280081.2085507,24,0.0,0.0,0.0,0.0,0.0,6.043910980224609,0.0,0.03222212692101797,0.3866655230522156,0.09113793780042166,24,0.04684925079345703,0.02465127231300818,0.03922693712123926,0.05047247235825144,0
878,1774280081.303029,19,-0.07890400133634869,-1.499176025390625,0.0,0.1120651456839573,1.499176025390625,6.043910980224609,0.24804733727810652,0.030526225504122283,0.1933327615261078,0.07049729804859288,19,0.1207145455227291,0.06372094483498625,0.030821164880973705,0.05151124637279238,0
879,1774280081.4079301,21,-0.1405477523803711,-1.499176025390625,0.0,0.1877121300302471,1.499176025390625,6.043910980224609,0.24804733727810652,0.06444425384203593,0.5799982845783234,0.15015056749036804,21,-0.09777234948199728,-0.05147515419774834,0.030821164880973705,0.04267221340002442,0
880,1774280081.5087092,23,0.0,0.0,0.0,0.0,0.0,5.992770195007324,0.0,0.033623088961062225,0.1933327615261078,0.07327982347547411,23,0.09573542553445567,0.050381557034451054,0.0448307852814163,0.042932961566290694,0
881,1774280081.6085963,23,0.0,0.0,0.0,0.0,0.0,6.043910980224609,0.0,0.04202886120132778,0.3866655230522156,0.09802730714402895,23,0.1018461973770805,0.05360003064666994,0.047632709361504814,0.040081642842559176,0
882,1774280081.7081091,20,-0.11009573936462402,-1.1243820190429688,0.0,0.10914451774368672,1.1243820190429688,5.992770195007324,0.18762308289073223,0.05799982845783234,0.3866655230522156,0.13806720793312413,20,-0.06324648857116699,-0.03329344353543676,0.028431288459721732,0.04094717936072286,0
883,1774280081.803275,19,0.0,0.0,0.0,0.0,0.0,5.992770195007324,0.0,0.08140326801099275,0.3866655230522156,0.15763675066671695,19,0.04684925079345703,0.024716197675243502,0.020198945234070963,0.04075028270591167,0
884,1774280081.9033225,19,0.0,0.0,0.0,0.0,0.0,6.043910980224609,0.0,0.061052451008244565,0.5799982845783234,0.15431771051652604,19,0.0,0.0,0.015104121994227171,0.04041689401877261,0
885,1774280082.0033507,22,-0.20230358297174628,-1.546025276184082,0.0,0.25966825939058963,1.546025276184082,5.860805511474609,0.26379057847205273,0.035151411186565056,0.3866655230522156,0.09464807122150211,22,-0.20230358297174628,-0.10673919881360103,0.017575705593282528,0.056957899048581735,0
886,1774280082.1034532,22,-0.15332482077858664,-1.1712312698364258,0.0,0.1490867029169073,1.1712312698364258,5.992770195007324,0.19544071134451274,0.0,0.0,0.0,22,-0.15332482077858664,-0.08069856621440562,0.024857069339071003,0.06287389117206806,0
887,1774280082.2085853,21,-0.05577291761125837,-1.1712312698364258,0.0,0.06221236677744429,1.1712312698364258,5.860805511474609,0.19984134732731268,0.036825287909734813,0.1933327615261078,0.07591727587280882,21,-0.05577291761125837,-0.029276734150358332,0.030933241844177246,0.06252846766071773,0
888,1774280082.303366,19,-0.06410950108578331,-1.2180805206298828,0.0,0.07398050633042494,1.2180805206298828,5.992770195007324,0.20325833979829325,0.0,0.0,0.0,19,-0.06410950108578331,-0.03374451711041202,0.03490730416443613,0.06218943889461425,0
889,1774280082.4084384,23,-0.0611077184262483,-1.405477523803711,0.0,0.0821513715277562,1.405477523803711,5.992770195007324,0.2345288536134153,0.033623088961062225,0.3866655230522156,0.10895126051807201,23,-0.0611077184262483,-0.032162633479702864,0.031274417305693906,0.061635397339124,0
890,1774280082.5034153,22,-0.06388534199107777,-1.405477523803711,0.0,0.08570807534765627,1.405477523803711,6.043910980224609,0.23254437869822486,0.0,0.0,0.0,22,-0.06388534199107777,-0.03361891829775925,0.03411754615166608,0.06095989782154253,0
891,1774280082.6037388,22,-0.05323778499256481,-1.1712312698364258,0.0,0.05951949676920573,1.1712312698364258,6.043910980224609,0.1937869822485207,0.008787852796641264,0.1933327615261078,0.04027100063673795,22,-0.05323778499256481,-0.028090407735027283,0.03922693712123926,0.06002638752797036,0
892,1774280082.7037787,23,-0.05092309868854025,-1.1712312698364258,0.0,0.05704956356094181,1.1712312698364258,6.043910980224609,0.1937869822485207,0.0,0.0,0.0,23,-0.05092309868854025,-0.026868906514867254,0.03980380384361043,0.05895745702454326,0
893,1774280082.8035595,21,0.0,0.0,0.0,0.0,0.0,6.043910980224609,0.0,0.0,0.0,0.0,21,0.0,0.0,0.04039789046814193,0.05895745702454326,0
894,1774280082.9028683,22,0.0,0.0,0.0,0.0,0.0,5.992770195007324,0.0,0.0,0.0,0.0,22,0.0,0.0,0.033623088961062225,0.05895745702454326,0
895,1774280083.0031993,20,0.0,0.0,0.0,0.0,0.0,5.992770195007324,0.0,0.02899991422891617,0.1933327615261078,0.06903360396656207,20,0.0,0.0,0.03174119965354009,0.05895745702454327,0
896,1774280083.103269,21,0.0,0.0,0.0,0.0,0.0,6.043910980224609,0.0,0.018412643954867407,0.1933327615261078,0.056751580113533366,21,0.0,0.0,0.04229154158383608,0.058957457024543254,0
897,1774280083.202805,20,0.0,0.0,0.0,0.0,0.0,5.992770195007324,0.0,0.07733310461044311,0.5799982845783234,0.18744306676575745,20,0.07890400133634869,0.0415333187112449,0.04296283589469062,0.058957457024543254,0
898,1774280083.3029063,22,0.0,0.0,0.0,0.0,0.0,5.992770195007324,0.0,0.02636355838992379,0.1933327615261078,0.06634683365617257,22,0.1405477523803711,0.07416861325201249,0.046169017677876484,0.05964178477768558,0
899,1774280083.4029248,20,-0.053876638412475586,-1.0775327682495117,0.0,0.05515115116594416,1.0775327682495117,6.043910980224609,0.17828402366863905,0.05799982845783234,0.5799982845783234,0.17399948537349702,20,-0.053876638412475586,-0.028442717330176934,0.043939263983206314,0.055765598844568796,0
900,1774280083.5034509,22,-0.05110827359286221,-1.1243820190429688,0.0,0.05485316822250002,1.1243820190429688,6.043910980224609,0.18603550295857987,0.043939263983206314,0.5799982845783234,0.1294531553121419,22,-0.05110827359286221,-0.026972135519172886,0.05924713659671045,0.05488079748670313,0
901,1774280083.6030595,21,0.0,0.0,0.0,0.0,0.0,5.992770195007324,0.0,0.036825287909734813,0.1933327615261078,0.07591727587280882,21,0.11009573936462402,0.058099536512213515,0.0666664694917613,0.05488079748670313,0
902,1774280083.702795,21,-0.0513110842023577,-1.0775327682495117,0.0,0.05265654724042886,1.0775327682495117,5.992770195007324,0.17980545443695173,0.0,0.0,0.0,21,-0.0513110842023577,-0.02701265917386484,0.05799982845783234,0.052907326586261474,0
903,1774280083.80292,20,0.0,0.0,0.0,0.0,0.0,5.992770195007324,0.0,0.0,0.0,0.0,20,0.0,0.0,0.030687739924779012,0.052907326586261474,0
904,1774280083.9030519,19,0.0,0.0,0.0,0.0,0.0,5.992770195007324,0.0,0.061052451008244565,0.3866655230522156,0.14099459609718576,19,0.20230358297174628,0.10649232187364328,0.023794801418597883,0.052907326586261474,0
905,1774280084.0032635,19,-0.05424650091873972,-1.0306835174560547,0.0,0.052968291514682915,1.0306835174560547,5.992770195007324,0.17198782598317122,0.010175408501374094,0.1933327615261078,0.04317060211598919,19,0.09907831985984691,0.05215169068217806,0.012473081388781148,0.038503724599748844,0
906,1774280084.1037178,21,0.0,0.0,0.0,0.0,0.0,6.043910980224609,0.0,0.0,0.0,0.0,21,0.05577291761125837,0.02942956040557906,0.02455019193982321,0.028193433072721825,0
907,1774280084.202972,19,0.0,0.0,0.0,0.0,0.0,5.860805511474609,0.0,0.0,0.0,0.0,19,0.06410950108578331,0.03374884130794761,0.012083297595381737,0.02806437125417895,0
908,1774280084.3028555,17,0.0,0.0,0.0,0.0,0.0,5.860805511474609,0.0,0.0,0.0,0.0,17,0.0611077184262483,0.03225674014434702,0.014427818024336403,0.02707999621719428,0
909,1774280084.4032252,17,0.0,0.0,0.0,0.0,0.0,5.860805511474609,0.0,0.0,0.0,0.0,17,0.06388534199107777,0.03362722980763285,0.0028855636048672802,0.02591577475301448,0
910,1774280084.5032365,16,0.0,0.0,0.0,0.0,0.0,6.043910980224609,0.0,0.0,0.0,0.0,16,0.05323778499256481,0.02802729567057386,0.0029292842655470877,0.0240476307113532,0
911,1774280084.603385,21,0.0,0.0,0.0,0.0,0.0,6.043910980224609,0.0,0.009206321977433703,0.1933327615261078,0.04117192352858409,21,0.05092309868854025,0.02680718663757597,0.0,0.02265525006540269,0
912,1774280084.702768,17,0.0,0.0,0.0,0.0,0.0,6.043910980224609,0.0,0.022745030767777386,0.3866655230522156,0.09098012307110956,17,0.0,0.0,0.009206321977433703,0.0210640106169362,0
913,1774280084.8034618,19,0.0,0.0,0.0,0.0,0.0,6.043910980224609,0.0,0.010175408501374094,0.1933327615261078,0.04317060211598919,19,0.0,0.0,0.015343869962389506,0.021064010616936205,0
914,1774280084.9031265,14,0.0,0.0,0.0,0.0,0.0,6.043910980224609,0.0,0.0,0.0,0.0,14,0.0,0.0,0.041202063931793466,0.0210640106169362,0
915,1774280085.003257,17,-0.060628442203297335,-1.0306835174560547,0.0,0.058812928063977046,1.0306835174560547,6.043910980224609,0.17053254437869822,0.0,0.0,0.0,17,-0.060628442203297335,-0.031909909033581575,0.039894061902212716,0.02354716767189831,0
916,1774280085.1032345,17,-0.060628442203297335,-1.0306835174560547,0.0,0.058812928063977046,1.0306835174560547,6.043910980224609,0.17053254437869822,0.0,0.0,0.0,17,-0.060628442203297335,-0.031902494994286,0.05301059590231988,0.02543357284076683,0
917,1774280085.2029872,15,-0.06871223449707031,-1.0306835174560547,0.0,0.06609919637412531,1.0306835174560547,6.043910980224609,0.17053254437869822,0.0,0.0,0.0,15,-0.06871223449707031,-0.03616279380544643,0.04229154158383608,0.027516147503825056,0
918,1774280085.3031032,16,-0.06441771984100342,-1.0306835174560547,0.0,0.06224463944271008,1.0306835174560547,6.043910980224609,0.17053254437869822,0.0,0.0,0.0,16,-0.010541081428527832,-0.005547416625951106,0.04603160988716852,0.02872709823462336,0
919,1774280085.4028335,17,-0.060628442203297335,-1.0306835174560547,0.0,0.058812928063977046,1.0306835174560547,6.043910980224609,0.17053254437869822,0.0,0.0,0.0,17,-0.009520168610435122,-0.005012243796644495,0.027187419589608908,0.0291220267057794,0
920,1774280085.503314,16,-0.06441771984100342,-1.0306835174560547,0.0,0.06224463944271008,1.0306835174560547,6.043910980224609,0.17053254437869822,0.0,0.0,0.0,16,-0.06441771984100342,-0.033899522536634696,0.012473081388781148,0.02988544565794768,0
921,1774280085.6027892,15,0.0,0.0,0.0,0.0,0.0,6.043910980224609,0.0,0.0,0.0,0.0,15,0.0513110842023577,0.02700591715509612,0.019333276152610778,0.029885445657947683,0
922,1774280085.7033715,15,0.0,0.0,0.0,0.0,0.0,6.043910980224609,0.0,0.0,0.0,0.0,15,0.0,0.0,0.023333264322116458,0.029653724717527967,0
923,1774280085.8027604,15,0.0,0.0,0.0,0.0,0.0,6.043910980224609,0.0,0.0,0.0,0.0,15,0.0,0.0,0.022937785265809398,0.029653724717527967,0
924,1774280085.9033437,14,0.0,0.0,0.0,0.0,0.0,6.043910980224609,0.0,0.0,0.0,0.0,14,0.05424650091873972,0.02854958480397596,0.0032768264665441996,0.029653724717527967,0
925,1774280086.002968,14,0.0,0.0,0.0,0.0,0.0,6.043910980224609,0.0,0.0,0.0,0.0,14,0.0,0.0,0.0,0.029025514927575356,0
926,1774280086.1033387,14,0.0,0.0,0.0,0.0,0.0,6.043910980224609,0.0,0.0,0.0,0.0,14,0.0,0.0,0.0,0.029025514927575356,0
927,1774280086.2033174,13,0.0,0.0,0.0,0.0,0.0,6.043910980224609,0.0,0.0,0.0,0.0,13,0.0,0.0,0.0,0.029025514927575356,0
928,1774280086.3032558,15,0.0,0.0,0.0,0.0,0.0,6.043910980224609,0.0,0.0,0.0,0.0,15,0.0,0.0,0.0035802363245575515,0.029025514927575356,0
929,1774280086.4032774,16,0.0,0.0,0.0,0.0,0.0,6.043910980224609,0.0,0.0,0.0,0.0,16,0.0,0.0,0.010740708973672655,0.029025514927575356,0
930,1774280086.5028646,14,0.0,0.0,0.0,0.0,0.0,5.860805511474609,0.0,0.0,0.0,0.0,14,0.0,0.0,0.013567211335165459,0.029025514927575356,0
931,1774280086.6030545,18,-0.05726019541422526,-1.0306835174560547,0.0,0.05573840964087948,1.0306835174560547,6.043910980224609,0.17053254437869822,0.0,0.0,0.0,18,-0.05726019541422526,-0.030132402319471466,0.011599965691566468,0.029825964392598665,0
932,1774280086.7028363,17,0.0,0.0,0.0,0.0,0.0,6.043910980224609,0.0,0.011372515383888693,0.1933327615261078,0.04549006153555478,17,0.0,0.0,0.0038666552305221557,0.029825964392598665,0
933,1774280086.8029034,15,0.0,0.0,0.0,0.0,0.0,6.043910980224609,0.0,0.0,0.0,0.0,15,0.0,0.0,0.0,0.02982596439259867,0
934,1774280086.9028323,16,0.0,0.0,0.0,0.0,0.0,6.043910980224609,0.0,0.0,0.0,0.0,16,0.060628442203297335,0.03191684179461631,0.0,0.029825964392598665,0
935,1774280087.0032334,17,-0.060628442203297335,-1.0306835174560547,0.0,0.058812928063977046,1.0306835174560547,6.043910980224609,0.17053254437869822,0.0,0.0,0.0,17,0.0,0.0,0.0,0.029825964392598665,0
936,1774280087.103243,17,0.0,0.0,0.0,0.0,0.0,6.043910980224609,0.0,0.011372515383888693,0.1933327615261078,0.04549006153555478,17,0.06871223449707031,0.036159463484901545,0.0,0.028792158181899657,0
937,1774280087.2030833,16,0.0,0.0,0.0,0.0,0.0,6.043910980224609,0.0,0.0,0.0,0.0,16,0.06441771984100342,0.0339044187457194,0.0,0.02665178482171844,0
938,1774280087.3028848,15,0.0,0.0,0.0,0.0,0.0,6.043910980224609,0.0,0.0,0.0,0.0,15,0.060628442203297335,0.03190884395424581,0.0,0.0243198712702698,0
939,1774280087.4033926,16,0.0,0.0,0.0,0.0,0.0,6.043910980224609,0.0,0.0,0.0,0.0,16,0.06441771984100342,0.03390266173302815,0.0,0.02172832277684824,0
940,1774280087.503549,16,0.0,0.0,0.0,0.0,0.0,6.043910980224609,0.0,0.0,0.0,0.0,16,0.0,0.0,0.0,0.017691313460153336,0
941,1774280087.603677,18,0.0,0.0,0.0,0.0,0.0,6.043910980224609,0.0,0.0,0.0,0.0,18,0.0,0.0,0.0,0.017691313460153336,0
942,1774280087.7031782,17,0.0,0.0,0.0,0.0,0.0,6.043910980224609,0.0,0.0,0.0,0.0,17,0.0,0.0,0.0,0.017691313460153336,0
943,1774280087.8028042,17,0.0,0.0,0.0,0.0,0.0,6.043910980224609,0.0,0.0,0.0,0.0,17,0.0,0.0,0.0,0.017691313460153336,0
944,1774280087.902709,17,0.0,0.0,0.0,0.0,0.0,6.043910980224609,0.0,0.0,0.0,0.0,17,0.0,0.0,0.0,0.017691313460153336,0
945,1774280088.0034096,17,0.0,0.0,0.0,0.0,0.0,6.043910980224609,0.0,0.0,0.0,0.0,17,0.0,0.0,0.0,0.017691313460153336,0
946,1774280088.1028554,16,0.0,0.0,0.0,0.0,0.0,6.043910980224609,0.0,0.0,0.0,0.0,16,0.0,0.0,0.0,0.017691313460153336,0
947,1774280088.202965,16,0.0,0.0,0.0,0.0,0.0,6.043910980224609,0.0,0.0,0.0,0.0,16,0.0,0.0,0.0,0.017691313460153336,0
948,1774280088.3034048,17,0.0,0.0,0.0,0.0,0.0,6.043910980224609,0.0,0.0,0.0,0.0,17,0.0,0.0,0.0,0.017691313460153336,0
949,1774280088.4029553,17,0.0,0.0,0.0,0.0,0.0,6.043910980224609,0.0,0.0,0.0,0.0,17,0.0,0.0,0.0039455665617573014,0.017691313460153336,0
950,1774280088.5026946,17,0.0,0.0,0.0,0.0,0.0,6.043910980224609,0.0,0.0,0.0,0.0,17,0.05726019541422526,0.03014265487300257,0.0038666552305221557,0.017691313460153336,0
951,1774280088.6035478,16,0.0,0.0,0.0,0.0,0.0,6.043910980224609,0.0,0.0,0.0,0.0,16,0.0,0.0,0.004027765865127246,0.013213662633423478,0
952,1774280088.7032018,16,0.0,0.0,0.0,0.0,0.0,6.043910980224609,0.0,0.0,0.0,0.0,16,0.0,0.0,0.0,0.013213662633423478,0
953,1774280088.8031542,16,0.0,0.0,0.0,0.0,0.0,6.043910980224609,0.0,0.0,0.0,0.0,16,0.0,0.0,0.0038666552305221557,0.013213662633423478,0
954,1774280088.903002,17,0.0,0.0,0.0,0.0,0.0,6.043910980224609,0.0,0.0,0.0,0.0,17,0.060628442203297335,0.03191359331491499,0.0038666552305221557,0.013213662633423478,0
955,1774280089.0036423,16,0.0,0.0,0.0,0.0,0.0,6.043910980224609,0.0,0.0,0.0,0.0,16,0.0,0.0,0.004027765865127246,0.0,0
956,1774280089.1023107,16,0.0,0.0,0.0,0.0,0.0,6.043910980224609,0.0,0.0,0.0,0.0,16,0.0,0.0,0.0,0.0,0
957,1774280089.2022216,15,0.0,0.0,0.0,0.0,0.0,6.043910980224609,0.0,0.0,0.0,0.0,15,0.0,0.0,0.0,0.0,0
958,1774280089.3024244,16,0.0,0.0,0.0,0.0,0.0,6.043910980224609,0.0,0.0,0.0,0.0,16,0.0,0.0,0.0,0.0,0
959,1774280089.4025605,16,0.0,0.0,0.0,0.0,0.0,6.043910980224609,0.0,0.060416487976908684,0.5799982845783234,0.1634598200857817,16,0.0,0.0,0.0,0.0,0
960,1774280089.502497,15,0.0,0.0,0.0,0.0,0.0,6.043910980224609,0.0,0.038666552305221556,0.5799982845783234,0.14467699105391318,15,0.0,0.0,0.0,0.0,0
961,1774280089.6024952,16,0.0,0.0,0.0,0.0,0.0,6.043910980224609,0.0,0.0966663807630539,0.7733310461044312,0.25575520363971876,16,0.0,0.0,0.0,0.0,1
962,1774280089.7021592,16,0.0,0.0,0.0,0.0,0.0,6.043910980224609,0.0,0.0966663807630539,0.7733310461044312,0.25575520363971876,16,0.0,0.0,0.0,0.0,1
963,1774280089.8022258,17,0.0,0.0,0.0,0.0,0.0,6.043910980224609,0.0,0.13647018460666432,1.1599965691566467,0.37373899267982164,17,0.0,0.0,0.0,0.0,1
964,1774280089.9029024,17,-0.04684925079345703,-0.7964372634887695,0.0,0.03511763679853175,0.7964372634887695,5.992770195007324,0.13289968371426866,0.22745030767777386,1.73999485373497,0.5596849159229978,17,-0.04684925079345703,-0.024664085200921296,0.0,0.010210557489463595,1
965,1774280090.0029342,19,-0.0739725012528269,-1.405477523803711,0.0,0.09849475694879054,1.405477523803711,5.992770195007324,0.2345288536134153,0.23403439553160416,1.73999485373497,0.5453107649989769,19,-0.0739725012528269,-0.038931281315576424,0.0,0.018623759627329577,1
966,1774280090.1031284,20,-0.06558895111083984,-0.7027387619018555,0.0,0.038936679800372076,0.7027387619018555,6.043910980224609,0.11627218934911243,0.15466620922088622,1.1599965691566467,0.3748861335315149,20,-0.06558895111083984,-0.034517531857197546,0.0,0.02261774329674734,1
967,1774280090.2029016,20,-0.09838342666625977,-0.7027387619018555,0.0,0.0550688442046976,0.7027387619018555,6.043910980224609,0.11627218934911243,0.038666552305221556,0.7733310461044312,0.16854359399359042,20,-0.09838342666625977,-0.05179446840349152,0.0,0.029658563327334533,1
968,1774280090.3027935,19,-0.10356150175395765,-0.7027387619018555,0.0,0.05743095519372075,0.7027387619018555,6.043910980224609,0.11627218934911243,0.0,0.0,0.0,19,-0.10356150175395765,-0.054510695308191866,0.0,0.03523632515499195,1
969,1774280090.4029605,20,-0.09838342666625977,-0.7027387619018555,0.0,0.0550688442046976,0.7027387619018555,6.043910980224609,0.11627218934911243,0.0,0.0,0.0,20,-0.09838342666625977,-0.05177350443703889,0.0,0.03886291943424996,1
970,1774280090.5030196,21,-0.06023475102015904,-0.6558895111083984,0.0,0.03452039807746828,0.6558895111083984,6.043910980224609,0.1085207100591716,0.0,0.0,0.0,21,-0.06023475102015904,-0.03171131695404812,0.0,0.03919278218593865,1
971,1774280090.6029747,20,-0.03045201301574707,-0.6090402603149414,0.0,0.01761917683751335,0.6090402603149414,6.043910980224609,0.10076923076923076,0.0,0.0,0.0,20,-0.03045201301574707,-0.016029291341547208,0.0,0.03868901458777865,1
972,1774280090.7034042,18,-0.07027387619018555,-0.6558895111083984,0.0,0.03956830951779011,0.6558895111083984,5.992770195007324,0.10944679835292713,0.0,0.0,0.0,18,-0.07027387619018555,-0.0369813854713781,0.0,0.03909635450533223,1
973,1774280090.803412,18,-0.07027387619018555,-0.6558895111083984,0.0,0.03956830951779011,0.6558895111083984,5.992770195007324,0.10944679835292713,0.010740708973672655,0.1933327615261078,0.04428507759247181,18,-0.07027387619018555,-0.036978272332461454,0.0,0.03918568530810588,1
974,1774280090.9032772,17,0.0,0.0,0.0,0.0,0.0,6.043910980224609,0.0,0.0,0.0,0.0,17,0.0,0.0,0.0,0.03918568530810588,1
975,1774280091.0026197,18,0.0,0.0,0.0,0.0,0.0,5.992770195007324,0.0,0.0,0.0,0.0,18,0.0,0.0,0.0,0.03918568530810588,1
976,1774280091.1032467,19,-0.0665752511275442,-0.6558895111083984,0.0,0.03773200380396262,0.6558895111083984,5.992770195007324,0.10944679835292713,0.0,0.0,0.0,19,-0.0665752511275442,-0.03502071205639185,0.020567315055968913,0.03882079495404924,1
977,1774280091.2031345,18,-0.03383557001749674,-0.6090402603149414,0.0,0.01946237857295172,0.6090402603149414,5.992770195007324,0.10162916989914662,0.0,0.0,0.0,18,-0.03383557001749674,-0.017801541598868192,0.03290770408955026,0.037798227639049206,1
978,1774280091.3034372,20,-0.06324648857116699,-0.6558895111083984,0.0,0.03605593615674252,0.6558895111083984,5.992770195007324,0.10944679835292713,0.0,0.0,0.0,20,-0.06324648857116699,-0.03327227197785486,0.06581540817910052,0.036876983824745996,1
979,1774280091.4034095,18,0.0,0.0,0.0,0.0,0.0,5.992770195007324,0.0,0.0,0.0,0.0,18,0.0,0.0,0.07815579721268187,0.036876983824745996,1
980,1774280091.5033014,18,0.0,0.0,0.0,0.0,0.0,6.043910980224609,0.0,0.0,0.0,0.0,18,0.0,0.0,0.11047586372920445,0.036876983824745996,1
981,1774280091.6032982,20,-0.06324648857116699,-0.6558895111083984,0.0,0.03605593615674252,0.6558895111083984,6.043910980224609,0.1085207100591716,0.0,0.0,0.0,20,-0.06324648857116699,-0.03326768209752877,0.15466620922088622,0.035652731561338455,1
982,1774280091.7025828,21,-0.09369850158691406,-0.7027387619018555,0.0,0.05288548875016984,0.7027387619018555,6.043910980224609,0.11627218934911243,0.0,0.0,0.0,21,-0.09369850158691406,-0.04930573633977047,0.20062833743275338,0.035291234529621324,1
983,1774280091.8033245,21,-0.09369850158691406,-0.7027387619018555,0.0,0.05288548875016984,0.7027387619018555,6.043910980224609,0.11627218934911243,0.0,0.0,0.0,21,-0.04684925079345703,-0.02465202382451874,0.2036898737507207,0.03429180886839377,1
984,1774280091.9029212,20,-0.06324648857116699,-0.6558895111083984,0.0,0.03605593615674252,0.6558895111083984,6.043910980224609,0.1085207100591716,0.0,0.0,0.0,20,0.010726012681659902,0.005645308510702727,0.1409035380614006,0.03424453857053706,1
985,1774280092.0030475,20,-0.06324648857116699,-0.6558895111083984,0.0,0.03605593615674252,0.6558895111083984,6.043910980224609,0.1085207100591716,0.0,0.0,0.0,20,0.0023424625396728516,0.0012329275610823058,0.065536529330884,0.0340648426354321,1
986,1774280092.1026442,20,-0.06324648857116699,-0.6558895111083984,0.0,0.03605593615674252,0.6558895111083984,6.043910980224609,0.1085207100591716,0.0,0.0,0.0,20,0.03513693809509277,0.018495630952330155,0.013107305866176798,0.03403877423032728,0
987,1774280092.2035644,23,-0.08351388184920601,-0.6558895111083984,0.0,0.046560741984064666,0.6558895111083984,6.043910980224609,0.1085207100591716,0.0,0.0,0.0,23,0.020047619904751637,0.010547099535758933,0.0,0.03327579289012773,0
988,1774280092.303057,21,-0.06023475102015904,-0.6558895111083984,0.0,0.03452039807746828,0.6558895111083984,6.043910980224609,0.1085207100591716,0.0,0.0,0.0,21,0.03814867564610073,0.020077231510654246,0.0,0.031472783936140794,0
989,1774280092.4033263,22,-0.057496807791969994,-0.6558895111083984,0.0,0.033108712069483515,0.6558895111083984,6.043910980224609,0.1085207100591716,0.0,0.0,0.0,22,0.0027379432281890437,0.0014407901765526095,0.0,0.0297983836424812,0
990,1774280092.5030441,20,-0.06324648857116699,-0.6558895111083984,0.0,0.03605593615674252,0.6558895111083984,6.043910980224609,0.1085207100591716,0.0,0.0,0.0,20,-0.03279447555541992,-0.01725961917914481,0.003452370741537639,0.029848065451451147,0
991,1774280092.6035018,20,-0.06324648857116699,-0.6558895111083984,0.0,0.03605593615674252,0.6558895111083984,6.043910980224609,0.1085207100591716,0.0,0.0,0.0,20,0.007027387619018555,0.0036984350631971267,0.0036477879533227883,0.029519543535903744,0
992,1774280092.7025807,20,-0.06324648857116699,-0.6558895111083984,0.0,0.03605593615674252,0.6558895111083984,6.043910980224609,0.1085207100591716,0.0,0.0,0.0,20,0.007027387619018555,0.0037002439587475837,0.0036477879533227883,0.029360573731841713,0
993,1774280092.803263,20,-0.06324648857116699,-0.6558895111083984,0.0,0.03605593615674252,0.6558895111083984,6.043910980224609,0.1085207100591716,0.0,0.0,0.0,20,-0.06324648857116699,-0.03328787451760659,0.0,0.029196510207111587,0
994,1774280092.90336,22,-0.08730996738780629,-0.6558895111083984,0.0,0.04834570324240018,0.6558895111083984,6.043910980224609,0.1085207100591716,0.0,0.0,0.0,22,-0.08730996738780629,-0.0459347205046868,0.0,0.027432495894245918,0
995,1774280093.0034647,23,-0.10999389316724695,-0.6558895111083984,0.0,0.0575640468977823,0.6558895111083984,6.043910980224609,0.1085207100591716,0.0,0.0,0.0,23,-0.04341864203970275,-0.022849295087395905,0.0,0.026404414394271013,0
996,1774280093.1032906,22,-0.14693628657947888,-0.7027387619018555,0.0,0.07368627070497703,0.7027387619018555,6.043910980224609,0.11627218934911243,0.0,0.0,0.0,22,-0.11310071656198215,-0.059521805212304095,0.0,0.03216289829227204,0
997,1774280093.2033708,20,-0.06324648857116699,-0.6558895111083984,0.0,0.03605593615674252,0.6558895111083984,6.043910980224609,0.1085207100591716,0.0,0.0,0.0,20,0.0,0.0,0.0,0.031282543704476466,0
998,1774280093.3030956,20,-0.09838342666625977,-0.7027387619018555,0.0,0.0550688442046976,0.7027387619018555,6.043910980224609,0.11627218934911243,0.0,0.0,0.0,20,-0.09838342666625977,-0.051789307067480216,0.0,0.03193116654687299,0
999,1774280093.402993,20,-0.09838342666625977,-0.7027387619018555,0.0,0.0550688442046976,0.7027387619018555,6.043910980224609,0.11627218934911243,0.0,0.0,0.0,20,-0.09838342666625977,-0.051789157573077116,0.0,0.028114832455048012,0
1000,1774280093.5030134,21,-0.09369850158691406,-0.7027387619018555,0.0,0.05288548875016984,0.7027387619018555,6.043910980224609,0.11627218934911243,0.0,0.0,0.0,21,-0.03045201301574707,-0.016029778175982553,0.0,0.0224779311071551,0
1001,1774280093.6029243,22,-0.11925263838334517,-0.7027387619018555,0.0,0.06419489495351435,0.7027387619018555,6.043910980224609,0.11627218934911243,0.0,0.0,0.0,22,-0.025554136796431107,-0.013447128661648001,0.0,0.023717120210696017,0
1002,1774280093.7034402,21,-0.09369850158691406,-0.7027387619018555,0.0,0.05288548875016984,0.7027387619018555,6.043910980224609,0.11627218934911243,0.0,0.0,0.0,21,0.0,0.0,0.0,0.023717120210696017,0
1003,1774280093.803446,24,-0.1639723777770996,-0.7027387619018555,0.0,0.08102663073827898,0.7027387619018555,6.043910980224609,0.11627218934911243,0.0,0.0,0.0,24,-0.10072588920593262,-0.05299898549548328,0.0,0.029601932780668458,0
1004,1774280093.90253,21,-0.09369850158691406,-0.7027387619018555,0.0,0.05288548875016984,0.7027387619018555,6.043910980224609,0.11627218934911243,0.0,0.0,0.0,21,-0.03045201301574707,-0.016031741907594658,0.0,0.02917548621279147,0
1005,1774280094.0033243,21,-0.09369850158691406,-0.7027387619018555,0.0,0.05288548875016984,0.7027387619018555,6.043910980224609,0.11627218934911243,0.0,0.0,0.0,21,-0.03045201301574707,-0.016021640661161587,0.0,0.02866194239179893,0
1006,1774280094.1032107,21,-0.09369850158691406,-0.7027387619018555,0.0,0.05288548875016984,0.7027387619018555,6.043910980224609,0.11627218934911243,0.0,0.0,0.0,21,-0.010184619737708053,-0.005361324280820503,0.0,0.02805651906607909,0
1007,1774280094.2033963,21,-0.09369850158691406,-0.7027387619018555,0.0,0.05288548875016984,0.7027387619018555,6.043910980224609,0.11627218934911243,0.0,0.0,0.0,21,-0.033463750566755025,-0.017609355035729787,0.0,0.028017313699566074,0
1008,1774280094.3033385,21,-0.09369850158691406,-0.7027387619018555,0.0,0.05288548875016984,0.7027387619018555,6.043910980224609,0.11627218934911243,0.0,0.0,0.0,21,-0.03620169379494407,-0.019053400158397894,0.0,0.027113550518595184,0
1009,1774280094.4036345,21,-0.09369850158691406,-0.7027387619018555,0.0,0.05288548875016984,0.7027387619018555,6.043910980224609,0.11627218934911243,0.0,0.0,0.0,21,-0.03045201301574707,-0.016022396355888,0.0,0.025884007392709473,0
1010,1774280094.5029607,19,-0.03698625062641345,-0.7027387619018555,0.0,0.024623689237197634,0.7027387619018555,6.043910980224609,0.11627218934911243,0.07122785950961866,1.3533293306827545,0.30219421481192443,19,0.026260237944753545,0.013825115220689329,0.0,0.028014589014329853,0
1011,1774280094.6033316,19,-0.03698625062641345,-0.7027387619018555,0.0,0.024623689237197634,0.7027387619018555,6.043910980224609,0.11627218934911243,0.0,0.0,0.0,19,0.026260237944753545,0.013815717926852671,0.0,0.029936675768916093,0
1012,1774280094.70288,21,-0.09369850158691406,-0.7027387619018555,0.0,0.05288548875016984,0.7027387619018555,6.043910980224609,0.11627218934911243,0.018412643954867407,0.1933327615261078,0.056751580113533366,21,-0.03045201301574707,-0.016030607069582436,0.0,0.029207328637941135,0
1013,1774280094.8027875,19,-0.03698625062641345,-0.7027387619018555,0.0,0.024623689237197634,0.7027387619018555,6.043910980224609,0.11627218934911243,0.0,0.0,0.0,19,0.05032371676139284,0.02649414769701437,0.0,0.031064542321913725,0
1014,1774280094.903289,18,0.0,0.0,0.0,0.0,0.0,6.043910980224609,0.0,0.0,0.0,0.0,18,0.10999389316724695,0.05789687419244951,0.0,0.03699730943552291,0
1015,1774280095.0033722,22,-0.11499361558393999,-0.6558895111083984,0.0,0.05960565832643356,0.6558895111083984,6.043910980224609,0.1085207100591716,0.017575705593282528,0.1933327615261078,0.05557926115933376,22,0.031942670995538894,0.016811209800248042,0.0,0.037163480149695394,0
1016,1774280095.103186,23,-0.1405477523803711,-0.7027387619018555,0.0,0.0713804139274504,0.7027387619018555,6.043910980224609,0.11627218934911243,0.008405772240265556,0.1933327615261078,0.03942656658922785,23,-0.0773012638092041,-0.040688835728920306,0.0,0.03667959255638868,0
1017,1774280095.2034402,21,-0.09369850158691406,-0.7027387619018555,0.0,0.05288548875016984,0.7027387619018555,6.043910980224609,0.11627218934911243,0.0,0.0,0.0,21,0.004684925079345703,0.0024653029004131797,0.0,0.03626462521684086,0
1018,1774280095.3030603,23,-0.11406774106233017,-0.7027387619018555,0.0,0.06199524208927943,0.7027387619018555,6.043910980224609,0.11627218934911243,0.0,0.0,0.0,23,-0.015684314396070403,-0.008254609798994622,0.0,0.036623114598666774,0
1019,1774280095.4031646,22,-0.11925263838334517,-0.7027387619018555,0.0,0.06419489495351435,0.7027387619018555,6.043910980224609,0.11627218934911243,0.0,0.0,0.0,22,-0.025554136796431107,-0.013448475093492566,0.0,0.037141930165148,0
1020,1774280095.5032127,24,-0.10736286640167236,-0.7027387619018555,0.0,0.05788541890261456,0.7027387619018555,6.043910980224609,0.11627218934911243,0.04833319038152695,0.9666638076305389,0.19533626334297607,24,0.011889771981672806,0.0062568251932833595,0.0,0.03731055048610355,0
1021,1774280095.6035416,25,-0.10306835174560547,-0.7027387619018555,0.0,0.05601263069365814,0.7027387619018555,5.992770195007324,0.11726442680670765,0.015466620922088623,0.1933327615261078,0.05244986340875713,25,-0.009369850158691406,-0.004931236850819295,0.0,0.036876852323312906,0
1022,1774280095.703241,21,-0.09369850158691406,-0.7027387619018555,0.0,0.05288548875016984,0.7027387619018555,6.043910980224609,0.11627218934911243,0.0,0.0,0.0,21,0.07027387619018555,0.03699024060033749,0.0,0.036876852323312906,0
1023,1774280095.803272,21,-0.13162408556256974,-1.405477523803711,0.0,0.12074176144166388,1.405477523803711,6.043910980224609,0.23254437869822486,0.0,0.0,0.0,21,-0.03792558397565568,-0.01995304091690449,0.0,0.03425129180137115,0
1024,1774280095.9033592,21,-0.0646965844290597,-0.7027387619018555,0.0,0.039815914737564344,0.7027387619018555,6.043910980224609,0.11627218934911243,0.0,0.0,0.0,21,0.029001917157854357,0.015263886515701602,0.0,0.034644275170926164,0
1025,1774280096.00292,25,-0.09744644165039062,-0.7027387619018555,0.0,0.050379761751173646,0.7027387619018555,6.043910980224609,0.11627218934911243,0.0,0.0,0.0,25,-0.0037479400634765625,-0.0019729019655977103,0.0,0.03468574281183821,0
1026,1774280096.1029415,25,-0.12742996215820312,-0.7027387619018555,0.0,0.06541011030094523,0.7027387619018555,6.043910980224609,0.11627218934911243,0.0,0.0,0.0,25,-0.03373146057128906,-0.017757650989611247,0.0,0.03572651864789266,0
1027,1774280096.202826,22,-0.025554136796431107,-0.5621910095214844,0.0,0.013713292055625005,0.5621910095214844,6.043910980224609,0.09301775147928994,0.0,0.0,0.0,22,0.06814436479048296,0.03587513208415758,0.02218572673250417,0.038335198687151066,0
1028,1774280096.303165,21,0.0,0.0,0.0,0.0,0.0,6.043910980224609,0.0,0.018412643954867407,0.1933327615261078,0.056751580113533366,21,0.09369850158691406,0.04932719216066657,0.022937785265809398,0.042626871332866974,0
1029,1774280096.4030247,23,-0.10388312132462212,-0.6558895111083984,0.0,0.051523016749074585,0.6558895111083984,6.043910980224609,0.1085207100591716,0.0,0.0,0.0,23,-0.06689687069820867,-0.03520769352812973,0.0294914381988978,0.042828838087523705,0
1030,1774280096.502947,21,-0.05577291761125837,-0.6090402603149414,0.0,0.029603132607379075,0.6090402603149414,6.043910980224609,0.10076923076923076,0.009206321977433703,0.1933327615261078,0.04117192352858409,21,-0.01878666698484492,-0.009889720696499243,0.006553652933088399,0.04202763378656387,0
1031,1774280096.60329,21,-0.02677100045340402,-0.5621910095214844,0.0,0.01433372930552317,0.5621910095214844,6.043910980224609,0.09301775147928994,0.009206321977433703,0.1933327615261078,0.04117192352858409,21,0.06692750113351004,0.0352173978031441,0.006666646949176131,0.0426417884725872,0
1032,1774280096.7030416,20,-0.06324648857116699,-0.7027387619018555,0.0,0.036494906616724165,0.7027387619018555,6.043910980224609,0.11627218934911243,0.0,0.0,0.0,20,-0.026260237944753545,-0.013819330358262799,0.006553652933088399,0.04275923958650738,0
1033,1774280096.8028536,20,-0.02810955047607422,-0.5621910095214844,0.0,0.015012789731372322,0.5621910095214844,6.043910980224609,0.09301775147928994,0.0,0.0,0.0,20,-0.02810955047607422,-0.014797892047181052,0.009206321977433703,0.043257017202001154,0
1034,1774280096.9031048,22,-0.1128641041842374,-0.6558895111083984,0.0,0.057596733597385284,0.6558895111083984,6.043910980224609,0.1085207100591716,0.0,0.0,0.0,22,0.002129511399702591,0.0011209532390106416,0.008787852796641264,0.03958525180397469,0
1035,1774280097.0030043,21,-0.08700575147356306,-0.6558895111083984,0.0,0.04562903828924875,0.6558895111083984,5.992770195007324,0.10944679835292713,0.0,0.0,0.0,21,0.05354200090680804,0.028182693846735486,0.0028855636048672802,0.039033640250475454,0
1036,1774280097.1027071,22,-0.10860508138483221,-0.6558895111083984,0.0,0.05335214319921566,0.6558895111083984,5.992770195007324,0.10944679835292713,0.0,0.0,0.0,22,-0.014906579797918151,-0.007848596393082953,0.0,0.03733676186666937,0
1037,1774280097.2031682,19,-0.03452050058465255,-0.6558895111083984,0.0,0.021449969291069952,0.6558895111083984,5.992770195007324,0.10944679835292713,0.0,0.0,0.0,19,0.07954724047767761,0.0418645920732186,0.016811544480531113,0.03870786939312189,0
1038,1774280097.3032656,19,-0.03452050058465255,-0.6558895111083984,0.0,0.021449969291069952,0.6558895111083984,6.043910980224609,0.1085207100591716,0.0,0.0,0.0,19,0.08473213779869262,0.04459349276050428,0.021783973129702285,0.03911328541050046,0
1039,1774280097.402827,19,-0.03452050058465255,-0.6558895111083984,0.0,0.021449969291069952,0.6558895111083984,6.043910980224609,0.1085207100591716,0.0,0.0,0.0,19,0.0728423658170198,0.03834587079554963,0.02209517274584089,0.038816101526976586,0
1040,1774280097.5032468,19,-0.03452050058465255,-0.6558895111083984,0.0,0.021449969291069952,0.6558895111083984,6.043910980224609,0.1085207100591716,0.0,0.0,0.0,19,0.06854785116095291,0.03608341556693121,0.0057711272097345605,0.038747759305675686,0
1041,1774280097.6030514,19,-0.03452050058465255,-0.6558895111083984,0.0,0.021449969291069952,0.6558895111083984,6.043910980224609,0.1085207100591716,0.0,0.0,0.0,19,0.05917800100226151,0.031149426108812238,0.0,0.03856020596289721,0
1042,1774280097.7031274,20,-0.0679314136505127,-0.7027387619018555,0.0,0.04158696395251127,0.7027387619018555,5.992770195007324,0.11726442680670765,0.0,0.0,0.0,20,0.06369267191205705,0.03352501076685249,0.0,0.03800513412338298,0
1043,1774280097.802762,20,-0.0679314136505127,-0.7027387619018555,0.0,0.04158696395251127,0.7027387619018555,5.992770195007324,0.11726442680670765,0.0,0.0,0.0,20,-0.0032348292214529895,-0.0017030769485401446,0.0,0.034703227650608494,0
1044,1774280097.9032006,20,-0.0679314136505127,-0.7027387619018555,0.0,0.04158696395251127,0.7027387619018555,6.043910980224609,0.11627218934911243,0.0,0.0,0.0,20,0.02951502799987793,0.015531930509996104,0.0,0.03472997260258934,0
1045,1774280098.0030382,21,-0.0959294182913644,-0.7027387619018555,0.0,0.055284397613108105,0.7027387619018555,5.992770195007324,0.11726442680670765,0.0,0.0,0.0,21,0.03150054386683873,0.016578390254905075,0.0056862576919443466,0.034651101749142134,0
1046,1774280098.1034405,19,-0.03698625062641345,-0.7027387619018555,0.0,0.024623689237197634,0.7027387619018555,5.992770195007324,0.11726442680670765,0.0,0.0,0.0,19,-0.01143211382998234,-0.006014956652023331,0.005858568531094175,0.031378682613800044,0
1047,1774280098.203579,19,-0.03698625062641345,-0.7027387619018555,0.0,0.024623689237197634,0.7027387619018555,6.043910980224609,0.11627218934911243,0.0,0.0,0.0,19,-0.03698625062641345,-0.01946220708784067,0.008923050531974206,0.03091859169954636,0
1048,1774280098.303086,19,-0.03698625062641345,-0.7027387619018555,0.0,0.024623689237197634,0.7027387619018555,6.043910980224609,0.11627218934911243,0.0,0.0,0.0,19,0.06689687069820867,0.03520774212437637,0.005948700354649471,0.02848672263955655,0
1049,1774280098.4033556,18,0.0,0.0,0.0,0.0,0.0,5.992770195007324,0.0,0.0,0.0,0.0,18,0.05577291761125837,0.02934785727575141,0.006236540694390574,0.02919602395714392,0
1050,1774280098.5028703,18,0.0,0.0,0.0,0.0,0.0,6.043910980224609,0.0,0.0,0.0,0.0,18,0.02677100045340402,0.014093113776486695,0.003169389533214882,0.03140501768089224,0
1051,1774280098.603568,18,0.0,0.0,0.0,0.0,0.0,6.043910980224609,0.0,0.0,0.0,0.0,18,0.06324648857116699,0.0332784035298253,0.0,0.032921535628511286,0
1052,1774280098.7034035,17,0.0,0.0,0.0,0.0,0.0,5.992770195007324,0.0,0.0,0.0,0.0,17,0.02810955047607422,0.014790219738257017,0.0,0.03441968094080204,0
1053,1774280098.8029807,18,0.0,0.0,0.0,0.0,0.0,6.043910980224609,0.0,0.0,0.0,0.0,18,0.1128641041842374,0.059406040897024885,0.0,0.03567236051162943,0
1054,1774280098.9032462,18,0.0,0.0,0.0,0.0,0.0,6.043910980224609,0.0,0.0,0.0,0.0,18,0.08700575147356306,0.04578667257056937,0.0,0.033271528706620396,0
1055,1774280099.0033505,19,-0.03452050058465255,-0.6558895111083984,0.0,0.021449969291069952,0.6558895111083984,6.043910980224609,0.1085207100591716,0.0,0.0,0.0,19,0.07408458080017966,0.03897868627014729,0.0,0.031394167779904926,0
1056,1774280099.1030612,20,-0.06324648857116699,-0.6558895111083984,0.0,0.03605593615674252,0.6558895111083984,6.043910980224609,0.1085207100591716,0.0,0.0,0.0,20,-0.02872598798651444,-0.015119792167080781,0.0,0.027485410420041524,0
1057,1774280099.2035327,22,-0.11499361558393999,-0.6558895111083984,0.0,0.05960565832643356,0.6558895111083984,6.043910980224609,0.1085207100591716,0.0,0.0,0.0,22,-0.08047311499928744,-0.04234831723154785,0.0,0.03266220251226983,0
1058,1774280099.3032873,20,-0.06324648857116699,-0.6558895111083984,0.0,0.03605593615674252,0.6558895111083984,6.043910980224609,0.1085207100591716,0.0,0.0,0.0,20,-0.02872598798651444,-0.015115279621827914,0.0,0.03310289099406757,0
1059,1774280099.403063,20,-0.06324648857116699,-0.6558895111083984,0.0,0.03605593615674252,0.6558895111083984,5.992770195007324,0.10944679835292713,0.0,0.0,0.0,20,-0.02872598798651444,-0.015120403151569626,0.0,0.0334762214033888,0
1060,1774280099.503203,20,-0.06324648857116699,-0.6558895111083984,0.0,0.03605593615674252,0.6558895111083984,6.043910980224609,0.1085207100591716,0.0,0.0,0.0,20,-0.02872598798651444,-0.015117735675327572,0.0,0.03378442680886102,0
1061,1774280099.6032739,21,-0.08923666817801339,-0.6558895111083984,0.0,0.04784877553586796,0.6558895111083984,5.992770195007324,0.10944679835292713,0.0,0.0,0.0,21,-0.02130525452750069,-0.011212427411620561,0.0,0.03522163333026468,0
1062,1774280099.7036161,20,-0.06324648857116699,-0.6558895111083984,0.0,0.03605593615674252,0.6558895111083984,5.992770195007324,0.10944679835292713,0.0,0.0,0.0,20,0.004684925079345703,0.0024646421063721975,0.0,0.03508446210901924,0
1063,1774280099.8028393,19,-0.03452050058465255,-0.6558895111083984,0.0,0.021449969291069952,0.6558895111083984,5.992770195007324,0.10944679835292713,0.0,0.0,0.0,19,0.033410913065860144,0.017588036028108305,0.0,0.034741168077462956,0
1064,1774280099.9034698,18,0.0,0.0,0.0,0.0,0.0,5.992770195007324,0.0,0.0,0.0,0.0,18,0.0959294182913644,0.050477700237052524,0.0,0.035471844341681436,0
1065,1774280100.0027878,18,0.0,0.0,0.0,0.0,0.0,5.992770195007324,0.0,0.0,0.0,0.0,18,0.03698625062641345,0.019473137178886483,0.0,0.03401631962154913,0
1066,1774280100.1024983,18,0.0,0.0,0.0,0.0,0.0,5.992770195007324,0.0,0.0,0.0,0.0,18,0.03698625062641345,0.019477525859265345,0.0,0.034854387257898904,0
1067,1774280100.2030597,18,0.0,0.0,0.0,0.0,0.0,5.992770195007324,0.0,0.0,0.0,0.0,18,0.03698625062641345,0.01946671786639119,0.0,0.035576772028597305,0
1068,1774280100.3031085,18,0.0,0.0,0.0,0.0,0.0,6.043910980224609,0.0,0.0,0.0,0.0,18,0.0,0.0,0.0,0.0361904019202465,0
1069,1774280100.40267,18,0.0,0.0,0.0,0.0,0.0,6.043910980224609,0.0,0.0,0.0,0.0,18,0.0,0.0,0.0,0.0361904019202465,0
1070,1774280100.5031588,18,0.0,0.0,0.0,0.0,0.0,5.992770195007324,0.0,0.0,0.0,0.0,18,0.0,0.0,0.0,0.0361904019202465,0
1071,1774280100.6031926,18,0.0,0.0,0.0,0.0,0.0,6.043910980224609,0.0,0.0,0.0,0.0,18,0.0,0.0,0.0,0.0361904019202465,0
1072,1774280100.7032099,18,0.0,0.0,0.0,0.0,0.0,5.992770195007324,0.0,0.0,0.0,0.0,18,0.0,0.0,0.0,0.0361904019202465,0
1073,1774280100.803404,18,0.0,0.0,0.0,0.0,0.0,5.992770195007324,0.0,0.0,0.0,0.0,18,0.0,0.0,0.0,0.0361904019202465,0
1074,1774280100.9026473,18,0.0,0.0,0.0,0.0,0.0,5.992770195007324,0.0,0.0,0.0,0.0,18,0.03452050058465255,0.018175411711064574,0.0,0.0361904019202465,0
1075,1774280101.0028133,18,0.0,0.0,0.0,0.0,0.0,5.992770195007324,0.0,0.0,0.0,0.0,18,0.06324648857116699,0.033291968587893433,0.0,0.03672781778999864,0
1076,1774280101.102948,19,-0.032054750542891655,-0.6090402603149414,0.0,0.018495126582606235,0.6090402603149414,5.992770195007324,0.10162916989914662,0.0,0.0,0.0,19,0.08293886504104833,0.043665472750362186,0.0,0.035838864117971415,0
1077,1774280101.203205,18,0.0,0.0,0.0,0.0,0.0,6.043910980224609,0.0,0.0,0.0,0.0,18,0.06324648857116699,0.033289065036248094,0.0,0.029855521377319304,0
1078,1774280101.3027983,19,-0.03452050058465255,-0.6558895111083984,0.0,0.021449969291069952,0.6558895111083984,5.992770195007324,0.10944679835292713,0.0,0.0,0.0,19,0.02872598798651444,0.015121048344070081,0.0,0.028417989847577294,0
1079,1774280101.4032228,18,0.0,0.0,0.0,0.0,0.0,6.043910980224609,0.0,0.0,0.0,0.0,18,0.06324648857116699,0.033287277201738026,0.0,0.026791173848894647,0
1080,1774280101.502528,19,0.0,0.0,0.0,0.0,0.0,5.992770195007324,0.0,0.0,0.0,0.0,19,0.08923666817801339,0.04698511323313656,0.0,0.02465666753321448,0
1081,1774280101.6030803,19,-0.03698625062641345,-0.7027387619018555,0.0,0.024623689237197634,0.7027387619018555,5.992770195007324,0.11726442680670765,0.0,0.0,0.0,19,0.026260237944753545,0.013825077043808792,0.0,0.01837427541833857,0
1082,1774280101.7024689,19,-0.03698625062641345,-0.7027387619018555,0.0,0.024623689237197634,0.7027387619018555,6.043910980224609,0.11627218934911243,0.0,0.0,0.0,19,-0.002465750041760896,-0.00129801622957583,0.0,0.015189400522379857,0
1083,1774280101.802863,19,-0.03698625062641345,-0.7027387619018555,0.0,0.024623689237197634,0.7027387619018555,6.043910980224609,0.11627218934911243,0.0,0.0,0.0,19,-0.03698625062641345,-0.019472667866090518,0.0,0.015406498771623886,0
1084,1774280101.9026628,19,-0.03698625062641345,-0.7027387619018555,0.0,0.024623689237197634,0.7027387619018555,5.992770195007324,0.11726442680670765,0.0,0.0,0.0,19,-0.03698625062641345,-0.019467729231950295,0.0,0.016416692684031866,0
1085,1774280102.0024767,19,-0.03698625062641345,-0.7027387619018555,0.0,0.024623689237197634,0.7027387619018555,6.043910980224609,0.11627218934911243,0.0,0.0,0.0,19,-0.03698625062641345,-0.019466669010812458,0.0,0.017170191591442507,0
1086,1774280102.1027653,18,0.0,0.0,0.0,0.0,0.0,5.992770195007324,0.0,0.0,0.0,0.0,18,0.0,0.0,0.0,0.017170191591442507,0
1087,1774280102.2027886,20,-0.0679314136505127,-0.7027387619018555,0.0,0.04158696395251127,0.7027387619018555,6.043910980224609,0.11627218934911243,0.0,0.0,0.0,20,-0.0679314136505127,-0.035759395650211676,0.0,0.02070233496565141,0
1088,1774280102.302837,20,-0.0679314136505127,-0.7027387619018555,0.0,0.04158696395251127,0.7027387619018555,6.043910980224609,0.11627218934911243,0.0,0.0,0.0,20,-0.0679314136505127,-0.03575023356693791,0.0,0.023222499477240546,0
1089,1774280102.4030828,21,-0.09369850158691406,-0.7027387619018555,0.0,0.05288548875016984,0.7027387619018555,6.043910980224609,0.11627218934911243,0.018412643954867407,0.1933327615261078,0.056751580113533366,21,-0.09369850158691406,-0.04931697247999996,0.0,0.02783571068453653,0
1090,1774280102.5031564,20,-0.0679314136505127,-0.7027387619018555,0.0,0.04158696395251127,0.7027387619018555,6.043910980224609,0.11627218934911243,0.0,0.0,0.0,20,-0.0679314136505127,-0.03575405576540973,0.0,0.02882058040883582,0
1091,1774280102.6026373,23,-0.1405477523803711,-0.7027387619018555,0.0,0.0713804139274504,0.7027387619018555,6.043910980224609,0.11627218934911243,0.0,0.0,0.0,23,-0.1405477523803711,-0.07399480040608648,0.0,0.03719035039271637,0
1092,1774280102.7032063,21,-0.09369850158691406,-0.7027387619018555,0.0,0.05288548875016984,0.7027387619018555,6.043910980224609,0.11627218934911243,0.0,0.0,0.0,21,-0.09369850158691406,-0.04932013511458084,0.0,0.03843301310503408,0
1093,1774280102.8030221,19,-0.032054750542891655,-0.6090402603149414,0.0,0.018495126582606235,0.6090402603149414,5.992770195007324,0.10162916989914662,0.0,0.0,0.0,19,-0.032054750542891655,-0.01686759319023337,0.0,0.03742150965240148,0
1094,1774280102.9025705,20,-0.05856156349182129,-0.6090402603149414,0.0,0.03091998177495725,0.6090402603149414,6.043910980224609,0.10076923076923076,0.0,0.0,0.0,20,-0.05856156349182129,-0.030825815599312214,0.0,0.03639426179549689,0
1095,1774280103.0026555,19,-0.032054750542891655,-0.6090402603149414,0.0,0.018495126582606235,0.6090402603149414,6.043910980224609,0.10076923076923076,0.0,0.0,0.0,19,0.0,0.0,0.0,0.03511825398941019,0
1096,1774280103.1026607,19,-0.03698625062641345,-0.7027387619018555,0.0,0.024623689237197634,0.7027387619018555,6.043910980224609,0.11627218934911243,0.0,0.0,0.0,19,-0.03698625062641345,-0.01947202748616568,0.0,0.03504164823599797,0
1097,1774280103.203168,19,-0.032054750542891655,-0.6090402603149414,0.0,0.01849512658260623,0.6090402603149414,6.043910980224609,0.10076923076923076,0.0,0.0,0.0,19,0.002465750041760896,0.0012975107497279915,0.0,0.03362645770125435,0
1098,1774280103.3031807,20,-0.06324648857116699,-0.6558895111083984,0.0,0.03605593615674252,0.6558895111083984,6.043910980224609,0.1085207100591716,0.0,0.0,0.0,20,-0.06324648857116699,-0.03328836324653492,0.0,0.03367000585904611,0
1099,1774280103.4026823,18,0.0,0.0,0.0,0.0,0.0,6.043910980224609,0.0,0.0,0.0,0.0,18,0.0,0.0,0.0,0.03367000585904611,0
1100,1774280103.5027273,21,-0.08477483476911273,-0.6090402603149414,0.0,0.04319031351157292,0.6090402603149414,6.043910980224609,0.10076923076923076,0.0,0.0,0.0,21,-0.04778858414269928,-0.025156560248721826,0.0,0.03260663486114504,0
1101,1774280103.6027217,21,-0.08923666817801339,-0.6558895111083984,0.0,0.04784877553586796,0.6558895111083984,5.992770195007324,0.10944679835292713,0.0,0.0,0.0,21,-0.05225041755159994,-0.02749656099834733,0.0,0.03331875937224922,0
1102,1774280103.702987,20,-0.06324648857116699,-0.6558895111083984,0.0,0.03605593615674252,0.6558895111083984,6.043910980224609,0.1085207100591716,0.0,0.0,0.0,20,-0.026260237944753545,-0.013820275379648209,0.0,0.03308254688414277,0
1103,1774280103.8025627,20,-0.06324648857116699,-0.6558895111083984,0.0,0.03605593615674252,0.6558895111083984,6.043910980224609,0.1085207100591716,0.0,0.0,0.0,20,-0.026260237944753545,-0.013821905628534782,0.0,0.032792104081510044,0
1104,1774280103.90279,21,-0.09146758488246373,-0.6558895111083984,0.0,0.05026759235617498,0.6558895111083984,5.992770195007324,0.10944679835292713,0.0,0.0,0.0,21,-0.054481334256050284,-0.028669657807258164,0.0,0.03318895417146434,0
1105,1774280104.0028427,22,-0.11499361558393999,-0.6558895111083984,0.0,0.059605658326433546,0.6558895111083984,5.992770195007324,0.10944679835292713,0.0,0.0,0.0,22,-0.11499361558393999,-0.06052049197279602,0.0,0.03471196763129568,0
1106,1774280104.1031404,23,-0.14462160027545432,-0.7027387619018555,0.0,0.07556266556886343,0.7027387619018555,6.043910980224609,0.11627218934911243,0.11768081136371779,1.3533293306827545,0.3813294118132521,23,-0.07669018662494162,-0.04035578471697854,0.006338779066429764,0.035537927743243256,0
1107,1774280104.2028604,21,-0.06023475102015904,-0.6558895111083984,0.0,0.03452039807746828,0.6558895111083984,5.992770195007324,0.10944679835292713,0.11047586372920445,1.73999485373497,0.3846876813194104,21,0.007696662630353658,0.004050825050750265,0.006338779066429764,0.03562055011953159,0
1108,1774280104.303271,22,-0.11925263838334517,-0.7027387619018555,0.0,0.0641948949535144,0.7027387619018555,6.043910980224609,0.11627218934911243,0.043939263983206314,0.5799982845783234,0.1294531553121419,22,-0.025554136796431107,-0.013448213547410947,0.006041648797690868,0.03708728860372781,0
1109,1774280104.4026911,20,-0.1358628273010254,-0.7495880126953125,0.0,0.07438354444389006,0.7495880126953125,6.043910980224609,0.12402366863905326,0.05799982845783234,0.5799982845783234,0.17399948537349702,20,-0.0679314136505127,-0.03576213352050011,0.0,0.03927554939670054,0
1110,1774280104.503158,20,0.0,0.0,0.0,0.0,0.0,6.043910980224609,0.0,0.038666552305221556,0.3866655230522156,0.11599965691566468,20,0.1405477523803711,0.07395223049712207,0.0,0.04263754978114905,0
1111,1774280104.602726,19,-0.11095875187924034,-0.7495880126953125,0.0,0.06589420838339458,0.7495880126953125,6.043910980224609,0.12402366863905326,0.050877042506870473,0.3866655230522156,0.12294992872220822,19,-0.01726025029232628,-0.009086639352314655,0.0,0.040732168516025104,0
1112,1774280104.7035196,22,-0.029813159595836292,-0.6558895111083984,0.0,0.01866531418682292,0.6558895111083984,6.043910980224609,0.1085207100591716,0.07909067516977136,0.5799982845783234,0.17153204345381357,22,0.002241590947055363,0.0011794759119253982,0.0,0.04135282581495062,0
1113,1774280104.8032029,18,-0.07027387619018555,-0.6558895111083984,0.0,0.03956830951779011,0.6558895111083984,6.043910980224609,0.1085207100591716,0.0,0.0,0.0,18,-0.011712312698364258,-0.006162324083679657,0.0,0.040516047321521836,0
1114,1774280104.903115,21,-0.0959294182913644,-0.7027387619018555,0.0,0.055284397613108105,0.7027387619018555,6.043910980224609,0.11627218934911243,0.08285689779690333,0.5799982845783234,0.18458618168643043,21,-0.06387466774847274,-0.03361011734710435,0.0,0.04080402310100733,0
1115,1774280105.0032759,21,-0.0646965844290597,-0.7027387619018555,0.0,0.039815914737564344,0.7027387619018555,6.043910980224609,0.11627218934911243,0.07365057581946963,0.3866655230522156,0.15183455174561764,21,-0.02771033380264626,-0.01457966535233187,0.0,0.03981802648733897,0
1116,1774280105.102955,18,-0.03904104232788086,-0.7027387619018555,0.0,0.025911450762805543,0.7027387619018555,6.043910980224609,0.11627218934911243,0.053703544868363276,0.3866655230522156,0.1257167753652118,18,-0.006986291784989204,-0.0036774075700037536,0.0,0.03972610927330018,0
1117,1774280105.2030997,18,-0.11191765467325847,-0.7027387619018555,0.0,0.0627090979637362,0.7027387619018555,6.043910980224609,0.11627218934911243,0.04296283589469062,0.1933327615261078,0.0803761061410629,18,-0.048671166102091476,-0.02561749488026569,0.0,0.03935670615346119,0
1118,1774280105.3034463,16,-0.04392117261886597,-0.7027387619018555,0.0,0.028936041063243323,0.7027387619018555,6.043910980224609,0.11627218934911243,0.024166595190763474,0.1933327615261078,0.06393880090992969,16,-0.04392117261886597,-0.023107115288755607,0.0,0.039931282919758476,0
1119,1774280105.4029932,18,-0.07547934850056966,-0.7027387619018555,0.0,0.04563802452000547,0.7027387619018555,6.043910980224609,0.11627218934911243,0.010740708973672655,0.1933327615261078,0.04428507759247181,18,0.009295486268543068,0.004891676534111765,0.0,0.0358662420010311,0
1120,1774280105.5028224,18,-0.07547934850056966,-0.7027387619018555,0.0,0.04563802452000547,0.7027387619018555,6.043910980224609,0.11627218934911243,0.0,0.0,0.0,18,0.01375731967744373,0.007240310800087952,0.0,0.03586739459987682,0
1121,1774280105.603379,18,-0.03904104232788086,-0.7027387619018555,0.0,0.025911450762805543,0.7027387619018555,6.043910980224609,0.11627218934911243,0.0,0.0,0.0,18,0.024205446243286133,0.012737080316183199,0.0,0.03687417710389359,0
1122,1774280105.7033186,19,-0.03452050058465255,-0.6558895111083984,0.0,0.02144996929106995,0.6558895111083984,6.043910980224609,0.1085207100591716,0.0,0.0,0.0,19,0.02872598798651444,0.015112928627273856,0.0,0.037944309960025895,0
1123,1774280105.8026187,17,-0.04133757422952091,-0.7027387619018555,0.0,0.02734072069089842,0.7027387619018555,5.992770195007324,0.11726442680670765,0.0,0.0,0.0,17,0.05013001065294282,0.026386595476199436,0.041009979717659226,0.038608218746678996,0
1124,1774280105.9028118,16,0.0,0.0,0.0,0.0,0.0,6.043910980224609,0.0,0.0,0.0,0.0,16,0.11499361558393999,0.06052393985055452,0.07616139090422427,0.041675416218635096,0
1125,1774280106.0030522,15,-0.04684925079345703,-0.7027387619018555,0.0,0.03072793219871528,0.7027387619018555,6.043910980224609,0.11627218934911243,0.0,0.0,0.0,15,0.09777234948199728,0.05146151802399294,0.09080781223195972,0.04066104474563878,0
1126,1774280106.103138,15,-0.04684925079345703,-0.7027387619018555,0.0,0.03072793219871528,0.7027387619018555,6.043910980224609,0.11627218934911243,0.0,0.0,0.0,15,0.013385500226702006,0.007043970903990962,0.07058180182699174,0.03671638344923807,0
1127,1774280106.2027636,14,-0.04684925079345703,-0.6558895111083984,0.0,0.028533079898807046,0.6558895111083984,6.043910980224609,0.1085207100591716,0.0,0.0,0.0,14,0.07240338758988814,0.038117227367601,0.0467740552079293,0.036865484299067934,0
1128,1774280106.3026226,15,-0.04372596740722656,-0.6558895111083984,0.0,0.026767443159769755,0.6558895111083984,6.043910980224609,0.1085207100591716,0.0,0.0,0.0,15,0.09213685989379883,0.04849483428683292,0.049152396998163,0.034541321218886645,0
