frame_idx,t,numPts,centroid_z,centroid_z_min,centroid_z_max,z_variance,bbox_height,bbox_width,aspect_ratio,doppler_mean,doppler_max,doppler_std,point_count,delta_z,delta_z_rate,doppler_post,window_z_std,label
0,1774281230.5476372,24,0.09760260581970215,-0.6558895111083984,3.279447555541992,0.5785112433542849,3.9353370666503906,5.992770195007324,0.6566807901175629,0.12888850768407187,0.7733310461044312,0.2882034647000886,24,nan,nan,nan,nan,0
1,1774281230.6481879,23,0.25461549344270124,0.0,1.639723777770996,0.27670905403682416,1.639723777770996,5.992770195007324,0.27361699588231786,0.15130390032478,1.1599965691566467,0.33707041873174254,23,0.1570128876229991,1.5615302855045659,0.13985774238058862,0.07850644381149954,0
2,1774281230.748271,26,0.14955722368680513,-0.7027387619018555,1.639723777770996,0.26794406220403405,2.3424625396728516,5.992770195007324,0.3908814226890255,0.10410225620636573,0.7733310461044312,0.22894769477068058,26,0.05195461786710298,0.258952515081016,0.12712291168839965,0.0653108543314474,0
3,1774281230.8487644,24,0.06441771984100342,0.0,1.546025276184082,0.09544178047882212,1.546025276184082,5.992770195007324,0.2579817389747568,0.06444425384203593,0.5799982845783234,0.164301253939734,24,-0.03318488597869873,-0.11020222181930754,0.12712291168839965,0.07198729666454314,0
4,1774281230.9480605,23,0.0,0.0,0.0,0.0,0.0,5.992770195007324,0.0,0.058840405681858894,0.3866655230522156,0.13290692885927638,23,-0.09760260581970215,-0.24374857472207453,0.12712291168839965,0.08574078563843197,0
5,1774281231.0487187,24,-0.003904104232788086,-0.7495880126953125,2.1082162857055664,0.25257567681791215,2.857804298400879,5.992770195007324,0.4768753356806111,0.03222212692101797,0.1933327615261078,0.07205086617502215,24,-0.10150671005249023,-0.2025752633121567,0.12712291168839965,0.08962213042931994,0
6,1774281231.148122,23,-0.032590783160665764,-0.7495880126953125,0.0,0.023367501234561775,0.7495880126953125,5.992770195007324,0.12508205526048816,0.033623088961062225,0.1933327615261078,0.07327982347547411,23,-0.13019338898036792,-0.21681377874749985,0.12712291168839965,0.09401128243835159,0
7,1774281231.2477655,15,0.0,0.0,0.0,0.0,0.0,5.992770195007324,0.0,0.038666552305221556,0.1933327615261078,0.07733310461044311,15,-0.09760260581970215,-0.1394067394027892,0.12712291168839965,0.09143112718621219,0
8,1774281231.3483303,20,0.20379424095153809,0.0,2.1082162857055664,0.3742826755726014,2.1082162857055664,5.992770195007324,0.3517932804201229,0.08699974268674851,0.9666638076305389,0.21593633774203058,20,0.10619163513183594,0.1326246519868388,0.12712291168839965,0.09643812475767316,0
9,1774281231.448256,18,-0.08589029312133789,-0.7964372634887695,0.0,0.05907810773919664,0.7964372634887695,5.992770195007324,0.13289968371426866,0.03222212692101797,0.1933327615261078,0.07205086617502215,18,-0.18349289894104004,-0.20374091752970044,0.12712291168839965,0.10436479857416311,0
10,1774281231.5483553,21,-0.1740115029471261,-0.7964372634887695,0.0,0.09743949734150435,0.7964372634887695,5.992770195007324,0.13289968371426866,0.027618965932301114,0.1933327615261078,0.0676523737574496,21,-0.27161410876682823,-0.27141919809162396,0.12712291168839965,0.12088655089065402,0
11,1774281231.6483192,21,-0.037925583975655694,-0.7964372634887695,2.1082162857055664,0.3111713276527497,2.904653549194336,6.043910980224609,0.4805917159763314,0.027618965932301114,0.1933327615261078,0.06765237375744962,21,-0.13552818979535786,-0.1231311017257153,0.12712291168839965,0.11788423444440574,0
12,1774281231.7480762,20,-0.11243820190429688,-0.7964372634887695,0.0,0.07185946429899559,0.7964372634887695,5.992770195007324,0.13289968371426866,0.038666552305221556,0.1933327615261078,0.07733310461044311,20,-0.21004080772399902,-0.1749700000357497,0.12712291168839965,0.11999457679072009,0
13,1774281231.8479779,23,-0.11814158895741338,-0.7495880126953125,0.0,0.06677495825089438,0.7495880126953125,5.992770195007324,0.12508205526048816,0.20173853376637335,1.1599965691566467,0.3928293563243439,23,-0.21574419477711554,-0.16591359684710497,0.12712291168839965,0.12135332577415191,0
14,1774281231.948202,23,-0.11814158895741338,-0.7495880126953125,0.0,0.06677495825089438,0.7495880126953125,6.043910980224609,0.12402366863905326,0.15970967256504556,1.3533293306827545,0.38520087565575434,23,-0.21574419477711554,-0.1540408660247227,0.12712291168839965,0.12182790765055612,0
15,1774281232.048077,20,0.0,0.0,0.0,0.0,0.0,6.043910980224609,0.0,0.04833319038152695,0.3866655230522156,0.10366314458524724,20,-0.09760260581970215,-0.06504932784877125,0.12712291168839965,0.11796770821059864,0
16,1774281232.1480749,19,-0.03945200066817434,-0.7495880126953125,0.0,0.028016286420989325,0.7495880126953125,6.043910980224609,0.12402366863905326,0.030526225504122283,0.1933327615261078,0.07049729804859288,19,-0.13705460648787648,-0.08563570548736062,0.12712291168839965,0.11493177493833595,0
17,1774281232.2482042,16,0.0,0.0,0.0,0.0,0.0,6.043910980224609,0.0,0.0,0.0,0.0,16,-0.09760260581970215,-0.05739415466384024,0.12712291168839965,0.11169544154321694,0
18,1774281232.348835,20,-0.03513693809509277,-0.7027387619018555,0.0,0.023457483955269254,0.7027387619018555,6.043910980224609,0.11627218934911243,0.0966663807630539,0.5799982845783234,0.19810712888050344,20,-0.13273954391479492,-0.0736951523745723,0.12712291168839965,0.10904310200435785,0
19,1774281232.447888,20,-0.0679314136505127,-0.7027387619018555,0.0,0.04158696395251127,0.7027387619018555,6.043910980224609,0.11627218934911243,0.05799982845783234,0.3866655230522156,0.12379336912176456,20,-0.16553401947021484,-0.08711167521033586,0.12712291168839965,0.10732796369097124,0
20,1774281232.5483775,19,0.0,0.0,0.0,0.0,0.0,6.043910980224609,0.0,0.14245571901923731,0.7733310461044312,0.28636137838491815,19,-0.25461549344270124,-0.13399478048529093,0.10593575974033304,0.10484293263623408,0
21,1774281232.648186,19,0.0,0.0,0.0,0.0,0.0,6.043910980224609,0.0,0.12210490201648913,0.7733310461044312,0.2819891921943715,19,-0.14955722368680513,-0.07871785067558444,0.07680342581174145,0.08598550041721427,0
22,1774281232.748383,21,-0.06023475102015904,-0.6558895111083984,0.0,0.03452039807746828,0.6558895111083984,6.043910980224609,0.1085207100591716,0.07365057581946963,0.3866655230522156,0.15183455174561764,21,-0.12465247086116246,-0.06561973502397556,0.05173693618304293,0.07693346025155029,0
23,1774281232.8481956,19,0.0,0.0,0.0,0.0,0.0,5.992770195007324,0.0,0.061052451008244565,0.3866655230522156,0.14099459609718576,19,0.0,0.0,0.04142844889845167,0.07417535577387939,0
24,1774281232.9487796,24,0.06636977195739746,-1.1243820190429688,1.8271207809448242,0.2955582010244484,2.951502799987793,6.043910980224609,0.4883431952662722,0.10472191249330838,0.7733310461044312,0.20106581379686678,24,0.07027387619018555,0.03698506531142178,0.03430097381914816,0.07705543970426577,0
25,1774281233.0480728,22,0.0,0.0,0.0,0.0,0.0,5.992770195007324,0.0,0.0966663807630539,0.9666638076305389,0.23133928599651404,22,0.032590783160665764,0.017153488470959807,0.05333317559340905,0.07712819259115429,0
26,1774281233.1479337,21,0.035694667271205356,-0.6558895111083984,1.405477523803711,0.11327627742837054,2.0613670349121094,5.992770195007324,0.34397565196634244,0.018412643954867407,0.1933327615261078,0.056751580113533366,21,0.035694667271205356,0.018785004210762655,0.054716819299841825,0.07846374864247574,0
27,1774281233.2483604,21,0.10039125170026507,0.0,1.546025276184082,0.11879078161952322,1.546025276184082,5.992770195007324,0.2579817389747568,0.018412643954867407,0.3866655230522156,0.08234384705716818,21,-0.10340298925127302,-0.054421762732174785,0.049152396998163,0.08311479846693996,0
28,1774281233.34803,21,0.1405477523803711,0.0,1.546025276184082,0.18813019713499152,1.546025276184082,5.992770195007324,0.2579817389747568,0.009206321977433703,0.1933327615261078,0.04117192352858409,21,0.22643804550170898,0.11919209159374165,0.02899991422891617,0.075293029584868,0
29,1774281233.4479828,22,0.14693628657947888,0.0,1.8271207809448242,0.21994324668977122,1.8271207809448242,5.992770195007324,0.3048875096974399,0.0,0.0,0.0,22,0.32094778952660497,0.16895301760973608,0.031182703471952868,0.08266545367944897,0
30,1774281233.5488367,25,0.08620262145996094,-0.6558895111083984,1.405477523803711,0.1678061156781041,2.0613670349121094,6.043910980224609,0.34106508875739644,0.0,0.0,0.0,25,0.12412820543561663,0.06531284653128035,0.09364555636420846,0.07666584620678317,0
31,1774281233.6482756,24,0.11712312698364258,0.0,1.405477523803711,0.1508960956186911,1.405477523803711,6.043910980224609,0.23254437869822486,0.0,0.0,0.0,24,0.22956132888793945,0.12080907260639692,0.13767636048071313,0.08026085642875866,0
32,1774281233.7480845,24,0.1093149185180664,-0.6090402603149414,1.8271207809448242,0.22491139262115212,2.4361610412597656,6.043910980224609,0.40307692307692305,0.016111063460508983,0.1933327615261078,0.05343435247211316,24,0.2274565074754798,0.11970723078318425,0.14060564474626022,0.07827533651342734,0
33,1774281233.8480074,24,0.03318488597869873,-0.6090402603149414,1.405477523803711,0.09666114286766003,2.0145177841186523,6.043910980224609,0.33331360946745564,0.03222212692101797,0.3866655230522156,0.09113793780042166,24,0.15132647493611212,0.07965366522384837,0.08419329937427275,0.07177674691640928,0
34,1774281233.9487946,26,0.0036037885225736178,-0.6558895111083984,1.405477523803711,0.10905428853449374,2.0613670349121094,6.043910980224609,0.34106508875739644,0.04461525265987103,0.5799982845783234,0.12353404079820127,26,0.0036037885225736178,0.0018960148094098414,0.02812112894925204,0.06406410706157861,0
35,1774281234.0479796,24,0.037088990211486816,-0.5153417587280273,1.405477523803711,0.09199708173035503,1.9208192825317383,6.043910980224609,0.317810650887574,0.04833319038152695,0.3866655230522156,0.11505600661093679,24,0.07654099087966115,0.04028675214826242,0.04569683454253457,0.0636513444023969,0
36,1774281234.1480427,26,0.028830308180588942,-0.6558895111083984,1.405477523803711,0.09169027951095937,2.0613670349121094,6.043910980224609,0.34106508875739644,0.0,0.0,0.0,26,0.028830308180588942,0.01517513671620467,0.05523793186460223,0.061429339963367954,0
37,1774281234.2486649,26,0.054056827838604264,0.0,1.405477523803711,0.07305351589931254,1.405477523803711,6.043910980224609,0.23254437869822486,0.029743501773247354,0.1933327615261078,0.06975469473478775,26,0.08919376593369704,0.04694829131822259,0.098304793996326,0.060924696465100944,0
38,1774281234.347916,23,-0.06314464237378992,-1.452326774597168,0.0,0.0877194089313041,1.452326774597168,6.043910980224609,0.2402958579881657,0.07565195016239,0.5799982845783234,0.16853520936587127,23,0.004786771276722779,0.0025193161895805663,0.1066663511868181,0.0629203161994052,0
39,1774281234.4479408,20,0.0,0.0,0.0,0.0,0.0,6.043910980224609,0.0,0.07733310461044311,0.3866655230522156,0.15466620922088622,20,0.0,0.0,0.11141209986250279,0.05878628531210871,0
40,1774281234.5486991,19,0.0,0.0,0.0,0.0,0.0,6.043910980224609,0.0,0.09157867651236684,0.5799982845783234,0.21149189414577863,19,0.0,0.0,0.0851974881301492,0.058786285312108714,0
41,1774281234.648456,19,0.0665752511275442,0.0,0.6558895111083984,0.03773200380396262,0.6558895111083984,6.043910980224609,0.1085207100591716,0.12210490201648913,0.5799982845783234,0.23645512600007546,19,0.12681000214770324,0.06673954038280525,0.08156225876882672,0.05820727374680316,0
42,1774281234.7479966,20,-0.06558895111083984,-1.452326774597168,0.7495880126953125,0.1478013538758205,2.2019147872924805,6.043910980224609,0.36431952662721895,0.10633301883935928,0.7733310461044312,0.2326026940800611,20,-0.06558895111083984,-0.03452411624349002,0.08923050531974205,0.05870145857862316,0
43,1774281234.848198,19,-0.15534225263093648,-1.499176025390625,0.0,0.20517309061690658,1.499176025390625,6.043910980224609,0.24804733727810652,0.07122785950961866,0.5799982845783234,0.1797335492026708,19,-0.22171202458833394,-0.11672627260730144,0.07502465372654929,0.07272516145638418,0
44,1774281234.9479825,18,-0.1639723777770996,-1.499176025390625,0.0,0.21515649351044885,1.499176025390625,6.043910980224609,0.24804733727810652,0.06444425384203593,0.3866655230522156,0.12888850768407184,18,-0.1639723777770996,-0.08630535165964157,0.04531236598268151,0.08446771838317206,0
45,1774281235.0484776,17,-0.17361781176398783,-1.499176025390625,0.0,0.2261381386922754,1.499176025390625,6.043910980224609,0.24804733727810652,0.06823509230333216,0.3866655230522156,0.1474046465832739,17,-0.20931247903519318,-0.1101329340171262,0.015343869962389506,0.09492430931235435,0
46,1774281235.1482875,15,0.0,0.0,0.0,0.0,0.0,6.043910980224609,0.0,0.11599965691566468,0.5799982845783234,0.23199931383132932,15,-0.10039125170026507,-0.05283952717165347,0.009062473196536303,0.09488960512547329,0
47,1774281235.2480128,17,-0.08818682502297794,-1.499176025390625,0.0,0.12443065772213326,1.499176025390625,6.043910980224609,0.24804733727810652,0.15921521537444172,0.7733310461044312,0.2908341545048267,17,-0.22873457740334902,-0.12038771643003529,0.0028431288459721733,0.0953152169810545,0
48,1774281235.3478947,17,-0.04684925079345703,-0.7964372634887695,0.0,0.03511763679853175,0.7964372634887695,6.043910980224609,0.13177514792899409,0.10235263845499824,0.5799982845783234,0.22110696987491085,17,-0.1937855373729359,-0.10199711858353905,0.0,0.0906956902029768,0
49,1774281235.4476995,17,-0.09369850158691406,-0.7964372634887695,0.0,0.06584556899724703,0.7964372634887695,6.043910980224609,0.13177514792899409,0.06823509230333216,0.7733310461044312,0.19828658116892992,17,-0.179901123046875,-0.09474150495554723,0.005296787987016651,0.08574162347220894,0
50,1774281235.547686,18,-0.08849302927652995,-0.7964372634887695,0.0,0.0626481298442943,0.7964372634887695,6.043910980224609,0.13177514792899409,0.10740708973672655,0.7733310461044312,0.24303450080112443,18,-0.20561615626017254,-0.10825261719451978,0.016111063460508983,0.08378959866081259,0
51,1774281235.647771,15,-0.10306835174560547,-1.546025276184082,0.0,0.14872319184178195,1.546025276184082,6.043910980224609,0.2557988165680473,0.21911046306292217,0.9666638076305389,0.36591626658157467,15,-0.21238327026367188,-0.11179912503504705,0.03135125862585532,0.07877977952968762,0
52,1774281235.7479618,17,0.17637365004595587,0.0,2.99835205078125,0.497722630888533,2.99835205078125,6.043910980224609,0.49609467455621303,0.11372515383888693,1.1599965691566467,0.3184304307488834,17,0.14318876406725714,0.07536431936037444,0.04180167816780709,0.08596937406090738,0
53,1774281235.848035,18,0.0,0.0,0.0,0.0,0.0,6.043910980224609,0.0,0.12888850768407187,1.1599965691566467,0.36455175120168665,18,-0.0036037885225736178,-0.001897489303954186,0.030526225504122283,0.08500796239282657,0
54,1774281235.9473014,17,-0.04684925079345703,-0.7964372634887695,0.0,0.03511763679853175,0.7964372634887695,6.043910980224609,0.13177514792899409,0.1819602461422191,1.9333276152610779,0.4757464511421748,17,-0.08393824100494385,-0.04419379656863453,0.025438521253435237,0.08460907081504422,0
55,1774281236.0474675,19,0.0,0.0,0.0,0.0,0.0,6.043910980224609,0.0,0.12210490201648913,0.7733310461044312,0.2819891921943715,19,-0.028830308180588942,-0.015178441553513493,0.033511011997858685,0.0833778405056179,0
56,1774281236.147475,19,-0.10109575171219676,-0.9838342666625977,0.0,0.08693074289221035,0.9838342666625977,6.043910980224609,0.1627810650887574,0.3561392975480933,2.1266603767871857,0.6616363280398587,19,-0.15515257955080103,-0.08171042254786873,0.058840405681858894,0.08296667246162656,0
57,1774281236.2479117,15,0.0,0.0,0.0,0.0,0.0,6.043910980224609,0.0,0.0,0.0,0.0,15,0.06314464237378992,0.033234095699792264,0.08107502902707746,0.08055258720534812,0
58,1774281236.34799,15,0.0,0.0,0.0,0.0,0.0,6.043910980224609,0.0,0.0,0.0,0.0,15,0.0,0.0,0.0966663807630539,0.0811071239114527,0
59,1774281236.4476633,15,0.0,0.0,0.0,0.0,0.0,6.043910980224609,0.0,0.0,0.0,0.0,15,0.0,0.0,0.1066663511868181,0.0811071239114527,0
60,1774281236.5474105,15,0.0,0.0,0.0,0.0,0.0,5.992770195007324,0.0,0.0,0.0,0.0,15,-0.0665752511275442,-0.035058899479768355,0.09999970423764196,0.0811071239114527,0
61,1774281236.6472695,19,-0.04191775070993524,-0.7964372634887695,0.0,0.031627760842444966,0.7964372634887695,5.992770195007324,0.13289968371426866,0.050877042506870473,0.5799982845783234,0.15161017206541133,19,0.023671200400904605,0.012463295910675272,0.08140326801099275,0.07704377025911405,0
62,1774281236.7473524,15,-0.05309581756591797,-0.7964372634887695,0.0,0.039468321801905404,0.7964372634887695,6.043910980224609,0.13177514792899409,0.0,0.0,0.0,15,0.10224643506501851,0.05383787318028508,0.06802449016659348,0.07696232969332963,0
63,1774281236.847725,20,-0.03982186317443848,-0.7964372634887695,0.0,0.030129834946990286,0.7964372634887695,6.043910980224609,0.13177514792899409,0.0,0.0,0.0,20,0.12415051460266113,0.06535123756651055,0.08119975984096527,0.07299663101788408,0
64,1774281236.947906,18,-0.1952052116394043,-1.2180805206298828,0.0,0.1907692457336907,1.2180805206298828,6.043910980224609,0.20153846153846153,0.0,0.0,0.0,18,-0.02158739987541647,-0.01136520873515508,0.11442143029096175,0.07584197074378111,0
65,1774281237.0476284,17,0.0,0.0,0.0,0.0,0.0,6.043910980224609,0.0,0.0,0.0,0.0,17,0.0,0.0,0.12625812997623365,0.07033409952462423,1
66,1774281237.1474645,18,0.0,0.0,0.0,0.0,0.0,6.043910980224609,0.0,0.0,0.0,0.0,18,0.08818682502297794,0.046427515639272554,0.1099343153775907,0.07033409952462423,1
67,1774281237.2476926,17,0.0,0.0,0.0,0.0,0.0,6.043910980224609,0.0,0.0,0.0,0.0,17,0.04684925079345703,0.024660123262967272,0.09294844304139797,0.0696915440522621,1
68,1774281237.3480344,18,0.0,0.0,0.0,0.0,0.0,6.043910980224609,0.0,0.0,0.0,0.0,18,0.09369850158691406,0.04930631163445781,0.12759962260723115,0.06992945278750655,1
69,1774281237.4471357,15,0.0,0.0,0.0,0.0,0.0,6.043910980224609,0.0,0.0,0.0,0.0,15,0.08849302927652995,0.04658877492107209,0.14306624352931976,0.06858683884109325,1
70,1774281237.547632,16,0.0,0.0,0.0,0.0,0.0,6.043910980224609,0.0,0.0,0.0,0.0,16,0.10306835174560547,0.05425046698947556,0.15079955399036407,0.06716575124546487,1
71,1774281237.647617,15,0.0,0.0,0.0,0.0,0.0,5.992770195007324,0.0,0.0,0.0,0.0,15,-0.17637365004595587,-0.09284507886087946,0.14128163342292493,0.06451414459526421,1
72,1774281237.7471888,16,0.0,0.0,0.0,0.0,0.0,5.992770195007324,0.0,0.0,0.0,0.0,16,0.0,0.0,0.14320945298230206,0.047570373421828446,1
73,1774281237.8478372,15,0.0,0.0,0.0,0.0,0.0,5.992770195007324,0.0,0.0,0.0,0.0,15,0.04684925079345703,0.024650548678561236,0.22145389047535982,0.047570373421828446,1
74,1774281237.9475412,15,0.0,0.0,0.0,0.0,0.0,5.992770195007324,0.0,0.0,0.0,0.0,15,0.0,0.0,0.17144603380617104,0.04753606029823953,1
75,1774281238.0475013,15,0.0,0.0,0.0,0.0,0.0,5.992770195007324,0.0,0.0,0.0,0.0,15,0.10109575171219676,0.05320755327069039,0.13809482966150557,0.04753606029823953,1
76,1774281238.147274,15,0.0,0.0,0.0,0.0,0.0,5.992770195007324,0.0,0.0,0.0,0.0,15,0.0,0.0,0.0,0.044057222904359754,1
77,1774281238.247585,14,0.0,0.0,0.0,0.0,0.0,5.992770195007324,0.0,0.0,0.0,0.0,14,0.0,0.0,0.0,0.044057222904359754,1
78,1774281238.347385,14,0.0,0.0,0.0,0.0,0.0,5.992770195007324,0.0,0.0,0.0,0.0,14,0.0,0.0,0.01972783280878651,0.044057222904359754,1
79,1774281238.4475374,14,0.0,0.0,0.0,0.0,0.0,5.992770195007324,0.0,0.0,0.0,0.0,14,0.0,0.0,0.01972783280878651,0.044057222904359754,1
80,1774281238.5474539,14,0.0,0.0,0.0,0.0,0.0,5.992770195007324,0.0,0.0,0.0,0.0,14,0.04191775070993524,0.02205983317509533,0.017901181622787758,0.044057222904359754,1
81,1774281238.647747,14,0.0,0.0,0.0,0.0,0.0,5.992770195007324,0.0,0.0,0.0,0.0,14,0.05309581756591797,0.027939363426633074,0.0,0.043794566572348675,1
82,1774281238.7471402,14,0.0,0.0,0.0,0.0,0.0,5.992770195007324,0.0,0.0,0.0,0.0,14,0.03982186317443848,0.02096532765973471,0.0,0.0429703206545464,1
83,1774281238.847911,14,0.0,0.0,0.0,0.0,0.0,5.992770195007324,0.0,0.0,0.0,0.0,14,0.1952052116394043,0.10273932207481858,0.0,0.04254398953943165,1
84,1774281238.9471035,15,0.0,0.0,0.0,0.0,0.0,5.992770195007324,0.0,0.0,0.0,0.0,15,0.0,0.0,0.0,0.0,1
85,1774281239.0478184,14,0.0,0.0,0.0,0.0,0.0,5.992770195007324,0.0,0.0,0.0,0.0,14,0.0,0.0,0.0,0.0,1
86,1774281239.1473906,14,0.0,0.0,0.0,0.0,0.0,5.992770195007324,0.0,0.0,0.0,0.0,14,0.0,0.0,0.0,0.0,1
87,1774281239.2470157,15,0.0,0.0,0.0,0.0,0.0,5.992770195007324,0.0,0.0,0.0,0.0,15,0.0,0.0,0.0,0.0,1
88,1774281239.3474422,15,0.0,0.0,0.0,0.0,0.0,5.992770195007324,0.0,0.0,0.0,0.0,15,0.0,0.0,0.0,0.0,1
89,1774281239.4479284,15,0.0,0.0,0.0,0.0,0.0,5.992770195007324,0.0,0.0,0.0,0.0,15,0.0,0.0,0.0,0.0,1
90,1774281239.5479355,16,0.0,0.0,0.0,0.0,0.0,5.992770195007324,0.0,0.0,0.0,0.0,16,0.0,0.0,0.0,0.0,0
91,1774281239.6476765,16,0.0,0.0,0.0,0.0,0.0,6.043910980224609,0.0,0.0,0.0,0.0,16,0.0,0.0,0.0,0.0,0
92,1774281239.747204,17,0.0,0.0,0.0,0.0,0.0,5.992770195007324,0.0,0.0,0.0,0.0,17,0.0,0.0,0.0,0.0,0
93,1774281239.8476267,17,0.0,0.0,0.0,0.0,0.0,6.043910980224609,0.0,0.0,0.0,0.0,17,0.0,0.0,0.0,0.0,0
94,1774281239.9476342,16,0.0,0.0,0.0,0.0,0.0,6.043910980224609,0.0,0.0,0.0,0.0,16,0.0,0.0,0.0,0.0,0
95,1774281240.047184,16,0.0,0.0,0.0,0.0,0.0,6.043910980224609,0.0,0.0,0.0,0.0,16,0.0,0.0,0.0,0.0,0
96,1774281240.1474597,16,0.0,0.0,0.0,0.0,0.0,6.043910980224609,0.0,0.0,0.0,0.0,16,0.0,0.0,0.0,0.0,0
97,1774281240.2474968,16,0.0,0.0,0.0,0.0,0.0,5.992770195007324,0.0,0.0,0.0,0.0,16,0.0,0.0,0.0,0.0,0
98,1774281240.3472905,16,0.0,0.0,0.0,0.0,0.0,6.043910980224609,0.0,0.0,0.0,0.0,16,0.0,0.0,0.0,0.0,0
99,1774281240.4477699,16,0.0,0.0,0.0,0.0,0.0,5.992770195007324,0.0,0.0,0.0,0.0,16,0.0,0.0,0.0,0.0,0
100,1774281240.54785,16,0.0,0.0,0.0,0.0,0.0,5.992770195007324,0.0,0.0,0.0,0.0,16,0.0,0.0,0.0,0.0,0
101,1774281240.6474354,16,0.0,0.0,0.0,0.0,0.0,5.992770195007324,0.0,0.0,0.0,0.0,16,0.0,0.0,0.0,0.0,0
102,1774281240.747101,15,0.0,0.0,0.0,0.0,0.0,5.992770195007324,0.0,0.0,0.0,0.0,15,0.0,0.0,0.0,0.0,0
103,1774281240.847409,16,0.0,0.0,0.0,0.0,0.0,5.992770195007324,0.0,0.0,0.0,0.0,16,0.0,0.0,0.0,0.0,0
104,1774281240.9472225,15,0.0,0.0,0.0,0.0,0.0,5.992770195007324,0.0,0.0,0.0,0.0,15,0.0,0.0,0.0,0.0,0
105,1774281241.0474362,15,0.0,0.0,0.0,0.0,0.0,5.992770195007324,0.0,0.0,0.0,0.0,15,0.0,0.0,0.0,0.0,0
106,1774281241.1477456,16,0.0,0.0,0.0,0.0,0.0,5.992770195007324,0.0,0.0,0.0,0.0,16,0.0,0.0,0.0,0.0,0
107,1774281241.2475219,16,0.0,0.0,0.0,0.0,0.0,5.992770195007324,0.0,0.0,0.0,0.0,16,0.0,0.0,0.0,0.0,0
108,1774281241.3477314,15,0.0,0.0,0.0,0.0,0.0,5.992770195007324,0.0,0.0,0.0,0.0,15,0.0,0.0,0.0,0.0,0
109,1774281241.4474442,17,0.0,0.0,0.0,0.0,0.0,6.043910980224609,0.0,0.0,0.0,0.0,17,0.0,0.0,0.0,0.0,0
110,1774281241.5474973,16,0.0,0.0,0.0,0.0,0.0,6.043910980224609,0.0,0.0,0.0,0.0,16,0.0,0.0,0.0,0.0,0
111,1774281241.6477804,18,-0.12493133544921875,-1.1712312698364258,0.0,0.12510658109476935,1.1712312698364258,5.992770195007324,0.19544071134451274,0.03222212692101797,0.1933327615261078,0.07205086617502215,18,-0.12493133544921875,-0.0657333946343235,0.0,0.027228153305236254,0
112,1774281241.747744,18,0.0,0.0,0.0,0.0,0.0,5.992770195007324,0.0,0.02148141794734531,0.1933327615261078,0.06075862520028111,18,0.0,0.0,0.0,0.027228153305236254,0
113,1774281241.847775,21,0.0,0.0,0.0,0.0,0.0,6.043910980224609,0.0,0.027618965932301114,0.1933327615261078,0.06765237375744962,21,0.0,0.0,0.0,0.027228153305236254,0
114,1774281241.9472463,19,0.0,0.0,0.0,0.0,0.0,6.043910980224609,0.0,0.0,0.0,0.0,19,0.0,0.0,0.0,0.027228153305236254,0
115,1774281242.047211,18,0.0,0.0,0.0,0.0,0.0,6.043910980224609,0.0,0.0,0.0,0.0,18,0.0,0.0,0.0,0.027228153305236254,0
116,1774281242.1474822,18,0.0,0.0,0.0,0.0,0.0,5.992770195007324,0.0,0.0,0.0,0.0,18,0.0,0.0,0.0,0.027228153305236254,0
117,1774281242.2484095,21,0.0,0.0,0.0,0.0,0.0,5.992770195007324,0.0,0.018412643954867407,0.3866655230522156,0.08234384705716818,21,0.0,0.0,0.0,0.027228153305236254,0
118,1774281242.3479645,18,0.0,0.0,0.0,0.0,0.0,5.992770195007324,0.0,0.0,0.0,0.0,18,0.0,0.0,0.0,0.027228153305236254,0
119,1774281242.4479625,19,-0.05424650091873972,-1.0306835174560547,0.0,0.052968291514682915,1.0306835174560547,5.992770195007324,0.17198782598317122,0.0,0.0,0.0,19,-0.05424650091873972,-0.02854909761275259,0.0,0.029107805299246545,0
120,1774281242.5476685,18,0.0,0.0,0.0,0.0,0.0,5.992770195007324,0.0,0.0,0.0,0.0,18,0.0,0.0,0.0,0.029107805299246545,0
121,1774281242.6480334,23,0.0,0.0,0.0,0.0,0.0,5.992770195007324,0.0,0.008405772240265556,0.1933327615261078,0.03942656658922785,23,0.0,0.0,0.0,0.029107805299246545,0
122,1774281242.748114,24,0.0,0.0,0.0,0.0,0.0,5.992770195007324,0.0,0.008055531730254492,0.1933327615261078,0.03863297300900034,24,0.0,0.0,0.0,0.029107805299246545,0
123,1774281242.8478441,23,0.0,0.0,0.0,0.0,0.0,6.043910980224609,0.0,0.008405772240265556,0.1933327615261078,0.03942656658922785,23,0.0,0.0,0.0,0.029107805299246545,0
124,1774281242.947296,22,-0.09156899018721147,-1.0306835174560547,0.0,0.08389868264587241,1.0306835174560547,6.043910980224609,0.17053254437869822,0.0,0.0,0.0,22,-0.09156899018721147,-0.04819776522771871,0.0,0.034110269127106664,0
125,1774281243.0478415,18,0.0,0.0,0.0,0.0,0.0,5.992770195007324,0.0,0.02148141794734531,0.3866655230522156,0.08857015518494361,18,0.0,0.0,0.0,0.034110269127106664,0
126,1774281243.1474917,19,0.0,0.0,0.0,0.0,0.0,5.992770195007324,0.0,0.061052451008244565,0.3866655230522156,0.14099459609718576,19,0.0,0.0,0.0,0.034110269127106664,0
127,1774281243.2473595,19,-0.16273950275621915,-1.0775327682495117,0.0,0.14147981445668864,1.0775327682495117,5.992770195007324,0.17980545443695173,0.020350817002748187,0.3866655230522156,0.08634120423197839,19,-0.16273950275621915,-0.08566913566494039,0.0,0.04691696243114319,0
128,1774281243.3478098,16,0.0,0.0,0.0,0.0,0.0,5.992770195007324,0.0,0.0,0.0,0.0,16,0.0,0.0,0.011372515383888693,0.04691696243114319,0
129,1774281243.447808,16,0.0,0.0,0.0,0.0,0.0,5.992770195007324,0.0,0.0,0.0,0.0,16,0.0,0.0,0.018589688608279593,0.04691696243114319,0
130,1774281243.5475476,17,0.0,0.0,0.0,0.0,0.0,5.992770195007324,0.0,0.0,0.0,0.0,17,0.12493133544921875,0.06576139331826594,0.027134422670330918,0.04691696243114319,0
131,1774281243.647174,16,0.0,0.0,0.0,0.0,0.0,5.992770195007324,0.0,0.0,0.0,0.0,16,0.0,0.0,0.016666617372940326,0.04065181384102666,0
132,1774281243.7475367,20,-0.05621910095214844,-1.1243820190429688,0.0,0.06005115892548929,1.1243820190429688,5.992770195007324,0.18762308289073223,0.02899991422891617,0.5799982845783234,0.12640769549519285,20,-0.05621910095214844,-0.02959271241179602,0.009999970423764196,0.041424201188834955,0
133,1774281243.8480096,20,0.0,0.0,0.0,0.0,0.0,5.992770195007324,0.0,0.019333276152610778,0.1933327615261078,0.05799982845783234,20,0.0,0.0,0.0,0.041424201188834955,0
134,1774281243.94785,23,0.0,0.0,0.0,0.0,0.0,5.992770195007324,0.0,0.05043463344159334,0.5799982845783234,0.163426890777108,23,0.0,0.0,0.006783605667582729,0.041424201188834955,0
135,1774281244.04764,24,-0.09369850158691406,-1.1243820190429688,0.0,0.09657350119596231,1.1243820190429688,5.992770195007324,0.18762308289073223,0.08861084903279941,0.7733310461044312,0.2160024403975137,24,-0.09369850158691406,-0.04931090210092047,0.006783605667582729,0.04429551275926847,0
136,1774281244.1477358,24,0.0,0.0,0.0,0.0,0.0,5.992770195007324,0.0,0.040277658651272454,0.3866655230522156,0.1113296634698639,24,0.0,0.0,0.006666646949176131,0.04429551275926848,0
137,1774281244.2478468,24,0.0,0.0,0.0,0.0,0.0,5.992770195007324,0.0,0.024166595190763474,0.1933327615261078,0.06393880090992969,24,0.0,0.0,0.0,0.04429551275926848,0
138,1774281244.3481202,24,-0.04489719867706299,-1.0775327682495117,0.0,0.04636244432809633,1.0775327682495117,5.992770195007324,0.17980545443695173,0.008055531730254492,0.1933327615261078,0.03863297300900034,24,0.009349302241676731,0.004920277033133753,0.0032222126921017964,0.04421448066746013,0
139,1774281244.4472947,24,0.0,0.0,0.0,0.0,0.0,5.992770195007324,0.0,0.024166595190763474,0.1933327615261078,0.06393880090992969,24,0.0,0.0,0.005948700354649471,0.0440109043385608,0
140,1774281244.547605,22,-0.04684925079345703,-1.0306835174560547,0.0,0.04609189829807292,1.0306835174560547,5.992770195007324,0.17198782598317122,0.0,0.0,0.0,22,-0.04684925079345703,-0.02466306054649577,0.008285689779690334,0.04400011063301168,0
141,1774281244.6475084,23,0.0,0.0,0.0,0.0,0.0,5.992770195007324,0.0,0.058840405681858894,0.3866655230522156,0.13290692885927638,23,0.0,0.0,0.005603848160177037,0.04400011063301169,0
142,1774281244.7479057,22,-0.14693628657947888,-1.1243820190429688,0.0,0.13693792334778712,1.1243820190429688,5.992770195007324,0.18762308289073223,0.035151411186565056,0.3866655230522156,0.11115852231866752,22,-0.14693628657947888,-0.0773323801766467,0.009206321977433703,0.050962396437151,0
143,1774281244.8472588,23,-0.04684925079345703,-1.0775327682495117,0.0,0.048286750597981154,1.0775327682495117,5.992770195007324,0.17980545443695173,0.033623088961062225,0.1933327615261078,0.07327982347547411,23,0.04471973939375444,0.023537164512556476,0.026214611732353597,0.05050566650816531,0
144,1774281244.947972,24,-0.04684925079345703,-1.1243820190429688,0.0,0.05048160289788939,1.1243820190429688,6.043910980224609,0.18603550295857987,0.040277658651272454,0.3866655230522156,0.09633014885470996,24,-0.04684925079345703,-0.02465580681893039,0.034523707415376394,0.04889325451365751,0
145,1774281245.048119,23,0.0,0.0,0.0,0.0,0.0,6.043910980224609,0.0,0.0,0.0,0.0,23,0.0,0.0,0.028641890596460412,0.0488932545136575,0
146,1774281245.1483529,21,-0.1472405024937221,-1.0775327682495117,0.0,0.13028762699999494,1.0775327682495117,6.043910980224609,0.17828402366863905,0.036825287909734813,0.3866655230522156,0.11350316022706673,21,0.015499000262497065,0.008153105998812103,0.007581676922592462,0.05427209552823346,0
147,1774281245.2482061,20,-0.20379424095153809,-1.0775327682495117,0.0,0.16643016277129163,1.0775327682495117,6.043910980224609,0.17828402366863905,0.038666552305221556,0.7733310461044312,0.16854359399359042,20,-0.20379424095153809,-0.10723775662289044,0.0,0.059422301921966424,0
148,1774281245.3475356,18,0.0,0.0,0.0,0.0,0.0,6.043910980224609,0.0,0.0,0.0,0.0,18,0.0,0.0,0.0,0.059422301921966424,0
149,1774281245.4483979,18,0.0,0.0,0.0,0.0,0.0,6.043910980224609,0.0,0.0966663807630539,0.5799982845783234,0.2161525985250665,18,0.0,0.0,0.010943363859968365,0.059422301921966424,0
150,1774281245.5484073,22,-0.09156899018721147,-1.1243820190429688,0.0,0.08509587480945874,1.1243820190429688,6.043910980224609,0.18603550295857987,0.017575705593282528,0.3866655230522156,0.0805420012734759,22,-0.09156899018721147,-0.04816293913049248,0.017261853707688197,0.0595630270409792,0
151,1774281245.6479828,23,-0.12425236080003821,-0.9838342666625977,0.0,0.10298794666979616,0.9838342666625977,6.043910980224609,0.1627810650887574,0.11768081136371779,1.5466620922088623,0.33114902203464225,23,-0.06803325984788977,-0.03579857229745338,0.03375651391725692,0.06088089506621884,0
152,1774281245.7484329,22,-0.04259022799405185,-0.9369850158691406,0.0,0.03809247793229166,0.9369850158691406,6.043910980224609,0.15502958579881657,0.017575705593282528,0.1933327615261078,0.05557926115933376,22,-0.04259022799405185,-0.02241091669168839,0.05482570849247833,0.060911247119396994,0
153,1774281245.8483205,22,-0.04259022799405185,-0.9369850158691406,0.0,0.03809247793229166,0.9369850158691406,6.043910980224609,0.15502958579881657,0.017575705593282528,0.1933327615261078,0.05557926115933376,22,-0.04259022799405185,-0.022410360014051126,0.05990592610668129,0.05979820338079304,0
154,1774281245.9481883,22,0.0,0.0,0.0,0.0,0.0,6.043910980224609,0.0,0.035151411186565056,0.1933327615261078,0.07456740365489042,22,0.09369850158691406,0.04930077575335161,0.05101836762494511,0.059798203380793044,0
155,1774281246.0483403,23,0.0,0.0,0.0,0.0,0.0,6.043910980224609,0.0,0.008405772240265556,0.1933327615261078,0.03942656658922785,23,0.0,0.0,0.024166595190763474,0.06016639883664799,0
156,1774281246.1479661,23,0.0,0.0,0.0,0.0,0.0,6.043910980224609,0.0,0.016811544480531113,0.1933327615261078,0.054475630259036005,23,0.0,0.0,0.018796240703927145,0.06016639883664799,0
157,1774281246.2482896,22,0.0,0.0,0.0,0.0,0.0,6.043910980224609,0.0,0.043939263983206314,0.3866655230522156,0.1155861571389514,22,0.04489719867706299,0.0236279982855468,0.011047586372920444,0.06016639883664799,0
158,1774281246.348324,23,-0.04481232684591542,-1.0306835174560547,0.0,0.04417918202159336,1.0306835174560547,6.043910980224609,0.17053254437869822,0.05043463344159334,0.3866655230522156,0.13022166359424442,23,-0.04481232684591542,-0.023572664401135316,0.028019240800885185,0.06016670663314417,0
159,1774281246.4478998,21,0.0,0.0,0.0,0.0,0.0,6.043910980224609,0.0,0.14730115163893925,0.7733310461044312,0.30366910349123527,21,0.04684925079345703,0.024653675455252388,0.03174119965354009,0.06016670663314417,0
160,1774281246.5482514,20,0.0,0.0,0.0,0.0,0.0,6.043910980224609,0.0,0.07733310461044311,0.7733310461044312,0.20642290234955613,20,0.0,0.0,0.0426469326895826,0.06111774815564114,0
161,1774281246.648127,20,0.0,0.0,0.0,0.0,0.0,6.043910980224609,0.0,0.15466620922088622,0.7733310461044312,0.30933241844177245,20,0.14693628657947888,0.07732587929764731,0.03642501304115074,0.06111774815564114,0
162,1774281246.748007,20,0.0,0.0,0.0,0.0,0.0,6.043910980224609,0.0,0.0966663807630539,0.5799982845783234,0.20732628917049448,20,0.04684925079345703,0.02464779369006447,0.024857069339071003,0.05736411496555823,0
163,1774281246.8483133,19,0.0,0.0,0.0,0.0,0.0,6.043910980224609,0.0,0.07122785950961866,0.3866655230522156,0.14318068919245908,19,0.04684925079345703,0.02465307230601827,0.02558815961374956,0.057970636550901136,0
164,1774281246.9480934,19,0.0,0.0,0.0,0.0,0.0,6.043910980224609,0.0,0.12210490201648913,0.7733310461044312,0.2819891921943715,19,0.0,0.0,0.024166595190763474,0.05847711908902513,0
165,1774281247.0480392,18,0.0,0.0,0.0,0.0,0.0,6.043910980224609,0.0,0.12888850768407187,0.5799982845783234,0.2411283184231887,18,0.1472405024937221,0.0775077967679948,0.026214611732353597,0.05847711908902512,0
166,1774281247.148226,19,-0.044383500751696135,-0.8432865142822266,0.0,0.03545811250156461,0.8432865142822266,6.043910980224609,0.1395266272189349,0.020350817002748187,0.1933327615261078,0.05933231748191226,19,0.15941074019984194,0.08389951154356193,0.04488081963998931,0.05259286985007465,0
167,1774281247.2481153,19,-0.1356162522968493,-0.8901357650756836,0.0,0.09816644109229461,0.8901357650756836,6.043910980224609,0.14727810650887574,0.010175408501374094,0.1933327615261078,0.04317060211598919,19,-0.1356162522968493,-0.07135520438517295,0.03666655822046872,0.04242474493238922,0
168,1774281247.3478749,20,-0.051534175872802734,-1.0306835174560547,0.0,0.050459654374890306,1.0306835174560547,6.043910980224609,0.17053254437869822,0.009666638076305389,0.1933327615261078,0.042135898498397606,20,-0.051534175872802734,-0.02713071847514693,0.07671934981194753,0.04231455059319377,0
169,1774281247.4479377,18,-0.10671218236287434,-0.9838342666625977,0.0,0.09116088703662069,0.9838342666625977,6.043910980224609,0.1627810650887574,0.0,0.0,0.0,18,-0.015143192175662873,-0.007972071460309746,0.05194014488761105,0.04498195862435842,0
170,1774281247.5478508,18,0.0546574592590332,0.0,0.9838342666625977,0.050786443495098865,0.9838342666625977,6.043910980224609,0.1627810650887574,0.04296283589469062,0.3866655230522156,0.10302126135733425,18,0.1789098200590714,0.09416960492966457,0.05194014488761105,0.04690615699534803,0
171,1774281247.6482081,17,-0.05236092735739315,-0.8901357650756836,0.0,0.04386666741961925,0.8901357650756836,6.043910980224609,0.14727810650887574,0.011372515383888693,0.1933327615261078,0.04549006153555478,17,-0.009770699363341302,-0.005143081676489194,0.0234342741243767,0.04178212187829283,0
172,1774281247.747963,18,0.0,0.0,0.0,0.0,0.0,6.043910980224609,0.0,0.08592567178938124,0.3866655230522156,0.1607522122821258,18,0.04259022799405185,0.02242012837822558,0.020198945234070963,0.041829863387492054,0
173,1774281247.8476179,18,0.0,0.0,0.0,0.0,0.0,6.043910980224609,0.0,0.0966663807630539,0.5799982845783234,0.2161525985250665,18,0.0,0.0,0.019901901921805215,0.041769122516244615,0
174,1774281247.947971,17,-0.11850104612462661,-1.0306835174560547,0.0,0.10538328897414069,1.0306835174560547,6.043910980224609,0.17053254437869822,0.12509766922277563,0.5799982845783234,0.22914983547813142,17,-0.11850104612462661,-0.06238109376888732,0.022745030767777386,0.04675547910688757,0
175,1774281248.0475934,18,-0.05726019541422526,-1.0306835174560547,0.0,0.05573840964087948,1.0306835174560547,6.043910980224609,0.17053254437869822,0.04296283589469062,0.3866655230522156,0.12151725040056222,18,-0.05726019541422526,-0.030142859162939704,0.036960674997638256,0.046892163838290306,0
176,1774281248.1477697,18,-0.05726019541422526,-1.0306835174560547,0.0,0.05573840964087948,1.0306835174560547,6.043910980224609,0.17053254437869822,0.04296283589469062,0.1933327615261078,0.0803761061410629,18,-0.05726019541422526,-0.030145193561220952,0.07909067516977136,0.04685383210010836,0
177,1774281248.2479827,20,-0.051534175872802734,-1.0306835174560547,0.0,0.050459654374890306,1.0306835174560547,6.043910980224609,0.17053254437869822,0.05799982845783234,0.3866655230522156,0.12379336912176456,20,-0.006721849026887314,-0.0035384509321544095,0.09062473196536303,0.04651103766447046,0
178,1774281248.347909,21,0.0,0.0,0.0,0.0,0.0,6.043910980224609,0.0,0.08285689779690333,0.5799982845783234,0.20295712127234886,21,0.0,0.0,0.12677558132859526,0.04697787949414129,0
179,1774281248.4482741,21,0.0,0.0,0.0,0.0,0.0,5.992770195007324,0.0,0.036825287909734813,0.3866655230522156,0.09655671949035795,21,0.0,0.0,0.10955523153146109,0.04697787949414129,0
180,1774281248.5476954,21,0.0,0.0,0.0,0.0,0.0,6.043910980224609,0.0,0.14730115163893925,0.7733310461044312,0.30366910349123527,21,0.0,0.0,0.10813527339595859,0.04697787949414129,0
181,1774281248.6484551,21,-0.05354200090680804,-1.1243820190429688,0.0,0.05733491722209268,1.1243820190429688,6.043910980224609,0.18603550295857987,0.14730115163893925,1.3533293306827545,0.3524951491017914,21,-0.05354200090680804,-0.02817335625268124,0.0966663807630539,0.04665807692510492,0
182,1774281248.747808,23,-0.1833231552787449,-1.1712312698364258,0.0,0.16125733362615016,1.1712312698364258,6.043910980224609,0.1937869822485207,0.058840405681858894,0.7733310461044312,0.19278377955223622,23,-0.1833231552787449,-0.09651154083204376,0.10702349298766681,0.05617369816933898,0
183,1774281248.8482997,22,0.0,0.0,0.0,0.0,0.0,6.043910980224609,0.0,0.10545423355969516,0.5799982845783234,0.22370221096467136,22,0.0,0.0,0.08976163927997861,0.056173698169338974,0
184,1774281248.9481282,20,0.0,0.0,0.0,0.0,0.0,6.043910980224609,0.0,0.17399948537349702,1.73999485373497,0.4142016237993724,20,0.0,0.0,0.05178556112306459,0.056173698169338974,0
185,1774281249.0478427,20,-0.05856156349182129,-1.1712312698364258,0.0,0.0651596776535257,1.1712312698364258,6.043910980224609,0.1937869822485207,0.14499957114458084,0.9666638076305389,0.2987288345169489,20,-0.014178062740125154,-0.007463643904372085,0.013333293898352262,0.05538356091554972,0
186,1774281249.148075,19,-0.12082175204628393,-1.1712312698364258,0.0,0.12413987329508677,1.1712312698364258,6.043910980224609,0.1937869822485207,0.09157867651236684,0.5799982845783234,0.21149189414577863,19,0.014794500250565362,0.007786743819582498,0.006783605667582729,0.05774141206460538,0
187,1774281249.247885,22,0.0,0.0,0.0,0.0,0.0,6.043910980224609,0.0,0.18454490872946652,0.9666638076305389,0.3422753032696574,22,0.051534175872802734,0.02712310615091565,0.017261853707688197,0.05514898426311699,0
188,1774281249.3483195,19,-0.0665752511275442,-1.2649297714233398,0.0,0.07978075312852036,1.2649297714233398,6.043910980224609,0.20928994082840235,0.10175408501374095,0.5799982845783234,0.2114918941457786,19,0.040136931235330145,0.02112045651097216,0.01823893976661394,0.055364582714401804,0
189,1774281249.4480484,19,0.0,0.0,0.0,0.0,0.0,6.043910980224609,0.0,0.050877042506870473,0.3866655230522156,0.12294992872220822,19,-0.0546574592590332,-0.028764093778599415,0.04742124339319625,0.05415301957384289,0
190,1774281249.5479105,22,-0.1128641041842374,-1.2649297714233398,0.0,0.12743294313992004,1.2649297714233398,6.043910980224609,0.20928994082840235,0.043939263983206314,0.3866655230522156,0.1155861571389514,22,-0.060503176826844245,-0.03184876729919909,0.06566018315981019,0.05204896650454817,0
191,1774281249.6480668,24,-0.25571882724761963,-1.2649297714233398,0.0,0.2487461168154681,1.2649297714233398,6.043910980224609,0.20928994082840235,0.0,0.0,0.0,24,-0.25571882724761963,-0.1345815035184268,0.10213806269303807,0.06920960260397757,0
192,1774281249.748164,24,-0.20691752433776855,-1.2649297714233398,0.0,0.21416576156951805,1.2649297714233398,6.043910980224609,0.20928994082840235,0.016111063460508983,0.1933327615261078,0.05343435247211316,24,-0.20691752433776855,-0.10887266937532711,0.08754691087974692,0.07515598799531792,0
193,1774281249.8485212,25,-0.3504323959350586,-1.3117790222167969,0.0,0.31643097813685017,1.3117790222167969,6.043910980224609,0.2170414201183432,0.007733310461044311,0.1933327615261078,0.03788532930417179,25,-0.23193134981043198,-0.12203379774725714,0.06930797111313299,0.0955437892457824,0
194,1774281249.9482808,24,-0.15811622142791748,-1.3117790222167969,0.0,0.1751880807088213,1.3117790222167969,6.043910980224609,0.2170414201183432,0.03222212692101797,0.1933327615261078,0.07205086617502215,24,-0.10085602601369223,-0.05306291978113732,0.04833319038152695,0.09662918834247568,0
195,1774281250.0478835,24,-0.10345876216888428,-1.2649297714233398,0.0,0.11778659625427679,1.2649297714233398,6.043910980224609,0.20928994082840235,0.024166595190763474,0.1933327615261078,0.06393880090992969,24,-0.04619856675465902,-0.024313578609529943,0.062259702864339794,0.09645112618887554,0
196,1774281250.1485982,24,0.0,0.0,0.0,0.0,0.0,6.043910980224609,0.0,0.008055531730254492,0.1933327615261078,0.03863297300900034,24,0.051534175872802734,0.027114467459440256,0.05924713659671045,0.09818376602648023,0
197,1774281250.2477696,24,0.0,0.0,0.0,0.0,0.0,6.043910980224609,0.0,0.040277658651272454,0.3866655230522156,0.11132966346986391,24,0.0,0.0,0.08899444578185914,0.0997211039681373,0
198,1774281250.3484037,23,0.0,0.0,0.0,0.0,0.0,6.043910980224609,0.0,0.0,0.0,0.0,23,0.0,0.0,0.11047586372920445,0.0997211039681373,0
199,1774281250.448243,21,0.0,0.0,0.0,0.0,0.0,6.043910980224609,0.0,0.027618965932301114,0.1933327615261078,0.06765237375744962,21,0.0,0.0,0.11599965691566468,0.0997211039681373,0
200,1774281250.547542,21,0.0,0.0,0.0,0.0,0.0,6.043910980224609,0.0,0.027618965932301114,0.5799982845783234,0.12351577058575229,21,0.05354200090680804,0.02819354892861286,0.10252494929414807,0.0997211039681373,0
201,1774281250.6478453,20,0.0,0.0,0.0,0.0,0.0,6.043910980224609,0.0,0.0,0.0,0.0,20,0.1833231552787449,0.09648397764207911,0.1100509565610152,0.10119762293612664,0
202,1774281250.747659,20,-0.06090402603149414,-1.2180805206298828,0.0,0.0704767073500534,1.2180805206298828,6.043910980224609,0.20153846153846153,0.019333276152610778,0.1933327615261078,0.05799982845783234,20,-0.06090402603149414,-0.03206556463386008,0.1403221656237879,0.09847953434624514,0
203,1774281250.8482122,21,0.0,0.0,0.0,0.0,0.0,6.043910980224609,0.0,0.027618965932301114,0.1933327615261078,0.06765237375744962,21,0.0,0.0,0.1376267115948564,0.09847953434624512,0
204,1774281250.9482772,24,0.0,0.0,0.0,0.0,0.0,6.043910980224609,0.0,0.03222212692101797,0.3866655230522156,0.10686870494422632,24,0.05856156349182129,0.030814828754234098,0.14262252899466968,0.09847953434624514,0
205,1774281251.0482574,23,0.0,0.0,0.0,0.0,0.0,6.043910980224609,0.0,0.016811544480531113,0.3866655230522156,0.0788531331784557,23,0.12082175204628393,0.06358429683612965,0.12888850768407187,0.09977843229287649,0
206,1774281251.1481044,21,0.0646965844290597,0.0,1.358628273010254,0.08371296073572905,1.358628273010254,6.043910980224609,0.22479289940828404,0.009206321977433703,0.1933327615261078,0.04117192352858409,21,0.0646965844290597,0.03404690166383686,0.11599965691566468,0.10334856018138133,0
207,1774281251.2475457,21,0.0,0.0,0.0,0.0,0.0,5.992770195007324,0.0,0.0,0.0,0.0,21,0.0665752511275442,0.035053882220594294,0.06444425384203593,0.10334856018138135,0
208,1774281251.347839,22,-0.17249042337590997,-1.3117790222167969,0.0,0.18863485768446858,1.3117790222167969,5.992770195007324,0.21889359670585426,0.02636355838992379,0.1933327615261078,0.06634683365617257,22,-0.17249042337590997,-0.09079443202781932,0.029743501773247354,0.10609802191268267,0
209,1774281251.4476223,22,0.0,0.0,0.0,0.0,0.0,6.043910980224609,0.0,0.017575705593282528,0.1933327615261078,0.05557926115933376,22,0.1128641041842374,0.05941117035424757,0.019333276152610778,0.10609802191268267,0
210,1774281251.547878,22,-0.11712312698364258,-1.3117790222167969,0.0,0.13722815175108075,1.3117790222167969,6.043910980224609,0.2170414201183432,0.017575705593282528,0.1933327615261078,0.05557926115933376,22,0.13859570026397705,0.07295235195684546,0.007945181980524978,0.1061924686296585,0
211,1774281251.6479611,20,0.0,0.0,0.0,0.0,0.0,6.043910980224609,0.0,0.009666638076305389,0.1933327615261078,0.042135898498397606,20,0.20691752433776855,0.10891558541711453,0.018538757954558283,0.09789400586441317,0
212,1774281251.7484798,23,-0.17110161159349524,-1.358628273010254,0.0,0.19536259998767336,1.358628273010254,6.043910980224609,0.22479289940828404,0.0,0.0,0.0,23,0.17933078434156335,0.09438667945040015,0.021187151948066606,0.09539869930353877,0
213,1774281251.8484674,21,0.0,0.0,0.0,0.0,0.0,6.043910980224609,0.0,0.0,0.0,0.0,21,0.15811622142791748,0.08321089440850393,0.02148141794734531,0.06728075458677879,0
214,1774281251.9479685,20,-0.06324648857116699,-1.2649297714233398,0.0,0.07600224801507238,1.2649297714233398,6.043910980224609,0.20928994082840235,0.0,0.0,0.0,20,0.040212273597717285,0.021163408048701468,0.024166595190763474,0.06160346244237727,0
215,1774281252.0476954,21,0.0,0.0,0.0,0.0,0.0,6.043910980224609,0.0,0.0,0.0,0.0,21,0.0,0.0,0.016337979847276713,0.05962919043586766,0
216,1774281252.1478164,18,-0.07808208465576172,-1.405477523803711,0.0,0.10364580305122217,1.405477523803711,6.043910980224609,0.23254437869822486,0.0,0.0,0.0,18,-0.07808208465576172,-0.0410948212494482,0.022745030767777386,0.06035030641141979,0
217,1774281252.2482793,20,0.0,0.0,0.0,0.0,0.0,6.043910980224609,0.0,0.0,0.0,0.0,20,0.0,0.0,0.017846101063948412,0.06035030641141979,0
218,1774281252.3483093,20,0.0,0.0,0.0,0.0,0.0,6.043910980224609,0.0,0.0,0.0,0.0,20,0.0,0.0,0.01870962208317172,0.060350306411419787,0
219,1774281252.4477398,21,0.0,0.0,0.0,0.0,0.0,6.043910980224609,0.0,0.0,0.0,0.0,21,0.0,0.0,0.015846947666074408,0.060350306411419787,0
220,1774281252.5479512,20,0.0,0.0,0.0,0.0,0.0,6.043910980224609,0.0,0.009666638076305389,0.1933327615261078,0.042135898498397606,20,0.0,0.0,0.015846947666074408,0.06035030641141979,0
221,1774281252.6483357,20,0.0,0.0,0.0,0.0,0.0,6.043910980224609,0.0,0.0,0.0,0.0,20,0.06090402603149414,0.03204333759490698,0.026769151595922618,0.06035030641141979,0
222,1774281252.7477758,21,-0.062465667724609375,-1.3117790222167969,0.0,0.07803919288562611,1.3117790222167969,6.043910980224609,0.2170414201183432,0.0,0.0,0.0,21,-0.062465667724609375,-0.03288422105877904,0.02558815961374956,0.06039134938142248,0
223,1774281252.847901,22,0.0,0.0,0.0,0.0,0.0,6.043910980224609,0.0,0.0,0.0,0.0,22,0.0,0.0,0.019901901921805215,0.06039134938142248,0
224,1774281252.9478838,20,0.0,0.0,0.0,0.0,0.0,6.043910980224609,0.0,0.0,0.0,0.0,20,0.0,0.0,0.008923050531974206,0.06039134938142249,0
225,1774281253.0477037,24,-0.1678764820098877,-1.358628273010254,0.0,0.19733856060355492,1.358628273010254,6.043910980224609,0.22479289940828404,0.0,0.0,0.0,24,-0.2325730664389474,-0.12243269659933889,0.012083297595381737,0.06695007190832039,0
226,1774281253.1479974,23,0.0,0.0,0.0,0.0,0.0,6.043910980224609,0.0,0.0,0.0,0.0,23,0.0,0.0,0.014871750886623677,0.06335796104971561,0
227,1774281253.248537,24,0.0,0.0,0.0,0.0,0.0,5.992770195007324,0.0,0.0,0.0,0.0,24,0.17249042337590997,0.09075109682163904,0.020504989858829613,0.06335796104971561,0
228,1774281253.347798,21,0.0,0.0,0.0,0.0,0.0,6.043910980224609,0.0,0.0,0.0,0.0,21,0.0,0.0,0.015104121994227171,0.05630359245795415,0
229,1774281253.4480634,22,-0.059626319191672585,-1.3117790222167969,0.0,0.07466125674729168,1.3117790222167969,6.043910980224609,0.2170414201183432,0.0,0.0,0.0,22,0.057496807791969994,0.030258526040497207,0.008923050531974206,0.056055646358986105,0
230,1774281253.5479326,22,0.0,0.0,0.0,0.0,0.0,6.043910980224609,0.0,0.0,0.0,0.0,22,0.0,0.0,0.003020824398845434,0.05332366062336815,0
231,1774281253.6481256,21,0.0,0.0,0.0,0.0,0.0,6.043910980224609,0.0,0.0,0.0,0.0,21,0.17110161159349524,0.09007027052665231,0.0,0.053323660623368144,0
232,1774281253.7477944,24,-0.10736286640167236,-1.3117790222167969,0.0,0.12684036199139825,1.3117790222167969,6.043910980224609,0.2170414201183432,0.0,0.0,0.0,24,-0.10736286640167236,-0.056526792993784485,0.0,0.04623622026354913,0
233,1774281253.847876,21,0.0,0.0,0.0,0.0,0.0,6.043910980224609,0.0,0.009206321977433703,0.1933327615261078,0.04117192352858409,21,0.06324648857116699,0.03328924466575227,0.0,0.04623622026354913,0
234,1774281253.9480624,22,0.0,0.0,0.0,0.0,0.0,6.043910980224609,0.0,0.02636355838992379,0.1933327615261078,0.06634683365617257,22,0.0,0.0,0.0,0.04580527907773963,0
235,1774281254.04786,21,0.0,0.0,0.0,0.0,0.0,6.043910980224609,0.0,0.018412643954867407,0.1933327615261078,0.056751580113533366,21,0.07808208465576172,0.04109489344188241,0.0,0.04580527907773963,0
236,1774281254.1477916,22,0.0,0.0,0.0,0.0,0.0,6.043910980224609,0.0,0.008787852796641264,0.1933327615261078,0.04027100063673795,22,0.0,0.0,0.0,0.04431306036427507,0
237,1774281254.2478335,21,0.0,0.0,0.0,0.0,0.0,6.043910980224609,0.0,0.018412643954867407,0.1933327615261078,0.056751580113533366,21,0.0,0.0,0.003169389533214882,0.04431306036427507,0
238,1774281254.3477554,22,0.0,0.0,0.0,0.0,0.0,6.043910980224609,0.0,0.0,0.0,0.0,22,0.0,0.0,0.003169389533214882,0.04431306036427507,0
239,1774281254.4477944,20,0.0,0.0,0.0,0.0,0.0,5.992770195007324,0.0,0.0,0.0,0.0,20,0.0,0.0,0.003169389533214882,0.04431306036427507,0
240,1774281254.5483532,22,0.0,0.0,0.0,0.0,0.0,6.043910980224609,0.0,0.0,0.0,0.0,22,0.0,0.0,0.0,0.04431306036427506,0
241,1774281254.6481588,22,-0.06814436479048296,-1.499176025390625,0.0,0.0975167435066667,1.499176025390625,6.043910980224609,0.24804733727810652,0.0,0.0,0.0,22,-0.005678697065873581,-0.002988185581014593,0.0,0.04526412981671811,0
242,1774281254.74785,21,-0.20078250340053014,-1.499176025390625,0.0,0.24334491689730883,1.499176025390625,6.043910980224609,0.24804733727810652,0.027618965932301114,0.3866655230522156,0.0902031650099328,21,-0.20078250340053014,-0.10567784756220566,0.0,0.05915809033631273,0
243,1774281254.848141,19,0.0,0.0,0.0,0.0,0.0,6.043910980224609,0.0,0.040701634005496375,0.1933327615261078,0.07881837533335848,19,0.0,0.0,0.0,0.05915809033631273,0
244,1774281254.9481778,21,0.0,0.0,0.0,0.0,0.0,5.992770195007324,0.0,0.027618965932301114,0.1933327615261078,0.06765237375744962,21,0.1678764820098877,0.08833400282969894,0.0,0.05915809033631273,0
245,1774281255.0481863,20,-0.14757513999938965,-1.499176025390625,0.0,0.1960606688200528,1.499176025390625,5.992770195007324,0.2501641105209763,0.038666552305221556,0.3866655230522156,0.11599965691566468,20,-0.14757513999938965,-0.07766340400277542,0.0,0.05691865881742699,0
246,1774281255.1480138,19,0.0,0.0,0.0,0.0,0.0,6.043910980224609,0.0,0.061052451008244565,0.3866655230522156,0.14099459609718576,19,0.0,0.0,0.0,0.05691865881742699,0
247,1774281255.2484086,20,0.0,0.0,0.0,0.0,0.0,5.992770195007324,0.0,0.038666552305221556,0.3866655230522156,0.11599965691566468,20,0.0,0.0,0.0,0.05691865881742699,0
248,1774281255.3478796,23,-0.13240005659020465,-1.546025276184082,0.0,0.1841103515238713,1.546025276184082,5.992770195007324,0.2579817389747568,0.02521731672079667,0.1933327615261078,0.06511083179712221,23,-0.07277373739853207,-0.038305671116650127,0.0,0.06071348036459559,0
249,1774281255.4479697,19,0.0,0.0,0.0,0.0,0.0,5.860805511474609,0.0,0.0,0.0,0.0,19,0.0,0.0,0.0,0.060933597933492484,0
250,1774281255.548051,17,-0.17361781176398783,-1.499176025390625,0.0,0.2261381386922754,1.499176025390625,5.992770195007324,0.2501641105209763,0.0,0.0,0.0,17,-0.17361781176398783,-0.09138138020319596,0.0029292842655470877,0.06763879299156253,0
251,1774281255.6477578,17,0.0,0.0,0.0,0.0,0.0,5.860805511474609,0.0,0.03411754615166608,0.1933327615261078,0.07370232329163695,17,0.10736286640167236,0.0565078609375502,0.011542254419469121,0.06763879299156253,0
252,1774281255.7478063,18,0.0,0.0,0.0,0.0,0.0,5.860805511474609,0.0,0.04296283589469062,0.3866655230522156,0.12151725040056222,18,0.0,0.0,0.018124946393072605,0.06644804775801386,0
253,1774281255.8483205,19,0.0,0.0,0.0,0.0,0.0,5.860805511474609,0.0,0.0,0.0,0.0,19,0.0,0.0,0.017846101063948412,0.06644804775801386,0
254,1774281255.9479148,24,-0.21667778491973877,-1.405477523803711,0.0,0.23554651895629775,1.405477523803711,6.043910980224609,0.23254437869822486,0.04833319038152695,0.3866655230522156,0.12787760181985938,24,-0.21667778491973877,-0.11403764244470857,0.015104121994227171,0.07656802848769438,0
255,1774281256.047577,21,0.0,0.0,0.0,0.0,0.0,5.992770195007324,0.0,0.018412643954867407,0.1933327615261078,0.056751580113533366,21,0.0,0.0,0.008923050531974206,0.07656802848769438,0
256,1774281256.1482291,23,-0.05296002263608186,-1.2180805206298828,0.0,0.06170480794751469,1.2180805206298828,6.043910980224609,0.20153846153846153,0.0,0.0,0.0,23,-0.05296002263608186,-0.02786789326925249,0.006137547984955803,0.0758102211401901,0
257,1774281256.2479815,24,0.0,0.0,0.0,0.0,0.0,6.043910980224609,0.0,0.0,0.0,0.0,24,0.0,0.0,0.0,0.0758102211401901,0
258,1774281256.3478234,23,0.0,0.0,0.0,0.0,0.0,6.043910980224609,0.0,0.016811544480531113,0.1933327615261078,0.054475630259036005,23,0.0,0.0,0.0,0.07581022114019009,0
259,1774281256.4483955,23,0.0,0.0,0.0,0.0,0.0,6.043910980224609,0.0,0.02521731672079667,0.1933327615261078,0.06511083179712221,23,0.0,0.0,0.008923050531974206,0.07581022114019009,0
260,1774281256.5476484,20,0.0,0.0,0.0,0.0,0.0,6.043910980224609,0.0,0.05799982845783234,0.5799982845783234,0.15099771380514218,20,0.06814436479048296,0.03587509155764958,0.021827892430367007,0.0758102211401901,0
261,1774281256.647752,23,0.0,0.0,0.0,0.0,0.0,6.043910980224609,0.0,0.06724617792212445,0.3866655230522156,0.14655964695094822,23,0.20078250340053014,0.1056804468172877,0.031693895332148815,0.07642936311610189,0
262,1774281256.748128,22,0.0,0.0,0.0,0.0,0.0,6.043910980224609,0.0,0.035151411186565056,0.1933327615261078,0.07456740365489042,22,0.0,0.0,0.03544433961311976,0.06821005325974105,0
263,1774281256.8485768,20,-0.06558895111083984,-1.3117790222167969,0.0,0.08173629964858264,1.3117790222167969,6.043910980224609,0.2170414201183432,0.07733310461044311,0.3866655230522156,0.15466620922088622,20,-0.06558895111083984,-0.0345132533527474,0.04188876499732335,0.06796890731566527,0
264,1774281256.9475071,19,0.0,0.0,0.0,0.0,0.0,6.043910980224609,0.0,0.030526225504122283,0.1933327615261078,0.07049729804859288,19,0.14757513999938965,0.07769889995755887,0.045875570531618795,0.06796890731566525,0
265,1774281257.0474985,20,-0.15226006507873535,-1.546025276184082,0.0,0.20870301806752423,1.546025276184082,6.043910980224609,0.2557988165680473,0.02899991422891617,0.1933327615261078,0.06903360396656207,20,-0.15226006507873535,-0.08015861898607961,0.04053751451353873,0.06834818912324653,0
266,1774281257.1480813,20,-0.0773012638092041,-1.546025276184082,0.0,0.11353422234350319,1.546025276184082,6.043910980224609,0.2557988165680473,0.06766646653413773,0.5799982845783234,0.16490049267421444,20,-0.0773012638092041,-0.04069188440229147,0.021827892430367007,0.06818075926972855,0
267,1774281257.2478814,19,-0.08136975137810958,-1.546025276184082,0.0,0.11917865590803663,1.546025276184082,6.043910980224609,0.2557988165680473,0.09157867651236684,0.5799982845783234,0.21149189414577863,19,0.051030305212095076,0.0268580304350208,0.0098304793996326,0.06788835573801098,0
268,1774281257.3476443,17,-0.090942663304946,-1.546025276184082,0.0,0.13232908814394834,1.546025276184082,6.043910980224609,0.2557988165680473,0.06823509230333216,0.3866655230522156,0.1474046465832739,17,-0.090942663304946,-0.04787275711297294,0.010943363859968365,0.06587067117639982,0
269,1774281257.447915,16,-0.35722553730010986,-1.546025276184082,0.0,0.3868084232916402,1.546025276184082,5.860805511474609,0.26379057847205273,0.14499957114458084,0.7733310461044312,0.3018406771888445,16,-0.18360772553612204,-0.09664256471012547,0.026025564051591434,0.09366837854744355,0
270,1774281257.5478551,16,-0.26645511388778687,-1.546025276184082,0.0,0.3115918638108006,1.546025276184082,5.659818649291992,0.2731580942752433,0.24166595190763474,0.9666638076305389,0.41857770716352016,16,-0.26645511388778687,-0.14023234707549426,0.02506165427190286,0.10102680314554371,0
271,1774281257.6478148,17,-0.3362122704001034,-1.546025276184082,0.0,0.3711199048004006,1.546025276184082,5.860805511474609,0.26379057847205273,0.1705877307583304,0.9666638076305389,0.36851161645818475,17,-0.3362122704001034,-0.17695304048068927,0.031693895332148815,0.11527443844892368,0
272,1774281257.7481534,21,-0.1851660864693778,-1.452326774597168,0.0,0.2076698572924511,1.452326774597168,6.043910980224609,0.2402958579881657,0.23936437141327632,2.1266603767871857,0.6226360177076701,21,-0.1851660864693778,-0.09746440344156822,0.024166595190763474,0.11552348585641645,0
273,1774281257.8479624,23,0.0,0.0,0.0,0.0,0.0,6.043910980224609,0.0,0.033623088961062225,0.1933327615261078,0.07327982347547411,23,0.21667778491973877,0.11403808603859499,0.022745030767777386,0.11552348585641645,0
274,1774281257.9479704,22,-0.10008703578602184,-1.1243820190429688,0.0,0.10022403033114023,1.1243820190429688,6.043910980224609,0.18603550295857987,0.11424208635633643,1.3533293306827545,0.30097594006429496,22,-0.10008703578602184,-0.05266648013800505,0.0056862576919443466,0.11208171941341004,0
275,1774281258.047939,25,0.0,0.0,0.0,0.0,0.0,6.043910980224609,0.0,0.18559945106506348,1.3533293306827545,0.43568128699797554,25,0.05296002263608186,0.027877952061086734,0.005523793186460222,0.11208171941341004,0
276,1774281258.1480334,23,0.0,0.0,0.0,0.0,0.0,6.043910980224609,0.0,0.30260780064956,1.5466620922088623,0.5752889887510849,23,0.0,0.0,0.013809482966150557,0.11350147366697465,0
277,1774281258.2477958,22,-0.08305094458840111,-0.9369850158691406,0.0,0.0690244769770728,0.9369850158691406,6.043910980224609,0.15502958579881657,0.08787852796641263,1.5466620922088623,0.32312541583785864,22,-0.08305094458840111,-0.04371165754400068,0.03222212692101797,0.11179912780835682,0
278,1774281258.347641,22,0.0,0.0,0.0,0.0,0.0,6.043910980224609,0.0,0.21090846711939032,1.1599965691566467,0.4474044219293427,22,0.0,0.0,0.04979783251430049,0.11179912780835682,0
279,1774281258.448243,20,0.0,0.0,0.0,0.0,0.0,6.043910980224609,0.0,0.05799982845783234,0.7733310461044312,0.18442770013794807,20,0.0,0.0,0.053538303191845237,0.11179912780835682,0
280,1774281258.5477576,17,-0.0633842804852654,-1.0775327682495117,0.0,0.06428107220215672,1.0775327682495117,5.992770195007324,0.17980545443695173,0.0,0.0,0.0,17,-0.0633842804852654,-0.03336004966827548,0.05948700354649471,0.11009448863025192,0
281,1774281258.6482105,19,0.0,0.0,0.0,0.0,0.0,5.992770195007324,0.0,0.030526225504122283,0.3866655230522156,0.09436285647756702,19,0.0,0.0,0.047540842998223226,0.11009448863025192,0
282,1774281258.747683,20,-0.037479400634765625,-0.7495880126953125,0.0,0.02668940396688413,0.7495880126953125,5.992770195007324,0.12508205526048816,0.038666552305221556,0.3866655230522156,0.11599965691566468,20,0.02810955047607422,0.014801462670748807,0.045875570531618795,0.10880781529433928,0
283,1774281258.847838,17,0.0,0.0,0.0,0.0,0.0,5.992770195007324,0.0,0.0,0.0,0.0,17,0.0,0.0,0.0425987440650746,0.11061304289527944,1
284,1774281258.947686,16,0.0,0.0,0.0,0.0,0.0,5.992770195007324,0.0,0.0,0.0,0.0,16,0.15226006507873535,0.08012896921491741,0.062259702864339794,0.11061304289527944,1
285,1774281259.0477085,20,0.0,0.0,0.0,0.0,0.0,5.992770195007324,0.0,0.0,0.0,0.0,20,0.0773012638092041,0.0406928598699686,0.07595215631382805,0.1114092547035673,1
286,1774281259.1482477,17,0.0,0.0,0.0,0.0,0.0,5.992770195007324,0.0,0.0,0.0,0.0,17,0.08136975137810958,0.04281792994758192,0.10038431848470981,0.1129031766335765,1
287,1774281259.2482536,16,0.0,0.0,0.0,0.0,0.0,5.992770195007324,0.0,0.0,0.0,0.0,16,0.090942663304946,0.04784921628340892,0.14993152934677748,0.11424114639448614,1
288,1774281259.3476596,16,0.0,0.0,0.0,0.0,0.0,5.992770195007324,0.0,0.0,0.0,0.0,16,0.35722553730010986,0.18803872589044374,0.18544162840259318,0.11536030714966929,1
289,1774281259.448336,17,0.0,0.0,0.0,0.0,0.0,5.992770195007324,0.0,0.0,0.0,0.0,17,0.26645511388778687,0.1402040585136932,0.21839441579801064,0.09571288239848166,1
290,1774281259.5481484,18,0.0,0.0,0.0,0.0,0.0,5.992770195007324,0.0,0.0,0.0,0.0,18,0.3362122704001034,0.1769227586143682,0.14262252899466968,0.08283431301731695,1
291,1774281259.6478343,18,0.0,0.0,0.0,0.0,0.0,5.992770195007324,0.0,0.0,0.0,0.0,18,0.1851660864693778,0.09747220760144089,0.12595922341852478,0.04775861566562968,1
292,1774281259.748213,18,0.0,0.0,0.0,0.0,0.0,5.992770195007324,0.0,0.0,0.0,0.0,18,0.0,0.0,0.11323776032243456,0.030252520083006003,1
293,1774281259.848343,21,0.0,0.0,0.0,0.0,0.0,5.992770195007324,0.0,0.0,0.0,0.0,21,0.10008703578602184,0.052667061595969074,0.2016184513057981,0.030252520083006003,1
294,1774281259.9481082,21,-0.040156500680106025,-0.8432865142822266,0.0,0.03225089093742711,0.8432865142822266,5.992770195007324,0.14071731216804917,0.0,0.0,0.0,21,-0.040156500680106025,-0.02113311913061897,0.1933327615261078,0.023897576178790268,1
295,1774281260.0483282,21,0.0,0.0,0.0,0.0,0.0,5.992770195007324,0.0,0.0,0.0,0.0,21,0.0,0.0,0.20198945234070964,0.023897576178790268,1
296,1774281260.148031,19,0.0,0.0,0.0,0.0,0.0,5.992770195007324,0.0,0.0,0.0,0.0,19,0.08305094458840111,0.043705613722742606,0.12083297595381737,0.023897576178790268,1
297,1774281260.248,18,0.0,0.0,0.0,0.0,0.0,5.992770195007324,0.0,0.0,0.0,0.0,18,0.0,0.0,0.098304793996326,0.017378841226762268,1
298,1774281260.3481333,17,0.0,0.0,0.0,0.0,0.0,5.992770195007324,0.0,0.0,0.0,0.0,17,0.0,0.0,0.03107133667383875,0.017378841226762264,1
299,1774281260.4480925,16,0.0,0.0,0.0,0.0,0.0,5.992770195007324,0.0,0.0,0.0,0.0,16,0.0633842804852654,0.0333542696350744,0.024166595190763474,0.017378841226762268,1
300,1774281260.5477748,16,0.0,0.0,0.0,0.0,0.0,5.992770195007324,0.0,0.0,0.0,0.0,16,0.0,0.0,0.024166595190763474,0.01165307547423426,1
301,1774281260.6477675,15,0.0,0.0,0.0,0.0,0.0,5.992770195007324,0.0,0.0,0.0,0.0,15,0.037479400634765625,0.01972512313144611,0.014591151813291153,0.01165307547423426,1
302,1774281260.7484457,21,0.0,0.0,0.0,0.0,0.0,5.992770195007324,0.0,0.0,0.0,0.0,21,0.0,0.0,0.0,0.008751906419540226,1
303,1774281260.8478806,20,0.0,0.0,0.0,0.0,0.0,5.992770195007324,0.0,0.0,0.0,0.0,20,0.0,0.0,0.0,0.008751906419540226,1
304,1774281260.9483647,22,0.0,0.0,0.0,0.0,0.0,5.992770195007324,0.0,0.0,0.0,0.0,22,0.0,0.0,0.0,0.008751906419540226,1
305,1774281261.0480201,20,0.0,0.0,0.0,0.0,0.0,5.992770195007324,0.0,0.0,0.0,0.0,20,0.0,0.0,0.0,0.008751906419540226,1
306,1774281261.1480513,21,0.0,0.0,0.0,0.0,0.0,5.992770195007324,0.0,0.0,0.0,0.0,21,0.0,0.0,0.0,0.008751906419540226,1
307,1774281261.2481303,22,0.0,0.0,0.0,0.0,0.0,5.992770195007324,0.0,0.0,0.0,0.0,22,0.0,0.0,0.0,0.008751906419540226,1
308,1774281261.3483582,18,0.0,0.0,0.0,0.0,0.0,5.992770195007324,0.0,0.0,0.0,0.0,18,0.0,0.0,0.0,0.008751906419540226,0
309,1774281261.447924,19,0.0,0.0,0.0,0.0,0.0,5.992770195007324,0.0,0.0,0.0,0.0,19,0.0,0.0,0.0,0.008751906419540226,0
310,1774281261.5480828,18,0.0,0.0,0.0,0.0,0.0,5.992770195007324,0.0,0.0,0.0,0.0,18,0.0,0.0,0.0,0.008751906419540224,0
311,1774281261.6481698,18,0.0,0.0,0.0,0.0,0.0,5.992770195007324,0.0,0.0,0.0,0.0,18,0.0,0.0,0.0,0.008751906419540224,0
312,1774281261.7479606,19,0.0,0.0,0.0,0.0,0.0,5.992770195007324,0.0,0.0,0.0,0.0,19,0.0,0.0,0.0,0.008751906419540224,0
313,1774281261.8478665,18,0.0,0.0,0.0,0.0,0.0,5.992770195007324,0.0,0.0,0.0,0.0,18,0.040156500680106025,0.02113768886139535,0.0,0.008751906419540224,0
314,1774281261.947701,21,0.0,0.0,0.0,0.0,0.0,5.992770195007324,0.0,0.0,0.0,0.0,21,0.0,0.0,0.0,0.0,0
315,1774281262.0481029,18,0.0,0.0,0.0,0.0,0.0,5.992770195007324,0.0,0.0,0.0,0.0,18,0.0,0.0,0.0,0.0,0
316,1774281262.1481278,22,0.0,0.0,0.0,0.0,0.0,5.992770195007324,0.0,0.0,0.0,0.0,22,0.0,0.0,0.0,0.0,0
317,1774281262.2482126,19,0.0,0.0,0.0,0.0,0.0,5.992770195007324,0.0,0.0,0.0,0.0,19,0.0,0.0,0.0,0.0,0
318,1774281262.3481104,18,0.0,0.0,0.0,0.0,0.0,5.992770195007324,0.0,0.0,0.0,0.0,18,0.0,0.0,0.0,0.0,0
319,1774281262.4478285,17,0.0,0.0,0.0,0.0,0.0,5.992770195007324,0.0,0.0,0.0,0.0,17,0.0,0.0,0.0,0.0,0
320,1774281262.5481303,18,-0.041643778483072914,-0.7495880126953125,0.0,0.029481472867903202,0.7495880126953125,5.992770195007324,0.12508205526048816,0.0,0.0,0.0,18,-0.041643778483072914,-0.021913594612802047,0.0,0.009076051101745416,0
321,1774281262.6478157,17,0.0,0.0,0.0,0.0,0.0,5.992770195007324,0.0,0.0,0.0,0.0,17,0.0,0.0,0.0,0.009076051101745416,0
322,1774281262.7475615,18,0.0,0.0,0.0,0.0,0.0,5.992770195007324,0.0,0.0,0.0,0.0,18,0.0,0.0,0.0,0.009076051101745416,0
323,1774281262.847787,18,0.0,0.0,0.0,0.0,0.0,5.992770195007324,0.0,0.0,0.0,0.0,18,0.0,0.0,0.0,0.009076051101745416,0
324,1774281262.9482217,16,0.0,0.0,0.0,0.0,0.0,5.992770195007324,0.0,0.0,0.0,0.0,16,0.0,0.0,0.0,0.009076051101745416,0
325,1774281263.047836,18,0.0,0.0,0.0,0.0,0.0,5.992770195007324,0.0,0.0,0.0,0.0,18,0.0,0.0,0.0,0.009076051101745416,0
326,1774281263.147968,18,-0.04684925079345703,-0.8432865142822266,0.0,0.03731248909843998,0.8432865142822266,5.992770195007324,0.14071731216804917,0.0,0.0,0.0,18,-0.04684925079345703,-0.024659606447740397,0.0,0.013299446933479305,0
327,1774281263.247352,18,0.0,0.0,0.0,0.0,0.0,5.992770195007324,0.0,0.0,0.0,0.0,18,0.0,0.0,0.0,0.013299446933479305,0
328,1774281263.3472342,19,0.0,0.0,0.0,0.0,0.0,5.992770195007324,0.0,0.0,0.0,0.0,19,0.0,0.0,0.0,0.013299446933479305,0
329,1774281263.447501,18,0.0,0.0,0.0,0.0,0.0,5.992770195007324,0.0,0.0,0.0,0.0,18,0.0,0.0,0.0,0.013299446933479305,0
330,1774281263.5477045,18,0.0,0.0,0.0,0.0,0.0,5.992770195007324,0.0,0.0,0.0,0.0,18,0.0,0.0,0.0,0.013299446933479305,0
331,1774281263.6472125,20,0.0,0.0,0.0,0.0,0.0,5.992770195007324,0.0,0.0,0.0,0.0,20,0.0,0.0,0.0,0.013299446933479305,0
332,1774281263.747779,19,-0.04191775070993524,-0.7964372634887695,0.0,0.031627760842444966,0.7964372634887695,5.992770195007324,0.13289968371426866,0.0,0.0,0.0,19,-0.04191775070993524,-0.022062991773387018,0.0,0.01554960744520878,0
333,1774281263.8471973,19,-0.08136975137810958,-0.7964372634887695,0.0,0.05633656900540082,0.7964372634887695,5.992770195007324,0.13289968371426866,0.0,0.0,0.0,19,-0.08136975137810958,-0.04283754101218083,0.0,0.022432834391710333,0
334,1774281263.9475465,19,-0.08136975137810958,-0.7964372634887695,0.0,0.05633656900540082,0.7964372634887695,5.992770195007324,0.13289968371426866,0.0,0.0,0.0,19,-0.08136975137810958,-0.042838729324210505,0.0,0.027047525650140992,0
335,1774281264.0474563,18,0.0,0.0,0.0,0.0,0.0,5.992770195007324,0.0,0.0,0.0,0.0,18,0.0,0.0,0.0,0.027047525650140992,0
336,1774281264.147155,17,0.0,0.0,0.0,0.0,0.0,5.992770195007324,0.0,0.0,0.0,0.0,17,0.0,0.0,0.0,0.027047525650140992,0
337,1774281264.247625,20,-0.03982186317443848,-0.7964372634887695,0.0,0.030129834946990286,0.7964372634887695,5.992770195007324,0.13289968371426866,0.0,0.0,0.0,20,-0.03982186317443848,-0.020964230335043608,0.0,0.02735917175131358,0
338,1774281264.347113,17,0.0,0.0,0.0,0.0,0.0,5.992770195007324,0.0,0.0,0.0,0.0,17,0.0,0.0,0.0,0.02735917175131358,0
339,1774281264.4469855,17,0.0,0.0,0.0,0.0,0.0,5.992770195007324,0.0,0.0,0.0,0.0,17,0.041643778483072914,0.021930992040891422,0.0,0.02735917175131358,0
340,1774281264.547616,16,0.0,0.0,0.0,0.0,0.0,5.992770195007324,0.0,0.0,0.0,0.0,16,0.0,0.0,0.0,0.02695940736204479,0
341,1774281264.6474423,16,0.0,0.0,0.0,0.0,0.0,5.992770195007324,0.0,0.0,0.0,0.0,16,0.0,0.0,0.0,0.02695940736204479,0
342,1774281264.747661,16,0.0,0.0,0.0,0.0,0.0,5.992770195007324,0.0,0.0,0.0,0.0,16,0.0,0.0,0.0,0.02695940736204479,0
343,1774281264.8471909,16,0.0,0.0,0.0,0.0,0.0,5.992770195007324,0.0,0.0,0.0,0.0,16,0.0,0.0,0.0,0.02695940736204479,0
344,1774281264.9478076,18,0.0,0.0,0.0,0.0,0.0,5.992770195007324,0.0,0.0,0.0,0.0,18,0.0,0.0,0.0,0.02695940736204479,0
345,1774281265.0472825,18,0.0,0.0,0.0,0.0,0.0,5.992770195007324,0.0,0.0,0.0,0.0,18,0.04684925079345703,0.024666401047813653,0.0,0.02695940736204479,0
346,1774281265.1476324,20,0.0,0.0,0.0,0.0,0.0,5.992770195007324,0.0,0.0,0.0,0.0,20,0.0,0.0,0.0,0.02607340557566893,0
347,1774281265.2475863,18,-0.041643778483072914,-0.7495880126953125,0.0,0.029481472867903202,0.7495880126953125,5.992770195007324,0.12508205526048816,0.0,0.0,0.0,18,-0.041643778483072914,-0.021913718330599553,0.0,0.02667005832444367,0
348,1774281265.3474393,18,-0.041643778483072914,-0.7495880126953125,0.0,0.029481472867903202,0.7495880126953125,5.992770195007324,0.12508205526048816,0.0,0.0,0.0,18,-0.041643778483072914,-0.021918489404480917,0.0,0.027094104936561274,0
349,1774281265.4473197,21,-0.035694667271205356,-0.7495880126953125,0.0,0.02548218543204119,0.7495880126953125,5.992770195007324,0.12508205526048816,0.0,0.0,0.0,21,-0.035694667271205356,-0.018790471681719243,0.0,0.027131404330214468,0
350,1774281265.5471215,19,-0.03945200066817434,-0.7495880126953125,0.0,0.028016286420989325,0.7495880126953125,5.992770195007324,0.12508205526048816,0.0,0.0,0.0,19,-0.03945200066817434,-0.02076520520923441,0.0,0.027172570407637126,0
351,1774281265.6472476,21,-0.035694667271205356,-0.7495880126953125,0.0,0.02548218543204119,0.7495880126953125,5.992770195007324,0.12508205526048816,0.0,0.0,0.0,21,0.006223083438729883,0.003276223276865272,0.0,0.026962186199027027,0
352,1774281265.7475607,19,-0.03945200066817434,-0.7495880126953125,0.0,0.028016286420989325,0.7495880126953125,5.992770195007324,0.12508205526048816,0.0,0.0,0.0,19,0.04191775070993523,0.022057754696347222,0.0,0.02687600974866228,0
353,1774281265.8473086,18,0.0,0.0,0.0,0.0,0.0,5.992770195007324,0.0,0.0,0.0,0.0,18,0.08136975137810958,0.04283154668747575,0.0,0.023498072745554186,0
354,1774281265.9474483,19,0.0,0.0,0.0,0.0,0.0,5.992770195007324,0.0,0.0,0.0,0.0,19,0.0,0.0,0.0,0.018678698115871094,0
355,1774281266.0477297,21,0.0,0.0,0.0,0.0,0.0,5.992770195007324,0.0,0.0,0.0,0.0,21,0.0,0.0,0.0,0.018678698115871094,0
356,1774281266.1472723,20,0.0,0.0,0.0,0.0,0.0,5.992770195007324,0.0,0.0,0.0,0.0,20,0.03982186317443848,0.02096276741412639,0.0,0.018678698115871094,0
357,1774281266.2476988,19,-0.03945200066817434,-0.7495880126953125,0.0,0.028016286420989325,0.7495880126953125,5.992770195007324,0.12508205526048816,0.0,0.0,0.0,19,-0.03945200066817434,-0.020757809936170726,0.0,0.01865296241761247,0
358,1774281266.3474426,19,-0.04191775070993524,-0.7964372634887695,0.0,0.031627760842444966,0.7964372634887695,5.992770195007324,0.13289968371426866,0.0,0.0,0.0,19,-0.04191775070993524,-0.022056667179814596,0.0,0.019343488046134765,0
359,1774281266.4469974,19,-0.08136975137810958,-0.7964372634887695,0.0,0.05633656900540082,0.7964372634887695,5.992770195007324,0.13289968371426866,0.0,0.0,0.0,19,-0.08136975137810958,-0.04284013280024956,0.0,0.023675567207046545,0
360,1774281266.547064,18,-0.08589029312133789,-0.7964372634887695,0.0,0.05907810773919664,0.7964372634887695,5.992770195007324,0.13289968371426866,0.0,0.0,0.0,18,-0.08589029312133789,-0.04521441926424185,0.0,0.02721665619298127,0
361,1774281266.6478672,17,-0.090942663304946,-0.7964372634887695,0.0,0.06209381454688485,0.7964372634887695,5.992770195007324,0.13289968371426866,0.0,0.0,0.0,17,-0.090942663304946,-0.04785936842874708,0.0,0.03023790226225403,0
362,1774281266.747623,18,-0.08589029312133789,-0.7964372634887695,0.0,0.05907810773919664,0.7964372634887695,5.992770195007324,0.13289968371426866,0.0,0.0,0.0,18,-0.08589029312133789,-0.04519513887233581,0.0,0.03191556755986589,0
363,1774281266.8471403,19,-0.08136975137810958,-0.7964372634887695,0.0,0.05633656900540082,0.7964372634887695,5.992770195007324,0.13289968371426866,0.0,0.0,0.0,19,-0.08136975137810958,-0.04284122983405767,0.0,0.032633902551969025,0
364,1774281266.9471426,20,-0.11946558952331543,-0.8432865142822266,0.0,0.08109430535085949,0.8432865142822266,5.992770195007324,0.14071731216804917,0.0,0.0,0.0,20,-0.11946558952331543,-0.06288125466597545,0.0,0.03606415488464254,0
365,1774281267.0473104,19,-0.1257532521298057,-0.8432865142822266,0.0,0.08457173266405411,0.8432865142822266,5.992770195007324,0.14071731216804917,0.0,0.0,0.0,19,-0.1257532521298057,-0.06619714113032983,0.0,0.03887312301426411,0
366,1774281267.1475773,19,-0.1257532521298057,-0.8432865142822266,0.0,0.08457173266405411,0.8432865142822266,5.992770195007324,0.14071731216804917,0.0,0.0,0.0,19,-0.0841094736467328,-0.04426835289057363,0.0,0.040528344601212386,0
367,1774281267.2474985,19,-0.1257532521298057,-0.8432865142822266,0.0,0.08457173266405411,0.8432865142822266,5.992770195007324,0.14071731216804917,0.0,0.0,0.0,19,-0.0841094736467328,-0.044266764225476964,0.0,0.043144574061203776,0
368,1774281267.3477926,19,-0.1257532521298057,-0.8432865142822266,0.0,0.08457173266405411,0.8432865142822266,5.992770195007324,0.14071731216804917,0.0,0.0,0.0,19,-0.09005858485860035,-0.04738746121258458,0.0,0.04522156352831161,0
369,1774281267.4472795,22,-0.10860508138483221,-0.8432865142822266,0.0,0.07490160214376923,0.8432865142822266,5.992770195007324,0.14071731216804917,0.02636355838992379,0.1933327615261078,0.06634683365617257,22,-0.06915308071665788,-0.036393333249124325,0.0,0.04573035382591449,0
370,1774281267.5477688,22,-0.10860508138483221,-0.8432865142822266,0.0,0.07490160214376923,0.8432865142822266,5.992770195007324,0.14071731216804917,0.05272711677984758,0.3866655230522156,0.13269366731234514,22,-0.07291041411362686,-0.03836337690242744,0.0,0.04608239591590006,0
371,1774281267.6477218,19,-0.08136975137810958,-0.7964372634887695,0.0,0.05633656900540082,0.7964372634887695,5.992770195007324,0.13289968371426866,0.0,0.0,0.0,19,-0.04191775070993523,-0.02206010443024284,0.0,0.04539872274124069,0
372,1774281267.7471251,19,-0.12328750208804481,-0.7964372634887695,0.0,0.08114265594065177,0.7964372634887695,5.992770195007324,0.13289968371426866,0.0,0.0,0.0,19,-0.12328750208804481,-0.06489442598294348,0.0,0.04594086689731245,0
373,1774281267.8470843,19,-0.12082175204628393,-0.7964372634887695,0.0,0.07793245645491342,0.7964372634887695,5.992770195007324,0.13289968371426866,0.010175408501374094,0.1933327615261078,0.04317060211598919,19,-0.12082175204628393,-0.06360257971825534,0.0,0.04320743881384105,0
374,1774281267.9474099,18,-0.08589029312133789,-0.7964372634887695,0.0,0.05907810773919664,0.7964372634887695,5.992770195007324,0.13289968371426866,0.0,0.0,0.0,18,-0.08589029312133789,-0.04521302898302626,0.0,0.03872020233540885,0
375,1774281268.0471506,17,-0.04409341251148897,-0.7495880126953125,0.0,0.031107664430533314,0.7495880126953125,5.992770195007324,0.12508205526048816,0.0,0.0,0.0,17,-0.04409341251148897,-0.023208546231206325,0.0,0.034699394503692416,0
376,1774281268.1474555,17,-0.04409341251148897,-0.7495880126953125,0.0,0.031107664430533314,0.7495880126953125,5.992770195007324,0.12508205526048816,0.0,0.0,0.0,17,-0.0046414118433146245,-0.002443161230390152,0.0,0.02998534214939387,0
377,1774281268.247039,20,-0.1592874526977539,-0.8432865142822266,0.0,0.10170945557774758,0.8432865142822266,5.992770195007324,0.14071731216804917,0.0,0.0,0.0,20,-0.11736970198781867,-0.06178665043314368,0.0,0.030787877889942528,0
378,1774281268.3475358,18,-0.044246514638264976,-0.7964372634887695,0.0,0.033281818979781344,0.7964372634887695,5.992770195007324,0.13289968371426866,0.02148141794734531,0.3866655230522156,0.08857015518494361,18,0.0371232367398446,0.01953301015662387,0.0,0.03057812852714928,0
379,1774281268.4473126,17,-0.09645433986888212,-0.8432865142822266,0.0,0.06984035207597274,0.8432865142822266,5.992770195007324,0.14071731216804917,0.0,0.0,0.0,17,-0.010564046747544228,-0.005559297425844174,0.0,0.03033352387979916,0
380,1774281268.547307,21,-0.07362025124686104,-0.7964372634887695,0.0,0.05154170162777703,0.7964372634887695,5.992770195007324,0.13289968371426866,0.05523793186460223,0.3866655230522156,0.13530474751489924,21,0.017322412058084963,0.009119747807392602,0.0,0.030717482162054575,0
381,1774281268.6474695,17,-0.04684925079345703,-0.7964372634887695,0.0,0.03511763679853175,0.7964372634887695,5.992770195007324,0.13289968371426866,0.0,0.0,0.0,17,0.03904104232788086,0.020549576622249464,0.0,0.03270275694862121,0
382,1774281268.7475257,23,0.0,0.0,0.0,0.0,0.0,5.992770195007324,0.0,0.05043463344159334,0.3866655230522156,0.13022166359424442,23,0.08136975137810958,0.042817500199379195,0.0,0.03885495213458991,0
383,1774281268.847637,21,0.0,0.0,0.0,0.0,0.0,5.992770195007324,0.0,0.018412643954867407,0.3866655230522156,0.08234384705716818,21,0.11946558952331543,0.0628602712422429,0.0,0.04371659785421784,0
384,1774281268.9468873,22,0.0,0.0,0.0,0.0,0.0,5.992770195007324,0.0,0.0966663807630539,0.7733310461044312,0.2455886492523937,22,0.1257532521298057,0.0662006639329092,0.0,0.0470423118552969,0
385,1774281269.047655,21,-0.04238741738455636,-0.8901357650756836,0.0,0.035933863050651826,0.8901357650756836,5.992770195007324,0.14853494062182968,0.06444425384203593,0.5799982845783234,0.1615702949816924,21,0.08336583474524933,0.043874958107222015,0.0,0.04667380166757995,0
386,1774281269.147605,24,0.0,0.0,0.0,0.0,0.0,5.992770195007324,0.0,0.07249978557229042,0.5799982845783234,0.17482545460061438,24,0.1257532521298057,0.06618221492269304,0.009666638076305389,0.04824026499089357,0
387,1774281269.2475972,23,-0.04684925079345703,-1.0775327682495117,0.0,0.048286750597981154,1.0775327682495117,5.992770195007324,0.17980545443695173,0.07565195016239,0.5799982845783234,0.16853520936587127,23,0.07890400133634867,0.04153269323755943,0.027618965932301114,0.046853087907975696,0
388,1774281269.3470736,22,-0.09582801298661665,-1.0775327682495117,0.0,0.0918799637364478,1.0775327682495117,5.992770195007324,0.17980545443695173,0.02636355838992379,0.5799982845783234,0.12081300191021387,22,0.01277706839821556,0.006725501667091573,0.027618965932301114,0.0454285820630567,0
389,1774281269.4472377,22,0.0,0.0,0.0,0.0,0.0,5.992770195007324,0.0,0.008787852796641264,0.1933327615261078,0.04027100063673795,22,0.10860508138483221,0.05717655153763075,0.019333276152610778,0.046503243166319326,0
390,1774281269.5472372,22,0.0,0.0,0.0,0.0,0.0,6.043910980224609,0.0,0.02636355838992379,0.1933327615261078,0.06634683365617257,22,0.08136975137810958,0.042837110870231496,0.0033918028337913647,0.04692943493372517,0
391,1774281269.6476583,25,0.0,0.0,0.0,0.0,0.0,6.043910980224609,0.0,0.038666552305221556,0.1933327615261078,0.07733310461044311,25,0.12328750208804481,0.06486995445950929,0.003452370741537639,0.04800382599890309,0
392,1774281269.7474022,22,0.0,0.0,0.0,0.0,0.0,5.992770195007324,0.0,0.008787852796641264,0.1933327615261078,0.04027100063673795,22,0.12082175204628393,0.06357975767108745,0.0035802363245575515,0.0462323471638743,0
393,1774281269.847623,20,0.0,0.0,0.0,0.0,0.0,6.043910980224609,0.0,0.019333276152610778,0.1933327615261078,0.05799982845783234,20,0.08589029312133789,0.04520034448873235,0.0,0.043760631032055526,0
394,1774281269.947398,21,0.0,0.0,0.0,0.0,0.0,6.043910980224609,0.0,0.018412643954867407,0.1933327615261078,0.056751580113533366,21,0.04409341251148897,0.023204038595017604,0.0,0.043156610664521006,0
395,1774281270.0471995,23,-0.04684925079345703,-1.0775327682495117,0.0,0.048286750597981154,1.0775327682495117,6.043910980224609,0.17828402366863905,0.05043463344159334,0.3866655230522156,0.11707885953199446,23,-0.0027558382819680635,-0.0014506366294179615,0.00703028223731301,0.04319081462125152,0
396,1774281270.147403,21,-0.0513110842023577,-1.0775327682495117,0.0,0.05265654724042886,1.0775327682495117,6.043910980224609,0.17828402366863905,0.04603160988716852,0.3866655230522156,0.10168714988122056,21,0.10797636849539621,0.056818784675194856,0.00703028223731301,0.04329678814095981,0
397,1774281270.2479498,22,-0.09582801298661665,-1.0775327682495117,0.0,0.0918799637364478,1.0775327682495117,6.043910980224609,0.17828402366863905,0.05272711677984758,0.3866655230522156,0.13269366731234514,22,-0.05158149834835168,-0.027142243016106415,0.027618965932301114,0.035753971465785385,0
398,1774281270.3471875,25,0.0,0.0,0.0,0.0,0.0,6.043910980224609,0.0,0.08506641507148743,0.5799982845783234,0.18202051049412302,25,0.09645433986888212,0.05076878407547822,0.021090846711939032,0.03629328663244571,0
399,1774281270.447455,22,-0.04684925079345703,-1.0306835174560547,0.0,0.04609189829807292,1.0306835174560547,6.043910980224609,0.17053254437869822,0.08787852796641263,0.5799982845783234,0.17220604229168995,22,0.026771000453404012,0.014088903418344387,0.03803267439857858,0.03321805310860234,0
400,1774281270.54708,23,-0.05092309868854025,-1.1712312698364258,0.0,0.05704956356094181,1.1712312698364258,6.043910980224609,0.1937869822485207,0.10086926688318668,1.1599965691566467,0.26044332718848884,23,-0.004073847895083221,-0.002144570086056523,0.025355116265719055,0.03198151963643665,0
401,1774281270.6477246,22,0.0,0.0,0.0,0.0,0.0,6.043910980224609,0.0,0.02636355838992379,0.1933327615261078,0.06634683365617257,22,0.0,0.0,0.05565640104539467,0.03209761163623442,0
402,1774281270.7475212,23,0.0,0.0,0.0,0.0,0.0,6.043910980224609,0.0,0.11768081136371779,0.7733310461044312,0.25962816610544964,23,0.0,0.0,0.060416487976908684,0.03209761163623442,0
403,1774281270.8476968,21,0.0,0.0,0.0,0.0,0.0,6.043910980224609,0.0,0.10126954175177075,0.9666638076305389,0.25744800819467195,21,0.0,0.0,0.07791021733141656,0.03209761163623442,0
404,1774281270.947563,23,0.0,0.0,0.0,0.0,0.0,6.043910980224609,0.0,0.04202886120132778,0.3866655230522156,0.1134000673097237,23,0.04238741738455636,0.022310249357238042,0.07107822114930433,0.032097611636234424,0
405,1774281271.0474033,23,0.0,0.0,0.0,0.0,0.0,6.043910980224609,0.0,0.02521731672079667,0.5799982845783234,0.11827969976768359,23,0.0,0.0,0.058840405681858894,0.032202286626264065,0
406,1774281271.1472225,21,-0.05577291761125837,-1.1712312698364258,0.0,0.06221236677744429,1.1712312698364258,6.043910980224609,0.1937869822485207,0.0,0.0,0.0,21,-0.008923666817801337,-0.004697593157665103,0.037512326863274645,0.03261276240918626,0
407,1774281271.2474327,22,0.0,0.0,0.0,0.0,0.0,6.043910980224609,0.0,0.07030282237313011,0.5799982845783234,0.17040278796887037,22,0.09582801298661665,0.05042626431832176,0.020504989858829613,0.03260663411391649,0
408,1774281271.346995,22,0.0,0.0,0.0,0.0,0.0,6.043910980224609,0.0,0.035151411186565056,0.3866655230522156,0.09464807122150211,22,0.0,0.0,0.02521731672079667,0.028169433499218008,0
409,1774281271.4477952,25,0.0,0.0,0.0,0.0,0.0,5.992770195007324,0.0,0.06186648368835449,0.3866655230522156,0.1417539222413176,25,0.0,0.0,0.02521731672079667,0.028169433499218008,0
410,1774281271.5477066,26,0.0,0.0,0.0,0.0,0.0,5.992770195007324,0.0,0.05948700354649471,0.7733310461044312,0.20606902506511762,26,0.0,0.0,0.023084508838938242,0.028169433499218008,0
411,1774281271.647154,26,0.0,0.0,0.0,0.0,0.0,5.992770195007324,0.0,0.04461525265987103,0.3866655230522156,0.12353404079820127,26,0.0,0.0,0.015343869962389506,0.028169433499218008,0
412,1774281271.7473516,26,0.0,0.0,0.0,0.0,0.0,5.992770195007324,0.0,0.014871750886623677,0.1933327615261078,0.051517256266279406,26,0.0,0.0,0.030208243988454342,0.028169433499218008,0
413,1774281271.847669,24,0.0,0.0,0.0,0.0,0.0,6.043910980224609,0.0,0.0,0.0,0.0,24,0.0,0.0,0.038666552305221556,0.028169433499218008,0
414,1774281271.947864,24,0.0,0.0,0.0,0.0,0.0,6.043910980224609,0.0,0.008055531730254492,0.1933327615261078,0.03863297300900034,24,0.04684925079345703,0.024648878915047922,0.04979783251430049,0.028169433499218008,0
415,1774281272.0475383,24,0.0,0.0,0.0,0.0,0.0,6.043910980224609,0.0,0.04833319038152695,0.3866655230522156,0.11505600661093679,24,0.0513110842023577,0.027003911130693104,0.06254883461138781,0.027562577625847542,0
416,1774281272.1472974,21,0.0,0.0,0.0,0.0,0.0,6.043910980224609,0.0,0.07365057581946963,0.7733310461044312,0.1931134389807159,21,0.09582801298661665,0.05045312181208876,0.07565195016239,0.0264313157550818,0
417,1774281272.2471962,22,0.0,0.0,0.0,0.0,0.0,6.043910980224609,0.0,0.05272711677984758,0.3866655230522156,0.13269366731234514,22,0.0,0.0,0.09114258757659367,0.018330064329519277,0
418,1774281272.347977,20,-0.19676685333251953,-1.452326774597168,0.0,0.22093383250876286,1.452326774597168,6.043910980224609,0.2402958579881657,0.05799982845783234,0.3866655230522156,0.13806720793312413,20,-0.1499176025390625,-0.0788823297183532,0.07213909012168201,0.04498883089353643,0
419,1774281272.4479668,23,-0.1629539158033288,-1.546025276184082,1.499176025390625,0.5582310167086076,3.045201301574707,6.043910980224609,0.5038461538461538,0.04202886120132778,0.3866655230522156,0.1134000673097237,23,-0.11203081711478854,-0.05893608111930031,0.08245073653319303,0.05481684169948526,0
420,1774281272.5483882,22,0.0,0.0,0.0,0.0,0.0,6.043910980224609,0.0,0.017575705593282528,0.1933327615261078,0.05557926115933376,22,0.0,0.0,0.08201995943531845,0.05465804670794444,0
421,1774281272.6477792,22,0.0,0.0,0.0,0.0,0.0,6.043910980224609,0.0,0.017575705593282528,0.1933327615261078,0.05557926115933376,22,0.0,0.0,0.08656690814601842,0.05465804670794444,0
422,1774281272.748133,21,0.0,0.0,0.0,0.0,0.0,6.043910980224609,0.0,0.018412643954867407,0.1933327615261078,0.056751580113533366,21,0.0,0.0,0.05482570849247833,0.054658046707944434,0
423,1774281272.8482146,24,0.0,0.0,0.0,0.0,0.0,6.043910980224609,0.0,0.016111063460508983,0.1933327615261078,0.05343435247211316,24,0.0,0.0,0.023084508838938242,0.054658046707944434,0
424,1774281272.947547,23,0.0,0.0,0.0,0.0,0.0,6.043910980224609,0.0,0.0,0.0,0.0,23,0.0,0.0,0.03222212692101797,0.054658046707944434,0
425,1774281273.0477502,24,0.0,0.0,0.0,0.0,0.0,5.992770195007324,0.0,0.024166595190763474,0.1933327615261078,0.06393880090992969,24,0.05577291761125837,0.0293460164516546,0.035692202127896824,0.054658046707944434,0
426,1774281273.1481817,25,0.0,0.0,0.0,0.0,0.0,6.043910980224609,0.0,0.015466620922088623,0.3866655230522156,0.07577065860834357,25,0.0,0.0,0.05603848160177037,0.05422233011344833,0
427,1774281273.2477252,27,0.0,0.0,0.0,0.0,0.0,6.043910980224609,0.0,0.02148141794734531,0.1933327615261078,0.0607586252002811,27,0.0,0.0,0.05296787987016652,0.05422233011344833,0
428,1774281273.3479953,27,0.0,0.0,0.0,0.0,0.0,5.992770195007324,0.0,0.02148141794734531,0.1933327615261078,0.0607586252002811,27,0.0,0.0,0.05523793186460223,0.05422233011344833,0
429,1774281273.4480832,25,0.0,0.0,0.0,0.0,0.0,5.992770195007324,0.0,0.04639986276626587,0.3866655230522156,0.12565142236099405,25,0.0,0.0,0.0396580023643298,0.05422233011344833,0
430,1774281273.5479882,24,0.0,0.0,0.0,0.0,0.0,5.992770195007324,0.0,0.05638872211178144,0.5799982845783234,0.16251423852405894,24,0.0,0.0,0.020350817002748187,0.05422233011344833,0
431,1774281273.6476939,26,0.0,0.0,0.0,0.0,0.0,5.992770195007324,0.0,0.022307626329935513,0.1933327615261078,0.061767020399100626,26,0.0,0.0,0.00783781465646383,0.05422233011344833,0
432,1774281273.747946,22,-0.057496807791969994,-1.2649297714233398,0.0,0.06942354103160155,1.2649297714233398,5.992770195007324,0.21107596825207375,0.02636355838992379,0.1933327615261078,0.06634683365617257,22,-0.057496807791969994,-0.030257064430010628,0.018796240703927145,0.05471450028439004,0
433,1774281273.8478904,22,0.0,0.0,0.0,0.0,0.0,5.992770195007324,0.0,0.05272711677984758,0.3866655230522156,0.13269366731234514,22,0.0,0.0,0.04202886120132778,0.05471450028439004,0
434,1774281273.9475574,24,-0.09955465793609619,-1.2649297714233398,0.0,0.10943396389073712,1.2649297714233398,5.992770195007324,0.21107596825207375,0.03222212692101797,0.3866655230522156,0.10686870494422632,24,-0.09955465793609619,-0.0523966597643093,0.05771127209734561,0.05706816491387612,0
435,1774281274.047922,20,-0.06324648857116699,-1.2649297714233398,0.0,0.07600224801507238,1.2649297714233398,5.992770195007324,0.21107596825207375,0.07733310461044311,0.5799982845783234,0.18744306676575745,20,-0.06324648857116699,-0.03327668780326443,0.061375479849558025,0.057300618848699685,0
436,1774281274.1476474,22,0.0,0.0,0.0,0.0,0.0,5.992770195007324,0.0,0.07909067516977136,0.5799982845783234,0.19904050096851772,22,0.0,0.0,0.0505639530145205,0.057300618848699685,0
437,1774281274.2479746,22,-0.04897876219315962,-1.0775327682495117,0.0,0.05037730206545574,1.0775327682495117,6.043910980224609,0.17828402366863905,0.05272711677984758,0.3866655230522156,0.13269366731234514,22,0.14778809113935992,0.07778329956379158,0.038666552305221556,0.05705494355675232,0
438,1774281274.3475516,22,-0.15545433217828925,-1.1712312698364258,0.0,0.1531181568314081,1.1712312698364258,5.992770195007324,0.19544071134451274,0.11424208635633643,0.9666638076305389,0.2952770847855737,22,0.007499583625039552,0.0039480120827877245,0.025970072443805524,0.051510871416037995,0
439,1774281274.4475121,25,-0.14429569244384766,-1.2649297714233398,0.0,0.153098849386879,1.2649297714233398,5.992770195007324,0.21107596825207375,0.0695997941493988,0.5799982845783234,0.18847713354149107,25,-0.14429569244384766,-0.07598013584327318,0.017846101063948412,0.049200495389412985,0
440,1774281274.54827,21,-0.058003834315708706,-1.2180805206298828,0.0,0.06728889590648374,1.2180805206298828,5.992770195007324,0.20325833979829325,0.05523793186460223,0.3866655230522156,0.13530474751489924,21,-0.058003834315708706,-0.030520450565723344,0.01731338162920368,0.04914744357825209,0
441,1774281274.6477613,20,-0.06090402603149414,-1.2180805206298828,0.0,0.0704767073500534,1.2180805206298828,5.992770195007324,0.20325833979829325,0.0,0.0,0.0,20,-0.06090402603149414,-0.032061020990084996,0.011372515383888693,0.04899713814305767,0
442,1774281274.7478778,22,-0.0553672963922674,-1.2180805206298828,0.0,0.06437628770557292,1.2180805206298828,6.043910980224609,0.20153846153846153,0.05272711677984758,0.3866655230522156,0.13269366731234514,22,-0.0553672963922674,-0.0291458486447922,0.013614983206063929,0.0485374822486367,0
443,1774281274.8478343,23,-0.05296002263608186,-1.2180805206298828,0.0,0.06170480794751468,1.2180805206298828,6.043910980224609,0.20153846153846153,0.05043463344159334,0.3866655230522156,0.13022166359424442,23,-0.05296002263608186,-0.027869480648873297,0.013425886217090819,0.047877834602709946,0
444,1774281274.9475687,20,0.0,0.0,0.0,0.0,0.0,6.043910980224609,0.0,0.038666552305221556,0.3866655230522156,0.11599965691566468,20,0.0,0.0,0.020350817002748187,0.047877834602709946,0
445,1774281275.0477152,22,-0.05323778499256481,-1.1712312698364258,0.0,0.05951949676920574,1.1712312698364258,5.860805511474609,0.19984134732731268,0.07030282237313011,0.3866655230522156,0.14913480730978085,22,-0.05323778499256481,-0.02802676799670231,0.01957800116720079,0.047063344279904315,0
446,1774281275.1481116,17,-0.12952439925249884,-1.1243820190429688,0.0,0.1258888294923145,1.1243820190429688,5.860805511474609,0.19184769343422017,0.0,0.0,0.0,17,-0.12952439925249884,-0.0681568778787711,0.029367001750801182,0.049615428596369734,0
447,1774281275.2479591,21,0.0,0.0,0.0,0.0,0.0,6.043910980224609,0.0,0.027618965932301114,0.3866655230522156,0.0902031650099328,21,0.0,0.0,0.040701634005496375,0.04961542859636974,0
448,1774281275.3478537,22,0.0,0.0,0.0,0.0,0.0,6.043910980224609,0.0,0.043939263983206314,0.1933327615261078,0.08101999954277977,22,0.0,0.0,0.04124432245890299,0.049615428596369734,0
449,1774281275.4478238,21,-0.05354200090680804,-1.1243820190429688,0.0,0.05733491722209268,1.1243820190429688,5.992770195007324,0.18762308289073223,0.0,0.0,0.0,21,-0.05354200090680804,-0.02818243919943515,0.03490730416443613,0.04832976966307986,0
450,1774281275.5487125,22,0.0,0.0,0.0,0.0,0.0,5.992770195007324,0.0,0.02636355838992379,0.1933327615261078,0.06634683365617257,22,0.0,0.0,0.033142759118761335,0.04832976966307986,0
451,1774281275.648197,22,0.0,0.0,0.0,0.0,0.0,6.043910980224609,0.0,0.0,0.0,0.0,22,0.057496807791969994,0.030257482018598073,0.036960674997638256,0.04832976966307986,0
452,1774281275.7481434,21,0.0,0.0,0.0,0.0,0.0,6.043910980224609,0.0,0.036825287909734813,0.3866655230522156,0.11350316022706673,21,0.0,0.0,0.05272711677984758,0.04958885013438345,0
453,1774281275.8482153,21,-0.0044618334089006695,-1.1712312698364258,1.0775327682495117,0.12059245176139803,2.2487640380859375,6.043910980224609,0.37207100591715975,0.009206321977433703,0.1933327615261078,0.04117192352858409,21,0.09509282452719552,0.05003153114302261,0.06151496957648884,0.04937860570914956,0
454,1774281275.9477894,22,-0.05110827359286221,-1.1243820190429688,0.0,0.05485316822250002,1.1243820190429688,5.992770195007324,0.18762308289073223,0.043939263983206314,0.5799982845783234,0.1294531553121419,22,0.012138214978304779,0.006388979629898826,0.06947896117344499,0.0480072813783385,0
455,1774281276.0483477,22,-0.05323778499256481,-1.1712312698364258,0.0,0.05951949676920574,1.1712312698364258,6.043910980224609,0.1937869822485207,0.05272711677984758,0.3866655230522156,0.13269366731234514,22,-0.05323778499256481,-0.028009562649993703,0.08201995943531845,0.047882674924020575,0
456,1774281276.148035,21,-0.05577291761125837,-1.1712312698364258,0.0,0.06221236677744429,1.1712312698364258,5.992770195007324,0.19544071134451274,0.05523793186460223,0.3866655230522156,0.13530474751489924,21,-0.006794155418098746,-0.0035757575724983683,0.07845387424247852,0.04672953496004592,0
457,1774281276.2478185,21,0.0,0.0,0.0,0.0,0.0,6.043910980224609,0.0,0.09206321977433704,0.9666638076305389,0.24322816925229038,21,0.15545433217828925,0.08180657850927353,0.07960760768722086,0.047926302248380535,0
458,1774281276.3484242,21,0.0,0.0,0.0,0.0,0.0,6.043910980224609,0.0,0.036825287909734813,0.3866655230522156,0.11350316022706673,21,0.14429569244384766,0.07590866327279697,0.043939263983206314,0.041826069197915615,0
459,1774281276.447946,21,-0.05577291761125837,-1.1712312698364258,0.0,0.06221236677744429,1.1712312698364258,5.992770195007324,0.19544071134451274,0.027618965932301114,0.3866655230522156,0.09020316500993282,21,0.002230916704450338,0.0011743668947729448,0.036825287909734813,0.03444096272769275,0
460,1774281276.548086,22,0.0,0.0,0.0,0.0,0.0,5.992770195007324,0.0,0.02636355838992379,0.1933327615261078,0.06634683365617257,22,0.06090402603149414,0.03204927546305212,0.035692202127896824,0.03475469277337613,0
461,1774281276.6480067,23,-0.04888617474099864,-1.1712312698364258,1.1712312698364258,0.17186232885973318,2.3424625396728516,5.992770195007324,0.3908814226890255,0.05043463344159334,0.3866655230522156,0.13022166359424442,23,0.0064811216512687606,0.0034108853621173506,0.047589602837195766,0.03433896769992168,0
462,1774281276.7479715,22,-0.0553672963922674,-1.2180805206298828,0.0,0.06437628770557294,1.2180805206298828,6.174445152282715,0.19727772951057052,0.02636355838992379,0.1933327615261078,0.06634683365617257,22,-0.0024072737561855392,-0.0012668947136334127,0.053538303191845237,0.03433896769992168,0
463,1774281276.8478422,25,-0.04872322082519531,-1.2180805206298828,0.0,0.05697485394193791,1.2180805206298828,5.992770195007324,0.20325833979829325,0.030933241844177246,0.1933327615261078,0.0708769611206588,25,-0.04872322082519531,-0.02564010877850025,0.0393219175985304,0.03421379102637576,0
464,1774281276.9477673,23,0.0,0.0,0.0,0.0,0.0,5.992770195007324,0.0,0.033623088961062225,0.3866655230522156,0.10895126051807201,23,0.05323778499256481,0.02801911895775471,0.03544433961311976,0.03421379102637576,0
465,1774281277.0473971,23,-0.05296002263608186,-1.2180805206298828,0.0,0.06170480794751468,1.2180805206298828,5.992770195007324,0.20325833979829325,0.02521731672079667,0.3866655230522156,0.08654272203514987,23,0.07656437661641698,0.04031219866831349,0.02577770153681437,0.03420460617479959,0
466,1774281277.147734,21,-0.11377675192696708,-1.2180805206298828,0.0,0.12303117653907385,1.2180805206298828,6.043910980224609,0.20153846153846153,0.06444425384203593,0.5799982845783234,0.1615702949816924,21,-0.11377675192696708,-0.059889599829006726,0.024166595190763474,0.032027234655253665,0
467,1774281277.2480333,21,-0.058003834315708706,-1.2180805206298828,0.0,0.06728889590648374,1.2180805206298828,6.043910980224609,0.20153846153846153,0.027618965932301114,0.5799982845783234,0.12351577058575229,21,-0.058003834315708706,-0.030525447997694622,0.023794801418597883,0.03183389452404753,0
468,1774281277.348261,20,0.053876638412475586,0.0,1.0775327682495117,0.05515115116594416,1.0775327682495117,6.043910980224609,0.17828402366863905,0.019333276152610778,0.3866655230522156,0.08427179699679521,20,0.10741863931928362,0.05652311507891703,0.008923050531974206,0.036425380110768346,0
469,1774281277.447406,20,0.0,0.0,0.0,0.0,0.0,6.043910980224609,0.0,0.07733310461044311,0.7733310461044312,0.23199931383132935,20,0.0,0.0,0.020820451241273148,0.036555767948845456,0
470,1774281277.5476747,21,0.0,0.0,0.0,0.0,0.0,5.992770195007324,0.0,0.11047586372920445,0.7733310461044312,0.2706094950297985,21,0.0,0.0,0.015104121994227171,0.03655576794884546,0
471,1774281277.648301,22,-0.10860508138483221,-1.2180805206298828,0.0,0.11800052003287638,1.2180805206298828,5.992770195007324,0.20325833979829325,0.21090846711939032,1.5466620922088623,0.5307746692493805,22,-0.10860508138483221,-0.05715583268728013,0.030208243988454342,0.04001347668377061,0
472,1774281277.7480423,21,-0.05577291761125837,-1.1712312698364258,0.0,0.06221236677744429,1.1712312698364258,5.992770195007324,0.19544071134451274,0.05523793186460223,0.5799982845783234,0.17025474034060006,21,-0.0513110842023577,-0.027008292917405502,0.035692202127896824,0.039582698642815356,0
473,1774281277.8475115,20,-0.05856156349182129,-1.1712312698364258,0.0,0.0651596776535257,1.1712312698364258,6.043910980224609,0.1937869822485207,0.0,0.0,0.0,20,-0.007453289898959076,-0.003923358001514512,0.0505639530145205,0.03922094648366702,0
474,1774281277.94745,22,0.0,0.0,0.0,0.0,0.0,6.043910980224609,0.0,0.02636355838992379,0.5799982845783234,0.12081300191021387,22,0.05323778499256481,0.028033133069005668,0.06645813677459955,0.039950519383914446,0
475,1774281278.0476718,16,0.0,0.0,0.0,0.0,0.0,5.860805511474609,0.0,0.0,0.0,0.0,16,0.05577291761125837,0.029359780360514075,0.061375479849558025,0.04045560124504981,0
476,1774281278.148056,18,0.0,0.0,0.0,0.0,0.0,5.992770195007324,0.0,0.0,0.0,0.0,18,0.0,0.0,0.052169157872124325,0.040705430041629576,0
477,1774281278.2479637,17,0.0,0.0,0.0,0.0,0.0,5.860805511474609,0.0,0.0,0.0,0.0,17,0.0,0.0,0.030208243988454342,0.040705430041629576,0
478,1774281278.347635,15,0.0,0.0,0.0,0.0,0.0,6.043910980224609,0.0,0.0,0.0,0.0,15,0.05577291761125837,0.029358973395857517,0.035151411186565056,0.040705430041629576,0
479,1774281278.4476223,14,0.0,0.0,0.0,0.0,0.0,6.043910980224609,0.0,0.06904741483075279,0.9666638076305389,0.24895399461051185,14,0.0,0.0,0.03462676325840736,0.04076340645671267,0
480,1774281278.5479746,15,0.0,0.0,0.0,0.0,0.0,5.860805511474609,0.0,0.07733310461044311,0.5799982845783234,0.19716150472768074,15,0.04888617474099864,0.025730000234767157,0.035904655711991446,0.04076340645671267,0
481,1774281278.647627,13,0.0,0.0,0.0,0.0,0.0,5.860805511474609,0.0,0.0,0.0,0.0,13,0.0553672963922674,0.029145965700315603,0.030380862525531224,0.04086364796261814,0
482,1774281278.7477093,15,0.0,0.0,0.0,0.0,0.0,5.992770195007324,0.0,0.10311080614725748,0.7733310461044312,0.26288200630357444,15,0.04872322082519531,0.025645594845782584,0.029952963053340644,0.04057994877754107,0
483,1774281278.8479857,15,0.0,0.0,0.0,0.0,0.0,6.043910980224609,0.0,0.0,0.0,0.0,15,0.0,0.0,0.04039789046814193,0.040372099196315236,0
484,1774281278.94725,18,0.0,0.0,0.0,0.0,0.0,5.992770195007324,0.0,0.16111063460508981,0.9666638076305389,0.36025433087511083,18,0.05296002263608186,0.027875856463728543,0.038666552305221556,0.040372099196315236,0
485,1774281279.0480955,17,0.0,0.0,0.0,0.0,0.0,5.860805511474609,0.0,0.1819602461422191,1.3533293306827545,0.4166129744287922,17,0.11377675192696708,0.059871108552691364,0.03741924416634344,0.039836359067307876,0
486,1774281279.1479619,17,0.0,0.0,0.0,0.0,0.0,5.992770195007324,0.0,0.13647018460666432,0.7733310461044312,0.2948092931665478,17,0.058003834315708706,0.03052948160151458,0.041202063931793466,0.03318456725928828,0
487,1774281279.2476363,16,0.0,0.0,0.0,0.0,0.0,5.992770195007324,0.0,0.07249978557229042,0.5799982845783234,0.19181640272978906,16,-0.053876638412475586,-0.028365453231552852,0.0697265697307274,0.031471191041861336,0
488,1774281279.347464,19,-0.03452050058465255,-0.6558895111083984,0.0,0.021449969291069952,0.6558895111083984,6.043910980224609,0.1085207100591716,0.09157867651236684,0.5799982845783234,0.21149189414577863,19,-0.03452050058465255,-0.01816812961496331,0.13502605566902767,0.028471494092191067,0
489,1774281279.4476979,18,0.0,0.0,0.0,0.0,0.0,5.992770195007324,0.0,0.10740708973672655,0.9666638076305389,0.3037931260014055,18,0.0,0.0,0.12687462475150824,0.028471494092191067,0
490,1774281279.5479553,18,0.0,0.0,0.0,0.0,0.0,5.992770195007324,0.0,0.16111063460508981,0.9666638076305389,0.36025433087511083,18,0.10860508138483221,0.05717096859640883,0.09206321977433704,0.028471494092191067,0
491,1774281279.6476493,18,-0.036438306172688804,-0.6558895111083984,0.0,0.02257175266448838,0.6558895111083984,5.992770195007324,0.10944679835292713,0.2148141794734531,1.5466620922088623,0.5028671014608472,18,0.019334611438569564,0.010178216871910737,0.027618965932301114,0.019160910793229787,0
492,1774281279.7473507,20,0.0,0.0,0.0,0.0,0.0,6.043910980224609,0.0,0.08699974268674851,0.9666638076305389,0.23260269408006104,20,0.05856156349182129,0.03082448484991472,0.009999970423764196,0.015984516759167625,0
493,1774281279.8478558,19,0.0,0.0,0.0,0.0,0.0,5.992770195007324,0.0,0.08140326801099275,0.7733310461044312,0.20146280987461626,19,0.0,0.0,0.010357112224612917,0.010648139519484899,0
494,1774281279.9473689,22,0.0,0.0,0.0,0.0,0.0,6.043910980224609,0.0,0.07030282237313011,0.3866655230522156,0.14913480730978085,22,0.0,0.0,0.0,0.010648139519484899,0
495,1774281280.0524478,22,0.1341592181812633,-1.546025276184082,1.6865730285644531,0.3650030305109791,3.232598304748535,6.043910980224609,0.5348520710059171,0.15818135033954273,0.5799982845783234,0.25830906343753496,22,0.1341592181812633,0.07044727907620607,0.0,0.03187349709409823,0
496,1774281280.152026,20,0.0,0.0,0.0,0.0,0.0,5.992770195007324,0.0,0.13533293306827546,0.7733310461044312,0.27409649564599475,20,0.0,0.0,0.02101443060066389,0.03187349709409823,0
497,1774281280.2525618,19,0.0,0.0,0.0,0.0,0.0,5.992770195007324,0.0,0.12210490201648913,0.7733310461044312,0.2819891921943715,19,0.0,0.0,0.04833319038152695,0.03187349709409823,0
498,1774281280.3525846,22,-0.1362887295809659,-1.546025276184082,0.0,0.18594571013520095,1.546025276184082,6.043910980224609,0.2557988165680473,0.13181779194961896,0.7733310461044312,0.2818970044571657,22,-0.1362887295809659,-0.071544056011623,0.050634770875885374,0.044059978233426195,0
499,1774281280.4520228,21,0.01338550022670201,-0.6090402603149414,1.452326774597168,0.13297520124478054,2.0613670349121094,6.043910980224609,0.34106508875739644,0.11047586372920445,0.7733310461044312,0.23543717269438347,21,0.01338550022670201,0.007030021716685152,0.06294555026431416,0.044211807836837515,0
500,1774281280.552375,21,-0.13608591897147043,-1.452326774597168,0.0,0.1759863431400344,1.452326774597168,6.043910980224609,0.2402958579881657,0.08285689779690333,0.5799982845783234,0.20295712127234886,21,-0.13608591897147043,-0.07144563040276847,0.03596888586532238,0.05285575476468923,0
501,1774281280.6520507,18,-0.07808208465576172,-0.5153417587280273,0.0,0.03072793219871528,0.5153417587280273,6.043910980224609,0.08526627218934911,0.02148141794734531,0.3866655230522156,0.08857015518494361,18,-0.07808208465576172,-0.04100214500687146,0.09263861489792664,0.054835129392086894,0
502,1774281280.7530456,17,0.0,0.0,0.0,0.0,0.0,5.992770195007324,0.0,0.09098012307110954,0.5799982845783234,0.20023379562052793,17,0.0,0.0,0.11986631214618683,0.054835129392086894,0
503,1774281280.8525937,20,-0.025767087936401367,-0.5153417587280273,0.0,0.012614913593722576,0.5153417587280273,5.992770195007324,0.08599391299158561,0.05799982845783234,0.3866655230522156,0.13806720793312413,20,-0.025767087936401367,-0.013523589983521428,0.15987132203120452,0.05480095283587481,0
504,1774281280.9521072,22,-0.03620169379494407,-0.4216432571411133,0.0,0.013155509343045014,0.4216432571411133,5.992770195007324,0.07035865608402458,0.035151411186565056,0.1933327615261078,0.07456740365489042,22,-0.03620169379494407,-0.019013377540370514,0.1314662778377533,0.05487402990097021,0
505,1774281281.0521827,23,-0.04277540289837381,-0.5153417587280273,0.0,0.019259932658173967,0.5153417587280273,5.992770195007324,0.08599391299158561,0.033623088961062225,0.3866655230522156,0.10895126051807201,23,-0.04277540289837381,-0.02246346771389994,0.10038431848470981,0.05501130068264266,0
506,1774281281.1529746,27,0.015616416931152344,-0.5153417587280273,1.405477523803711,0.09088314338138541,1.9208192825317383,5.992770195007324,0.3205227666050009,0.02148141794734531,0.3866655230522156,0.08037610614106287,27,0.015616416931152344,0.008196138730221654,0.09119469883306972,0.05538402472243362,0
507,1774281281.2525108,24,0.007808208465576172,-0.4684925079345703,0.9369850158691406,0.09303735026833237,1.405477523803711,5.992770195007324,0.2345288536134153,0.024166595190763474,0.1933327615261078,0.06393880090992969,24,0.04232870905022872,0.022219250067952077,0.11951479803432118,0.055537897182165064,0
508,1774281281.3523052,22,-0.006388534199107777,-0.4684925079345703,0.3279447555541992,0.014824322661983507,0.7964372634887695,5.992770195007324,0.13289968371426866,0.0,0.0,0.0,22,-0.006388534199107777,-0.0033542527179006207,0.16111063460508981,0.05545176231896691,0
509,1774281281.4524214,21,-0.015616416931152344,-0.3279447555541992,0.0,0.004877449555351632,0.3279447555541992,5.992770195007324,0.054723399176463565,0.0,0.0,0.0,21,-0.015616416931152344,-0.008199892086916353,0.1519043126276561,0.0553258030594424,0
510,1774281281.5527406,22,-0.09795752438631924,-0.9369850158691406,0.37479400634765625,0.06602696174930554,1.3117790222167969,5.992770195007324,0.21889359670585426,0.008787852796641264,0.1933327615261078,0.04027100063673795,22,-0.06151921821363044,-0.032292005467258376,0.1254967048502805,0.057869691818527316,0
511,1774281281.6529427,19,-0.007397250125282689,-0.4216432571411133,0.37479400634765625,0.031712879768203195,0.7964372634887695,5.992770195007324,0.13289968371426866,0.010175408501374094,0.1933327615261078,0.04317060211598919,19,-0.007397250125282689,-0.003881864671046244,0.07923473833037205,0.057854328931884705,0
512,1774281281.7525167,20,-0.004684925079345703,-0.7495880126953125,1.546025276184082,0.1674452819599992,2.2956132888793945,5.992770195007324,0.38306379423524495,0.0,0.0,0.0,20,-0.004684925079345703,-0.0024597160473752576,0.10433831574424865,0.05777996676175685,0
513,1774281281.85217,20,0.03279447555541992,-0.4684925079345703,1.546025276184082,0.13829764341721784,2.0145177841186523,6.043910980224609,0.33331360946745564,0.0,0.0,0.0,20,0.03279447555541992,0.01721674511519448,0.12083297595381737,0.058803635505427304,0
514,1774281281.952241,18,0.08589029312133789,-0.4684925079345703,1.2649297714233398,0.12492367673644367,1.7334222793579102,6.043910980224609,0.2868047337278106,0.0,0.0,0.0,18,-0.048268925059925416,-0.02540746349659406,0.1394531394614548,0.06303148906994326,0
515,1774281282.0529268,24,0.037088990211486816,-0.4684925079345703,1.405477523803711,0.10333715194654758,1.8739700317382812,6.043910980224609,0.31005917159763313,0.0,0.0,0.0,24,0.037088990211486816,0.0195112703494162,0.12994497086181014,0.05453274757113862,0
516,1774281282.152655,24,-0.021472573280334473,-0.7495880126953125,1.405477523803711,0.13955221489503344,2.1550655364990234,6.043910980224609,0.3565680473372781,0.0,0.0,0.0,24,-0.021472573280334473,-0.011300800746037929,0.1216125435406162,0.05434472779999039,0
517,1774281282.2478569,23,0.05907079447870669,-0.8432865142822266,1.405477523803711,0.23174155077329772,2.2487640380859375,6.043910980224609,0.37207100591715975,0.0,0.0,0.0,23,0.1953595240596726,0.10307728799916434,0.10874967835843563,0.056938571168604665,0
518,1774281282.3476305,23,0.04888617474099864,-0.4216432571411133,1.405477523803711,0.13292755762657849,1.8271207809448242,6.043910980224609,0.30230769230769233,0.016811544480531113,0.1933327615261078,0.054475630259036005,23,0.03550067451429663,0.01872785931877066,0.07411089191834132,0.05174586456999306,0
519,1774281282.4475856,24,0.09174644947052002,-0.6558895111083984,1.405477523803711,0.18738170459720038,2.0613670349121094,6.043910980224609,0.34106508875739644,0.0,0.0,0.0,24,0.22783236844199045,0.12021480880207963,0.06559504408921514,0.05604946142415773,0
520,1774281282.5478272,22,0.15971335497769443,0.0,1.405477523803711,0.10488582405904458,1.405477523803711,6.043910980224609,0.23254437869822486,0.0,0.0,0.0,22,0.23779543963345615,0.12543432116031522,0.05624225789850408,0.05840012855433696,0
521,1774281282.648316,25,0.15179157257080078,-0.6558895111083984,1.405477523803711,0.17914911236402986,2.0613670349121094,6.043910980224609,0.34106508875739644,0.030933241844177246,0.7733310461044312,0.15154131721668715,25,0.15179157257080078,0.08008966782147951,0.0589828763977956,0.06239534526599249,0
522,1774281282.7482038,25,0.007495880126953125,-0.7495880126953125,0.5153417587280273,0.05437614881884656,1.2649297714233398,6.043910980224609,0.20928994082840235,0.0695997941493988,0.5799982845783234,0.18847713354149107,25,0.03326296806335449,0.017547368083448575,0.041640902482546295,0.06228684856057058,0
523,1774281282.8480148,22,-0.014906579797918146,-0.7495880126953125,0.4216432571411133,0.033398940472777146,1.1712312698364258,6.043910980224609,0.1937869822485207,0.035151411186565056,0.5799982845783234,0.1255156435755674,22,0.021295113997025925,0.011232147359188399,0.029536949677599802,0.061914426087783775,0
524,1774281282.9478,25,-0.035605430603027344,-0.7495880126953125,0.4216432571411133,0.04096121156180743,1.1712312698364258,6.043910980224609,0.1937869822485207,0.023199931383132935,0.1933327615261078,0.06282571118049703,25,0.007169972295346466,0.0037823945251086043,0.02612604885487943,0.061886277830849115,0
525,1774281283.0483556,25,0.02810955047607422,-0.5621910095214844,0.8432865142822266,0.04740880967801786,1.405477523803711,6.043910980224609,0.23254437869822486,0.09279972553253174,1.73999485373497,0.3463625353844092,25,0.012493133544921875,0.006591357472460957,0.015890363961049956,0.06004573244553856,0
526,1774281283.1479545,24,0.011712312698364258,-0.5621910095214844,1.405477523803711,0.12332326360109391,1.9676685333251953,6.043910980224609,0.3255621301775148,0.0,0.0,0.0,24,0.003904104232788086,0.0020597310689331296,0.00865669081460184,0.06008582651643998,0
527,1774281283.2477767,24,-0.017568469047546387,-0.4216432571411133,0.0,0.007098975407515695,0.4216432571411133,6.043910980224609,0.06976331360946746,0.024166595190763474,0.1933327615261078,0.06393880090992969,24,-0.01117993484843861,-0.005898233984841792,0.0029743501773247354,0.060719159694820085,0
528,1774281283.3480005,24,0.001952052116394043,-0.5621910095214844,1.546025276184082,0.13123006659121472,2.1082162857055664,6.043910980224609,0.3488165680473373,0.03222212692101797,0.3866655230522156,0.10686870494422632,24,0.017568469047546387,0.009268127640119311,0.006236540694390574,0.060533008959305176,0
529,1774281283.4480689,24,0.005856156349182129,-0.4216432571411133,0.5621910095214844,0.02054244574445363,0.9838342666625977,6.043910980224609,0.1627810650887574,0.03222212692101797,0.3866655230522156,0.10686870494422632,24,0.10381368073550137,0.05477345621319211,0.006338779066429764,0.05999016765944749,0
530,1774281283.547714,23,0.04684925079345703,0.0,0.5621910095214844,0.023093663329469247,0.5621910095214844,6.043910980224609,0.09301775147928994,0.07565195016239,0.5799982845783234,0.19533249539136668,23,0.05424650091873972,0.028629576479688335,0.0032768264665441996,0.05289648112187602,0
531,1774281283.6482232,19,0.0,0.0,0.0,0.0,0.0,6.043910980224609,0.0,0.020350817002748187,0.3866655230522156,0.08634120423197839,19,0.004684925079345703,0.0024713347182030716,0.0,0.05263537982804273,0
532,1774281283.74808,22,-0.057496807791969994,-0.6558895111083984,0.0,0.033108712069483515,0.6558895111083984,6.043910980224609,0.1085207100591716,0.05272711677984758,0.3866655230522156,0.13269366731234514,22,-0.09029128334738992,-0.04762424491341272,0.0,0.0557303614018803,0
533,1774281283.8480747,22,0.0,0.0,0.0,0.0,0.0,6.043910980224609,0.0,0.035151411186565056,0.3866655230522156,0.09464807122150211,22,-0.08589029312133789,-0.045304760502247125,0.0,0.05613720913474629,0
534,1774281283.9476044,22,0.0,0.0,0.0,0.0,0.0,6.043910980224609,0.0,0.035151411186565056,0.3866655230522156,0.11115852231866752,22,-0.037088990211486816,-0.019575356486982144,0.0,0.054927968283470414,0
535,1774281284.0477183,20,-0.03279447555541992,-0.6558895111083984,0.0,0.02043407491214566,0.6558895111083984,6.043910980224609,0.1085207100591716,0.009666638076305389,0.1933327615261078,0.042135898498397606,20,-0.01132190227508545,-0.0059744187310466716,0.005523793186460222,0.05626456610079018,0
536,1774281284.1478486,22,0.023424625396728516,-0.6558895111083984,1.8271207809448242,0.19030367100340714,2.4830102920532227,6.043910980224609,0.4108284023668639,0.07030282237313011,0.3866655230522156,0.14913480730978085,22,-0.03564616908197817,-0.018761223078217742,0.005523793186460222,0.05538741285103988,0
537,1774281284.2482214,26,0.07207577045147236,0.0,0.7027387619018555,0.040559312027298317,0.7027387619018555,6.043910980224609,0.11627218934911243,0.014871750886623677,0.3866655230522156,0.07435875443311839,26,0.023189595710473715,0.012201255805170562,0.005603848160177037,0.05587059432228192,0
538,1774281284.3485577,25,0.0037479400634765625,-0.6090402603149414,0.7027387619018555,0.03457682519183436,1.3117790222167969,6.043910980224609,0.2170414201183432,0.0695997941493988,0.5799982845783234,0.18847713354149107,25,-0.08799850940704346,-0.04629132016974247,0.010891986564851143,0.055753994952638206,0
539,1774281284.4480424,25,0.0,0.0,0.0,0.0,0.0,5.992770195007324,0.0,0.0695997941493988,0.5799982845783234,0.18847713354149107,25,-0.15971335497769443,-0.08405014298932553,0.03490730416443613,0.05358391342527458,0
540,1774281284.5479393,24,-0.02537667751312256,-0.6090402603149414,0.0,0.014811442516915463,0.6090402603149414,6.043910980224609,0.10076923076923076,0.08861084903279941,0.7733310461044312,0.2366462411015843,24,-0.17716825008392334,-0.09326493379811582,0.04564801313810878,0.04324708598718992,0
541,1774281284.6481218,23,-0.02648001131804093,-0.6090402603149414,0.0,0.015426201986878673,0.6090402603149414,5.992770195007324,0.10162916989914662,0.12608658360398334,1.1599965691566467,0.2940819214320869,23,-0.03397589144499406,-0.017882819166681645,0.04296283589469062,0.028718656211229106,0
542,1774281284.747722,24,-0.12493133544921875,-0.8432865142822266,0.0,0.07895371467725454,0.8432865142822266,6.043910980224609,0.1395266272189349,0.2738880788286527,1.5466620922088623,0.5743769241256861,24,-0.1100247556513006,-0.057916695090201094,0.05101836762494511,0.03940226942766026,0
543,1774281284.847875,19,-0.044383500751696135,-0.8432865142822266,0.0,0.03545811250156461,0.8432865142822266,6.043910980224609,0.1395266272189349,0.3866655230522156,1.9333276152610779,0.7500870549575495,19,-0.008778070148668791,-0.004619854078150531,0.039189073282319145,0.04021077152167302,0
544,1774281284.9525313,19,-0.1972600033408717,-0.8432865142822266,0.0,0.11010741039151835,0.8432865142822266,6.043910980224609,0.1395266272189349,0.3154376635425969,1.3533293306827545,0.5330204933565225,19,-0.22536955381694593,-0.11835543690086353,0.03972590990262489,0.05740751352054908,0
545,1774281285.052487,19,-0.20958875354967618,-0.8901357650756836,0.0,0.12415203314162368,0.8901357650756836,6.043910980224609,0.14727810650887574,0.25438521253435237,1.1599965691566467,0.4348127195680007,19,-0.22130106624804044,-0.11619705837774737,0.018796240703927145,0.07011410195848268,0
546,1774281285.147399,18,-0.17178058624267578,-0.8432865142822266,0.0,0.10388967552898976,0.8432865142822266,6.043910980224609,0.1395266272189349,0.18259205255243513,0.7733310461044312,0.29862261638356064,18,-0.1542121171951294,-0.08118041421041461,0.029536949677599802,0.07600781335098397,0
547,1774281285.2476242,17,-0.09921017815085019,-0.9369850158691406,0.0,0.07485281753597078,0.9369850158691406,6.043910980224609,0.15502958579881657,0.1705877307583304,0.9666638076305389,0.36851161645818475,17,-0.10116223026724423,-0.053253828042654196,0.04629094290061736,0.07700347735647313,0
548,1774281285.3472111,14,0.0,0.0,0.0,0.0,0.0,6.043910980224609,0.0,0.0,0.0,0.0,14,-0.005856156349182129,-0.0030835796012343105,0.043939263983206314,0.07694921562615845,0
549,1774281285.447483,14,0.0,0.0,0.0,0.0,0.0,6.043910980224609,0.0,0.0,0.0,0.0,14,-0.04684925079345703,-0.024660497735438415,0.05135401478037238,0.07677801182300832,1
550,1774281285.5477874,17,-0.049605089075425095,-0.8432865142822266,0.0,0.039370637794893734,0.8432865142822266,5.992770195007324,0.14071731216804917,0.0,0.0,0.0,17,-0.049605089075425095,-0.02611393041970188,0.036825287909734813,0.07401514266774717,1
551,1774281285.6479576,15,0.0,0.0,0.0,0.0,0.0,6.043910980224609,0.0,0.0,0.0,0.0,15,0.057496807791969994,0.030263428211942542,0.041009979717659226,0.07401514266774717,1
552,1774281285.7482808,19,-0.09369850158691406,-0.9369850158691406,0.0,0.07485601528108084,0.9369850158691406,5.992770195007324,0.15635256907561018,0.0,0.0,0.0,19,-0.09369850158691406,-0.049309652320527295,0.027187419589608908,0.0746897248640699,1
553,1774281285.8481073,17,0.0,0.0,0.0,0.0,0.0,6.043910980224609,0.0,0.0,0.0,0.0,17,0.0,0.0,0.039270717184990644,0.0746897248640699,1
554,1774281285.947436,19,-0.18493125313206724,-0.9369850158691406,0.0,0.1285660574345139,0.9369850158691406,5.992770195007324,0.15635256907561018,0.0,0.0,0.0,19,-0.15213677757664731,-0.08008388243475612,0.031274417305693906,0.07937694071354663,1
555,1774281286.0473287,17,-0.1047218547147863,-0.9369850158691406,0.0,0.08250821932942232,0.9369850158691406,5.992770195007324,0.15635256907561018,0.0,0.0,0.0,17,-0.1281464801115148,-0.06746397596455063,0.050319485876658195,0.07978007687706878,1
556,1774281286.1481304,17,-0.049605089075425095,-0.8432865142822266,0.0,0.039370637794893734,0.8432865142822266,5.992770195007324,0.14071731216804917,0.0,0.0,0.0,17,-0.12168085952689744,-0.06404562443775748,0.050877042506870473,0.07744029426335652,1
557,1774281286.247879,17,-0.049605089075425095,-0.8432865142822266,0.0,0.039370637794893734,0.8432865142822266,5.992770195007324,0.14071731216804917,0.0,0.0,0.0,17,-0.05335302913890166,-0.028090575640079704,0.07576554167915035,0.07091436827016945,1
558,1774281286.348007,18,-0.04684925079345703,-0.8432865142822266,0.0,0.03731248909843998,0.8432865142822266,6.043910980224609,0.1395266272189349,0.0,0.0,0.0,18,-0.04684925079345703,-0.02465796021071074,0.09398120351963574,0.06906785043497736,1
559,1774281286.447114,16,-0.05270540714263916,-0.8432865142822266,0.0,0.041667899131070385,0.8432865142822266,5.992770195007324,0.14071731216804917,0.0,0.0,0.0,16,-0.0273287296295166,-0.014389792455568338,0.16337979847276715,0.0671774976547186,1
560,1774281286.548178,17,0.0,0.0,0.0,0.0,0.0,5.992770195007324,0.0,0.0,0.0,0.0,17,0.02648001131804093,0.013936436396420207,0.2548477311025966,0.06836104152943155,1
561,1774281286.6471565,15,0.0,0.0,0.0,0.0,0.0,6.043910980224609,0.0,0.0,0.0,0.0,15,0.12493133544921875,0.0657729082395128,0.3211818457611145,0.06953940378172958,1
562,1774281286.7472398,14,0.0,0.0,0.0,0.0,0.0,6.043910980224609,0.0,0.0,0.0,0.0,14,0.044383500751696135,0.023367550487502137,0.31882946637638826,0.0702858937043992,1
563,1774281286.8476124,17,0.0,0.0,0.0,0.0,0.0,6.043910980224609,0.0,0.0,0.0,0.0,17,0.1972600033408717,0.10409053694255925,0.2520230641322477,0.07167392381658065,1
564,1774281286.9479547,16,0.0,0.0,0.0,0.0,0.0,6.043910980224609,0.0,0.0,0.0,0.0,16,0.20958875354967618,0.11057363157211533,0.20407347049978045,0.06622625784655134,1
565,1774281287.0475574,15,0.0,0.0,0.0,0.0,0.0,6.043910980224609,0.0,0.0,0.0,0.0,15,0.17178058624267578,0.0904032978320022,0.12625812997623365,0.05696801988365802,1
566,1774281287.148013,15,0.0,0.0,0.0,0.0,0.0,5.992770195007324,0.0,0.0,0.0,0.0,15,0.09921017815085019,0.05220519611733559,0.06444425384203593,0.0497141590906543,1
567,1774281287.2475054,15,0.0,0.0,0.0,0.0,0.0,5.992770195007324,0.0,0.0,0.0,0.0,15,0.0,0.0,0.0,0.04813872993984761,1
568,1774281287.347525,13,0.0,0.0,0.0,0.0,0.0,5.992770195007324,0.0,0.0,0.0,0.0,13,0.0,0.0,0.0,0.0481387299398476,1
569,1774281287.4479873,13,0.0,0.0,0.0,0.0,0.0,5.992770195007324,0.0,0.0,0.0,0.0,13,0.049605089075425095,0.026105195212834175,0.0,0.0481387299398476,1
570,1774281287.5471244,15,-0.11556148529052734,-0.8901357650756836,0.0,0.08687713147992326,0.8901357650756836,5.992770195007324,0.14853494062182968,0.0,0.0,0.0,15,-0.11556148529052734,-0.060848517321113585,0.0,0.05140837408991642,1
571,1774281287.6468027,13,0.0,0.0,0.0,0.0,0.0,5.992770195007324,0.0,0.0,0.0,0.0,13,0.09369850158691406,0.04935339517451888,0.0,0.05140837408991642,1
572,1774281287.7471411,14,0.0,0.0,0.0,0.0,0.0,5.992770195007324,0.0,0.0,0.0,0.0,14,0.0,0.0,0.0,0.05008751168828833,1
573,1774281287.8467684,14,0.0,0.0,0.0,0.0,0.0,5.992770195007324,0.0,0.0,0.0,0.0,14,0.18493125313206724,0.09736645588538455,0.0,0.05008751168828833,1
574,1774281287.9468505,14,0.0,0.0,0.0,0.0,0.0,5.992770195007324,0.0,0.0,0.0,0.0,14,0.1047218547147863,0.05513064034737132,0.0,0.035661672008955494,0
575,1774281288.046758,16,-0.061489641666412354,-0.9838342666625977,0.0,0.05671464048395691,0.9838342666625977,5.992770195007324,0.16417019752939072,0.0,0.0,0.0,16,-0.011884552590987259,-0.006259549315625561,0.0,0.03159714621388116,0
576,1774281288.1472921,17,-0.16535029691808364,-0.9838342666625977,0.0,0.12784824780849555,0.9838342666625977,5.992770195007324,0.16417019752939072,0.0,0.0,0.0,17,-0.11574520784265854,-0.0609373533881833,0.0,0.04462505544742096,0
577,1774281288.2471483,19,-0.1479450025056538,-0.9838342666625977,0.0,0.11696556383832303,0.9838342666625977,5.992770195007324,0.16417019752939072,0.0,0.0,0.0,19,-0.10109575171219676,-0.05323234826828263,0.0,0.05193140916159855,0
578,1774281288.347421,18,-0.20301342010498047,-0.9838342666625977,0.0,0.14486025179394346,0.9838342666625977,5.992770195007324,0.16417019752939072,0.0,0.0,0.0,18,-0.1503080129623413,-0.07909670263905556,0.0,0.06423609496355331,0
579,1774281288.4469817,19,-0.19232850325734993,-0.9838342666625977,0.0,0.1392910420800489,0.9838342666625977,5.992770195007324,0.16417019752939072,0.0,0.0,0.0,19,-0.19232850325734993,-0.10128930239049892,0.0,0.07257630006983067,0
580,1774281288.5469794,19,-0.1405477523803711,-0.9369850158691406,0.0,0.10558394747979612,0.9369850158691406,5.992770195007324,0.15635256907561018,0.0,0.0,0.0,19,-0.1405477523803711,-0.07397939495020038,0.0,0.07472088834929343,0
581,1774281288.6469216,19,-0.09616425162867497,-0.9369850158691406,0.0,0.0786620472471267,0.9369850158691406,5.992770195007324,0.15635256907561018,0.0,0.0,0.0,19,-0.09616425162867497,-0.05062124156602457,0.0,0.07435747627689737,0
582,1774281288.7469387,19,-0.1479450025056538,-0.9838342666625977,0.0,0.11696556383832302,0.9838342666625977,5.992770195007324,0.16417019752939072,0.0,0.0,0.0,19,-0.1479450025056538,-0.07789340915257996,0.0,0.07575244907877424,0
583,1774281288.846876,18,-0.05205472310384115,-0.9369850158691406,0.0,0.04606480135609874,0.9369850158691406,5.992770195007324,0.15635256907561018,0.0,0.0,0.0,18,-0.05205472310384115,-0.02741278663782758,0.0,0.07440770549464881,0
584,1774281288.9467773,14,0.0,0.0,0.0,0.0,0.0,5.992770195007324,0.0,0.0,0.0,0.0,14,0.0,0.0,0.0,0.07440770549464881,0
585,1774281289.047234,14,0.0,0.0,0.0,0.0,0.0,5.992770195007324,0.0,0.0,0.0,0.0,14,0.0,0.0,0.0,0.07440770549464881,0
586,1774281289.1471148,18,-0.15876690546671549,-0.9838342666625977,0.0,0.1261159421833074,0.9838342666625977,5.992770195007324,0.16417019752939072,0.0,0.0,0.0,18,-0.15876690546671549,-0.08357871441440909,0.0,0.0753927647916409,0
587,1774281289.2469695,18,-0.15616416931152344,-0.9838342666625977,0.0,0.12218011136155837,0.9838342666625977,5.992770195007324,0.16417019752939072,0.0,0.0,0.0,18,-0.15616416931152344,-0.08221570186854324,0.0,0.07540515362584246,0
588,1774281289.3475142,18,-0.20301342010498047,-0.9838342666625977,0.0,0.14486025179394346,0.9838342666625977,5.992770195007324,0.16417019752939072,0.0,0.0,0.0,18,-0.20301342010498047,-0.10687578423166101,0.0,0.07734094983502851,0
589,1774281289.4467044,18,-0.15616416931152344,-0.9838342666625977,0.0,0.12218011136155837,0.9838342666625977,5.992770195007324,0.16417019752939072,0.0,0.0,0.0,18,-0.040602684020996094,-0.021374558577084465,0.0,0.07551845722974546,0
590,1774281289.5468428,18,-0.15616416931152344,-0.9838342666625977,0.0,0.12218011136155837,0.9838342666625977,5.992770195007324,0.16417019752939072,0.0,0.0,0.0,18,-0.15616416931152344,-0.08218993126914052,0.0,0.07645415236530995,0
591,1774281289.6470141,18,-0.10671218236287434,-0.9838342666625977,0.0,0.0911608870366207,0.9838342666625977,5.992770195007324,0.16417019752939072,0.0,0.0,0.0,18,-0.10671218236287434,-0.05616806035823321,0.0,0.07279574267567551,0
592,1774281289.7469418,18,-0.15616416931152344,-0.9838342666625977,0.0,0.12218011136155837,0.9838342666625977,5.992770195007324,0.16417019752939072,0.0,0.0,0.0,18,-0.15616416931152344,-0.08218416656158385,0.0,0.06916409657557519,0
593,1774281289.8470309,17,-0.055116765639361215,-0.9369850158691406,0.0,0.04860572567270831,0.9369850158691406,5.992770195007324,0.15635256907561018,0.0,0.0,0.0,17,-0.055116765639361215,-0.029006070889449686,0.0,0.06552961976232044,0
594,1774281289.947009,17,-0.16535029691808364,-0.9838342666625977,0.0,0.12784824780849552,0.9838342666625977,5.992770195007324,0.16417019752939072,0.0,0.0,0.0,17,-0.10386065525167129,-0.05465627806329652,0.0,0.06037987346920874,0
595,1774281290.0474675,15,0.0,0.0,0.0,0.0,0.0,5.992770195007324,0.0,0.0,0.0,0.0,15,0.16535029691808364,0.08701844195347,0.0,0.06497797475883575,0
596,1774281290.1469066,18,0.0,0.0,0.0,0.0,0.0,5.992770195007324,0.0,0.010740708973672655,0.1933327615261078,0.04428507759247181,18,0.1479450025056538,0.07787569580514077,0.0,0.06942407721577504,0
597,1774281290.2467942,16,0.0,0.0,0.0,0.0,0.0,5.992770195007324,0.0,0.0,0.0,0.0,16,0.20301342010498047,0.10688442385780844,0.0,0.07326145857508484,0
598,1774281290.347132,19,-0.10109575171219676,-0.9838342666625977,0.0,0.08693074289221034,0.9838342666625977,5.992770195007324,0.16417019752939072,0.0,0.0,0.0,19,0.09123275154515317,0.04801343956301609,0.0,0.06989260880385158,0
599,1774281290.4473107,17,0.0,0.0,0.0,0.0,0.0,5.992770195007324,0.0,0.0,0.0,0.0,17,0.1405477523803711,0.0739596066377712,0.0,0.07005959972477292,0
600,1774281290.5474572,17,0.0,0.0,0.0,0.0,0.0,5.992770195007324,0.0,0.0,0.0,0.0,17,0.09616425162867497,0.050598501003479165,0.0,0.07191903100717027,0
601,1774281290.647109,17,0.0,0.0,0.0,0.0,0.0,5.992770195007324,0.0,0.0,0.0,0.0,17,0.1479450025056538,0.07785881110929405,0.0,0.07422584110574655,0
602,1774281290.747309,16,0.0,0.0,0.0,0.0,0.0,5.992770195007324,0.0,0.0,0.0,0.0,16,0.05205472310384115,0.027390979510627324,0.0,0.07453061546216459,0
603,1774281290.8470607,16,0.0,0.0,0.0,0.0,0.0,5.992770195007324,0.0,0.0,0.0,0.0,16,0.0,0.0,0.0,0.0761203939414862,0
604,1774281290.9473534,16,0.0,0.0,0.0,0.0,0.0,5.992770195007324,0.0,0.0,0.0,0.0,16,0.0,0.0,0.0,0.0761203939414862,0
605,1774281291.047475,16,0.0,0.0,0.0,0.0,0.0,6.043910980224609,0.0,0.0,0.0,0.0,16,0.15876690546671549,0.08354568427731487,0.0,0.0761203939414862,0
606,1774281291.147339,16,0.0,0.0,0.0,0.0,0.0,5.992770195007324,0.0,0.0,0.0,0.0,16,0.15616416931152344,0.08217568081610613,0.0,0.0747930328703903,0
607,1774281291.2474458,16,0.0,0.0,0.0,0.0,0.0,5.992770195007324,0.0,0.0,0.0,0.0,16,0.20301342010498047,0.10685301129103159,0.0,0.07276218364772756,0
608,1774281291.347402,20,0.0,0.0,0.0,0.0,0.0,5.992770195007324,0.0,0.038666552305221556,0.1933327615261078,0.07733310461044311,20,0.15616416931152344,0.08216149714052902,0.0,0.0651684605051572,0
609,1774281291.4472733,19,-0.03698625062641345,-0.7027387619018555,0.0,0.024623689237197634,0.7027387619018555,5.992770195007324,0.11726442680670765,0.11192949351511504,0.9666638076305389,0.24547843492829396,19,0.11917791868510999,0.06271101331575184,0.0,0.059956909322302125,0
610,1774281291.5471401,15,-0.04684925079345703,-0.7027387619018555,0.0,0.03072793219871528,0.7027387619018555,5.992770195007324,0.11726442680670765,0.0,0.0,0.0,15,0.05986293156941731,0.0315047171543509,0.0,0.05366886932123371,0
611,1774281291.6467707,16,0.0,0.0,0.0,0.0,0.0,6.043910980224609,0.0,0.0,0.0,0.0,16,0.15616416931152344,0.08219906983281587,0.0,0.05137187515739336,0
612,1774281291.7470057,17,-0.04409341251148897,-0.7495880126953125,0.0,0.031107664430533314,0.7495880126953125,5.992770195007324,0.12508205526048816,0.0,0.0,0.0,17,0.011023353127872247,0.005801841684658775,0.0,0.04242867717467581,0
613,1774281291.8466573,16,0.0,0.0,0.0,0.0,0.0,5.992770195007324,0.0,0.0,0.0,0.0,16,0.16535029691808364,0.08704258916368934,0.0038666552305221557,0.04200687753963287,0
614,1774281291.9468982,15,0.0,0.0,0.0,0.0,0.0,5.992770195007324,0.0,0.0,0.0,0.0,15,0.0,0.0,0.0039455665617573014,0.025597656340779942,0
615,1774281292.0474837,16,0.0,0.0,0.0,0.0,0.0,5.992770195007324,0.0,0.0,0.0,0.0,16,0.0,0.0,0.0036477879533227883,0.025597656340779942,0
616,1774281292.1474006,16,0.0,0.0,0.0,0.0,0.0,6.043910980224609,0.0,0.0,0.0,0.0,16,0.0,0.0,0.0,0.025597656340779942,0
617,1774281292.246717,16,-0.049777328968048096,-0.7964372634887695,0.0,0.0371667371878992,0.7964372634887695,6.043910980224609,0.13177514792899409,0.0,0.0,0.0,16,0.05131842274414866,0.027015596833645964,0.0,0.02675693363008306,0
618,1774281292.3468778,15,0.0,0.0,0.0,0.0,0.0,6.043910980224609,0.0,0.0,0.0,0.0,15,0.0,0.0,0.0,0.01789674705517535,0
619,1774281292.4472322,16,0.0,0.0,0.0,0.0,0.0,5.992770195007324,0.0,0.0,0.0,0.0,16,0.0,0.0,0.0,0.01789674705517535,0
620,1774281292.5473845,17,-0.049605089075425095,-0.8432865142822266,0.0,0.039370637794893734,0.8432865142822266,6.043910980224609,0.1395266272189349,0.10235263845499824,1.3533293306827545,0.31883633331104694,17,-0.049605089075425095,-0.026104156944184363,0.0,0.01982673614262058,0
621,1774281292.6478684,17,-0.09369850158691406,-0.8432865142822266,0.0,0.06610378691488329,0.8432865142822266,5.992770195007324,0.14071731216804917,0.011372515383888693,0.1933327615261078,0.04549006153555478,17,-0.09369850158691406,-0.04930048507663026,0.0,0.02652598248986877,0
622,1774281292.7477543,18,-0.041643778483072914,-0.7495880126953125,0.0,0.029481472867903202,0.7495880126953125,6.043910980224609,0.12402366863905326,0.0,0.0,0.0,18,-0.041643778483072914,-0.021909779292005552,0.0,0.026817198560917046,0
623,1774281292.847548,21,-0.033463750566755025,-0.7027387619018555,0.0,0.022396452039879947,0.7027387619018555,6.043910980224609,0.11627218934911243,0.0,0.0,0.0,21,-0.033463750566755025,-0.017610696175824333,0.0,0.026677236779178676,0
624,1774281292.948287,20,-0.0773012638092041,-0.8432865142822266,0.0,0.05427321024598086,0.8432865142822266,6.043910980224609,0.1395266272189349,0.0,0.0,0.0,20,-0.0773012638092041,-0.040667497597704536,0.0,0.029024276981484035,0
625,1774281293.0475512,20,0.0,0.0,0.0,0.0,0.0,6.043910980224609,0.0,0.0,0.0,0.0,20,0.0,0.0,0.014871750886623677,0.029024276981484035,0
626,1774281293.147575,20,0.0,0.0,0.0,0.0,0.0,6.043910980224609,0.0,0.009666638076305389,0.1933327615261078,0.042135898498397606,20,0.0,0.0,0.05272711677984758,0.029024276981484035,0
627,1774281293.2476902,18,0.0,0.0,0.0,0.0,0.0,6.043910980224609,0.0,0.0,0.0,0.0,18,0.0,0.0,0.053703544868363276,0.029024276981484035,0
628,1774281293.3477023,17,0.0,0.0,0.0,0.0,0.0,6.043910980224609,0.0,0.0,0.0,0.0,17,0.03698625062641345,0.019462053264909487,0.04253320753574372,0.029024276981484035,0
629,1774281293.4477975,20,-0.08667111396789551,-0.8901357650756836,0.0,0.06766180927542109,0.8901357650756836,6.043910980224609,0.14727810650887574,0.009666638076305389,0.1933327615261078,0.042135898498397606,20,-0.03982186317443848,-0.020951625922690037,0.0,0.032028478803268354,0
630,1774281293.54758,19,0.0,0.0,0.0,0.0,0.0,6.043910980224609,0.0,0.030526225504122283,0.1933327615261078,0.07049729804859288,19,0.0,0.0,0.0,0.032142320103257196,0
631,1774281293.6479034,16,-0.05270540714263916,-0.8432865142822266,0.0,0.041667899131070385,0.8432865142822266,6.043910980224609,0.1395266272189349,0.0,0.0,0.0,16,-0.008611994631150192,-0.004530488118303589,0.0,0.032242382372078965,0
632,1774281293.74768,16,0.0,0.0,0.0,0.0,0.0,6.043910980224609,0.0,0.0,0.0,0.0,16,0.0,0.0,0.0,0.03246717382995132,0
633,1774281293.8476999,14,0.0,0.0,0.0,0.0,0.0,6.043910980224609,0.0,0.0,0.0,0.0,14,0.0,0.0,0.0,0.03246717382995132,0
634,1774281293.947506,16,0.0,0.0,0.0,0.0,0.0,6.043910980224609,0.0,0.0,0.0,0.0,16,0.0,0.0,0.0,0.03246717382995132,0
635,1774281294.047688,19,-0.04191775070993524,-0.7964372634887695,0.0,0.031627760842444966,0.7964372634887695,6.043910980224609,0.13177514792899409,0.061052451008244565,0.3866655230522156,0.14099459609718576,19,-0.04191775070993524,-0.022058637517630486,0.0,0.03218628611121977,0
636,1774281294.147601,19,0.0,0.0,0.0,0.0,0.0,6.043910980224609,0.0,0.030526225504122283,0.1933327615261078,0.07049729804859288,19,0.049777328968048096,0.026186411819560926,0.0,0.03218628611121977,0
637,1774281294.2479339,19,0.0,0.0,0.0,0.0,0.0,6.043910980224609,0.0,0.0,0.0,0.0,19,0.0,0.0,0.03624989278614521,0.03220221936274134,0
638,1774281294.347508,18,-0.15876690546671549,-1.452326774597168,0.0,0.2017164102912577,1.452326774597168,6.043910980224609,0.2402958579881657,0.03222212692101797,0.3866655230522156,0.09666638076305391,18,-0.15876690546671549,-0.08354940541596709,0.038666552305221556,0.04307723026150833,0
639,1774281294.4473605,17,-0.08267514845904182,-1.405477523803711,0.0,0.10936288276359368,1.405477523803711,6.043910980224609,0.23254437869822486,0.04549006153555477,0.3866655230522156,0.12457966422660721,17,-0.03307005938361673,-0.017405514133310693,0.03717937721655919,0.04378933040794895,0
640,1774281294.5479379,16,-0.1903250813484192,-1.405477523803711,0.0,0.17132708401979002,1.405477523803711,6.043910980224609,0.23254437869822486,0.15708286873996258,0.7733310461044312,0.29965603561218856,16,-0.09662657976150513,-0.050854235081408815,0.003452370741537639,0.055232673928888545,0
641,1774281294.647339,15,-0.09369850158691406,-1.405477523803711,0.0,0.12291172879486112,1.405477523803711,6.043910980224609,0.23254437869822486,0.07733310461044311,0.5799982845783234,0.19716150472768074,15,-0.05205472310384115,-0.02740321143882842,0.0,0.055232673928888545,0
642,1774281294.7481482,19,0.0,0.0,0.0,0.0,0.0,6.043910980224609,0.0,0.08140326801099275,0.3866655230522156,0.15763675066671695,19,0.033463750566755025,0.01760693840609091,0.0,0.05602229645180946,0
643,1774281294.8478951,19,0.0,0.0,0.0,0.0,0.0,6.043910980224609,0.0,0.020350817002748187,0.3866655230522156,0.08634120423197839,19,0.0773012638092041,0.04069326845671446,0.0032222126921017964,0.05671414518148229,0
644,1774281294.9473782,19,0.0,0.0,0.0,0.0,0.0,6.043910980224609,0.0,0.08140326801099275,1.5466620922088623,0.34536481692791354,19,0.0,0.0,0.0033333234745880655,0.05662001305688037,0
645,1774281295.0472515,19,0.0,0.0,0.0,0.0,0.0,6.043910980224609,0.0,0.07122785950961866,0.5799982845783234,0.16843298091091044,19,0.0,0.0,0.003515141118656505,0.05662001305688038,0
646,1774281295.147364,18,0.0,0.0,0.0,0.0,0.0,5.860805511474609,0.0,0.11814779871039921,0.9666638076305389,0.27446662366289165,18,0.0,0.0,0.003515141118656505,0.05662001305688038,0
647,1774281295.2470443,18,-0.17178058624267578,-1.546025276184082,0.0,0.23606855847901898,1.546025276184082,5.677700042724609,0.27229780801209374,0.12888850768407187,0.5799982845783234,0.2411283184231887,18,-0.17178058624267578,-0.09044215355006478,0.013809482966150557,0.06324906945797532,0
648,1774281295.347937,21,0.0,0.0,0.0,0.0,0.0,5.860805511474609,0.0,0.04603160988716852,0.5799982845783234,0.14498130348200194,21,0.08667111396789551,0.045613025130107385,0.01406056447462602,0.06324906945797532,0
649,1774281295.4478836,23,0.0,0.0,0.0,0.0,0.0,6.043910980224609,0.0,0.05043463344159334,0.3866655230522156,0.13022166359424442,23,0.0,0.0,0.011372515383888693,0.06314104369815128,0
650,1774281295.5480785,21,0.0,0.0,0.0,0.0,0.0,6.043910980224609,0.0,0.07365057581946963,0.3866655230522156,0.15183455174561764,21,0.05270540714263916,0.027737131852898753,0.0,0.06314104369815127,0
651,1774281295.647875,22,0.0,0.0,0.0,0.0,0.0,5.992770195007324,0.0,0.166969203136184,1.9333276152610779,0.43346479215114453,22,0.0,0.0,0.0,0.06363672479762429,0
652,1774281295.7479894,23,-0.1466585242229959,-1.1712312698364258,0.0,0.14358234157017843,1.1712312698364258,5.992770195007324,0.19544071134451274,0.11768081136371779,0.5799982845783234,0.22617619909172265,23,-0.1466585242229959,-0.07717693618866031,0.023673399370543812,0.0672998780438876,0
653,1774281295.8476782,18,-0.18479426701863608,-1.1243820190429688,0.0,0.17082589644069734,1.1243820190429688,5.992770195007324,0.18762308289073223,0.06444425384203593,0.5799982845783234,0.18227587560084332,18,-0.18479426701863608,-0.09725132477613689,0.03222212692101797,0.0730265208119349,0
654,1774281295.9474404,19,-0.05917800100226151,-1.1243820190429688,0.0,0.06303664444722595,1.1243820190429688,6.043910980224609,0.18603550295857987,0.12210490201648913,0.7733310461044312,0.2819891921943715,19,-0.017260250292326272,-0.009085526349641397,0.030526225504122283,0.07198912864136621,0
655,1774281296.0475807,22,-0.10860508138483221,-1.2180805206298828,0.0,0.11800052003287638,1.2180805206298828,5.992770195007324,0.20325833979829325,0.17575705593282526,1.1599965691566467,0.39924328470808285,22,-0.10860508138483221,-0.05716117596729355,0.020714224449225833,0.07277705648395551,0
656,1774281296.151913,21,0.0,0.0,0.0,0.0,0.0,6.043910980224609,0.0,0.08285689779690333,0.7733310461044312,0.20295712127234888,21,0.0,0.0,0.02506165427190286,0.07277705648395551,0
657,1774281296.252212,19,0.0,0.0,0.0,0.0,0.0,6.043910980224609,0.0,0.09157867651236684,0.5799982845783234,0.18145352666180922,19,0.15876690546671549,0.08335515525609591,0.07581676922592462,0.07277705648395551,0
658,1774281296.3523538,20,-0.06324648857116699,-1.2649297714233398,0.0,0.07600224801507238,1.2649297714233398,5.992770195007324,0.21107596825207375,0.2706658661365509,2.1266603767871857,0.6423770121506466,20,0.01942865988787483,0.01019880748769048,0.09263861489792664,0.06917218603639853,0
659,1774281296.4521503,19,-0.1356162522968493,-1.3117790222167969,0.0,0.156387786310913,1.3117790222167969,5.992770195007324,0.21889359670585426,0.10175408501374095,0.9666638076305389,0.2966615874095612,19,0.0547088290515699,0.028730422563088838,0.1043996912240982,0.07116307450154641,0
660,1774281296.552192,18,0.0,0.0,0.0,0.0,0.0,5.992770195007324,0.0,0.03222212692101797,0.1933327615261078,0.07205086617502215,18,0.09369850158691406,0.04918936428316452,0.05836460725316461,0.06527270070541084,0
661,1774281296.652277,19,-0.06164375104402241,-1.1712312698364258,0.0,0.06839913676999344,1.1712312698364258,6.043910980224609,0.1937869822485207,0.040701634005496375,0.1933327615261078,0.07881837533335848,19,-0.06164375104402241,-0.03237372985007157,0.061052451008244565,0.06452456932315213,0
662,1774281296.75296,22,-0.059626319191672585,-1.3117790222167969,0.0,0.07466125674729168,1.3117790222167969,6.043910980224609,0.2170414201183432,0.07030282237313011,0.3866655230522156,0.13727064891376559,22,-0.059626319191672585,-0.031298840085010424,0.0576606481744532,0.06367558617097856,0
663,1774281296.8522422,20,-0.19442439079284668,-1.3117790222167969,0.0,0.21427794290929114,1.3117790222167969,6.043910980224609,0.2170414201183432,0.05799982845783234,0.3866655230522156,0.13806720793312413,20,-0.19442439079284668,-0.10206733045633569,0.08976163927997861,0.06990423725116895,0
664,1774281296.9521596,20,-0.1499176025390625,-2.99835205078125,0.0,0.42703046347014606,2.99835205078125,6.043910980224609,0.49609467455621303,0.02899991422891617,0.1933327615261078,0.06903360396656207,20,-0.1499176025390625,-0.07870069754250564,0.10545423355969516,0.07117223292348311,0
665,1774281297.0522866,20,-0.07964372634887695,-1.592874526977539,0.0,0.12051933978796114,1.592874526977539,5.860805511474609,0.2717842323651452,0.02899991422891617,0.1933327615261078,0.06903360396656207,20,-0.07964372634887695,-0.04180942636415691,0.09497047934615821,0.06953393117612089,0
666,1774281297.1523044,21,-0.20747525351388113,-1.546025276184082,0.0,0.2597391197905009,1.546025276184082,5.992770195007324,0.2579817389747568,0.018412643954867407,0.1933327615261078,0.056751580113533366,21,-0.03569466727120535,-0.018734800320636808,0.0717202179854916,0.07356374255754579,0
667,1774281297.2525475,21,0.0,0.0,0.0,0.0,0.0,5.992770195007324,0.0,0.018412643954867407,0.1933327615261078,0.056751580113533366,21,0.0,0.0,0.05651265336916997,0.07249888963969442,0
668,1774281297.3522832,20,-0.06324648857116699,-1.2649297714233398,0.0,0.07600224801507238,1.2649297714233398,6.043910980224609,0.20928994082840235,0.0,0.0,0.0,20,-0.06324648857116699,-0.033210722928988586,0.0966663807630539,0.0706207845618575,0
669,1774281297.452078,22,0.0,0.0,0.0,0.0,0.0,5.992770195007324,0.0,0.008787852796641264,0.1933327615261078,0.04027100063673795,22,0.0,0.0,0.1201006548874306,0.07062078456185748,0
670,1774281297.5525105,22,0.0,0.0,0.0,0.0,0.0,6.043910980224609,0.0,0.017575705593282528,0.1933327615261078,0.05557926115933376,22,0.0,0.0,0.11968218570663816,0.07062078456185748,0
671,1774281297.6522617,23,-0.054996946583623474,-1.2649297714233398,0.0,0.06654261093748251,1.2649297714233398,5.992770195007324,0.21107596825207375,0.0,0.0,0.0,23,0.09166157763937244,0.04813470047241574,0.10311080614725748,0.06866308275712693,0
672,1774281297.7527528,22,-0.057496807791969994,-1.2649297714233398,0.0,0.06942354103160155,1.2649297714233398,5.992770195007324,0.21107596825207375,0.017575705593282528,0.1933327615261078,0.05557926115933376,22,0.12729745922666608,0.06682019668252505,0.12451940572867959,0.06696348754653039,0
673,1774281297.8522768,24,0.0,0.0,0.0,0.0,0.0,5.992770195007324,0.0,0.016111063460508983,0.1933327615261078,0.05343435247211316,24,0.05917800100226151,0.03106723522166502,0.12784908423500677,0.06370781738486168,0
674,1774281297.9522593,24,0.0,0.0,0.0,0.0,0.0,5.992770195007324,0.0,0.0,0.0,0.0,24,0.10860508138483221,0.0570201620083824,0.1184942731934209,0.06525366904906156,0
675,1774281298.0525274,26,0.0,0.0,0.0,0.0,0.0,6.043910980224609,0.0,0.014871750886623677,0.1933327615261078,0.051517256266279406,26,0.0,0.0,0.14822178383668264,0.065650185204422,0
676,1774281298.152169,25,0.0,0.0,0.0,0.0,0.0,6.043910980224609,0.0,0.023199931383132935,0.1933327615261078,0.06282571118049703,25,0.0,0.0,0.15666620330563907,0.065650185204422,0
677,1774281298.252447,25,0.0,0.0,0.0,0.0,0.0,6.043910980224609,0.0,0.030933241844177246,0.1933327615261078,0.0708769611206588,25,0.06324648857116699,0.033285994924693536,0.13906391618544595,0.065650185204422,0
678,1774281298.3528848,25,0.0,0.0,0.0,0.0,0.0,6.043910980224609,0.0,0.015466620922088623,0.1933327615261078,0.05244986340875713,25,0.1356162522968493,0.07134939555063122,0.05869030260613987,0.0667565742013815,0
679,1774281298.4520152,24,0.0,0.0,0.0,0.0,0.0,6.043910980224609,0.0,0.0,0.0,0.0,24,0.0,0.0,0.049152396998163,0.06490308317475009,0
680,1774281298.5526466,24,0.0,0.0,0.0,0.0,0.0,6.043910980224609,0.0,0.008055531730254492,0.1933327615261078,0.03863297300900034,24,0.06164375104402241,0.032437768743199785,0.05704901159786787,0.06490308317475008,0
681,1774281298.652524,24,0.0,0.0,0.0,0.0,0.0,6.043910980224609,0.0,0.04833319038152695,0.3866655230522156,0.12787760181985938,24,0.059626319191672585,0.031389475858395195,0.05301059590231988,0.06556740796682058,0
682,1774281298.7520893,25,-0.052471160888671875,-1.3117790222167969,0.0,0.06607734540011734,1.3117790222167969,6.043910980224609,0.2170414201183432,0.0,0.0,0.0,25,0.1419532299041748,0.07471824184517709,0.038666552305221556,0.06549705853836536,0
683,1774281298.8524377,22,0.0,0.0,0.0,0.0,0.0,6.043910980224609,0.0,0.02636355838992379,0.1933327615261078,0.06634683365617257,22,0.1499176025390625,0.07889245432819461,0.025355116265719055,0.05604486392176569,0
684,1774281298.952477,22,0.0,0.0,0.0,0.0,0.0,6.043910980224609,0.0,0.05272711677984758,0.3866655230522156,0.13269366731234514,22,0.07964372634887695,0.04191355155900093,0.021827892430367007,0.04959572654505333,0
685,1774281299.0525148,22,0.0,0.0,0.0,0.0,0.0,6.043910980224609,0.0,0.02636355838992379,0.1933327615261078,0.06634683365617257,22,0.20747525351388113,0.1091854121191416,0.012473081388781148,0.048290126181453834,0
686,1774281299.1525874,22,0.0,0.0,0.0,0.0,0.0,6.043910980224609,0.0,0.017575705593282528,0.1933327615261078,0.05557926115933376,22,0.0,0.0,0.009206321977433703,0.022890899763169402,0
687,1774281299.2526202,22,0.0,0.0,0.0,0.0,0.0,6.043910980224609,0.0,0.0,0.0,0.0,22,0.06324648857116699,0.03328172277312937,0.009062473196536303,0.022890899763169405,0
688,1774281299.352437,22,0.0,0.0,0.0,0.0,0.0,6.043910980224609,0.0,0.0,0.0,0.0,22,0.0,0.0,0.00865669081460184,0.01965082517527731,0
689,1774281299.4527254,20,0.0,0.0,0.0,0.0,0.0,6.043910980224609,0.0,0.02899991422891617,0.1933327615261078,0.06903360396656207,20,0.0,0.0,0.011542254419469121,0.01965082517527731,0
690,1774281299.5526042,24,0.0546574592590332,0.0,1.3117790222167969,0.06871107061101611,1.3117790222167969,6.043910980224609,0.2170414201183432,0.016111063460508983,0.3866655230522156,0.07726594601800069,24,0.10965440584265668,0.057702444635191,0.011207696320354074,0.023940364319417873,0
691,1774281299.6522815,24,-0.0546574592590332,-1.3117790222167969,0.0,0.06871107061101611,1.3117790222167969,6.043910980224609,0.2170414201183432,0.016111063460508983,0.1933327615261078,0.05343435247211316,24,0.0028393485329367904,0.0014947647121104277,0.011047586372920444,0.023905369302512403,0
692,1774281299.7519078,23,0.0,0.0,0.0,0.0,0.0,6.043910980224609,0.0,0.02521731672079667,0.1933327615261078,0.06511083179712221,23,0.0,0.0,0.010450419541951772,0.02072490928093582,0
693,1774281299.8526723,24,0.0,0.0,0.0,0.0,0.0,6.043910980224609,0.0,0.03222212692101797,0.3866655230522156,0.09113793780042166,24,0.0,0.0,0.012888850768407185,0.02072490928093582,0
694,1774281299.9526436,24,0.0,0.0,0.0,0.0,0.0,6.043910980224609,0.0,0.016111063460508983,0.1933327615261078,0.05343435247211316,24,0.0,0.0,0.02289466912809171,0.02072490928093582,0
695,1774281300.0525477,24,0.0,0.0,0.0,0.0,0.0,6.043910980224609,0.0,0.024166595190763474,0.1933327615261078,0.06393880090992969,24,0.0,0.0,0.023199931383132935,0.02072490928093582,0
696,1774281300.1521223,21,0.0,0.0,0.0,0.0,0.0,6.043910980224609,0.0,0.018412643954867407,0.1933327615261078,0.056751580113533366,21,0.0,0.0,0.01567562931292766,0.02072490928093582,0
697,1774281300.2526476,21,-0.062465667724609375,-1.3117790222167969,0.0,0.07803919288562611,1.3117790222167969,6.043910980224609,0.2170414201183432,0.009206321977433703,0.1933327615261078,0.04117192352858409,21,-0.062465667724609375,-0.03288077093610928,0.007945181980524978,0.024463783789520382,0
698,1774281300.3521807,21,0.0,0.0,0.0,0.0,0.0,6.043910980224609,0.0,0.05523793186460223,0.3866655230522156,0.13530474751489924,21,0.0,0.0,0.018796240703927145,0.024463783789520382,0
699,1774281300.4526317,20,0.07495880126953125,0.0,1.499176025390625,0.10675761586753651,1.499176025390625,6.043910980224609,0.24804733727810652,0.038666552305221556,0.3866655230522156,0.0985807523638404,20,0.07495880126953125,0.039452310576519475,0.018538757954558283,0.030140477624651323,0
700,1774281300.552239,23,-0.30757551607878314,-1.546025276184082,0.0,0.3431271931992646,1.546025276184082,5.992770195007324,0.2579817389747568,0.0,0.0,0.0,23,-0.30757551607878314,-0.16190614102683773,0.02450696977091507,0.07307937628914497,0
701,1774281300.6524274,23,-0.13240005659020465,-1.546025276184082,0.0,0.1841103515238713,1.546025276184082,6.043910980224609,0.2557988165680473,0.0,0.0,0.0,23,-0.07992889570153278,-0.04206035369958805,0.02521731672079667,0.07709201649013887,0
702,1774281300.7524807,23,0.0,0.0,0.0,0.0,0.0,5.992770195007324,0.0,0.04202886120132778,0.3866655230522156,0.1134000673097237,23,0.0,0.0,0.035151411186565056,0.07697112072901051,0
703,1774281300.852414,21,-0.062465667724609375,-1.3117790222167969,0.0,0.07803919288562611,1.3117790222167969,6.043910980224609,0.2170414201183432,0.06444425384203593,0.3866655230522156,0.13778761052753638,21,-0.062465667724609375,-0.03287775886121482,0.03222212692101797,0.07730706066965118,0
704,1774281300.9523902,22,-0.12351166118275035,-1.405477523803711,0.0,0.15275083650848958,1.405477523803711,5.992770195007324,0.2345288536134153,0.035151411186565056,0.1933327615261078,0.07456740365489042,22,-0.12351166118275035,-0.06501040069440257,0.01464642132773544,0.0799901794148246,0
705,1774281301.0528038,22,0.0,0.0,0.0,0.0,0.0,5.992770195007324,0.0,0.017575705593282528,0.1933327615261078,0.05557926115933376,22,0.0,0.0,0.005858568531094175,0.0799901794148246,0
706,1774281301.1526341,22,-0.11712312698364258,-1.3117790222167969,0.0,0.13722815175108075,1.3117790222167969,6.043910980224609,0.2170414201183432,0.017575705593282528,0.1933327615261078,0.05557926115933376,22,-0.11712312698364258,-0.061643299307486944,0.009062473196536303,0.08179715122055649,0
707,1774281301.2474785,23,-0.057033870531165085,-1.3117790222167969,0.0,0.07156297253084541,1.3117790222167969,6.043910980224609,0.2170414201183432,0.04202886120132778,0.3866655230522156,0.1134000673097237,23,-0.057033870531165085,-0.030096370745277382,0.01464642132773544,0.08146744785486158,0
708,1774281301.347912,24,-0.10736286640167236,-1.3117790222167969,0.0,0.12684036199139825,1.3117790222167969,5.992770195007324,0.21889359670585426,0.08861084903279941,0.5799982845783234,0.19316486504500172,24,-0.10736286640167236,-0.056650285967184,0.019901901921805215,0.08222933408160078,0
709,1774281301.4480276,21,0.0,0.0,0.0,0.0,0.0,5.992770195007324,0.0,0.06444425384203593,0.5799982845783234,0.17223451315942054,21,-0.0546574592590332,-0.02883654327770805,0.0190609764884895,0.08222933408160078,0
710,1774281301.547652,23,-0.05296002263608186,-1.2180805206298828,0.0,0.06170480794751469,1.2180805206298828,5.992770195007324,0.20325833979829325,0.02521731672079667,0.1933327615261078,0.06511083179712221,23,0.00169743662295134,0.0008955698307107758,0.02450696977091507,0.07900632008288777,0
711,1774281301.6483088,22,0.0,0.0,0.0,0.0,0.0,5.992770195007324,0.0,0.043939263983206314,0.3866655230522156,0.1155861571389514,22,0.0,0.0,0.02450696977091507,0.07974431127228411,0
712,1774281301.747475,21,-0.058003834315708706,-1.2180805206298828,0.0,0.06728889590648375,1.2180805206298828,5.992770195007324,0.20325833979829325,0.027618965932301114,0.3866655230522156,0.09020316500993282,21,-0.058003834315708706,-0.030612072847889492,0.024166595190763474,0.07901927381810045,0
713,1774281301.8473523,22,-0.10860508138483221,-1.2180805206298828,0.0,0.11800052003287638,1.2180805206298828,5.992770195007324,0.20325833979829325,0.02636355838992379,0.1933327615261078,0.06634683365617257,22,-0.10860508138483221,-0.05732020188699603,0.01961346856061963,0.07910789017671534,0
714,1774281301.9474323,24,0.0,0.0,0.0,0.0,0.0,5.992770195007324,0.0,0.04833319038152695,0.3866655230522156,0.12787760181985938,24,0.0,0.0,0.017575705593282528,0.07910789017671534,0
715,1774281302.0478976,22,-0.0553672963922674,-1.2180805206298828,0.0,0.06437628770557292,1.2180805206298828,6.043910980224609,0.20153846153846153,0.017575705593282528,0.3866655230522156,0.0805420012734759,22,-0.0553672963922674,-0.02920562150077039,0.027618965932301114,0.07807127266001006,0
716,1774281302.147952,20,-0.06090402603149414,-1.2180805206298828,0.0,0.0704767073500534,1.2180805206298828,5.992770195007324,0.20325833979829325,0.02899991422891617,0.1933327615261078,0.06903360396656207,20,0.0015616416931152344,0.0008239529539216576,0.03430097381914816,0.07690937817415416,0
717,1774281302.252929,24,-0.14249980449676514,-1.2180805206298828,0.0,0.14293594552405864,1.2180805206298828,6.043910980224609,0.20153846153846153,0.06444425384203593,0.3866655230522156,0.1441017323500443,24,-0.14249980449676514,-0.07497037247394608,0.030208243988454342,0.0789095208907336,0
718,1774281302.3520343,22,-0.0553672963922674,-1.2180805206298828,0.0,0.06437628770557292,1.2180805206298828,6.043910980224609,0.20153846153846153,0.02636355838992379,0.1933327615261078,0.06634683365617257,22,-0.13032609766179865,-0.06861425608174564,0.01171713706218835,0.07752053470554689,0
719,1774281302.4524105,17,0.0,0.0,0.0,0.0,0.0,6.043910980224609,0.0,0.022745030767777386,0.1933327615261078,0.062289832113303606,17,0.30757551607878314,0.1618672383584511,0.014009620400442593,0.07212762014405294,0
720,1774281302.5523489,20,0.0,0.0,0.0,0.0,0.0,6.043910980224609,0.0,0.019333276152610778,0.1933327615261078,0.05799982845783234,20,0.13240005659020465,0.0696871225246763,0.03462676325840736,0.049518789814592484,0
721,1774281302.6526349,17,-0.06614011876723346,-1.1243820190429688,0.0,0.06999224496869993,1.1243820190429688,6.043910980224609,0.18603550295857987,0.011372515383888693,0.1933327615261078,0.04549006153555478,17,-0.06614011876723346,-0.034807765479624435,0.0468685482487534,0.04646433543911112,0
722,1774281302.7526135,19,0.0,0.0,0.0,0.0,0.0,5.992770195007324,0.0,0.030526225504122283,0.3866655230522156,0.09436285647756704,19,0.062465667724609375,0.03287321291114258,0.038666552305221556,0.04646433543911112,0
723,1774281302.8522227,18,0.0,0.0,0.0,0.0,0.0,6.043910980224609,0.0,0.0,0.0,0.0,18,0.12351166118275035,0.0650118692153084,0.0234342741243767,0.047827226294285874,0
724,1774281302.952385,19,-0.05917800100226151,-1.1243820190429688,0.0,0.06303664444722595,1.1243820190429688,6.043910980224609,0.18603550295857987,0.061052451008244565,0.3866655230522156,0.14099459609718576,19,-0.05917800100226151,-0.031153183234046432,0.025970072443805524,0.04486289686886227,0
725,1774281303.0527098,18,-0.12232859929402669,-1.1243820190429688,0.0,0.11977525776135028,1.1243820190429688,6.043910980224609,0.18603550295857987,0.06444425384203593,0.5799982845783234,0.18227587560084332,18,-0.00520547231038411,-0.0027396131540747956,0.05043463344159334,0.046348733929612654,0
726,1774281303.1528149,22,-0.05110827359286221,-1.1243820190429688,0.0,0.05485316822250002,1.1243820190429688,5.992770195007324,0.18762308289073223,0.08787852796641263,0.9666638076305389,0.2778963057966688,22,0.005925596938302871,0.0031100004180299574,0.06539196345735998,0.043964178720934714,0
727,1774281303.2524438,19,-0.05917800100226151,-1.1243820190429688,0.0,0.06303664444722595,1.1243820190429688,5.992770195007324,0.18762308289073223,0.020350817002748187,0.1933327615261078,0.05933231748191226,19,0.04818486539941085,0.02530011181316038,0.05970570576541564,0.04398419270994891,0
728,1774281303.3526304,21,-0.10485308510916573,-1.1243820190429688,0.0,0.10449686822873762,1.1243820190429688,5.992770195007324,0.18762308289073223,0.036825287909734813,0.3866655230522156,0.11350316022706673,21,-0.10485308510916573,-0.05505246919668155,0.043939263983206314,0.043823499147967605,0
729,1774281303.4522145,20,-0.05621910095214844,-1.1243820190429688,0.0,0.06005115892548929,1.1243820190429688,5.992770195007324,0.18762308289073223,0.08699974268674851,0.5799982845783234,0.20710081189968624,20,-0.0032590783160665743,-0.0017111952806801657,0.03222212692101797,0.04231450281240218,0
730,1774281303.5523746,20,-0.05621910095214844,-1.1243820190429688,0.0,0.06005115892548929,1.1243820190429688,5.992770195007324,0.18762308289073223,0.10633301883935928,0.7733310461044312,0.2326026940800611,20,-0.05621910095214844,-0.029525817622856138,0.032717851950572086,0.04232171306683665,0
731,1774281303.6518424,20,0.0,0.0,0.0,0.0,0.0,5.992770195007324,0.0,0.12566629499197007,0.7733310461044312,0.25410574405847164,20,0.058003834315708706,0.030458320640875974,0.03462676325840736,0.04232171306683665,0
732,1774281303.7524476,17,0.0,0.0,0.0,0.0,0.0,5.992770195007324,0.0,0.12509766922277563,0.7733310461044312,0.2729403692133286,17,0.10860508138483221,0.0570076883669354,0.031274417305693906,0.043826316974036925,0
733,1774281303.852629,21,0.0,0.0,0.0,0.0,0.0,5.992770195007324,0.0,0.17492011757124037,0.9666638076305389,0.3624532587050049,21,0.0,0.0,0.03222212692101797,0.04293514967796834,0
734,1774281303.9520378,21,0.0,0.0,0.0,0.0,0.0,5.992770195007324,0.0,0.09206321977433704,1.3533293306827545,0.30782724919301074,21,0.0553672963922674,0.029077320779124678,0.03808069545211214,0.04293514967796834,0
735,1774281304.0529213,21,0.0,0.0,0.0,0.0,0.0,6.043910980224609,0.0,0.1933327615261078,1.3533293306827545,0.4735666163021473,21,0.06090402603149414,0.03197113398965209,0.041009979717659226,0.04391690336037384,0
736,1774281304.1523268,21,-0.04238741738455636,-0.8901357650756836,0.0,0.035933863050651826,0.8901357650756836,5.992770195007324,0.14853494062182968,0.09206321977433704,1.1599965691566467,0.2709225194201967,21,0.10011238711220877,0.052707434153554805,0.039894061902212716,0.04369691876938258,0
737,1774281304.2521427,20,-0.1358628273010254,-0.9838342666625977,0.0,0.10511147664260534,0.9838342666625977,5.992770195007324,0.16417019752939072,0.21266603767871856,1.1599965691566467,0.43187267548406116,20,-0.080495530908758,-0.04236365333715877,0.022937785265809398,0.04294179590170787,0
738,1774281304.3520668,22,-0.11925263838334517,-0.9838342666625977,0.0,0.09093218660694193,0.9838342666625977,5.992770195007324,0.16417019752939072,0.13181779194961896,0.9666638076305389,0.33173416828086283,22,-0.11925263838334517,-0.06277590248745919,0.017901181622787758,0.046186702886704484,0
739,1774281304.4527922,22,-0.04046071659434925,-0.8901357650756836,0.0,0.034378461333893225,0.8901357650756836,5.992770195007324,0.14853494062182968,0.2548477311025966,1.1599965691566467,0.4713599775574167,22,-0.04046071659434925,-0.021290146495938415,0.020714224449225833,0.04510450639083889,0
740,1774281304.5530796,18,-0.12493133544921875,-0.7964372634887695,0.0,0.07828306536339369,0.7964372634887695,5.992770195007324,0.13289968371426866,0.1933327615261078,1.1599965691566467,0.432305197050133,18,-0.058791216681985295,-0.03093550433664925,0.014320945298230206,0.04696125980148925,0
741,1774281304.6524162,17,-0.08543098674100988,-0.7495880126953125,0.0,0.0548029556959786,0.7495880126953125,6.043910980224609,0.12402366863905326,0.09098012307110954,0.7733310461044312,0.24915932845321442,17,-0.08543098674100988,-0.04496834720008091,0.03107133667383875,0.047439386418473554,0
742,1774281304.7522943,17,0.0,0.0,0.0,0.0,0.0,6.043910980224609,0.0,0.011372515383888693,0.1933327615261078,0.04549006153555478,17,0.0,0.0,0.042181693423878064,0.047439386418473554,1
743,1774281304.8520074,17,-0.08543098674100988,-0.7495880126953125,0.0,0.0548029556959786,0.7495880126953125,5.992770195007324,0.12508205526048816,0.0,0.0,0.0,17,-0.026252985738748368,-0.013820107186181329,0.0720901822639724,0.046319477442784966,1
744,1774281304.952096,23,-0.032590783160665764,-0.7495880126953125,0.0,0.023367501234561775,0.7495880126953125,5.992770195007324,0.12508205526048816,0.008405772240265556,0.1933327615261078,0.03942656658922785,23,0.08973781613336093,0.0472456931968896,0.0589828763977956,0.046622502934847,1
745,1774281305.052482,20,-0.037479400634765625,-0.7495880126953125,0.0,0.02668940396688413,0.7495880126953125,5.992770195007324,0.12508205526048816,0.019333276152610778,0.1933327615261078,0.05799982845783234,20,0.013628872958096588,0.007174348336586605,0.04989232555512459,0.04417291592654699,1
746,1774281305.1519866,21,-0.1093149185180664,-0.7964372634887695,0.0,0.07176818631445972,0.7964372634887695,6.043910980224609,0.13177514792899409,0.027618965932301114,0.1933327615261078,0.06765237375744962,21,-0.050136917515804895,-0.026394202484192875,0.04833319038152695,0.045929165400332726,1
747,1774281305.2524908,22,-0.06601485339078036,-0.7495880126953125,0.0,0.04362949168887836,0.7495880126953125,5.992770195007324,0.12508205526048816,0.008787852796641264,0.1933327615261078,0.04027100063673795,22,0.038838231718385366,0.020442676780207922,0.07606534879715716,0.04598826016730546,1
748,1774281305.3523223,20,-0.037479400634765625,-0.7495880126953125,0.0,0.02668940396688413,0.7495880126953125,6.043910980224609,0.12402366863905326,0.0,0.0,0.0,20,0.018739700317382812,0.009862440288946915,0.10633301883935928,0.044648153371818815,1
749,1774281305.4526038,20,-0.037479400634765625,-0.7495880126953125,0.0,0.02668940396688413,0.7495880126953125,6.043910980224609,0.12402366863905326,0.0,0.0,0.0,20,0.018739700317382812,0.009861810440194331,0.11871309918269776,0.04473486673905738,1
750,1774281305.55266,21,-0.06915841783796038,-0.7495880126953125,0.0,0.04548968258766725,0.7495880126953125,6.043910980224609,0.12402366863905326,0.0,0.0,0.0,21,-0.06915841783796038,-0.03638351025849243,0.1433329094072868,0.044905896062018856,1
751,1774281305.6526964,21,-0.06915841783796038,-0.7495880126953125,0.0,0.04548968258766725,0.7495880126953125,6.043910980224609,0.12402366863905326,0.0,0.0,0.0,21,-0.06915841783796038,-0.036394402184259204,0.131073058661768,0.04347282529369207,1
752,1774281305.7519104,20,-0.11243820190429688,-0.7964372634887695,0.0,0.07185946429899559,0.7964372634887695,6.043910980224609,0.13177514792899409,0.0,0.0,0.0,20,-0.11243820190429688,-0.05920038804122034,0.15343869962389506,0.04331561378489498,1
753,1774281305.8525474,22,-0.1639723777770996,-0.7964372634887695,0.0,0.09193438156206536,0.7964372634887695,5.992770195007324,0.13289968371426866,0.0,0.0,0.0,22,-0.1639723777770996,-0.08627811095158076,0.12581973369159397,0.046535411344750414,1
754,1774281305.9520223,23,-0.12832620869512143,-0.8432865142822266,0.0,0.07905617338837712,0.8432865142822266,6.043910980224609,0.1395266272189349,0.0,0.0,0.0,23,-0.12832620869512143,-0.06757208143096549,0.1652683284013502,0.04549136233357356,1
755,1774281306.0521145,18,-0.16917785008748373,-0.8432865142822266,0.0,0.10124094945101407,0.8432865142822266,6.043910980224609,0.1395266272189349,0.0,0.0,0.0,18,-0.12679043270292736,-0.06673926517049637,0.14423237764646138,0.04650300016557903,1
756,1774281306.1525424,20,-0.2225339412689209,-0.8432865142822266,0.0,0.11673870670136921,0.8432865142822266,5.992770195007324,0.14071731216804917,0.0,0.0,0.0,20,-0.08667111396789551,-0.045606781908187004,0.19937441032379866,0.05446739362611975,1
757,1774281306.2524455,21,-0.25209358760288786,-0.8432865142822266,0.0,0.12823710739101038,0.8432865142822266,6.043910980224609,0.1395266272189349,0.0,0.0,0.0,21,-0.1328409492195427,-0.06990235626981457,0.1933327615261078,0.06414397583308526,1
758,1774281306.352562,18,-0.11712312698364258,-0.7495880126953125,0.0,0.0688330068498999,0.7495880126953125,6.043910980224609,0.12402366863905326,0.0,0.0,0.0,18,-0.07666241038929333,-0.040353526555951896,0.18654915585852505,0.06411059408909024,1
759,1774281306.452117,18,-0.036438306172688804,-0.6558895111083984,0.0,0.02257175266448838,0.6558895111083984,5.992770195007324,0.10944679835292713,0.0,0.0,0.0,18,0.08849302927652994,0.0465988879877399,0.10038431848470981,0.06429691625969146,1
760,1774281306.552487,18,-0.07547934850056966,-0.7027387619018555,0.0,0.04563802452000547,0.7027387619018555,5.992770195007324,0.11726442680670765,0.0,0.0,0.0,18,0.009951638240440222,0.00523750953681904,0.03411754615166608,0.06415782380819302,1
761,1774281306.6523664,19,-0.15041075254741468,-0.7495880126953125,0.0,0.08515540529782475,0.7495880126953125,5.992770195007324,0.12508205526048816,0.010175408501374094,0.1933327615261078,0.04317060211598919,19,-0.15041075254741468,-0.07916055013032613,0.006783605667582729,0.0652096331688997,1
762,1774281306.7520084,20,-0.17802715301513672,-0.7964372634887695,0.0,0.09582725141399351,0.7964372634887695,5.992770195007324,0.13289968371426866,0.019333276152610778,0.1933327615261078,0.05799982845783234,20,-0.09259616627412684,-0.0487347974469946,0.009666638076305389,0.0632638005351967,1
763,1774281306.8522067,18,-0.1275340716044108,-0.8432865142822266,0.0,0.08238147783698777,0.8432865142822266,5.992770195007324,0.14071731216804917,0.0,0.0,0.0,18,-0.09494328844374503,-0.049967239995567375,0.018124946393072605,0.06319466821575742,1
764,1774281306.952508,18,-0.1275340716044108,-0.8432865142822266,0.0,0.08238147783698777,0.8432865142822266,5.992770195007324,0.14071731216804917,0.0,0.0,0.0,18,-0.09005467096964517,-0.04739654459259236,0.018412643954867407,0.0607493346637191,1
765,1774281307.0519805,16,-0.04392117261886597,-0.7027387619018555,0.0,0.028936041063243323,0.7027387619018555,5.992770195007324,0.11726442680670765,0.012083297595381737,0.1933327615261078,0.046798410354181585,16,0.06539374589920044,0.03441787156274595,0.012275095969911606,0.06035668030020286,1
766,1774281307.151963,17,0.0,0.0,0.0,0.0,0.0,5.992770195007324,0.0,0.0,0.0,0.0,17,0.06601485339078036,0.03475431339169647,0.003118270347195287,0.06533910703846686,1
767,1774281307.2520444,18,-0.041643778483072914,-0.7495880126953125,0.0,0.029481472867903202,0.7495880126953125,5.992770195007324,0.12508205526048816,0.0,0.0,0.0,18,-0.004164377848307289,-0.0021920984389414396,0.0,0.06635280688394124,0
768,1774281307.3519647,21,-0.07138933454241071,-0.7495880126953125,0.0,0.04841615232087823,0.7495880126953125,5.992770195007324,0.12508205526048816,0.07365057581946963,1.1599965691566467,0.24942167394695125,21,-0.03390993390764509,-0.017853338980554617,0.0,0.06494760584930535,0
769,1774281307.452299,20,-0.13820528984069824,-0.7495880126953125,0.0,0.07670460075104302,0.7495880126953125,5.992770195007324,0.12508205526048816,0.019333276152610778,0.1933327615261078,0.05799982845783234,20,-0.06904687200273786,-0.036347362467665734,0.0,0.06302971438196664,0
770,1774281307.5526414,21,-0.033463750566755025,-0.7027387619018555,0.0,0.022396452039879947,0.7027387619018555,5.992770195007324,0.11726442680670765,0.009206321977433703,0.1933327615261078,0.04117192352858409,21,0.035694667271205356,0.01878721062071133,0.0,0.0647759612674214,0
771,1774281307.652446,21,-0.06692750113351005,-0.7495880126953125,0.0,0.0427622924281441,0.7495880126953125,6.043910980224609,0.12402366863905326,0.018412643954867407,0.1933327615261078,0.056751580113533366,21,0.045510700770786824,0.023946250291756437,0.0,0.06485313917232668,0
772,1774281307.7520034,19,-0.03698625062641345,-0.7027387619018555,0.0,0.024623689237197634,0.7027387619018555,5.992770195007324,0.11726442680670765,0.0,0.0,0.0,19,0.12698612715068616,0.06685394425289744,0.0,0.06692770900861288,0
773,1774281307.8518438,19,0.0,0.0,0.0,0.0,0.0,5.992770195007324,0.0,0.020350817002748187,0.1933327615261078,0.05933231748191226,19,0.12832620869512143,0.06754645494548331,0.0,0.06968519683466173,0
774,1774281307.9517074,18,0.0,0.0,0.0,0.0,0.0,5.992770195007324,0.0,0.02148141794734531,0.1933327615261078,0.06075862520028111,18,0.16917785008748373,0.08906005712394692,0.0,0.07270340370253028,0
775,1774281308.0519266,22,-0.029813159595836292,-0.6558895111083984,0.0,0.01866531418682292,0.6558895111083984,6.043910980224609,0.1085207100591716,0.02636355838992379,0.1933327615261078,0.06634683365617257,22,0.1927207816730846,0.10146487243979961,0.0,0.0718806994137111,0
776,1774281308.1522422,22,0.0,0.0,0.0,0.0,0.0,6.043910980224609,0.0,0.02636355838992379,0.1933327615261078,0.06634683365617257,22,0.25209358760288786,0.13269503225045953,0.0,0.06718338209029052,0
777,1774281308.2519202,20,0.0,0.0,0.0,0.0,0.0,6.043910980224609,0.0,0.0,0.0,0.0,20,0.11712312698364258,0.061664578334789014,0.0,0.055694638917198794,0
778,1774281308.3525307,18,0.0,0.0,0.0,0.0,0.0,6.043910980224609,0.0,0.0,0.0,0.0,18,0.036438306172688804,0.019173880499427524,0.003515141118656505,0.05593126629217164,0
779,1774281308.447149,14,0.0,0.0,0.0,0.0,0.0,6.043910980224609,0.0,0.0,0.0,0.0,14,0.07547934850056966,0.039837893435113646,0.010175408501374094,0.05717985897582219,0
780,1774281308.5476968,18,-0.08068482081095378,-0.7495880126953125,0.0,0.05214129059380765,0.7495880126953125,6.043910980224609,0.12402366863905326,0.010740708973672655,0.1933327615261078,0.04428507759247181,18,0.0697259317364609,0.03678827220138655,0.010175408501374094,0.057279390142671596,0
781,1774281308.6474996,19,0.0,0.0,0.0,0.0,0.0,6.043910980224609,0.0,0.040701634005496375,0.7733310461044312,0.17268240846395677,19,0.17802715301513672,0.09392138577501684,0.006904741483075278,0.05422563787736793,0
782,1774281308.7478185,19,-0.04191775070993524,-0.7964372634887695,0.0,0.031627760842444966,0.7964372634887695,6.043910980224609,0.13177514792899409,0.010175408501374094,0.1933327615261078,0.04317060211598919,19,0.08561632089447556,0.045165535773505065,0.003717937721655919,0.045404619874949495,0
783,1774281308.8478537,16,-0.09955465793609619,-0.7964372634887695,0.0,0.06937790941741184,0.7964372634887695,6.043910980224609,0.13177514792899409,0.024166595190763474,0.3866655230522156,0.09359682070836317,16,0.027979413668314607,0.014762169163881636,0.003790838461296231,0.04312132164491031,0
784,1774281308.9473603,18,-0.13013680775960287,-0.7964372634887695,0.0,0.08475923449522169,0.7964372634887695,5.992770195007324,0.13289968371426866,0.02148141794734531,0.1933327615261078,0.06075862520028111,18,-0.08621563514073691,-0.045487261166393435,0.003790838461296231,0.043386590798882366,0
785,1774281309.041975,18,-0.12232859929402669,-0.7964372634887695,0.0,0.07539046680765042,0.7964372634887695,5.992770195007324,0.13289968371426866,0.02148141794734531,0.3866655230522156,0.08857015518494361,18,-0.12232859929402669,-0.06472371478171067,0.027618965932301114,0.04689794221137604,0
786,1774281309.142388,20,-0.2084791660308838,-0.7964372634887695,0.0,0.10260385788996018,0.7964372634887695,5.992770195007324,0.13289968371426866,0.019333276152610778,0.1933327615261078,0.05799982845783234,20,-0.16683538754781088,-0.08825664377423587,0.032768264665442,0.057732337912899064,0
787,1774281309.2420485,21,-0.037925583975655694,-0.7964372634887695,0.0,0.02876699839789024,0.7964372634887695,5.992770195007324,0.13289968371426866,0.0,0.0,0.0,21,0.03346375056675502,0.01770490321481758,0.03430097381914816,0.05778126071871248,0
788,1774281309.3416295,20,-0.03279447555541992,-0.6558895111083984,0.0,0.02043407491214566,0.6558895111083984,5.992770195007324,0.10944679835292713,0.019333276152610778,0.1933327615261078,0.05799982845783234,20,0.10541081428527832,0.05579268454270379,0.015591351735976434,0.057842474324057355,0
789,1774281309.4417872,21,-0.037925583975655694,-0.7964372634887695,0.0,0.02876699839789024,0.7964372634887695,5.992770195007324,0.13289968371426866,0.009206321977433703,0.1933327615261078,0.04117192352858409,21,-0.004461833408900669,-0.0023618257987965286,0.009508168599644646,0.054484717403119304,0
790,1774281309.5421371,21,-0.0646965844290597,-0.7027387619018555,0.0,0.039815914737564344,0.7027387619018555,5.992770195007324,0.11726442680670765,0.009206321977433703,0.1933327615261078,0.04117192352858409,21,0.0022309167044503447,0.0011805721514060224,0.013107305866176798,0.05449481814271247,0
791,1774281309.647119,23,-0.032590783160665764,-0.7495880126953125,0.0,0.023367501234561775,0.7495880126953125,5.992770195007324,0.12508205526048816,0.04202886120132778,0.3866655230522156,0.1134000673097237,23,0.004395467465747684,0.0023193663929639953,0.013809482966150557,0.05445986795549591,0
792,1774281309.7468352,22,-0.057496807791969994,-0.6558895111083984,0.0,0.033108712069483515,0.6558895111083984,5.992770195007324,0.10944679835292713,0.043939263983206314,0.3866655230522156,0.1155861571389514,22,-0.057496807791969994,-0.030341461104768885,0.022937785265809398,0.054439848056721175,0
793,1774281309.8418183,19,-0.10602725179571855,-0.7495880126953125,0.0,0.060495236521016425,0.7495880126953125,5.992770195007324,0.12508205526048816,0.020350817002748187,0.1933327615261078,0.05933231748191226,19,-0.10602725179571855,-0.05609578141400274,0.024946162777562297,0.05459016163753202,0
794,1774281309.9416046,17,0.0,0.0,0.0,0.0,0.0,5.992770195007324,0.0,0.0,0.0,0.0,17,0.029813159595836292,0.015776846411763603,0.018124946393072605,0.054590161637532005,0
795,1774281310.0421426,19,0.0,0.0,0.0,0.0,0.0,5.992770195007324,0.0,0.0,0.0,0.0,19,0.0,0.0,0.009666638076305389,0.055630631067135096,0
796,1774281310.1423423,19,-0.03945200066817434,-0.7495880126953125,0.0,0.028016286420989318,0.7495880126953125,6.043910980224609,0.12402366863905326,0.061052451008244565,0.3866655230522156,0.1262734987166934,19,-0.03945200066817434,-0.020869413527993274,0.0,0.05441572578789168,0
797,1774281310.2467406,19,0.0,0.0,0.0,0.0,0.0,5.992770195007324,0.0,0.08140326801099275,0.3866655230522156,0.15763675066671695,19,0.0,0.0,0.0038666552305221557,0.05441572578789168,0
798,1774281310.3470757,19,-0.03945200066817434,-0.7495880126953125,0.0,0.028016286420989318,0.7495880126953125,5.992770195007324,0.12508205526048816,0.030526225504122283,0.1933327615261078,0.07049729804859288,19,-0.03945200066817434,-0.020765012380742354,0.018954192306481155,0.05309984003115955,0
799,1774281310.4467676,20,-0.07027387619018555,-0.7964372634887695,0.0,0.04532369999310504,0.7964372634887695,5.992770195007324,0.13289968371426866,0.11599965691566468,0.9666638076305389,0.2957422570915212,20,0.010410944620768234,0.0054821257591279515,0.020714224449225833,0.0515422781906623,0
800,1774281310.5469322,21,-0.16731875283377512,-0.7964372634887695,0.0,0.09063097592138084,0.7964372634887695,5.992770195007324,0.13289968371426866,0.2117454054809752,1.73999485373497,0.5232237158783398,21,-0.16731875283377512,-0.08808880484803484,0.02506165427190286,0.05649392164469593,0
801,1774281310.6473045,22,-0.03407218239524148,-0.7495880126953125,0.0,0.024379185876666674,0.7495880126953125,5.992770195007324,0.12508205526048816,0.0,0.0,0.0,22,0.007845568314693761,0.004130363712387552,0.01823893976661394,0.05502016516643584,0
802,1774281310.747088,19,0.0,0.0,0.0,0.0,0.0,5.992770195007324,0.0,0.10175408501374095,0.9666638076305389,0.2966615874095612,19,0.09955465793609619,0.05241831310854202,0.022307626329935513,0.056675745172896565,0
803,1774281310.8472104,18,0.0,0.0,0.0,0.0,0.0,5.992770195007324,0.0,0.17185134357876247,0.7733310461044312,0.3215044245642516,18,0.13013680775960287,0.06849845979905919,0.020714224449225833,0.057699367145714005,0
804,1774281310.9474516,17,0.0,0.0,0.0,0.0,0.0,5.992770195007324,0.0,0.09098012307110954,0.7733310461044312,0.24915932845321442,17,0.12232859929402669,0.06419842742318252,0.013107305866176798,0.05664395101721424,0
805,1774281311.0475702,18,-0.03904104232788086,-0.7027387619018555,0.0,0.025911450762805543,0.7027387619018555,5.992770195007324,0.11726442680670765,0.11814779871039921,0.5799982845783234,0.22452963364635595,18,0.16943812370300293,0.0889353944912177,0.012677558132859527,0.05437644545145132,0
806,1774281311.1469762,20,0.0,0.0,0.0,0.0,0.0,5.992770195007324,0.0,0.0966663807630539,0.7733310461044312,0.20732628917049448,20,0.037925583975655694,0.01990919832139801,0.00935481104158586,0.04103080295812658,0
807,1774281311.2469091,20,0.0,0.0,0.0,0.0,0.0,5.992770195007324,0.0,0.05799982845783234,0.3866655230522156,0.13806720793312413,20,0.03279447555541992,0.017212421173868352,0.012473081388781148,0.04185634602752434,0
808,1774281311.3472786,22,0.021295113997025925,0.0,0.4684925079345703,0.009523119483072915,0.4684925079345703,5.992770195007324,0.07817628453780509,0.07909067516977136,0.5799982845783234,0.17153204345381357,22,0.05922069797268162,0.03107896444032507,0.020820451241273148,0.04368719380006757,0
809,1774281311.446973,19,0.0,0.0,0.0,0.0,0.0,5.992770195007324,0.0,0.09157867651236684,0.5799982845783234,0.18145352666180922,19,0.0646965844290597,0.03396438669105999,0.03222212692101797,0.04426679531611175,0
810,1774281311.546865,20,0.20145177841186523,-1.499176025390625,4.638075828552246,1.2783039279895547,6.137251853942871,5.992770195007324,1.0241093274452469,0.07733310461044311,0.5799982845783234,0.18744306676575745,20,0.234042561572531,0.12319676884234472,0.03624989278614521,0.06662975940145748,0
811,1774281311.6476793,21,-0.14947141919817244,-1.452326774597168,0.0,0.1234591976225026,1.452326774597168,5.992770195007324,0.2423464820671958,0.05523793186460223,0.3866655230522156,0.13530474751489924,21,-0.09197461140620244,-0.04838619408330767,0.023333264322116458,0.07250671725345632,0
812,1774281311.747043,24,0.0,0.0,0.0,0.0,0.0,5.992770195007324,0.0,0.040277658651272454,0.3866655230522156,0.09633014885470996,24,0.10602725179571855,0.055650789900376495,0.00703028223731301,0.072260755858029,0
813,1774281311.8468802,21,0.0,0.0,0.0,0.0,0.0,6.043910980224609,0.0,0.018412643954867407,0.1933327615261078,0.056751580113533366,21,0.0,0.0,0.021090846711939032,0.06968021743728076,0
814,1774281311.9471838,24,-0.02537667751312256,-0.6090402603149414,0.0,0.014811442516915463,0.6090402603149414,6.043910980224609,0.10076923076923076,0.0,0.0,0.0,24,-0.02537667751312256,-0.01332080234063158,0.047485239673079105,0.069611665493705,0
815,1774281312.0471241,21,0.020078250340053012,0.0,0.4216432571411133,0.008062722734356778,0.4216432571411133,5.992770195007324,0.07035865608402458,0.036825287909734813,0.1933327615261078,0.07591727587280882,21,0.059530251008227356,0.0312530550394208,0.0576606481744532,0.06999455507589962,0
816,1774281312.1468089,23,-0.02648001131804093,-0.6090402603149414,0.0,0.015426201986878673,0.6090402603149414,5.992770195007324,0.10162916989914662,0.033623088961062225,0.3866655230522156,0.09284478902198401,23,-0.02648001131804093,-0.013936347211218263,0.0766664399155255,0.06983491016680675,0
817,1774281312.2472699,22,-0.059626319191672585,-0.6090402603149414,0.4684925079345703,0.0545085219935888,1.0775327682495117,6.043910980224609,0.17828402366863905,0.05272711677984758,0.3866655230522156,0.13269366731234514,22,-0.02017431852349824,-0.01061697739224616,0.12244408229986826,0.07038302201089963,0
818,1774281312.3468764,25,-0.04872322082519531,-0.6558895111083984,0.0,0.02747603903117124,0.6558895111083984,6.043910980224609,0.1085207100591716,0.023199931383132935,0.5799982845783234,0.11365598791251535,25,0.021550655364990234,0.01134180063977844,0.10740708973672655,0.07055038722355547,0
819,1774281312.447379,22,-0.0276836481961337,-0.6090402603149414,0.0,0.016094071926393234,0.6090402603149414,6.043910980224609,0.10076923076923076,0.02636355838992379,0.1933327615261078,0.06634683365617257,22,0.13963510463764142,0.07347487858843199,0.10290292145744447,0.06960331986829822,0
820,1774281312.5472896,22,-0.0276836481961337,-0.6090402603149414,0.0,0.016094071926393234,0.6090402603149414,6.043910980224609,0.10076923076923076,0.02636355838992379,0.1933327615261078,0.06634683365617257,22,0.006388534199107777,0.0033624128332260914,0.0851974881301492,0.06056636646768573,0
821,1774281312.6471193,25,-0.050597190856933594,-0.6558895111083984,0.0,0.029484767856047256,0.6558895111083984,6.043910980224609,0.1085207100591716,0.007733310461044311,0.1933327615261078,0.03788532930417179,25,-0.050597190856933594,-0.026629661367127314,0.12172803503495676,0.0610034487814967,0
822,1774281312.7472951,25,-0.050597190856933594,-0.6558895111083984,0.0,0.029484767856047256,0.6558895111083984,5.992770195007324,0.10944679835292713,0.06186648368835449,0.3866655230522156,0.1417539222413176,25,-0.050597190856933594,-0.02662891288611265,0.12767257836629758,0.061558323993877936,0
823,1774281312.8470035,23,-0.028516935265582542,-0.6558895111083984,0.0,0.01789074313271135,0.6558895111083984,5.992770195007324,0.10944679835292713,0.12608658360398334,0.7733310461044312,0.27700813986843037,23,-0.028516935265582542,-0.01501245411583374,0.10193909244103865,0.061568115939815,0
824,1774281312.947228,24,0.029280781745910645,-0.7027387619018555,1.405477523803711,0.10202633737854683,2.1082162857055664,5.992770195007324,0.3517932804201229,0.12083297595381737,0.7733310461044312,0.2723436965224411,24,0.0683218240737915,0.03596533371687989,0.08999973381387777,0.06224112113878878,0
825,1774281313.0468707,24,-0.08589029312133789,-0.7027387619018555,0.0,0.051700965286727296,0.7027387619018555,5.992770195007324,0.11726442680670765,0.07249978557229042,0.5799982845783234,0.19181640272978906,24,-0.08589029312133789,-0.045207928234531576,0.07795675867988218,0.06402981163411026,0
826,1774281313.1469245,20,0.03045201301574707,0.0,0.6090402603149414,0.01761917683751335,0.6090402603149414,6.043910980224609,0.10076923076923076,0.10633301883935928,1.3533293306827545,0.30857628820203353,20,0.03045201301574707,0.01602724575310927,0.07606534879715716,0.06473672169953788,0
827,1774281313.2467482,24,0.07613003253936768,0.0,1.8271207809448242,0.13330298265223917,1.8271207809448242,6.043910980224609,0.30230769230769233,0.06444425384203593,0.3866655230522156,0.1441017323500443,24,0.05483491854234175,0.02886854211162262,0.08240412786358693,0.0676165456956037,0
828,1774281313.3470213,24,0.0,0.0,0.0,0.0,0.0,6.043910980224609,0.0,0.07249978557229042,0.5799982845783234,0.19181640272978906,24,0.0,0.0,0.07411089191834132,0.06728064950415605,0
829,1774281313.4472454,23,0.0,0.0,0.0,0.0,0.0,5.992770195007324,0.0,0.016811544480531113,0.1933327615261078,0.054475630259036005,23,-0.20145177841186523,-0.10600602977904401,0.05651265336916997,0.06728064950415605,0
830,1774281313.5470688,24,0.0273287296295166,0.0,0.6558895111083984,0.017177767652754028,0.6558895111083984,5.992770195007324,0.10944679835292713,0.03222212692101797,0.1933327615261078,0.07205086617502215,24,0.17680014882768905,0.09308261856049707,0.03808069545211214,0.047589102283391305,0
831,1774281313.6473253,25,-0.0299835205078125,-0.7495880126953125,0.0,0.021576276049017906,0.7495880126953125,5.992770195007324,0.12508205526048816,0.015466620922088623,0.1933327615261078,0.05244986340875713,25,-0.0299835205078125,-0.01577845523202083,0.01961346856061963,0.03734036878700491,0
832,1774281313.7470694,25,-0.0299835205078125,-0.7495880126953125,0.0,0.021576276049017906,0.7495880126953125,5.992770195007324,0.12508205526048816,0.015466620922088623,0.1933327615261078,0.05244986340875713,25,-0.0299835205078125,-0.015779229309617313,0.017575705593282528,0.037354327159585476,0
833,1774281313.8466976,22,0.029813159595836292,0.0,0.6558895111083984,0.01866531418682292,0.6558895111083984,5.992770195007324,0.10944679835292713,0.02636355838992379,0.1933327615261078,0.06634683365617257,22,0.05518983710895885,0.02905471883949475,0.022745030767777386,0.03851568720613111,0
834,1774281313.9466357,22,0.0,0.0,0.0,0.0,0.0,5.992770195007324,0.0,0.05272711677984758,0.3866655230522156,0.13269366731234514,22,-0.020078250340053012,-0.01057021741637241,0.041009979717659226,0.03853479632643997,0
835,1774281314.0471947,23,-0.034627707108207374,-0.7964372634887695,0.0,0.026379718190579483,0.7964372634887695,5.992770195007324,0.13289968371426866,0.08405772240265556,0.5799982845783234,0.18758248709220987,23,-0.008147695790166443,-0.004287390248537069,0.035904655711991446,0.03805429768634255,0
836,1774281314.1468282,22,-0.03620169379494407,-0.7964372634887695,0.0,0.027521815306080746,0.7964372634887695,5.992770195007324,0.13289968371426866,0.05272711677984758,0.5799982845783234,0.16673778347800128,22,0.023424625396728516,0.012331616947971873,0.033623088961062225,0.038254675660369206,0
837,1774281314.2471344,23,-0.03666463105574898,-0.8432865142822266,0.0,0.02957449374999224,0.8432865142822266,5.992770195007324,0.14071731216804917,0.08405772240265556,0.5799982845783234,0.1960546142880579,23,0.012058589769446335,0.0063457642917982395,0.02521731672079667,0.037255320397763525,0
838,1774281314.3465648,22,0.0,0.0,0.0,0.0,0.0,5.992770195007324,0.0,0.08787852796641263,0.5799982845783234,0.19962164235404142,22,0.0276836481961337,0.014576588700947427,0.01961346856061963,0.03653745629613204,0
839,1774281314.4472344,21,-0.07808208465576172,-0.8432865142822266,0.0,0.05797197185789368,0.8432865142822266,5.992770195007324,0.14071731216804917,0.05523793186460223,0.5799982845783234,0.17025474034060006,21,-0.05039843645962802,-0.02652626377896947,0.03222212692101797,0.039157525934809576,0
840,1774281314.5473251,23,-0.03666463105574898,-0.8432865142822266,0.0,0.02957449374999224,0.8432865142822266,5.992770195007324,0.14071731216804917,0.033623088961062225,0.3866655230522156,0.10895126051807201,23,0.013932559801184616,0.007332131830231217,0.06356145584419982,0.03935380278936056,0
841,1774281314.6469924,22,0.0,0.0,0.0,0.0,0.0,5.992770195007324,0.0,0.02636355838992379,0.5799982845783234,0.12081300191021387,22,0.050597190856933594,0.026634343669630724,0.10203673524989022,0.038619025388515395,0
842,1774281314.7468126,23,0.0,0.0,0.0,0.0,0.0,5.992770195007324,0.0,0.07565195016239,0.5799982845783234,0.19533249539136668,23,0.028516935265582542,0.015010421275521216,0.10619686900729865,0.037700611020521205,0
843,1774281314.8469799,20,0.0,0.0,0.0,0.0,0.0,5.992770195007324,0.0,0.08699974268674851,0.5799982845783234,0.20710081189968624,20,-0.029280781745910645,-0.015412950354643752,0.09950950960902606,0.03751898134653556,0
844,1774281314.946894,20,0.0,0.0,0.0,0.0,0.0,5.992770195007324,0.0,0.08699974268674851,0.5799982845783234,0.20710081189968624,20,0.08589029312133789,0.04520486493438863,0.07960760768722086,0.03656539332183126,0
845,1774281315.046907,20,0.0,0.0,0.0,0.0,0.0,5.992770195007324,0.0,0.08699974268674851,0.5799982845783234,0.20710081189968624,20,-0.03045201301574707,-0.016027523294965155,0.07960760768722086,0.03221019694131663,0
846,1774281315.1466725,20,-0.07964372634887695,-0.8432865142822266,0.0,0.057307593550604,0.8432865142822266,6.043910980224609,0.1395266272189349,0.11599965691566468,0.5799982845783234,0.23199931383132935,20,-0.15577375888824463,-0.0819894564592677,0.05173693618304293,0.034824720708735844,0
847,1774281315.2472577,20,-0.1405477523803711,-0.9838342666625977,0.0,0.11215695252531077,0.9838342666625977,6.043910980224609,0.1627810650887574,0.12566629499197007,0.7733310461044312,0.27528711587595733,20,-0.1405477523803711,-0.07396329989991429,0.04084494961819179,0.03931465196012028,0
848,1774281315.3422334,18,0.0,0.0,0.0,0.0,0.0,6.043910980224609,0.0,0.08592567178938124,0.7733310461044312,0.21588557853613438,18,0.0,0.0,0.02148141794734531,0.03931465196012028,0
849,1774281315.446511,21,-0.04684925079345703,-0.9838342666625977,0.0,0.043897045998164685,0.9838342666625977,6.043910980224609,0.1627810650887574,0.11968218570663816,0.7733310461044312,0.24942167394695125,21,-0.07417798042297363,-0.03905250740632607,0.020900839083903545,0.03931408742548585,0
850,1774281315.5419457,19,-0.05178075087697882,-0.9838342666625977,0.0,0.04826243090490738,0.9838342666625977,6.043910980224609,0.1627810650887574,0.10175408501374095,0.5799982845783234,0.20197609175077,19,-0.021797230369166323,-0.011504800727242545,0.018796240703927145,0.037842033922364154,0
851,1774281315.6470196,20,0.0,0.0,0.0,0.0,0.0,6.043910980224609,0.0,0.05799982845783234,0.3866655230522156,0.13806720793312413,20,0.0299835205078125,0.015781213353948297,0.030821164880973705,0.03834653540009249,0
852,1774281315.7420719,18,0.0,0.0,0.0,0.0,0.0,6.043910980224609,0.0,0.04296283589469062,0.3866655230522156,0.10302126135733425,18,-0.029813159595836292,-0.015729431187174903,0.05482570849247833,0.038786582286784714,0
853,1774281315.847946,21,0.0,0.0,0.0,0.0,0.0,6.043910980224609,0.0,0.18412643954867408,0.9666638076305389,0.37958637936404405,21,0.0,0.0,0.06348239930708018,0.037168883890483395,0
854,1774281315.9474688,21,0.0,0.0,0.0,0.0,0.0,6.043910980224609,0.0,0.2117454054809752,1.1599965691566467,0.43805069215027254,21,0.034627707108207374,0.018222480763309037,0.07392134999527651,0.037168883890483395,0
855,1774281316.0465114,22,0.0,0.0,0.0,0.0,0.0,6.043910980224609,0.0,0.11424208635633643,1.1599965691566467,0.3331280154629764,22,0.03620169379494407,0.019056700132107057,0.07502465372654929,0.03757995544490897,0
856,1774281316.146733,21,0.0,0.0,0.0,0.0,0.0,6.043910980224609,0.0,0.14730115163893925,1.5466620922088623,0.45401264090826693,21,0.03666463105574898,0.01930125189873405,0.07616139090422427,0.03788294405469826,0
857,1774281316.2469642,19,0.0,0.0,0.0,0.0,0.0,6.043910980224609,0.0,0.08140326801099275,0.9666638076305389,0.2201277426029789,19,0.0,0.0,0.05858568531094176,0.0380886665478649,0
858,1774281316.342159,16,0.0,0.0,0.0,0.0,0.0,6.043910980224609,0.0,0.03624989278614521,0.1933327615261078,0.07546016929721112,16,0.07808208465576172,0.04120590496345571,0.03808069545211214,0.0380886665478649,0
859,1774281316.447209,17,0.12952439925249884,0.0,1.1243820190429688,0.1258888294923145,1.1243820190429688,6.043910980224609,0.18603550295857987,0.09098012307110954,0.3866655230522156,0.16401674939045488,17,0.16618903030824783,0.08747326280455195,0.04549006153555477,0.048239414750954286,0
860,1774281316.5519516,19,-0.11589025196276213,-1.1243820190429688,0.0,0.11421743852098638,1.1243820190429688,6.043910980224609,0.18603550295857987,0.12210490201648913,0.5799982845783234,0.23645512600007546,19,-0.11589025196276213,-0.06083608082130152,0.06246135372381944,0.05316156854080587,0
861,1774281316.6518798,19,-0.12082175204628393,-1.1712312698364258,0.0,0.12413987329508674,1.1712312698364258,6.043910980224609,0.1937869822485207,0.08140326801099275,0.5799982845783234,0.18088201807163756,19,-0.12082175204628393,-0.06342125448486281,0.08285689779690333,0.05775106992284443,0
862,1774281316.7519414,17,0.0,0.0,0.0,0.0,0.0,6.043910980224609,0.0,0.04549006153555477,0.3866655230522156,0.12457966422660721,17,0.0,0.0,0.08699974268674851,0.05775106992284443,0
863,1774281316.8526387,21,-0.05354200090680804,-1.1243820190429688,0.0,0.05733491722209268,1.1243820190429688,5.992770195007324,0.18762308289073223,0.036825287909734813,0.3866655230522156,0.11350316022706673,21,-0.05354200090680804,-0.028095052999119206,0.0966663807630539,0.05794229553199477,0
864,1774281316.9520626,19,-0.06164375104402241,-1.1712312698364258,0.0,0.06839913676999346,1.1712312698364258,5.992770195007324,0.19544071134451274,0.0,0.0,0.0,19,-0.06164375104402241,-0.03235628058096639,0.10955523153146109,0.05822371247814886,0
865,1774281317.0525005,22,-0.10434605858542702,-1.1712312698364258,0.0,0.10893088242994983,1.1712312698364258,5.992770195007324,0.19544071134451274,0.017575705593282528,0.1933327615261078,0.05557926115933376,22,-0.024702332236550065,-0.012961469895510556,0.10999967466140616,0.06020654201250484,0
866,1774281317.1522114,21,0.0,0.0,0.0,0.0,0.0,5.992770195007324,0.0,0.009206321977433703,0.1933327615261078,0.04117192352858409,21,0.1405477523803711,0.07378014018852422,0.11141209986250279,0.05957247810959051,0
867,1774281317.252274,22,-0.05323778499256481,-1.1712312698364258,0.0,0.05951949676920573,1.1712312698364258,5.992770195007324,0.19544071134451274,0.017575705593282528,0.3866655230522156,0.0805420012734759,22,-0.05323778499256481,-0.027872593137043027,0.10333302771223002,0.05413773583825543,0
868,1774281317.3520916,23,-0.05092309868854025,-1.1712312698364258,0.0,0.05704956356094182,1.1712312698364258,5.992770195007324,0.19544071134451274,0.02521731672079667,0.1933327615261078,0.06511083179712221,23,-0.004073847895083221,-0.002137851353422014,0.0934441680709521,0.05414992076784067,0
869,1774281317.4517236,20,0.0,0.0,0.0,0.0,0.0,5.992770195007324,0.0,0.019333276152610778,0.1933327615261078,0.05799982845783234,20,0.05178075087697882,0.027113493892131107,0.06783605667582729,0.05423117164308058,0
870,1774281317.5525143,21,-0.05577291761125837,-1.1712312698364258,0.0,0.06221236677744429,1.1712312698364258,5.992770195007324,0.19544071134451274,0.027618965932301114,0.3866655230522156,0.0902031650099328,21,-0.05577291761125837,-0.02926952140337551,0.098304793996326,0.0543398051729289,0
871,1774281317.6523263,25,-0.09182453155517578,-1.1712312698364258,0.0,0.0970089598922641,1.1712312698364258,5.992770195007324,0.19544071134451274,0.030933241844177246,0.1933327615261078,0.0708769611206588,25,-0.09182453155517578,-0.0480692664725291,0.15144399652878443,0.05594540889381506,0
872,1774281317.752188,25,0.0,0.0,0.0,0.0,0.0,5.992770195007324,0.0,0.05413317322731018,0.5799982845783234,0.15961372946152938,25,0.0,0.0,0.16916616633534431,0.05594540889381506,0
873,1774281317.8525548,24,0.0,0.0,0.0,0.0,0.0,5.992770195007324,0.0,0.0,0.0,0.0,24,0.0,0.0,0.15708286873996258,0.05594540889381506,0
874,1774281317.9525466,22,0.0,0.0,0.0,0.0,0.0,5.992770195007324,0.0,0.017575705593282528,0.1933327615261078,0.05557926115933376,22,0.0,0.0,0.11537600284622561,0.05594540889381507,0
875,1774281318.0520918,21,-0.10039125170026507,-1.0775327682495117,0.0,0.09579709085857982,1.0775327682495117,5.992770195007324,0.17980545443695173,0.0,0.0,0.0,21,-0.10039125170026507,-0.05268889626245438,0.09321401002151626,0.057604187456866324,0
876,1774281318.1519954,18,-0.11712312698364258,-1.0775327682495117,0.0,0.10980358311485361,1.0775327682495117,5.992770195007324,0.17980545443695173,0.0,0.0,0.0,18,-0.11712312698364258,-0.06148094935346446,0.07064081671146247,0.05976857777070743,0
877,1774281318.251959,19,-0.05917800100226151,-1.1243820190429688,0.0,0.06303664444722595,1.1243820190429688,5.860805511474609,0.19184769343422017,0.0,0.0,0.0,19,-0.05917800100226151,-0.030986490402683635,0.08551256759808613,0.05918702116987083,0
878,1774281318.3520813,21,-0.05354200090680804,-1.1243820190429688,0.0,0.05733491722209266,1.1243820190429688,5.992770195007324,0.18762308289073223,0.027618965932301114,0.1933327615261078,0.06765237375744962,21,-0.18306640015930686,-0.09610428419367711,0.09842395132238214,0.05839808476797331,0
879,1774281318.451886,18,0.0,0.0,0.0,0.0,0.0,5.860805511474609,0.0,0.03222212692101797,0.1933327615261078,0.07205086617502215,18,0.11589025196276213,0.060996978927388125,0.08436338684775613,0.04405751260158527,0
880,1774281318.5519753,17,-0.06614011876723346,-1.1243820190429688,0.0,0.06999224496869993,1.1243820190429688,5.860805511474609,0.19184769343422017,0.011372515383888693,0.1933327615261078,0.04549006153555478,17,0.05468163327905047,0.028778361061132032,0.054268845340661835,0.04171734645879055,0
881,1774281318.6524277,22,-0.05110827359286221,-1.1243820190429688,0.0,0.0548531682225,1.1243820190429688,5.860805511474609,0.19184769343422017,0.0,0.0,0.0,22,-0.05110827359286221,-0.02689220935318112,0.027134422670330918,0.03838553361484766,0
882,1774281318.7527199,22,-0.05110827359286221,-1.1243820190429688,0.0,0.0548531682225,1.1243820190429688,6.719112396240234,0.16734085586544603,0.0,0.0,0.0,22,0.0024337273139458243,0.0012808544014571805,0.01870962208317172,0.03691527252256649,0
883,1774281318.8518324,21,-0.05354200090680804,-1.1243820190429688,0.0,0.05733491722209266,1.1243820190429688,5.860805511474609,0.19184769343422017,0.0,0.0,0.0,21,0.00810175013721437,0.004264595747141112,0.00935481104158586,0.03691527252256649,0
884,1774281318.9519954,19,-0.11095875187924034,-1.0775327682495117,0.0,0.10470843852914018,1.0775327682495117,5.860805511474609,0.18385403954112767,0.030526225504122283,0.1933327615261078,0.07049729804859288,19,-0.006612693293813324,-0.0034812903899687953,0.014871750886623677,0.03928235726736297,0
885,1774281319.052633,20,0.0,0.0,0.0,0.0,0.0,5.992770195007324,0.0,0.0,0.0,0.0,20,0.0,0.0,0.017575705593282528,0.03877143114030368,0
886,1774281319.1523223,22,0.0,0.0,0.0,0.0,0.0,6.776332855224609,0.0,0.035151411186565056,0.1933327615261078,0.07456740365489042,22,0.05323778499256481,0.028019175211303083,0.020820451241273148,0.03877143114030368,0
887,1774281319.252312,21,-0.05354200090680804,-1.1243820190429688,0.0,0.05733491722209266,1.1243820190429688,6.719112396240234,0.16734085586544603,0.009206321977433703,0.1933327615261078,0.04117192352858409,21,-0.002618902218267785,-0.0013782097204890784,0.024166595190763474,0.038774428260926364,0
888,1774281319.3526738,23,0.0,0.0,0.0,0.0,0.0,6.719112396240234,0.0,0.02521731672079667,0.1933327615261078,0.06511083179712221,23,0.0,0.0,0.02636355838992379,0.04000409677677532,0
889,1774281319.452113,22,0.0,0.0,0.0,0.0,0.0,6.719112396240234,0.0,0.0,0.0,0.0,22,0.05577291761125837,0.02936036995177799,0.038121952976979,0.040004096776775314,0
890,1774281319.5519767,23,-0.09166157763937245,-1.1243820190429688,0.0,0.08864879818495147,1.1243820190429688,6.719112396240234,0.16734085586544603,0.008405772240265556,0.1933327615261078,0.03942656658922785,23,0.0001629539158033294,8.578100546939613e-05,0.028738653740367374,0.04131087732637149,0
891,1774281319.6523037,21,-0.10485308510916573,-1.1243820190429688,0.0,0.10449686822873762,1.1243820190429688,6.719112396240234,0.16734085586544603,0.018412643954867407,0.1933327615261078,0.056751580113533366,21,-0.10485308510916573,-0.05518247312160053,0.02450696977091507,0.042138452372020505,0
892,1774281319.7524664,20,-0.053876638412475586,-1.0775327682495117,0.0,0.05515115116594416,1.0775327682495117,6.719112396240234,0.16036832020438577,0.02899991422891617,0.1933327615261078,0.06903360396656207,20,-0.053876638412475586,-0.02835744421969311,0.0057711272097345605,0.04083552618049044,0
893,1774281319.8525178,19,-0.1331505022550884,-1.452326774597168,0.0,0.15439357147886348,1.452326774597168,6.719112396240234,0.2161486054928678,0.010175408501374094,0.1933327615261078,0.04317060211598919,19,-0.1331505022550884,-0.07008027225938104,0.006338779066429764,0.043195728731280476,0
894,1774281319.9523823,19,-0.17013675288150185,-1.1243820190429688,0.0,0.15461244871652743,1.1243820190429688,5.992770195007324,0.18762308289073223,0.040701634005496375,0.1933327615261078,0.07881837533335848,19,-0.06974550118123678,-0.03670254709884755,0.0,0.04800967510773562,0
895,1774281320.0527177,23,-0.09166157763937245,-1.0775327682495117,0.0,0.08826708474148917,1.0775327682495117,5.992770195007324,0.17980545443695173,0.008405772240265556,0.1933327615261078,0.03942656658922785,23,0.025461549344270126,0.01339572319946905,0.009999970423764196,0.04771118862423549,0
896,1774281320.1523046,24,-0.003904104232788086,-1.0775327682495117,0.9838342666625977,0.08869337175809733,2.0613670349121094,5.992770195007324,0.34397565196634244,0.0,0.0,0.0,24,0.055273896769473425,0.029086234535349535,0.019999940847528392,0.047679741002587483,0
897,1774281320.2528045,24,-0.08784234523773193,-1.0775327682495117,0.0,0.08492477987509517,1.0775327682495117,6.043910980224609,0.17828402366863905,0.0,0.0,0.0,24,-0.034300344330923896,-0.018045943769999493,0.024166595190763474,0.04813969489891372,0
898,1774281320.3527088,25,-0.12742996215820312,-1.0775327682495117,0.0,0.11914009460269881,1.0775327682495117,6.043910980224609,0.17828402366863905,0.015466620922088623,0.1933327615261078,0.05244986340875713,25,-0.12742996215820312,-0.06703936681363198,0.013567211335165459,0.0503738336827816,0
899,1774281320.4517293,24,-0.04489719867706299,-1.0775327682495117,0.0,0.04636244432809633,1.0775327682495117,6.043910980224609,0.17828402366863905,0.024166595190763474,0.1933327615261078,0.06393880090992969,24,0.021242920090170467,0.011181931744960792,0.003169389533214882,0.0485021497785227,0
900,1774281320.5518508,26,-0.03783977948702299,-0.9838342666625977,0.0,0.03579622279066314,0.9838342666625977,6.043910980224609,0.1627810650887574,0.0,0.0,0.0,26,0.013268494105839225,0.006985538898269269,0.0,0.04885368666838767,0
901,1774281320.6525407,25,-0.08620262145996094,-1.0775327682495117,0.0,0.08545525738554716,1.0775327682495117,6.043910980224609,0.17828402366863905,0.007733310461044311,0.1933327615261078,0.03788532930417179,25,-0.035094347867098724,-0.018472451602909237,0.00935481104158586,0.04901155785980186,0
902,1774281320.7520826,22,0.0,0.0,0.0,0.0,0.0,6.043910980224609,0.0,0.0,0.0,0.0,22,0.05354200090680804,0.028176290157285178,0.009666638076305389,0.05096930352734829,0
903,1774281320.8524847,22,0.0,0.0,0.0,0.0,0.0,6.043910980224609,0.0,0.02636355838992379,0.1933327615261078,0.06634683365617257,22,0.11095875187924034,0.058384306668118384,0.02218572673250417,0.05274850254034871,0
904,1774281320.952628,19,0.0,0.0,0.0,0.0,0.0,6.043910980224609,0.0,0.061052451008244565,0.3866655230522156,0.1262734987166934,19,0.0,0.0,0.015343869962389506,0.05292118374333041,0
905,1774281321.0520186,22,0.04684925079345703,0.0,1.0306835174560547,0.04609189829807292,1.0306835174560547,6.043910980224609,0.17053254437869822,0.06151496957648884,0.3866655230522156,0.1352872741826749,22,0.04684925079345703,0.024661441704116917,0.0234342741243767,0.05620971817073523,0
906,1774281321.1518357,23,0.0,0.0,0.0,0.0,0.0,6.043910980224609,0.0,0.058840405681858894,0.5799982845783234,0.15544998031098275,23,0.05354200090680804,0.028187066009733506,0.01171713706218835,0.05620971817073523,0
907,1774281321.2524402,20,0.0,0.0,0.0,0.0,0.0,6.043910980224609,0.0,0.11599965691566468,0.7733310461044312,0.24758673824352911,20,0.0,0.0,0.011372515383888693,0.057336607194733435,0
908,1774281321.352256,16,0.0,0.0,0.0,0.0,0.0,6.043910980224609,0.0,0.07249978557229042,0.3866655230522156,0.15092033859442225,16,0.0,0.0,0.008787852796641264,0.057336607194733435,0
909,1774281321.4522784,17,0.0,0.0,0.0,0.0,0.0,6.043910980224609,0.0,0.04549006153555477,0.1933327615261078,0.08200837469522744,17,0.09166157763937245,0.04823527647574049,0.018124946393072605,0.057336607194733435,0
910,1774281321.5519514,17,0.0,0.0,0.0,0.0,0.0,6.043910980224609,0.0,0.056862576919443464,0.3866655230522156,0.12866532395353644,17,0.10485308510916573,0.05519606841192744,0.019333276152610778,0.0574330862312753,0
911,1774281321.651833,20,0.0,0.0,0.0,0.0,0.0,6.043910980224609,0.0,0.05799982845783234,0.3866655230522156,0.12379336912176456,20,0.053876638412475586,0.028365581412513694,0.026666587796704524,0.05648499256343355,0
912,1774281321.7523105,17,0.0,0.0,0.0,0.0,0.0,6.043910980224609,0.0,0.06823509230333216,0.3866655230522156,0.1474046465832739,17,0.1331505022550884,0.0700868596207032,0.01901633719928929,0.05701754654076321,0
913,1774281321.8519976,19,-0.09123275154515316,-0.9369850158691406,0.0,0.07126886055269895,0.9369850158691406,6.043910980224609,0.15502958579881657,0.08140326801099275,0.3866655230522156,0.15763675066671695,19,0.07890400133634869,0.04153683213853728,0.01464642132773544,0.05413527789420252,0
914,1774281321.9521165,19,-0.04191775070993524,-0.7964372634887695,0.0,0.031627760842444966,0.7964372634887695,6.043910980224609,0.13177514792899409,0.061052451008244565,0.3866655230522156,0.14099459609718576,19,0.04974382692943721,0.026189248320179284,0.0027229966412127857,0.04444286299796804,0
915,1774281322.0527241,21,-0.08477483476911273,-0.9838342666625977,0.0,0.06911047400572731,0.9838342666625977,6.043910980224609,0.1627810650887574,0.05523793186460223,0.3866655230522156,0.12143972742590917,21,-0.08087073053632464,-0.042554147469918355,0.005296787987016651,0.043974857478068,0
916,1774281322.1522655,19,0.0,0.0,0.0,0.0,0.0,6.043910980224609,0.0,0.061052451008244565,0.3866655230522156,0.14099459609718576,19,0.08784234523773193,0.04624593177009375,0.01324196996754163,0.044089722213032305,0
917,1774281322.2518983,19,-0.1331505022550884,-0.8901357650756836,0.0,0.09478600375503983,0.8901357650756836,6.043910980224609,0.14727810650887574,0.050877042506870473,0.7733310461044312,0.17565478523117775,19,-0.005720540096885274,-0.0030120955179175585,0.012888850768407185,0.048100052867405124,0
918,1774281322.3517847,19,0.0,0.0,0.0,0.0,0.0,6.043910980224609,0.0,0.010175408501374094,0.1933327615261078,0.04317060211598919,19,0.04489719867706299,0.02362941547743183,0.010311080614725748,0.042939132017672785,0
919,1774281322.4522097,21,-0.1650878361293248,-0.8901357650756836,0.0,0.11593398973710294,0.8901357650756836,6.043910980224609,0.14727810650887574,0.036825287909734813,0.1933327615261078,0.07591727587280882,21,-0.1272480566423018,-0.06696001245652762,0.0026483939935083257,0.052775142024394595,0
920,1774281322.5526085,21,-0.12270041874476842,-0.8901357650756836,0.0,0.09040203441163984,0.8901357650756836,5.992770195007324,0.14853494062182968,0.0,0.0,0.0,21,-0.03649779728480748,-0.019208681482245245,0.011207696320354074,0.05653871496821392,0
921,1774281322.6524096,18,-0.049451986948649086,-0.8901357650756836,0.0,0.041573483223879125,0.8901357650756836,5.992770195007324,0.14853494062182968,0.0,0.0,0.0,18,-0.049451986948649086,-0.02602288332543551,0.027618965932301114,0.05539498832555523,0
922,1774281322.7517076,20,-0.12649297714233398,-0.8901357650756836,0.0,0.09088883373919998,0.8901357650756836,6.043910980224609,0.14727810650887574,0.019333276152610778,0.1933327615261078,0.05799982845783234,20,-0.12649297714233398,-0.06660249327196188,0.04910038387964642,0.05850574301912748,0
923,1774281322.8520334,20,-0.08667111396789551,-0.8901357650756836,0.0,0.06766180927542109,0.8901357650756836,6.043910980224609,0.14727810650887574,0.009666638076305389,0.1933327615261078,0.042135898498397606,20,-0.08667111396789551,-0.04563065385799161,0.060416487976908684,0.05871061829924112,0
924,1774281322.9521651,20,-0.04450678825378418,-0.8901357650756836,0.0,0.03763622981267645,0.8901357650756836,6.043910980224609,0.14727810650887574,0.0,0.0,0.0,20,-0.09135603904724121,-0.04807841911056148,0.07733310461044311,0.057886465502198885,0
925,1774281323.0518732,21,-0.035694667271205356,-0.7495880126953125,0.0,0.02548218543204119,0.7495880126953125,6.043910980224609,0.12402366863905326,0.0,0.0,0.0,21,-0.035694667271205356,-0.01878629593489114,0.081920661663605,0.054006298185655874,0
926,1774281323.151815,19,0.0,0.0,0.0,0.0,0.0,6.043910980224609,0.0,0.040701634005496375,0.5799982845783234,0.13422285662863645,19,0.0,0.0,0.08025133497310134,0.054006298185655874,0
927,1774281323.2527416,22,-0.07879192178899591,-0.8901357650756836,0.0,0.06213155239884863,0.8901357650756836,6.043910980224609,0.14727810650887574,0.008787852796641264,0.1933327615261078,0.04027100063673795,22,-0.07879192178899591,-0.04145883835602365,0.05799982845783234,0.05314908525231918,0
928,1774281323.3525736,21,-0.12270041874476842,-0.8901357650756836,0.0,0.09040203441163984,0.8901357650756836,6.043910980224609,0.14727810650887574,0.009206321977433703,0.1933327615261078,0.04117192352858409,21,-0.12270041874476842,-0.06456913379964824,0.053703544868363276,0.05375270854842487,0
929,1774281323.4523468,21,-0.04238741738455636,-0.8901357650756836,0.0,0.035933863050651826,0.8901357650756836,6.043910980224609,0.14727810650887574,0.036825287909734813,0.1933327615261078,0.07591727587280882,21,-0.04238741738455636,-0.022304525433180948,0.06086401751747838,0.05219136094105019,0
930,1774281323.551804,23,-0.03870155500329059,-0.8901357650756836,0.0,0.032951827912800005,0.8901357650756836,6.043910980224609,0.14727810650887574,0.0,0.0,0.0,23,-0.03870155500329059,-0.020369550290087274,0.06904741483075279,0.050575967534780226,0
931,1774281323.6518767,23,-0.03870155500329059,-0.8901357650756836,0.0,0.032951827912800005,0.8901357650756836,6.043910980224609,0.14727810650887574,0.02521731672079667,0.1933327615261078,0.06511083179712221,23,-0.03870155500329059,-0.02037389144011374,0.07030282237313011,0.04883062333700998,0
932,1774281323.752392,25,-0.035605430603027344,-0.8901357650756836,0.0,0.030425920522247907,0.8901357650756836,6.043910980224609,0.14727810650887574,0.038666552305221556,0.1933327615261078,0.07733310461044311,25,0.055627320942125816,0.029271460587406945,0.065536529330884,0.04703918242846797,0
933,1774281323.8526082,23,-0.03870155500329059,-0.8901357650756836,0.0,0.03295182791280001,0.8901357650756836,6.043910980224609,0.14727810650887574,0.033623088961062225,0.5799982845783234,0.12296584683731038,23,0.0032161957066446506,0.0016922966209977977,0.0589828763977956,0.04707535487577717,0
934,1774281323.9523754,22,-0.04046071659434925,-0.8901357650756836,0.0,0.034378461333893225,0.8901357650756836,6.043910980224609,0.14727810650887574,0.06151496957648884,0.5799982845783234,0.15842526929759843,22,0.044314118174763474,0.023327501437599506,0.055706049931251396,0.04711105315064162,0
935,1774281324.0518315,21,-0.04238741738455636,-0.8901357650756836,0.0,0.035933863050651826,0.8901357650756836,6.043910980224609,0.14727810650887574,0.09206321977433704,0.5799982845783234,0.20337429976244112,21,-0.04238741738455636,-0.022314264854168615,0.040701634005496375,0.047092527280692735,0
936,1774281324.15259,18,-0.1405477523803711,-0.8901357650756836,0.0,0.09901222597363812,0.8901357650756836,6.043910980224609,0.14727810650887574,0.11814779871039921,1.3533293306827545,0.34787297666063655,18,-0.007397250125282695,-0.003891872595526676,0.032768264665442,0.047781454715961055,0
937,1774281324.252108,19,-0.09616425162867497,-0.9369850158691406,0.0,0.0786620472471267,0.9369850158691406,6.043910980224609,0.15502958579881657,0.15263112752061142,0.9666638076305389,0.3524864902429644,19,-0.09616425162867497,-0.050604150896684956,0.015846947666074408,0.04594872170625501,0
938,1774281324.3520908,19,0.0,0.0,0.0,0.0,0.0,6.043910980224609,0.0,0.18315735302473368,1.5466620922088623,0.43671354926179956,19,0.1650878361293248,0.08689377140534478,0.012888850768407185,0.04594872170625501,0
939,1774281324.4523556,18,-0.10150671005249023,-0.9369850158691406,0.0,0.08248986560488447,0.9369850158691406,6.043910980224609,0.15502958579881657,0.07518496281570858,0.7733310461044312,0.21508252958366944,18,0.021193708692278185,0.011156068258392436,0.006553652933088399,0.04100588853352072,0
940,1774281324.5527022,17,-0.10747769299675436,-0.9369850158691406,0.0,0.08670046316869344,0.9369850158691406,6.043910980224609,0.15502958579881657,0.022745030767777386,0.1933327615261078,0.062289832113303606,17,-0.05802570604810527,-0.030535142314649273,0.009999970423764196,0.040041199009901995,0
941,1774281324.6567738,20,0.0,0.0,0.0,0.0,0.0,5.992770195007324,0.0,0.019333276152610778,0.1933327615261078,0.05799982845783234,20,0.12649297714233398,0.06639820375056302,0.009666638076305389,0.04228682266424078,0
942,1774281324.7565842,19,-0.04931500083521793,-0.9369850158691406,0.0,0.04377544753279581,0.9369850158691406,5.992770195007324,0.15635256907561018,0.030526225504122283,0.1933327615261078,0.07049729804859288,19,0.03735611313267758,0.019614133323924796,0.003169389533214882,0.03955603596295723,0
943,1774281324.8573556,18,-0.14315048853556314,-0.9369850158691406,0.0,0.10302934762130968,0.9369850158691406,5.992770195007324,0.15635256907561018,0.0,0.0,0.0,18,-0.09864370028177896,-0.051776293209099426,0.012888850768407185,0.043401507386091505,0
944,1774281324.957168,19,0.0,0.0,0.0,0.0,0.0,6.043910980224609,0.0,0.030526225504122283,0.1933327615261078,0.07049729804859288,19,0.035694667271205356,0.01873445804198242,0.015591351735976434,0.04523300694003017,0
945,1774281325.056462,19,-0.08876700150339227,-0.8901357650756836,0.0,0.06720747180937847,0.8901357650756836,6.043910980224609,0.14727810650887574,0.020350817002748187,0.3866655230522156,0.08634120423197839,19,-0.08876700150339227,-0.046605484527357965,0.01870962208317172,0.04542556539682156,0
946,1774281325.1566749,19,-0.04191775070993524,-0.7964372634887695,0.0,0.031627760842444966,0.7964372634887695,6.043910980224609,0.13177514792899409,0.020350817002748187,0.3866655230522156,0.08634120423197839,19,0.03687417107906067,0.019367365094821475,0.018124946393072605,0.04352370383134355,0
947,1774281325.2565174,19,-0.18246550309030632,-0.9369850158691406,0.0,0.12542881702799688,0.9369850158691406,6.043910980224609,0.15502958579881657,0.030526225504122283,0.1933327615261078,0.07049729804859288,19,-0.0597650843455379,-0.031390151886239295,0.014871750886623677,0.05074607950205125,1
948,1774281325.3565924,19,-0.1331505022550884,-0.8901357650756836,0.0,0.09478600375503983,0.8901357650756836,6.043910980224609,0.14727810650887574,0.020350817002748187,0.1933327615261078,0.05933231748191226,19,-0.09076308487053203,-0.047663538860384984,0.020198945234070963,0.051361333878613254,1
949,1774281325.4521902,17,-0.04684925079345703,-0.7964372634887695,0.0,0.03511763679853175,0.7964372634887695,6.043910980224609,0.13177514792899409,0.0,0.0,0.0,17,-0.008147695790166443,-0.004287389710649797,0.021783973129702285,0.05125888137741364,1
950,1774281325.5568535,20,-0.12649297714233398,-0.8901357650756836,0.0,0.09088883373919998,0.8901357650756836,6.043910980224609,0.14727810650887574,0.0,0.0,0.0,20,-0.0877914221390434,-0.04608529619625483,0.032675959694553426,0.05228555558779503,1
951,1774281325.6569078,19,-0.04191775070993524,-0.7964372634887695,0.0,0.031627760842444966,0.7964372634887695,6.043910980224609,0.13177514792899409,0.0,0.0,0.0,19,-0.0063123201069078955,-0.0033143963914509292,0.04419034549168178,0.052185644925572025,1
952,1774281325.7522554,22,-0.23211674256758255,-0.9369850158691406,0.0,0.144356886906981,0.9369850158691406,6.043910980224609,0.15502958579881657,0.0,0.0,0.0,22,-0.19341518756429196,-0.10181637090934673,0.06151496957648884,0.06185351064618996,1
953,1774281325.8519375,21,-0.20078250340053014,-0.9369850158691406,0.0,0.12963066440682508,0.9369850158691406,6.043910980224609,0.15502958579881657,0.0,0.0,0.0,21,-0.1603217868061809,-0.08439933871141096,0.08874290693001669,0.0660382996625311,1
954,1774281325.9520197,20,-0.17334222793579102,-0.9369850158691406,0.0,0.12073882501795197,0.9369850158691406,5.992770195007324,0.15635256907561018,0.0,0.0,0.0,20,-0.13095481055123465,-0.06891675783780356,0.11999964508517035,0.06731436850156304,1
955,1774281326.0520804,21,-0.2431699207850865,-0.9369850158691406,0.0,0.14854322390716818,0.9369850158691406,5.992770195007324,0.15635256907561018,0.0,0.0,0.0,21,-0.10262216840471541,-0.05402615920449395,0.1519043126276561,0.0730835929008894,1
956,1774281326.1475875,21,-0.24763175419398717,-0.9369850158691406,0.0,0.1538785564820018,0.9369850158691406,5.992770195007324,0.15635256907561018,0.0,0.0,0.0,21,-0.15146750256531222,-0.0799098630741399,0.13809482966150557,0.07899522442271562,1
957,1774281326.2477767,20,-0.17334222793579102,-0.9369850158691406,0.0,0.12073882501795197,0.9369850158691406,5.992770195007324,0.15635256907561018,0.0,0.0,0.0,20,-0.17334222793579102,-0.0914403735943896,0.0966663807630539,0.07996687381827741,1
958,1774281326.3476858,19,-0.1331505022550884,-0.8901357650756836,0.0,0.09478600375503983,0.8901357650756836,5.992770195007324,0.14853494062182968,0.0,0.0,0.0,19,-0.031643792202598164,-0.01669566197940577,0.038666552305221556,0.075388108012846,1
959,1774281326.4471867,18,-0.09369850158691406,-0.8901357650756836,0.0,0.07047914607483108,0.8901357650756836,5.992770195007324,0.14853494062182968,0.0,0.0,0.0,18,0.013779191409840297,0.00727331960999194,0.024166595190763474,0.07552020131571618,1
960,1774281326.5467992,18,-0.1405477523803711,-0.8901357650756836,0.0,0.09901222597363812,0.8901357650756836,5.992770195007324,0.14853494062182968,0.0,0.0,0.0,18,-0.1405477523803711,-0.07436289166821511,0.016959014168956822,0.07552565416624132,1
961,1774281326.647647,18,-0.09369850158691406,-0.8901357650756836,0.0,0.07047914607483108,0.8901357650756836,5.992770195007324,0.14853494062182968,0.0,0.0,0.0,18,-0.044383500751696135,-0.023470136603494198,0.020714224449225833,0.07038290152445224,1
962,1774281326.7477114,18,-0.09369850158691406,-0.8901357650756836,0.0,0.07047914607483108,0.8901357650756836,5.992770195007324,0.14853494062182968,0.0,0.0,0.0,18,0.04945198694864908,0.02616014735614767,0.017261853707688197,0.06850132009968371,1
963,1774281326.8476913,19,-0.04191775070993524,-0.7964372634887695,0.0,0.031627760842444966,0.7964372634887695,5.992770195007324,0.13289968371426866,0.0,0.0,0.0,19,-0.04191775070993524,-0.022172566205420872,0.023742619836539552,0.07114223406187181,1
964,1774281326.9474587,18,-0.044246514638264976,-0.7964372634887695,0.0,0.033281818979781344,0.7964372634887695,5.992770195007324,0.13289968371426866,0.0,0.0,0.0,18,0.044520486865127294,0.023543397507298617,0.023742619836539552,0.06778487554290419,1
965,1774281327.0470378,17,0.0,0.0,0.0,0.0,0.0,5.992770195007324,0.0,0.0,0.0,0.0,17,0.04191775070993524,0.02217444543623726,0.023742619836539552,0.0729592783716273,1
966,1774281327.1476667,19,-0.09616425162867497,-0.9369850158691406,0.0,0.0786620472471267,0.9369850158691406,5.992770195007324,0.15635256907561018,0.0,0.0,0.0,19,0.08630125146163135,0.04563428824062948,0.017575705593282528,0.07082686022595357,1
967,1774281327.2470531,19,-0.09616425162867497,-0.9369850158691406,0.0,0.0786620472471267,0.9369850158691406,5.992770195007324,0.15635256907561018,0.0,0.0,0.0,19,0.03698625062641343,0.019564675450443707,0.006904741483075278,0.06993459773971297,1
968,1774281327.347407,20,-0.09135603904724121,-0.9369850158691406,0.0,0.07516820414110725,0.9369850158691406,5.992770195007324,0.15635256907561018,0.0,0.0,0.0,20,-0.04450678825378418,-0.02348374334957497,0.0,0.07021212028113472,1
969,1774281327.4474683,18,-0.10150671005249023,-0.9369850158691406,0.0,0.08248986560488447,0.9369850158691406,5.992770195007324,0.15635256907561018,0.0,0.0,0.0,18,0.02498626708984375,0.013215948471924874,0.0,0.06833015560053188,1
970,1774281327.5476656,15,0.0,0.0,0.0,0.0,0.0,5.992770195007324,0.0,0.0,0.0,0.0,15,0.04191775070993524,0.022169815049189016,0.0,0.07340283861730951,1
971,1774281327.646964,14,0.0,0.0,0.0,0.0,0.0,5.992770195007324,0.0,0.0,0.0,0.0,14,0.23211674256758255,0.12250788246436406,0.0,0.07606472510967226,1
972,1774281327.7471073,15,0.0,0.0,0.0,0.0,0.0,5.992770195007324,0.0,0.0,0.0,0.0,15,0.20078250340053014,0.10594433822853087,0.0,0.07498372194588615,0
973,1774281327.8471456,15,0.0,0.0,0.0,0.0,0.0,5.992770195007324,0.0,0.0,0.0,0.0,15,0.17334222793579102,0.09146739594003271,0.0,0.07468995126936907,0
974,1774281327.9476078,16,-0.049777328968048096,-0.7964372634887695,0.0,0.0371667371878992,0.7964372634887695,5.992770195007324,0.13289968371426866,0.0,0.0,0.0,16,0.1933925918170384,0.1020257452411397,0.0,0.07289259522840784,0
975,1774281328.047224,16,-0.049777328968048096,-0.7964372634887695,0.0,0.0371667371878992,0.7964372634887695,5.992770195007324,0.13289968371426866,0.0,0.0,0.0,16,0.19785442522593907,0.10415383390100663,0.0,0.06379436523958094,0
976,1774281328.147399,16,-0.049777328968048096,-0.7964372634887695,0.0,0.0371667371878992,0.7964372634887695,5.992770195007324,0.13289968371426866,0.0,0.0,0.0,16,0.12356489896774292,0.06504709138631956,0.0,0.05059402428767095,0
977,1774281328.2472248,18,-0.044246514638264976,-0.7964372634887695,0.0,0.033281818979781344,0.7964372634887695,5.992770195007324,0.13289968371426866,0.0,0.0,0.0,18,0.08890398761682342,0.04680292845018841,0.0,0.04454479760038939,0
978,1774281328.3474061,18,-0.044246514638264976,-0.7964372634887695,0.0,0.033281818979781344,0.7964372634887695,5.992770195007324,0.13289968371426866,0.0,0.0,0.0,18,0.049451986948649086,0.026024355869484497,0.0,0.04145005913999497,0
979,1774281328.4478354,17,-0.10196601643281825,-0.9369850158691406,0.0,0.0785590041185148,0.9369850158691406,5.992770195007324,0.15635256907561018,0.0,0.0,0.0,17,0.03858173594755285,0.020295107835853345,0.0,0.04185778274323563,0
980,1774281328.5473611,18,-0.14315048853556314,-0.9369850158691406,0.0,0.10302934762130968,0.9369850158691406,5.992770195007324,0.15635256907561018,0.0,0.0,0.0,18,-0.04945198694864908,-0.026031276772524956,0.0,0.0421206938855676,0
981,1774281328.6470788,21,-0.04461833408900669,-0.9369850158691406,0.0,0.03981591473756434,0.9369850158691406,5.992770195007324,0.15635256907561018,0.018412643954867407,0.1933327615261078,0.056751580113533366,21,0.04908016749790737,0.025840271473122137,0.0,0.04133851348597849,0
982,1774281328.7470655,20,0.0,0.0,0.0,0.0,0.0,5.992770195007324,0.0,0.0,0.0,0.0,20,0.04191775070993524,0.02206924242814731,0.0,0.04195038889608158,0
983,1774281328.8476233,19,-0.1454792524638929,-0.9369850158691406,0.0,0.11295281448115006,0.9369850158691406,5.992770195007324,0.15635256907561018,0.0,0.0,0.0,19,-0.10123273782562792,-0.05327577284755312,0.0,0.04675609628515464,0
984,1774281328.9473324,16,-0.055633485317230225,-0.8901357650756836,0.0,0.046426270328137065,0.8901357650756836,5.992770195007324,0.14853494062182968,0.0,0.0,0.0,16,-0.055633485317230225,-0.029276243276226716,0.0,0.04668945870736648,0
985,1774281329.0469828,15,0.0,0.0,0.0,0.0,0.0,5.992770195007324,0.0,0.0,0.0,0.0,15,0.09616425162867497,0.05063098924020621,0.0,0.046689458707366474,0
986,1774281329.1473765,17,-0.15708278207217946,-0.9369850158691406,0.0,0.1154082198941368,0.9369850158691406,5.992770195007324,0.15635256907561018,0.0,0.0,0.0,17,-0.060918530443504496,-0.03205692816984567,0.0,0.051016908959164296,0
987,1774281329.2476492,16,-0.05270540714263916,-0.8432865142822266,0.0,0.041667899131070385,0.8432865142822266,5.992770195007324,0.14071731216804917,0.0,0.0,0.0,16,0.03865063190460205,0.020339846224551903,0.0,0.0502970334836395,0
988,1774281329.3473165,16,-0.05270540714263916,-0.8432865142822266,0.0,0.041667899131070385,0.8432865142822266,5.992770195007324,0.14071731216804917,0.0,0.0,0.0,16,0.048801302909851074,0.025686948212979014,0.0,0.04966171009282985,0
989,1774281329.4473612,15,0.0,0.0,0.0,0.0,0.0,5.992770195007324,0.0,0.0,0.0,0.0,15,0.0,0.0,0.0,0.049798734577485966,0
990,1774281329.5473597,13,0.0,0.0,0.0,0.0,0.0,5.992770195007324,0.0,0.0,0.0,0.0,13,0.0,0.0,0.0,0.04979873457748596,0
991,1774281329.6475153,13,0.0,0.0,0.0,0.0,0.0,5.992770195007324,0.0,0.0,0.0,0.0,13,0.0,0.0,0.0,0.04979873457748596,0
992,1774281329.7472978,15,-0.062465667724609375,-0.9369850158691406,0.0,0.054627435019938275,0.9369850158691406,5.992770195007324,0.15635256907561018,0.0,0.0,0.0,15,-0.062465667724609375,-0.0328740337292605,0.0,0.04853542787897223,0
993,1774281329.8473048,16,-0.055633485317230225,-0.8901357650756836,0.0,0.046426270328137065,0.8901357650756836,5.992770195007324,0.14853494062182968,0.0,0.0,0.0,16,-0.005856156349182129,-0.0030826790523533973,0.0,0.04700657634673727,0
994,1774281329.947474,15,0.0,0.0,0.0,0.0,0.0,5.992770195007324,0.0,0.0,0.0,0.0,15,0.049777328968048096,0.026195148042226155,0.0,0.048534688306365883,0
995,1774281330.0474107,17,0.0,0.0,0.0,0.0,0.0,5.992770195007324,0.0,0.0,0.0,0.0,17,0.049777328968048096,0.026198431792694574,0.0,0.04989213170184826,0
996,1774281330.1475658,16,0.0,0.0,0.0,0.0,0.0,5.992770195007324,0.0,0.0,0.0,0.0,16,0.044246514638264976,0.023283460099070653,0.0,0.05109251148766411,0
997,1774281330.2479444,16,0.0,0.0,0.0,0.0,0.0,5.992770195007324,0.0,0.0,0.0,0.0,16,0.044246514638264976,0.02328104454634998,0.0,0.0521539180543889,0
998,1774281330.3475404,16,0.0,0.0,0.0,0.0,0.0,5.992770195007324,0.0,0.0,0.0,0.0,16,0.10196601643281825,0.053674660023573885,0.006904741483075278,0.05310206056682327,0
999,1774281330.441806,14,0.0,0.0,0.0,0.0,0.0,5.992770195007324,0.0,0.0,0.0,0.0,14,0.14315048853556314,0.07556328786657265,0.006553652933088399,0.052137023629496335,0
1000,1774281330.5418754,15,0.0,0.0,0.0,0.0,0.0,5.992770195007324,0.0,0.0,0.0,0.0,15,0.04461833408900669,0.023547822418716915,0.006444425384203593,0.04683149661760727,0
1001,1774281330.6420074,15,-0.062465667724609375,-0.9369850158691406,0.0,0.054627435019938275,0.9369850158691406,5.992770195007324,0.15635256907561018,0.0,0.0,0.0,15,-0.062465667724609375,-0.032964425345767885,0.0,0.047244681198096355,0
1002,1774281330.741763,13,0.0,0.0,0.0,0.0,0.0,5.992770195007324,0.0,0.0,0.0,0.0,13,0.1454792524638929,0.07680491958514651,0.0,0.04724468119809635,0
