frame_idx,t,numPts,centroid_z,centroid_z_min,centroid_z_max,z_variance,bbox_height,bbox_width,aspect_ratio,doppler_mean,doppler_max,doppler_std,point_count,delta_z,delta_z_rate,doppler_post,window_z_std,label
0,1774286715.5737002,20,0.12883543968200684,0.0,1.639723777770996,0.161733178849488,1.639723777770996,5.992770195007324,0.27361699588231786,0.009666638076305389,0.1933327615261078,0.042135898498397606,20,nan,nan,nan,nan,0
1,1774286715.677742,21,0.0513110842023577,-0.3279447555541992,1.405477523803711,0.09655359323859354,1.7334222793579102,6.043910980224609,0.2868047337278106,0.027618965932301114,0.1933327615261078,0.0676523737574496,21,-0.07752435547964914,-0.7451269052316757,0.018861732831815393,0.03876217773982457,0
2,1774286715.7780674,21,0.16954966953822545,0.0,1.546025276184082,0.1880207033694632,1.546025276184082,5.992770195007324,0.2579817389747568,0.009206321977433703,0.1933327615261078,0.04117192352858409,21,0.040714229856218614,0.19922099860572384,0.015591351735976434,0.04904423996935747,0
3,1774286715.8782563,20,0.10306835174560547,0.0,1.405477523803711,0.10965482090341538,1.405477523803711,5.992770195007324,0.2345288536134153,0.019333276152610778,0.1933327615261078,0.05799982845783234,20,-0.025767087936401367,-0.08460538233491284,0.015591351735976434,0.04287376852987747,0
4,1774286715.9778097,20,0.2178490161895752,0.0,1.546025276184082,0.26958822086697865,1.546025276184082,5.992770195007324,0.2579817389747568,0.038666552305221556,0.3866655230522156,0.11599965691566468,20,0.08901357650756836,0.22027094476677297,0.015591351735976434,0.056771925406013994,0
5,1774286716.0782666,27,0.19780794779459634,-0.4216432571411133,1.546025276184082,0.23108272115577064,1.9676685333251953,5.992770195007324,0.32834039505878143,0.05012330854380572,0.5799982845783234,0.1542413012498553,27,0.06897250811258951,0.13669658516455171,0.015591351735976434,0.057001606104883695,0
6,1774286716.1777782,21,0.14277866908482142,-0.6558895111083984,1.405477523803711,0.2220931724061339,2.0613670349121094,5.992770195007324,0.34397565196634244,0.0,0.0,0.0,21,0.013943229402814589,0.023081834045461352,0.015591351735976434,0.0527776813094944,0
7,1774286716.277824,24,0.11517107486724854,-0.8432865142822266,1.405477523803711,0.19424061803441361,2.2487640380859375,6.043910980224609,0.37207100591715975,0.12888850768407187,0.7733310461044312,0.2882034647000886,24,-0.0136643648147583,-0.01940619826777354,0.015591351735976434,0.05031010257869833,0
8,1774286716.378289,27,0.09022818671332465,-0.8432865142822266,1.405477523803711,0.21996093186103674,2.2487640380859375,6.043910980224609,0.37207100591715975,0.08592567178938124,0.7733310461044312,0.2430345008011244,27,-0.038607252968682185,-0.04798383127207405,0.015591351735976434,0.050024293021620085,0
9,1774286716.47816,26,0.09369850158691406,-1.2649297714233398,1.405477523803711,0.2416025877822064,2.670407295227051,6.043910980224609,0.4418343195266272,0.10410225620636573,0.7733310461044312,0.25281976507260245,26,-0.03513693809509277,-0.03884853854368131,0.015591351735976434,0.04906153452717827,0
10,1774286716.578075,26,0.03243409670316256,-1.2649297714233398,1.405477523803711,0.31483792576553493,2.670407295227051,6.043910980224609,0.4418343195266272,0.029743501773247354,0.3866655230522156,0.10303451253255881,26,-0.09640134297884428,-0.09598144885456707,0.015591351735976434,0.05469561710946819,0
11,1774286716.6777804,25,0.14429569244384766,-0.7495880126953125,1.405477523803711,0.26916263900602644,2.1550655364990234,6.043910980224609,0.3565680473372781,0.023199931383132935,0.3866655230522156,0.08329030267492185,25,0.01546025276184082,0.014002834901944525,0.015591351735976434,0.052726236954727564,0
12,1774286716.7782815,24,0.1542121171951294,-0.5153417587280273,1.546025276184082,0.21573188013768174,2.0613670349121094,6.043910980224609,0.34106508875739644,0.08055531730254491,0.5799982845783234,0.18439954968366856,24,0.02537667751312256,0.02106680415962378,0.015591351735976434,0.05129684106269857,0
13,1774286716.877832,23,0.2607262652853261,0.0,1.546025276184082,0.25247025037696796,1.546025276184082,6.043910980224609,0.2557988165680473,0.16811544480531113,0.9666638076305389,0.3663991173773705,23,0.13189082560331927,0.10113305344978303,0.015591351735976434,0.06035615307119185,0
14,1774286716.978258,23,0.1018461973770805,0.0,1.546025276184082,0.10738594938794879,1.546025276184082,6.043910980224609,0.2557988165680473,0.10086926688318668,0.7733310461044312,0.26044332718848884,23,-0.02698924230492633,-0.019215474174026314,0.015591351735976434,0.058923446065281056,0
15,1774286717.0779226,26,-0.055858722099891074,-0.6090402603149414,0.4216432571411133,0.03967942301357771,1.0306835174560547,5.992770195007324,0.17198782598317122,0.11153813164967757,0.7733310461044312,0.26363298392996876,26,-0.1846941617818979,-0.12278381350854638,0.015591351735976434,0.07319765069643651,0
16,1774286717.1781626,22,0.01703609119762074,0.0,0.37479400634765625,0.006094796469166669,0.37479400634765625,5.992770195007324,0.06254102763024408,0.13181779194961896,0.7733310461044312,0.2818970044571657,22,-0.1117993484843861,-0.06968025521645994,0.015591351735976434,0.07516482588944312,0
17,1774286717.2777293,22,0.01703609119762074,0.0,0.37479400634765625,0.006094796469166669,0.37479400634765625,6.043910980224609,0.06201183431952663,0.05272711677984758,0.3866655230522156,0.11920423501990257,22,-0.1117993484843861,-0.06560882650607656,0.015591351735976434,0.07645572256513725,0
18,1774286717.3784523,22,0.0809214331886985,0.0,1.405477523803711,0.08962615879212053,1.405477523803711,6.043910980224609,0.23254437869822486,0.06151496957648884,0.5799982845783234,0.15842526929759843,22,-0.047914006493308334,-0.02654880201537068,0.015591351735976434,0.07470146466792048,0
19,1774286717.4782958,19,-0.03945200066817434,-0.7495880126953125,0.0,0.028016286420989325,0.7495880126953125,5.992770195007324,0.12508205526048816,0.12210490201648913,0.7733310461044312,0.2819891921943715,19,-0.16828744035018117,-0.08835862014967433,0.015591351735976434,0.07963748790816533,0
20,1774286717.5783617,22,0.0276836481961337,-0.6558895111083984,0.8432865142822266,0.05919298981550036,1.499176025390625,5.992770195007324,0.2501641105209763,0.13181779194961896,0.7733310461044312,0.2818970044571657,22,-0.023627436006224,-0.012431437727203024,0.01870962208317172,0.08092182514833181,0
21,1774286717.6782198,21,-0.0646965844290597,-0.7027387619018555,0.0,0.039815914737564344,0.7027387619018555,5.992770195007324,0.11726442680670765,0.09206321977433704,0.5799982845783234,0.20337429976244112,21,-0.23424625396728516,-0.1232776110166645,0.02218572673250417,0.08779163547084856,0
22,1774286717.7777178,23,0.0,0.0,0.0,0.0,0.0,5.992770195007324,0.0,0.11768081136371779,0.7733310461044312,0.25962816610544964,23,-0.10306835174560547,-0.054261879655108834,0.037512326863274645,0.08791738822391192,0
23,1774286717.878189,22,-0.03194267099553889,-0.7027387619018555,0.0,0.02142701883691407,0.7027387619018555,5.992770195007324,0.11726442680670765,0.035151411186565056,0.3866655230522156,0.11115852231866752,22,-0.24979168718511408,-0.13144306060397343,0.031274417305693906,0.0911519636398698,0
24,1774286717.9782405,22,0.06601485339078036,-0.6558895111083984,2.1082162857055664,0.21722235540889326,2.764105796813965,5.992770195007324,0.46124007877305007,0.02636355838992379,0.5799982845783234,0.12081300191021387,22,-0.13179309440381598,-0.06936574051448714,0.06175907659861776,0.08506549583331309,0
25,1774286718.0778162,23,0.06721849026887314,0.0,1.546025276184082,0.09940315954858503,1.546025276184082,5.992770195007324,0.2579817389747568,0.058840405681858894,0.5799982845783234,0.1446183738628838,23,-0.07556017881594829,-0.03976771972981531,0.07518496281570858,0.07965213034055657,0
26,1774286718.17816,23,0.00611077184262483,-0.7027387619018555,1.546025276184082,0.14682690583960795,2.2487640380859375,5.992770195007324,0.37524616578146447,0.10086926688318668,0.5799982845783234,0.21983947042642232,23,-0.1090603030246237,-0.05739000969657458,0.10545423355969516,0.07818936770317726,0
27,1774286718.2776434,19,-0.07643825129458778,-0.7495880126953125,0.0,0.049721612489333905,0.7495880126953125,5.992770195007324,0.12508205526048816,0.13228031051786324,0.7733310461044312,0.28088551206036805,19,-0.16666643800791242,-0.08774899141054182,0.07341750437700295,0.08178003843946889,0
28,1774286718.3780606,18,-0.08589029312133789,-0.7964372634887695,0.0,0.05907810773919664,0.7964372634887695,5.992770195007324,0.13289968371426866,0.11814779871039921,0.7733310461044312,0.23359498761451106,18,-0.17958879470825195,-0.09452535971401325,0.05272711677984758,0.0857723988380243,0
29,1774286718.4782271,21,-0.14277866908482142,-0.7964372634887695,0.0,0.08684846402131223,0.7964372634887695,5.992770195007324,0.13289968371426866,0.10126954175177075,0.7733310461044312,0.22812366758457533,21,-0.17521276578798398,-0.09220985834498617,0.043822092612584435,0.09296650615572796,0
30,1774286718.5778272,19,-0.07890400133634869,-0.7495880126953125,0.0,0.05291965212853538,0.7495880126953125,5.992770195007324,0.12508205526048816,0.061052451008244565,0.3866655230522156,0.14099459609718576,19,-0.22319969378019633,-0.11747062798421214,0.08861084903279941,0.0955868131006115,0
31,1774286718.678068,16,0.0,0.0,0.0,0.0,0.0,5.992770195007324,0.0,0.07249978557229042,0.3866655230522156,0.15092033859442225,16,-0.1542121171951294,-0.08117339471670305,0.11599965691566468,0.09115156231327098,0
32,1774286718.7777045,18,0.0,0.0,0.0,0.0,0.0,6.043910980224609,0.0,0.0966663807630539,0.5799982845783234,0.2161525985250665,18,-0.2607262652853261,-0.13723355625183667,0.12620333044065368,0.08504064810944162,0
33,1774286718.8781874,17,0.0,0.0,0.0,0.0,0.0,5.860805511474609,0.0,0.13647018460666432,0.5799982845783234,0.2460251240856823,17,-0.1018461973770805,-0.05360525015221436,0.114365858930937,0.06125788739427204,0
34,1774286718.9780283,20,0.0,0.0,0.0,0.0,0.0,5.992770195007324,0.0,0.11599965691566468,0.5799982845783234,0.23199931383132935,20,0.055858722099891074,0.029397691752024536,0.09942827735628401,0.055768671585054594,0
35,1774286719.077726,21,-0.04238741738455636,-0.8901357650756836,0.0,0.035933863050651826,0.8901357650756836,5.992770195007324,0.14853494062182968,0.07365057581946963,0.3866655230522156,0.15183455174561764,21,-0.0594235085821771,-0.03128272071280194,0.08201995943531845,0.05534721872076888,0
36,1774286719.1778924,21,-0.04238741738455636,-0.8901357650756836,0.0,0.035933863050651826,0.8901357650756836,6.043910980224609,0.14727810650887574,0.06444425384203593,0.3866655230522156,0.13778761052753638,21,-0.0594235085821771,-0.031272845093209864,0.07671934981194753,0.05519490791629738,0
37,1774286719.2780478,19,-0.09123275154515316,-0.8901357650756836,0.0,0.07080678638429722,0.8901357650756836,6.043910980224609,0.14727810650887574,0.061052451008244565,0.3866655230522156,0.14099459609718576,19,-0.17215418473385166,-0.09062675965539585,0.10433831574424865,0.05687559454329854,0
38,1774286719.3782058,20,0.0,0.0,0.0,0.0,0.0,6.043910980224609,0.0,0.14499957114458084,0.9666638076305389,0.2793307171939052,20,0.03945200066817434,0.020765194785981118,0.11537600284622561,0.05205496658071069,0
39,1774286719.478222,21,-0.04238741738455636,-0.8901357650756836,0.0,0.035933863050651826,0.8901357650756836,6.043910980224609,0.14727810650887574,0.05523793186460223,0.3866655230522156,0.13530474751489924,21,-0.07007106558069007,-0.03688222304913763,0.11424208635633643,0.05209553012291101,0
40,1774286719.5777102,21,0.0,0.0,0.0,0.0,0.0,6.043910980224609,0.0,0.036825287909734813,0.3866655230522156,0.11350316022706673,21,0.0646965844290597,0.03405996993326792,0.08201995943531845,0.050990863135919766,0
41,1774286719.678187,19,-0.09123275154515316,-0.8901357650756836,0.0,0.07080678638429722,0.8901357650756836,6.043910980224609,0.14727810650887574,0.061052451008244565,0.3866655230522156,0.14099459609718576,19,-0.09123275154515316,-0.04800538626970681,0.06059683570221289,0.052258342921517965,0
42,1774286719.778195,21,0.0,0.0,0.0,0.0,0.0,6.043910980224609,0.0,0.09206321977433704,0.7733310461044312,0.22812366758457525,21,0.03194267099553889,0.016811880628358113,0.04039789046814193,0.052258342921517965,0
43,1774286719.8784938,20,0.0,0.0,0.0,0.0,0.0,6.043910980224609,0.0,0.10633301883935928,0.5799982845783234,0.21593633774203058,20,-0.06601485339078036,-0.03474002836004482,0.06254883461138781,0.05264025854642034,0
44,1774286719.9778147,19,0.0,0.0,0.0,0.0,0.0,6.043910980224609,0.0,0.061052451008244565,0.3866655230522156,0.14099459609718576,19,-0.06721849026887314,-0.03537818207297794,0.09517920567439153,0.04857206405385443,0
45,1774286720.078131,20,0.0,0.0,0.0,0.0,0.0,6.043910980224609,0.0,0.05799982845783234,0.3866655230522156,0.13806720793312413,20,-0.00611077184262483,-0.003216244782645359,0.11599965691566468,0.04374416430589503,0
46,1774286720.1777685,20,0.0,0.0,0.0,0.0,0.0,6.043910980224609,0.0,0.11599965691566468,1.5466620922088623,0.3479989707469941,20,0.07643825129458778,0.040228011431029005,0.11666632161058228,0.04348085602411937,0
47,1774286720.2781932,20,0.0023424625396728516,-0.9369850158691406,0.9838342666625977,0.09228805208039148,1.9208192825317383,6.043910980224609,0.317810650887574,0.06766646653413773,0.5799982845783234,0.16490049267421444,20,0.08823275566101074,0.04643505040444261,0.09333305728846583,0.043086305805088584,0
48,1774286720.3780477,16,0.0,0.0,0.0,0.0,0.0,6.043910980224609,0.0,0.07249978557229042,0.5799982845783234,0.19181640272978906,16,0.14277866908482142,0.07515376537485674,0.0794045270553657,0.04163149707205514,0
49,1774286720.477671,20,0.004684925079345703,-0.9369850158691406,1.0306835174560547,0.09699052313294487,1.9676685333251953,6.043910980224609,0.3255621301775148,0.14499957114458084,0.7733310461044312,0.2924058154413547,20,0.08358892641569439,0.04399779136219397,0.07660354701977856,0.03241366013766746,0
50,1774286720.577714,19,0.0,0.0,0.0,0.0,0.0,6.043910980224609,0.0,0.061052451008244565,0.5799982845783234,0.17799695244573677,19,0.0,0.0,0.10235263845499824,0.029568560918658147,0
51,1774286720.6781342,22,0.0,0.0,0.0,0.0,0.0,6.043910980224609,0.0,0.05272711677984758,0.3866655230522156,0.11920423501990257,22,0.0,0.0,0.11599965691566468,0.02956856091865815,0
52,1774286720.778208,23,-0.04684925079345703,-1.0775327682495117,0.0,0.048286750597981154,1.0775327682495117,6.043910980224609,0.17828402366863905,0.05043463344159334,0.3866655230522156,0.13022166359424442,23,-0.04684925079345703,-0.024657233089529974,0.1066663511868181,0.030127599912385488,0
53,1774286720.878586,19,-0.10849300183747944,-1.0775327682495117,0.0,0.10028225438971308,1.0775327682495117,6.043910980224609,0.17828402366863905,0.040701634005496375,0.3866655230522156,0.10073140493730813,19,-0.10849300183747944,-0.05708482232164184,0.08419329937427275,0.03573818447796404,0
54,1774286720.9785724,24,-0.13469159603118896,-1.1243820190429688,0.0,0.12717568664832868,1.1243820190429688,6.043910980224609,0.18603550295857987,0.03222212692101797,0.3866655230522156,0.10686870494422632,24,-0.0923041786466326,-0.04855951259271427,0.06655718019751251,0.04278492087972131,0
55,1774286721.0784612,21,0.0,0.0,0.0,0.0,0.0,6.043910980224609,0.0,0.018412643954867407,0.3866655230522156,0.08234384705716818,21,0.04238741738455636,0.022302491278776107,0.0902219553788503,0.0431488613243351,0
56,1774286721.1783123,22,0.09156899018721147,0.0,1.0306835174560547,0.08389868264587241,1.0306835174560547,6.043910980224609,0.17053254437869822,0.0,0.0,0.0,22,0.18280174173236463,0.09619805115612824,0.08699974268674851,0.05014896009515807,0
57,1774286721.278233,20,-0.053876638412475586,-1.0775327682495117,0.0,0.05515115116594416,1.0775327682495117,6.043910980224609,0.17828402366863905,0.0,0.0,0.0,20,-0.053876638412475586,-0.028355718425175036,0.07795675867988218,0.04814715273029388,0
58,1774286721.378822,22,0.04471973939375444,0.0,0.9838342666625977,0.04199695692035156,0.9838342666625977,6.043910980224609,0.1627810650887574,0.07030282237313011,0.5799982845783234,0.17040278796887037,22,0.0871071567783108,0.04583139421464269,0.05071023253143811,0.04997870190110774,0
59,1774286721.478219,21,0.0,0.0,0.0,0.0,0.0,6.043910980224609,0.0,0.0,0.0,0.0,21,0.0,0.0,0.06338779066429763,0.04974310715037068,0
60,1774286721.578503,20,-0.11009573936462402,-1.1243820190429688,0.0,0.10914451774368672,1.1243820190429688,6.043910980224609,0.18603550295857987,0.038666552305221556,0.3866655230522156,0.11599965691566468,20,-0.018862987819470864,-0.009926237436101326,0.08699974268674851,0.05375391155276994,0
61,1774286721.6786814,18,0.0,0.0,0.0,0.0,0.0,6.043910980224609,0.0,0.02148141794734531,0.1933327615261078,0.06075862520028111,18,0.0,0.0,0.08699974268674851,0.05134049439383187,0
62,1774286721.778711,18,-0.08589029312133789,-1.546025276184082,0.0,0.12541142169197883,1.546025276184082,6.043910980224609,0.2557988165680473,0.02148141794734531,0.1933327615261078,0.06075862520028111,18,-0.08589029312133789,-0.045200248077530876,0.07536700873051659,0.05341193039324718,0
63,1774286721.8787823,20,0.0,0.0,0.0,0.0,0.0,6.043910980224609,0.0,0.038666552305221556,0.3866655230522156,0.0985807523638404,20,0.0,0.0,0.0786438351970608,0.053411930393247174,0
64,1774286721.9785569,20,-0.07027387619018555,-1.405477523803711,0.0,0.09382993582107702,1.405477523803711,6.043910980224609,0.23254437869822486,0.019333276152610778,0.1933327615261078,0.05799982845783234,20,-0.07027387619018555,-0.03697796151130528,0.08055531730254491,0.05429606742123289,0
65,1774286722.078341,19,-0.05917800100226151,-1.1243820190429688,0.0,0.06303664444722595,1.1243820190429688,6.043910980224609,0.18603550295857987,0.020350817002748187,0.1933327615261078,0.05933231748191226,19,-0.05917800100226151,-0.031136933638340594,0.08630926853844098,0.05455522086121324,0
66,1774286722.1789582,19,-0.15534225263093648,-1.499176025390625,0.0,0.2051730906169066,1.499176025390625,6.043910980224609,0.24804733727810652,0.010175408501374094,0.1933327615261078,0.04317060211598919,19,-0.15768471517060934,-0.08295855614353688,0.0966663807630539,0.06094201884492783,0
67,1774286722.2782238,19,0.0,0.0,0.0,0.0,0.0,6.043910980224609,0.0,0.0,0.0,0.0,19,0.0,0.0,0.09490881020372564,0.060874141595143136,0
68,1774286722.3785217,19,0.0,0.0,0.0,0.0,0.0,6.043910980224609,0.0,0.010175408501374094,0.1933327615261078,0.04317060211598919,19,-0.004684925079345703,-0.002464646434239847,0.0855735173968018,0.060874141595143136,0
69,1774286722.4787064,17,-0.08543098674100988,-1.452326774597168,0.0,0.11677525592868171,1.452326774597168,6.043910980224609,0.2402958579881657,0.0,0.0,0.0,17,-0.08543098674100988,-0.04494020440765911,0.054374839179217815,0.061164657013930104,0
70,1774286722.5783858,19,0.0,0.0,0.0,0.0,0.0,6.043910980224609,0.0,0.030526225504122283,0.1933327615261078,0.07049729804859288,19,0.0,0.0,0.04833319038152695,0.061164657013930104,0
71,1774286722.6782236,19,-0.056712250960500615,-1.0775327682495117,0.0,0.057893029362122435,1.0775327682495117,5.992770195007324,0.17980545443695173,0.0,0.0,0.0,19,-0.009863000167043584,-0.005191010118857158,0.041009979717659226,0.0606173202110787,0
72,1774286722.7786222,22,0.0,0.0,0.0,0.0,0.0,6.043910980224609,0.0,0.008787852796641264,0.1933327615261078,0.04027100063673795,22,0.10849300183747944,0.0571004951080508,0.030208243988454342,0.06126811451092129,0
73,1774286722.8786507,20,0.0,0.0,0.0,0.0,0.0,5.992770195007324,0.0,0.0,0.0,0.0,20,0.13469159603118896,0.07088739251843214,0.01731338162920368,0.05967366305123942,0
74,1774286722.9781637,20,-0.10541081428527832,-1.0775327682495117,0.0,0.10005782922206663,1.0775327682495117,5.992770195007324,0.17980545443695173,0.0,0.0,0.0,20,-0.10541081428527832,-0.055488062771635795,0.006137547984955803,0.05749900592449913,0
75,1774286723.0785677,20,-0.16162991523742676,-1.1243820190429688,0.0,0.14825678572805145,1.1243820190429688,5.992770195007324,0.18762308289073223,0.0,0.0,0.0,20,-0.25319890542463824,-0.1332446679919513,0.024166595190763474,0.06344316270082877,0
76,1774286723.1784651,19,-0.11589025196276213,-1.1243820190429688,0.0,0.11421743852098638,1.1243820190429688,5.992770195007324,0.18762308289073223,0.0,0.0,0.0,19,-0.06201361355028655,-0.03263475778168081,0.02455019193982321,0.05772390672871293,0
77,1774286723.2784107,19,-0.17260250292326274,-1.1243820190429688,0.0,0.15896567377673324,1.1243820190429688,5.992770195007324,0.18762308289073223,0.0,0.0,0.0,19,-0.2173222423170172,-0.11440490011602636,0.036825287909734813,0.06355089271100864,0
78,1774286723.378161,17,-0.1267685609705308,-1.1243820190429688,0.0,0.12078522829668013,1.1243820190429688,5.992770195007324,0.18762308289073223,0.0,0.0,0.0,17,-0.1267685609705308,-0.0667223348007326,0.0196609587992652,0.060799693577472586,0
79,1774286723.4781315,18,-0.062465667724609375,-1.1243820190429688,0.0,0.06633331395278219,1.1243820190429688,5.992770195007324,0.18762308289073223,0.0,0.0,0.0,18,0.04763007164001465,0.025073359422261604,0.027618965932301114,0.05894308209901059,0
80,1774286723.5780709,16,-0.12590736150741577,-1.0306835174560547,0.0,0.11103723490668571,1.0306835174560547,5.992770195007324,0.17198782598317122,0.012083297595381737,0.1933327615261078,0.046798410354181585,16,-0.12590736150741577,-0.0662883316720259,0.027618965932301114,0.05959961766803883,0
81,1774286723.6781213,17,-0.12401272268856273,-1.0775327682495117,0.0,0.11540821989413676,1.0775327682495117,5.992770195007324,0.17980545443695173,0.0,0.0,0.0,17,-0.038122429567224836,-0.020070666466775897,0.026666587796704524,0.05852148837738627,0
82,1774286723.778123,16,0.0,0.0,0.0,0.0,0.0,5.992770195007324,0.0,0.0,0.0,0.0,16,0.0,0.0,0.026214611732353597,0.060703124680609316,0
83,1774286723.8786595,16,0.0,0.0,0.0,0.0,0.0,5.992770195007324,0.0,0.0,0.0,0.0,16,0.07027387619018555,0.03698425317782255,0.016666617372940326,0.060703124680609316,0
84,1774286723.9781098,16,0.0,0.0,0.0,0.0,0.0,5.992770195007324,0.0,0.0,0.0,0.0,16,0.05917800100226151,0.0311501063119574,0.010175408501374094,0.06265076194406313,0
85,1774286724.0786295,17,0.0,0.0,0.0,0.0,0.0,5.992770195007324,0.0,0.0,0.0,0.0,17,0.15534225263093648,0.08177322640530307,0.006783605667582729,0.06435147575697113,0
86,1774286724.1781409,16,0.0,0.0,0.0,0.0,0.0,5.992770195007324,0.0,0.0,0.0,0.0,16,0.0,0.0,0.003515141118656505,0.06227253943190243,0
87,1774286724.2782538,16,0.0,0.0,0.0,0.0,0.0,5.992770195007324,0.0,0.0,0.0,0.0,16,0.0,0.0,0.01406056447462602,0.06227253943190243,0
88,1774286724.3780665,14,0.0,0.0,0.0,0.0,0.0,5.992770195007324,0.0,0.0,0.0,0.0,14,0.08543098674100988,0.044978823734978614,0.010545423355969516,0.06227253943190244,0
89,1774286724.478269,18,-0.0546574592590332,-0.9838342666625977,0.0,0.050786443495098865,0.9838342666625977,5.992770195007324,0.16417019752939072,0.0,0.0,0.0,18,-0.0546574592590332,-0.028768851283925284,0.012888850768407185,0.061926346296701844,0
90,1774286724.5786781,20,-0.053876638412475586,-1.0775327682495117,0.0,0.05515115116594416,1.0775327682495117,6.043910980224609,0.17828402366863905,0.0,0.0,0.0,20,0.0028356125480250294,0.0014920707212007266,0.003169389533214882,0.06062010344426815,0
91,1774286724.6787012,17,-0.060628442203297335,-1.0306835174560547,0.0,0.058812928063977046,1.0306835174560547,5.992770195007324,0.17198782598317122,0.0,0.0,0.0,17,-0.060628442203297335,-0.03190837950582135,0.003118270347195287,0.0606219631011413,0
92,1774286724.7783124,19,0.0,0.0,0.0,0.0,0.0,5.992770195007324,0.0,0.020350817002748187,0.1933327615261078,0.05933231748191226,19,0.0,0.0,0.0,0.06062196310114129,0
93,1774286724.878175,22,0.0553672963922674,-0.9838342666625977,1.1243820190429688,0.15117271956558032,2.1082162857055664,5.992770195007324,0.3517932804201229,0.008787852796641264,0.1933327615261078,0.04027100063673795,22,0.16077811067754572,0.08461955494132399,0.0,0.06436483259377027,0
94,1774286724.9783087,21,-0.04684925079345703,-0.9838342666625977,0.0,0.043897045998164685,0.9838342666625977,5.992770195007324,0.16417019752939072,0.036825287909734813,0.1933327615261078,0.07591727587280882,21,0.11478066444396973,0.06041911418933343,0.0,0.06334825301040763,0
95,1774286725.0784116,18,0.0,0.0,0.0,0.0,0.0,5.992770195007324,0.0,0.010740708973672655,0.1933327615261078,0.04428507759247181,18,0.11589025196276213,0.06099658855666749,0.0,0.0590759909577548,0
96,1774286725.17808,20,0.0,0.0,0.0,0.0,0.0,5.992770195007324,0.0,0.02899991422891617,0.3866655230522156,0.09221385006897403,20,0.17260250292326274,0.0908592316767662,0.0,0.057442061863279166,0
97,1774286725.2784686,22,0.0,0.0,0.0,0.0,0.0,5.992770195007324,0.0,0.0,0.0,0.0,22,0.1267685609705308,0.06670949338896301,0.003790838461296231,0.049011449756272654,0
98,1774286725.3786736,23,0.0,0.0,0.0,0.0,0.0,6.043910980224609,0.0,0.02521731672079667,0.1933327615261078,0.06511083179712221,23,0.062465667724609375,0.03286729103647504,0.003790838461296231,0.044029663782959,0
99,1774286725.4786973,22,0.0,0.0,0.0,0.0,0.0,6.043910980224609,0.0,0.0,0.0,0.0,22,0.12590736150741577,0.06624519164731199,0.0039455665617573014,0.043376251133871314,0
100,1774286725.5787215,20,-0.053876638412475586,-1.0775327682495117,0.0,0.05515115116594416,1.0775327682495117,6.043910980224609,0.17828402366863905,0.038666552305221556,0.3866655230522156,0.11599965691566468,20,0.07013608427608714,0.03690207149464818,0.0,0.03699859242350618,0
101,1774286725.6781497,21,0.0,0.0,0.0,0.0,0.0,6.043910980224609,0.0,0.036825287909734813,0.1933327615261078,0.07591727587280882,21,0.0,0.0,0.0,0.027774137413346344,0
102,1774286725.7780929,19,0.0,0.0,0.0,0.0,0.0,6.043910980224609,0.0,0.0,0.0,0.0,19,0.0,0.0,0.0,0.027774137413346344,0
103,1774286725.878447,20,0.0,0.0,0.0,0.0,0.0,6.043910980224609,0.0,0.0,0.0,0.0,20,0.0,0.0,0.0,0.027774137413346344,0
104,1774286725.9785767,22,-0.04897876219315962,-1.0775327682495117,0.0,0.05037730206545574,1.0775327682495117,6.043910980224609,0.17828402366863905,0.0,0.0,0.0,22,-0.04897876219315962,-0.025779012731632373,0.0,0.02885855974875453,0
105,1774286726.078683,22,0.05323778499256481,-1.0775327682495117,1.1243820190429688,0.16487240716480103,2.2019147872924805,6.043910980224609,0.36431952662721895,0.008787852796641264,0.1933327615261078,0.04027100063673795,22,0.05323778499256481,0.028011895769723048,0.0,0.032211560932175184,0
106,1774286726.1789603,24,0.04684925079345703,0.0,1.1243820190429688,0.05048160289788939,1.1243820190429688,6.043910980224609,0.18603550295857987,0.0,0.0,0.0,24,0.04684925079345703,0.024648334744706596,0.0,0.03451221890179835,0
107,1774286726.2833047,20,0.11009573936462402,0.0,1.1243820190429688,0.10914451774368672,1.1243820190429688,6.043910980224609,0.18603550295857987,0.019333276152610778,0.1933327615261078,0.05799982845783234,20,0.11009573936462402,0.05778581500430226,0.0,0.04309059599252825,0
108,1774286726.383323,20,0.0,0.0,0.0,0.0,0.0,5.992770195007324,0.0,0.02899991422891617,0.1933327615261078,0.06903360396656207,20,0.0546574592590332,0.028690768580948954,0.0,0.04309059599252825,0
109,1774286726.4833846,19,0.0,0.0,0.0,0.0,0.0,5.992770195007324,0.0,0.0,0.0,0.0,19,0.053876638412475586,0.028286058262207724,0.006904741483075278,0.04140688188241832,0
110,1774286726.5837996,21,-0.10485308510916573,-1.1243820190429688,0.0,0.10449686822873765,1.1243820190429688,5.992770195007324,0.18762308289073223,0.0,0.0,0.0,21,-0.044224642905868396,-0.023213836102974412,0.009999970423764196,0.04596682352715479,0
111,1774286726.6828063,18,0.0,0.0,0.0,0.0,0.0,5.992770195007324,0.0,0.0,0.0,0.0,18,0.0,0.0,0.021827892430367007,0.0439888138535244,0
112,1774286726.7828605,22,0.04897876219315962,0.0,1.0775327682495117,0.050377302065455744,1.0775327682495117,5.992770195007324,0.17980545443695173,0.008787852796641264,0.1933327615261078,0.04027100063673795,22,-0.00638853419910778,-0.0033541150012523185,0.01901633719928929,0.04523574304524841,0
113,1774286726.883283,20,0.0,0.0,0.0,0.0,0.0,5.992770195007324,0.0,0.0,0.0,0.0,20,0.04684925079345703,0.024593115354476905,0.026214611732353597,0.043611167344703314,0
114,1774286726.9828691,22,0.0,0.0,0.0,0.0,0.0,5.992770195007324,0.0,0.0,0.0,0.0,22,0.0,0.0,0.012888850768407185,0.04225666513489672,0
115,1774286727.0828695,22,0.0,0.0,0.0,0.0,0.0,5.992770195007324,0.0,0.035151411186565056,0.1933327615261078,0.07456740365489042,22,0.0,0.0,0.017846101063948412,0.04225666513489672,0
116,1774286727.1838162,24,0.0,0.0,0.0,0.0,0.0,5.992770195007324,0.0,0.008055531730254492,0.1933327615261078,0.03863297300900034,24,0.0,0.0,0.00865669081460184,0.042256665134896725,0
117,1774286727.283042,24,0.0,0.0,0.0,0.0,0.0,5.992770195007324,0.0,0.03222212692101797,0.1933327615261078,0.07205086617502215,24,0.0,0.0,0.020820451241273148,0.042256665134896725,0
118,1774286727.383444,21,0.0,0.0,0.0,0.0,0.0,5.992770195007324,0.0,0.027618965932301114,0.1933327615261078,0.0676523737574496,21,0.0,0.0,0.02455019193982321,0.042256665134896725,0
119,1774286727.4835246,22,0.0,0.0,0.0,0.0,0.0,5.992770195007324,0.0,0.035151411186565056,0.1933327615261078,0.07456740365489042,22,0.053876638412475586,0.028284624366795536,0.02577770153681437,0.042256665134896725,0
120,1774286727.5834033,22,0.0,0.0,0.0,0.0,0.0,5.992770195007324,0.0,0.0,0.0,0.0,22,0.0,0.0,0.012888850768407185,0.04024144408797504,0
121,1774286727.6836045,20,0.0,0.0,0.0,0.0,0.0,5.992770195007324,0.0,0.02899991422891617,0.1933327615261078,0.06903360396656207,20,0.0,0.0,0.0,0.04024144408797504,0
122,1774286727.7832768,23,0.0,0.0,0.0,0.0,0.0,5.992770195007324,0.0,0.033623088961062225,0.3866655230522156,0.09284478902198401,23,0.0,0.0,0.003020824398845434,0.04024144408797504,0
123,1774286727.8830009,23,0.0,0.0,0.0,0.0,0.0,5.992770195007324,0.0,0.05043463344159334,0.3866655230522156,0.13022166359424442,23,0.04897876219315962,0.025718410024897945,0.0028431288459721733,0.04024144408797504,0
124,1774286727.9835064,21,0.0,0.0,0.0,0.0,0.0,5.992770195007324,0.0,0.04603160988716852,0.3866655230522156,0.10168714988122056,21,-0.05323778499256481,-0.027948932711475225,0.008787852796641264,0.038309737377328464,0
125,1774286728.083457,22,0.0,0.0,0.0,0.0,0.0,5.992770195007324,0.0,0.07909067516977136,1.1599965691566467,0.24495893373076547,22,-0.04684925079345703,-0.024599282076524925,0.015104121994227171,0.03687699061759078,0
126,1774286728.18305,21,0.0,0.0,0.0,0.0,0.0,5.992770195007324,0.0,0.07365057581946963,0.3866655230522156,0.15183455174561764,21,-0.11009573936462402,-0.05795289697969744,0.016384132332721,0.03561401573049755,0
127,1774286728.2830265,22,-0.05110827359286221,-1.1243820190429688,0.0,0.05485316822250001,1.1243820190429688,6.043910980224609,0.18603550295857987,0.05272711677984758,0.3866655230522156,0.13269366731234514,22,-0.05110827359286221,-0.026903289656219083,0.009666638076305389,0.027778481271244763,0
128,1774286728.3830109,20,0.0,0.0,0.0,0.0,0.0,6.043910980224609,0.0,0.07733310461044311,0.3866655230522156,0.15466620922088622,20,0.0,0.0,0.0,0.027778481271244763,0
129,1774286728.4828212,20,0.0,0.0,0.0,0.0,0.0,6.043910980224609,0.0,0.08699974268674851,0.5799982845783234,0.17798168244433454,20,0.10485308510916573,0.05521426596736129,0.003169389533214882,0.027778481271244763,0
130,1774286728.5832052,16,0.0,0.0,0.0,0.0,0.0,5.992770195007324,0.0,0.07249978557229042,0.5799982845783234,0.19181640272978906,16,0.0,0.0,0.0032222126921017964,0.015828373312941648,0
131,1774286728.678165,16,0.0,0.0,0.0,0.0,0.0,5.992770195007324,0.0,0.14499957114458084,0.7733310461044312,0.3018406771888445,16,-0.04897876219315962,-0.025842160827542895,0.003020824398845434,0.015828373312941648,0
132,1774286728.7780833,17,-0.08818682502297794,-1.499176025390625,0.0,0.12443065772213326,1.499176025390625,5.992770195007324,0.2501641105209763,0.03411754615166608,0.1933327615261078,0.07370232329163695,17,-0.08818682502297794,-0.046541484727986894,0.012083297595381737,0.021701169913574195,0
133,1774286728.878646,19,0.0,0.0,0.0,0.0,0.0,6.043910980224609,0.0,0.061052451008244565,0.3866655230522156,0.14099459609718576,19,0.0,0.0,0.014215644229860866,0.021701169913574195,0
134,1774286728.978154,20,-0.0726163387298584,-1.452326774597168,0.0,0.10018952036006112,1.452326774597168,6.043910980224609,0.2402958579881657,0.10633301883935928,0.9666638076305389,0.24050315790282997,20,-0.0726163387298584,-0.03831421721315033,0.024857069339071003,0.025900561310432755,0
135,1774286729.0781162,20,-0.14757513999938965,-1.499176025390625,0.0,0.1960606688200528,1.499176025390625,6.043910980224609,0.24804733727810652,0.06766646653413773,0.7733310461044312,0.20528807845543048,20,-0.14757513999938965,-0.0779048414968906,0.02241539264070815,0.03935669979119239,0
136,1774286729.17815,18,-0.08328755696614583,-1.499176025390625,0.0,0.11792589147161281,1.499176025390625,5.992770195007324,0.2501641105209763,0.0966663807630539,0.5799982845783234,0.1851020267024872,18,-0.08328755696614583,-0.043948713026100795,0.03174119965354009,0.04157817743617499,0
137,1774286729.2785895,20,0.0,0.0,0.0,0.0,0.0,5.992770195007324,0.0,0.05799982845783234,0.3866655230522156,0.13806720793312413,20,0.0,0.0,0.020820451241273148,0.04157817743617499,0
138,1774286729.3786645,18,-0.08589029312133789,-1.546025276184082,0.0,0.12541142169197883,1.546025276184082,5.992770195007324,0.2579817389747568,0.04296283589469062,0.3866655230522156,0.12151725040056222,18,-0.08589029312133789,-0.045321346272320845,0.02114577079191804,0.04346273236341282,0
139,1774286729.4780731,18,-0.08589029312133789,-1.546025276184082,0.0,0.12541142169197883,1.546025276184082,5.992770195007324,0.2579817389747568,0.04296283589469062,0.1933327615261078,0.0803761061410629,18,-0.08589029312133789,-0.04533259274368958,0.020820451241273148,0.044859643977754736,0
140,1774286729.5781536,18,-0.16917785008748373,-1.546025276184082,0.0,0.22903012780122683,1.546025276184082,5.992770195007324,0.2579817389747568,0.04296283589469062,0.1933327615261078,0.0803761061410629,18,-0.16917785008748373,-0.08929715639681203,0.03808069545211214,0.05340455796558362,0
141,1774286729.6782227,18,-0.16917785008748373,-1.546025276184082,0.0,0.22903012780122683,1.546025276184082,5.992770195007324,0.2579817389747568,0.04296283589469062,0.3866655230522156,0.10302126135733425,18,-0.16917785008748373,-0.08927846101925198,0.04328345407300921,0.059570128759192216,0
142,1774286729.7782693,16,-0.1903250813484192,-1.546025276184082,0.0,0.2536340452663488,1.546025276184082,5.992770195007324,0.2579817389747568,0.060416487976908684,0.3866655230522156,0.13181321486348935,16,-0.1903250813484192,-0.10042117375397078,0.05858568531094176,0.06604853678704965,0
143,1774286729.8786345,18,-0.3852049509684245,-1.546025276184082,0.0,0.40642703267066177,1.546025276184082,5.992770195007324,0.2579817389747568,0.0,0.0,0.0,18,-0.3852049509684245,-0.20326064972369426,0.06645813677459955,0.09596194511887443,0
144,1774286729.9785812,19,-0.3205475054289165,-1.546025276184082,0.0,0.3854306556797303,1.546025276184082,5.992770195007324,0.2579817389747568,0.040701634005496375,0.3866655230522156,0.10073140493730814,19,-0.3205475054289165,-0.16914327089237388,0.06841005407846891,0.10788727655585219,0
145,1774286730.0786486,18,-0.08589029312133789,-1.546025276184082,0.0,0.12541142169197883,1.546025276184082,5.992770195007324,0.2579817389747568,0.08592567178938124,0.5799982845783234,0.1957050313951277,18,-0.08589029312133789,-0.04531037892557363,0.06751302783451384,0.10581128541169496,0
146,1774286730.1787498,19,0.0,0.0,0.0,0.0,0.0,5.992770195007324,0.0,0.09157867651236684,0.5799982845783234,0.18145352666180922,19,0.05110827359286221,0.026959774370241163,0.0717202179854916,0.10581128541169496,0
147,1774286730.2785583,20,-0.037479400634765625,-0.7495880126953125,0.0,0.02668940396688413,0.7495880126953125,6.043910980224609,0.12402366863905326,0.019333276152610778,0.1933327615261078,0.05799982845783234,20,-0.037479400634765625,-0.019772336388318625,0.0794045270553657,0.10614634848428255,0
148,1774286730.3783033,20,-0.11946558952331543,-0.8432865142822266,0.0,0.08109430535085949,0.8432865142822266,6.043910980224609,0.1395266272189349,0.0,0.0,0.0,20,-0.11946558952331543,-0.06302649433450211,0.10038431848470981,0.10391031053101825,0
149,1774286730.4780848,18,-0.12493133544921875,-0.7964372634887695,0.0,0.07828306536339369,0.7964372634887695,6.043910980224609,0.13177514792899409,0.010740708973672655,0.1933327615261078,0.04428507759247181,18,-0.12493133544921875,-0.06593101577424718,0.08285689779690333,0.10131129619074151,0
150,1774286730.5783174,20,0.0,0.0,0.0,0.0,0.0,6.043910980224609,0.0,0.0,0.0,0.0,20,0.0,0.0,0.0780766921547743,0.10131129619074151,0
151,1774286730.678315,20,-0.10541081428527832,-0.7495880126953125,0.0,0.0631843105836083,0.7495880126953125,6.043910980224609,0.12402366863905326,0.009666638076305389,0.1933327615261078,0.042135898498397606,20,-0.017223989262300385,-0.00906415263489096,0.06904741483075279,0.09823624292110489,0
152,1774286730.7786832,20,-0.0773012638092041,-0.7964372634887695,0.0,0.053834239785999216,0.7964372634887695,6.043910980224609,0.13177514792899409,0.02899991422891617,0.1933327615261078,0.06903360396656207,20,-0.0773012638092041,-0.04068407723907669,0.0786438351970608,0.09840528596053404,0
153,1774286730.8786204,21,0.07585116795131139,-0.7964372634887695,2.3893117904663086,0.2963000834982694,3.185749053955078,6.043910980224609,0.5271005917159763,0.04603160988716852,0.1933327615261078,0.08234384705716817,21,0.1484675066811698,0.07812161445822603,0.08999973381387777,0.10399072098739251,0
154,1774286730.9782126,22,-0.10647556998512962,-0.7964372634887695,0.0,0.07186780836559027,0.7964372634887695,6.043910980224609,0.13177514792899409,0.07030282237313011,0.3866655230522156,0.14913480730978085,22,0.041099570014260026,0.02163025500071282,0.07333311644093744,0.1036561749457937,0
155,1774286731.0786178,17,0.0,0.0,0.0,0.0,0.0,6.043910980224609,0.0,0.04549006153555477,0.3866655230522156,0.1054643690043396,17,0.08328755696614583,0.04382476450461707,0.06559504408921514,0.10600932172244318,0
156,1774286731.1782625,19,-0.08136975137810958,-0.7964372634887695,0.0,0.05633656900540083,0.7964372634887695,6.043910980224609,0.13177514792899409,0.030526225504122283,0.5799982845783234,0.1295118063479676,19,-0.08136975137810958,-0.04283355715289887,0.04833319038152695,0.1060284544168015,0
157,1774286731.2781143,18,0.0,0.0,0.0,0.0,0.0,6.043910980224609,0.0,0.06444425384203593,0.3866655230522156,0.1441017323500443,18,0.08589029312133789,0.04521851115933861,0.04296283589469062,0.10602845441680149,0
158,1774286731.37758,23,-0.016295391580332882,-0.8432865142822266,2.1082162857055664,0.28239326509707796,2.951502799987793,6.043910980224609,0.4883431952662722,0.06724617792212445,0.3866655230522156,0.14655964695094822,23,0.069594901541005,0.036638405965456665,0.04296283589469062,0.10767634194217686,0
159,1774286731.4775114,19,-0.044383500751696135,-0.8432865142822266,0.0,0.03545811250156461,0.8432865142822266,6.043910980224609,0.1395266272189349,0.020350817002748187,0.1933327615261078,0.05933231748191226,19,0.12479434933578759,0.06570344440489571,0.04833319038152695,0.10832545707063111,0
160,1774286731.5779793,18,-0.08589029312133789,-0.8432865142822266,0.0,0.0595658526947318,0.8432865142822266,6.043910980224609,0.1395266272189349,0.03222212692101797,0.1933327615261078,0.07205086617502215,18,0.08328755696614584,0.04384117096755666,0.033461439494903274,0.10709843525562,0
161,1774286731.6775665,18,0.0,0.0,0.0,0.0,0.0,6.043910980224609,0.0,0.04296283589469062,0.1933327615261078,0.0803761061410629,18,0.1903250813484192,0.10020815994516855,0.032830091579905095,0.10748447686280116,0
162,1774286731.7780662,17,0.0,0.0,0.0,0.0,0.0,5.811095237731934,0.0,0.03411754615166608,0.1933327615261078,0.07370232329163695,17,0.3852049509684245,0.2028001058727848,0.042181693423878064,0.1061781849208839,0
163,1774286731.8780463,19,0.1257532521298057,0.0,2.3893117904663086,0.28464984758200484,2.3893117904663086,5.860805511474609,0.40767634854771784,0.010175408501374094,0.1933327615261078,0.04317060211598919,19,0.4463007575587222,0.23496128531146096,0.07249978557229042,0.0886715619972828,0
164,1774286731.9780467,18,0.0,0.0,0.0,0.0,0.0,5.860805511474609,0.0,0.0,0.0,0.0,18,0.08589029312133789,0.045219742845583964,0.06444425384203593,0.06385233025176928,0
165,1774286732.0781798,18,0.0,0.0,0.0,0.0,0.0,5.860805511474609,0.0,0.0,0.0,0.0,18,0.0,0.0,0.0360450911319862,0.06311306892679382,0
166,1774286732.1780488,17,0.0,0.0,0.0,0.0,0.0,5.811095237731934,0.0,0.0,0.0,0.0,17,0.037479400634765625,0.0197312904502437,0.009999970423764196,0.06311306892679382,0
167,1774286732.2776365,16,0.0,0.0,0.0,0.0,0.0,5.811095237731934,0.0,0.0,0.0,0.0,16,0.11946558952331543,0.0628986989198734,0.0033333234745880655,0.0634150070479364,0
168,1774286732.3779216,20,0.0,0.0,0.0,0.0,0.0,5.992770195007324,0.0,0.0,0.0,0.0,20,0.12493133544921875,0.06575898353678669,0.006666646949176131,0.06005528301427652,0
169,1774286732.477575,18,-0.12493133544921875,-0.7964372634887695,0.0,0.07828306536339369,0.7964372634887695,5.992770195007324,0.13289968371426866,0.0,0.0,0.0,18,-0.12493133544921875,-0.06577903466504914,0.012888850768407185,0.060055283014276505,0
170,1774286732.5776036,19,0.007397250125282689,-0.7964372634887695,2.3893117904663086,0.3893582861111449,3.185749053955078,5.992770195007324,0.5315987348570747,0.0,0.0,0.0,19,0.11280806441056102,0.05939490248285112,0.028524505798933935,0.06021234847332161,0
171,1774286732.677829,20,0.08432865142822266,-0.7964372634887695,2.3893117904663086,0.6403701070212264,3.185749053955078,5.992770195007324,0.5315987348570747,0.0,0.0,0.0,20,0.16162991523742676,0.08510663672958517,0.04910038387964642,0.06120749658629193,0
172,1774286732.777773,17,-0.090942663304946,-0.7964372634887695,0.0,0.06209381454688485,0.7964372634887695,5.992770195007324,0.13289968371426866,0.0,0.0,0.0,17,-0.1667938312562574,-0.08782540092764188,0.05477761576573054,0.062000408407787186,0
173,1774286732.8778365,17,0.04133757422952091,-0.7964372634887695,2.2487640380859375,0.3661226286296753,3.045201301574707,5.992770195007324,0.5081458494957332,0.0,0.0,0.0,17,0.14781314421465053,0.07781179552589056,0.04999985211882098,0.059954146551462764,0
174,1774286732.977594,15,0.0,0.0,0.0,0.0,0.0,5.992770195007324,0.0,0.0,0.0,0.0,15,0.0,0.0,0.04654307221924817,0.05616473839808886,0
175,1774286733.0778148,15,0.0,0.0,0.0,0.0,0.0,5.992770195007324,0.0,0.0,0.0,0.0,15,0.08136975137810958,0.04283627749478625,0.05477761576573054,0.05616473839808886,0
176,1774286733.1775548,14,0.0,0.0,0.0,0.0,0.0,5.992770195007324,0.0,0.0,0.0,0.0,14,0.0,0.0,0.05155540307362874,0.05368555581701468,0
177,1774286733.2782512,15,-0.0499725341796875,-0.7495880126953125,0.0,0.034961558412760496,0.7495880126953125,5.811095237731934,0.1289925533879008,0.0,0.0,0.0,15,-0.033677142599354615,-0.01771855217547776,0.04188876499732335,0.054542333039781274,0
178,1774286733.3781414,13,0.0,0.0,0.0,0.0,0.0,5.811095237731934,0.0,0.0,0.0,0.0,13,0.044383500751696135,0.02335199424182208,0.03163627006790855,0.05452925850493775,0
179,1774286733.478158,18,-0.21602710088094076,-0.8432865142822266,0.0,0.12197011006125852,0.8432865142822266,5.811095237731934,0.14511662256138838,0.0,0.0,0.0,18,-0.13013680775960287,-0.06848661641861128,0.03647787953322788,0.07082965804035084,0
180,1774286733.5776646,19,-0.12082175204628393,-0.8432865142822266,0.0,0.07839453062331514,0.8432865142822266,5.836844444274902,0.1444764413945224,0.0,0.0,0.0,19,-0.12082175204628393,-0.06358711319928002,0.028641890596460412,0.0729442782186951,0
181,1774286733.6782243,20,-0.19208192825317383,-0.8432865142822266,0.0,0.1112570630823484,0.8432865142822266,5.811095237731934,0.14511662256138838,0.0,0.0,0.0,20,-0.19208192825317383,-0.10108733662315221,0.014320945298230206,0.08211661242706352,0
182,1774286733.7775383,18,-0.12493133544921875,-0.7964372634887695,0.0,0.07828306536339369,0.7964372634887695,5.811095237731934,0.1370545879746446,0.0,0.0,0.0,18,-0.25068458757902445,-0.13197454068252046,0.003515141118656505,0.08455601108140427,0
183,1774286733.8781385,20,-0.2670407295227051,-0.8432865142822266,0.0,0.1332494831274289,0.8432865142822266,5.811095237731934,0.14511662256138838,0.0,0.0,0.0,20,-0.2670407295227051,-0.14054095563332644,0.0,0.09077925381576243,0
184,1774286733.9781096,21,-0.25432450430733816,-0.8432865142822266,0.0,0.13013831731972902,0.8432865142822266,5.811095237731934,0.14511662256138838,0.0,0.0,0.0,21,-0.25432450430733816,-0.13385995072512494,0.0,0.09986654839790617,0
185,1774286734.077557,20,-0.11009573936462402,-0.7495880126953125,0.0,0.06875923542537521,0.7495880126953125,5.836844444274902,0.12842350346179768,0.0,0.0,0.0,20,-0.11009573936462402,-0.057960127348481855,0.0,0.09914154798088129,0
186,1774286734.1775594,21,-0.18293516976492746,-0.8432865142822266,0.0,0.10763237151432077,0.8432865142822266,5.836844444274902,0.1444764413945224,0.0,0.0,0.0,21,-0.18293516976492746,-0.09628557811270157,0.0,0.10060586324037643,0
187,1774286734.2775967,19,-0.11589025196276213,-0.7495880126953125,0.0,0.07170661502802692,0.7495880126953125,5.811095237731934,0.1289925533879008,0.0,0.0,0.0,19,-0.11589025196276213,-0.061005300370104106,0.0,0.09915525936173024,0
188,1774286734.377533,18,-0.12493133544921875,-0.7964372634887695,0.0,0.07828306536339369,0.7964372634887695,5.811095237731934,0.1370545879746446,0.0,0.0,0.0,18,0.0,0.0,0.0,0.0974712522887678,0
189,1774286734.4779372,20,-0.1546025276184082,-0.8432865142822266,0.0,0.09615647925897974,0.8432865142822266,5.811095237731934,0.14511662256138838,0.0,0.0,0.0,20,-0.1619997777436909,-0.08524807122363584,0.0,0.0981829816270649,0
190,1774286734.5779364,17,-0.13503607581643498,-0.8432865142822266,0.0,0.08569797007669384,0.8432865142822266,5.811095237731934,0.14511662256138838,0.0,0.0,0.0,17,-0.21936472724465764,-0.11544859470745392,0.0,0.09573576522750539,0
191,1774286734.6779242,19,-0.08136975137810958,-0.8432865142822266,0.0,0.056798643173802565,0.8432865142822266,5.811095237731934,0.14511662256138838,0.0,0.0,0.0,19,0.00957291192683643,0.005037973641834682,0.0,0.0860443296532751,0
192,1774286734.777736,17,-0.090942663304946,-0.8432865142822266,0.0,0.06261025038215738,0.8432865142822266,5.811095237731934,0.14511662256138838,0.0,0.0,0.0,17,-0.1322802375344669,-0.06962486107138488,0.0,0.0860443296532751,0
193,1774286734.877579,19,-0.1997257533826326,-0.8432865142822266,0.0,0.11247858046621143,0.8432865142822266,5.860805511474609,0.1438857700756651,0.0,0.0,0.0,19,-0.1997257533826326,-0.10511964331243676,0.0,0.08087174684256788,0
194,1774286734.9775841,20,-0.08432865142822266,-0.8432865142822266,0.0,0.06400189306532411,0.8432865142822266,5.811095237731934,0.14511662256138838,0.0,0.0,0.0,20,-0.08432865142822266,-0.044388890353040396,0.0,0.07653328087656526,0
195,1774286735.0781288,20,-0.04216432571411133,-0.8432865142822266,0.0,0.033778776895587725,0.8432865142822266,5.811095237731934,0.14511662256138838,0.0,0.0,0.0,20,-0.04216432571411133,-0.022185048519209168,0.0,0.07357764373805689,0
196,1774286735.178105,20,-0.04216432571411133,-0.8432865142822266,0.0,0.033778776895587725,0.8432865142822266,5.860805511474609,0.1438857700756651,0.0,0.0,0.0,20,0.007808208465576172,0.004109899335702225,0.0,0.07043512676600354,0
197,1774286735.2775297,21,-0.10708400181361608,-0.7964372634887695,0.0,0.06901093421888341,0.7964372634887695,5.992770195007324,0.13289968371426866,0.0,0.0,0.0,21,-0.10708400181361608,-0.05637815135754787,0.0,0.06827899342457197,0
198,1774286735.3775175,21,0.0,0.0,0.0,0.0,0.0,6.043910980224609,0.0,0.0,0.0,0.0,21,0.21602710088094076,0.11373681754405213,0.0,0.06827899342457197,0
199,1774286735.4776452,20,0.11946558952331543,0.0,2.3893117904663086,0.2711685145229126,2.3893117904663086,6.043910980224609,0.39532544378698226,0.009666638076305389,0.1933327615261078,0.042135898498397606,20,0.24028734156959936,0.12646831684481363,0.0,0.08485429900725937,0
200,1774286735.5779798,19,-0.08136975137810958,-0.7964372634887695,0.0,0.05633656900540082,0.7964372634887695,6.043910980224609,0.13177514792899409,0.0,0.0,0.0,19,0.11071217687506425,0.05827706679237413,0.0,0.08516681773230789,0
201,1774286735.6780632,21,-0.1539332526070731,-0.8432865142822266,0.0,0.10099306773183196,0.8432865142822266,6.043910980224609,0.1395266272189349,0.036825287909734813,0.1933327615261078,0.07591727587280882,21,-0.029001917157854357,-0.015259951526938709,0.0,0.08380352755804557,0
202,1774286735.7780323,19,0.0,0.0,0.0,0.0,0.0,6.043910980224609,0.0,0.020350817002748187,0.1933327615261078,0.05933231748191226,19,0.2670407295227051,0.14055561160796975,0.0,0.08717069906254855,0
203,1774286735.877995,19,-0.12328750208804481,-0.7964372634887695,0.0,0.08114265594065177,0.7964372634887695,6.043910980224609,0.13177514792899409,0.010175408501374094,0.1933327615261078,0.04317060211598919,19,0.13103700221929335,0.06897100273186331,0.0,0.07910132931125542,0
204,1774286735.9777079,22,0.0,0.0,0.0,0.0,0.0,5.992770195007324,0.0,0.0,0.0,0.0,22,0.11009573936462402,0.05794052806779584,0.0,0.07320964712971453,0
205,1774286736.0775425,19,-0.08136975137810958,-0.7964372634887695,0.0,0.05633656900540082,0.7964372634887695,5.992770195007324,0.13289968371426866,0.040701634005496375,0.3866655230522156,0.11866463496382453,19,0.10156541838681789,0.05345595693488666,0.0,0.07299487453877206,0
206,1774286736.177712,19,-0.03698625062641345,-0.7964372634887695,0.8432865142822266,0.09901763034987672,1.639723777770996,5.992770195007324,0.27361699588231786,0.030526225504122283,0.1933327615261078,0.07049729804859288,19,0.07890400133634869,0.041525902848446455,0.0,0.06998087982911835,0
207,1774286736.277958,21,0.0,0.0,0.0,0.0,0.0,5.992770195007324,0.0,0.09206321977433704,0.7733310461044312,0.2119454484216511,21,0.12493133544921875,0.06573863123136987,0.0,0.07128881305260446,0
208,1774286736.377632,22,-0.03194267099553889,-0.7027387619018555,0.0,0.02142701883691407,0.7027387619018555,5.992770195007324,0.11726442680670765,0.05272711677984758,0.3866655230522156,0.13269366731234514,22,0.12265985662286932,0.06456819500462008,0.0,0.07064872999980852,0
209,1774286736.4775484,20,-0.0726163387298584,-0.7495880126953125,0.0,0.0475130651622635,0.7495880126953125,5.992770195007324,0.12508205526048816,0.05799982845783234,0.3866655230522156,0.13806720793312413,20,0.06241973708657658,0.032859204264946755,0.0,0.06772674305653519,0
210,1774286736.5777278,20,-0.14757513999938965,-0.7964372634887695,0.0,0.0874154799745952,0.7964372634887695,5.992770195007324,0.13289968371426866,0.04833319038152695,0.5799982845783234,0.13498725451376528,20,-0.06620538862128007,-0.034848542913102194,0.0,0.06845185205532318,0
211,1774286736.6776721,21,0.0,0.0,0.0,0.0,0.0,6.043910980224609,0.0,0.009206321977433703,0.1933327615261078,0.04117192352858409,21,0.090942663304946,0.04786616695013349,0.0,0.06963922057771503,0
212,1774286736.7775662,19,0.0,0.0,0.0,0.0,0.0,5.992770195007324,0.0,0.020350817002748187,0.1933327615261078,0.05933231748191226,19,0.1997257533826326,0.10511952459464671,0.0,0.07035744704443442,0
213,1774286736.877619,20,-0.03982186317443848,-0.7964372634887695,0.0,0.030129834946990286,0.7964372634887695,5.992770195007324,0.13289968371426866,0.11599965691566468,0.5799982845783234,0.23199931383132935,20,0.04450678825378418,0.023424195076018995,0.0,0.0619561271905495,0
214,1774286736.9775646,20,0.0,0.0,0.0,0.0,0.0,5.992770195007324,0.0,0.14499957114458084,0.7733310461044312,0.2924058154413547,20,0.04216432571411133,0.022198342599065047,0.0,0.06209116269770146,0
215,1774286737.0779321,20,0.0,0.0,0.0,0.0,0.0,5.992770195007324,0.0,0.11599965691566468,0.7733310461044312,0.27613441586624826,20,0.04216432571411133,0.022193771136476696,0.0,0.06276341027961449,0
216,1774286737.177758,20,-0.10072588920593262,-0.7495880126953125,0.0,0.05800445915582486,0.7495880126953125,5.992770195007324,0.12508205526048816,0.04833319038152695,0.3866655230522156,0.10366314458524724,20,0.006358112607683458,0.003345973078606217,0.003118270347195287,0.0641498593940907,0
217,1774286737.2780297,22,-0.029813159595836292,-0.6558895111083984,0.0,0.01866531418682292,0.6558895111083984,5.992770195007324,0.10944679835292713,0.05272711677984758,0.3866655230522156,0.13269366731234514,22,-0.029813159595836292,-0.01568690761680736,0.0032222126921017964,0.06247055686063242,0
218,1774286737.3781884,24,0.0,0.0,0.0,0.0,0.0,5.992770195007324,0.0,0.05638872211178144,0.5799982845783234,0.15263053866481685,24,-0.11946558952331543,-0.06285865467989787,0.016111063460508983,0.06247055686063242,0
219,1774286737.478019,24,0.0,0.0,0.0,0.0,0.0,5.992770195007324,0.0,0.07249978557229042,0.5799982845783234,0.19181640272978906,24,0.08136975137810958,0.04282530147209274,0.0196609587992652,0.05184001930259341,0
220,1774286737.5777652,26,-0.010811365567720853,-0.7027387619018555,1.6865730285644531,0.15909432351405842,2.3893117904663086,5.992770195007324,0.398699051142806,0.0966663807630539,0.7733310461044312,0.22906841594688948,26,0.14312188703935225,0.07533912245400602,0.022937785265809398,0.051643485286624165,0
221,1774286737.677698,25,0.0899505615234375,0.0,2.2487640380859375,0.19418648444116116,2.2487640380859375,5.992770195007324,0.37524616578146447,0.11599965691566468,0.9666638076305389,0.31412855590248506,25,0.0899505615234375,0.047350734678125325,0.009666638076305389,0.05242985895886343,0
222,1774286737.7779899,22,0.07027387619018555,0.0,1.546025276184082,0.10370677117066407,1.546025276184082,5.992770195007324,0.2579817389747568,0.166969203136184,1.1599965691566467,0.37003017520581666,22,0.19356137827823036,0.1018746857456291,0.016111063460508983,0.056471371653569837,0
223,1774286737.8781478,22,0.1405477523803711,0.0,1.546025276184082,0.19753670699174108,1.546025276184082,5.992770195007324,0.2579817389747568,0.043939263983206314,0.5799982845783234,0.14197210683225314,22,0.1405477523803711,0.07395537561489912,0.022555488844712576,0.06262347800208286,0
224,1774286737.9778066,21,0.07362025124686104,0.0,1.546025276184082,0.10839882787301888,1.546025276184082,5.992770195007324,0.2579817389747568,0.07365057581946963,0.3866655230522156,0.15183455174561764,21,0.15499000262497062,0.0815623516561735,0.055706049931251396,0.06535671522877033,0
225,1774286738.0775356,22,0.22785771976817737,-0.6090402603149414,4.638075828552246,1.0657595102634991,5.2471160888671875,6.043910980224609,0.8681656804733728,0.10545423355969516,0.7733310461044312,0.2653873346246903,22,0.26484397039459084,0.13940450115843456,0.05924713659671045,0.08106438863359777,0
226,1774286738.1774967,21,0.06692750113351005,0.0,1.405477523803711,0.08958580815951979,1.405477523803711,6.043910980224609,0.23254437869822486,0.15650747361637296,1.1599965691566467,0.3354943395345047,21,0.06692750113351005,0.035233553904943746,0.06751302783451384,0.08143368058050646,0
227,1774286738.278095,19,-0.007397250125282689,-0.5621910095214844,0.4216432571411133,0.025936952663181512,0.9838342666625977,6.043910980224609,0.1627810650887574,0.2035081700274819,1.1599965691566467,0.42298378829155725,19,0.0245454208702562,0.012915494552559623,0.05301059590231988,0.08150317473999105,0
228,1774286738.3776274,18,0.0,-0.4216432571411133,0.4216432571411133,0.01975367069917411,0.8432865142822266,6.043910980224609,0.1395266272189349,0.08592567178938124,0.3866655230522156,0.1607522122821258,18,0.0726163387298584,0.03821753636265421,0.03803267439857858,0.08094880850858738,0
229,1774286738.4778264,21,-0.05354200090680804,-0.5621910095214844,0.4216432571411133,0.04374773631789881,0.9838342666625977,6.043910980224609,0.1627810650887574,0.09206321977433704,0.3866655230522156,0.16468769411433634,21,0.09403313909258161,0.0494885586259786,0.02577770153681437,0.08004151614780067,0
230,1774286738.5778544,23,-0.01018461973770805,-0.8432865142822266,1.6865730285644531,0.19523812821263106,2.5298595428466797,6.043910980224609,0.4185798816568047,0.12608658360398334,0.5799982845783234,0.23923247194669753,23,-0.01018461973770805,-0.0053598120669319585,0.04833319038152695,0.0713002249724389,0
231,1774286738.677567,19,0.022191750375848068,0.0,0.4216432571411133,0.00886452812539115,0.4216432571411133,6.043910980224609,0.06976331360946746,0.10175408501374095,0.7733310461044312,0.24589985744441642,19,0.022191750375848068,0.011679863635726312,0.09502796752978179,0.07113970715028753,0
232,1774286738.77803,18,0.0,0.0,0.0,0.0,0.0,6.043910980224609,0.0,0.11814779871039921,0.9666638076305389,0.30322297887517435,18,0.03982186317443848,0.02095434380630245,0.12566629499197007,0.07113970715028752,0
233,1774286738.8780355,20,-0.14757513999938965,-1.499176025390625,0.0,0.1960606688200528,1.499176025390625,6.043910980224609,0.24804733727810652,0.07733310461044311,0.9666638076305389,0.21528625195851558,20,-0.14757513999938965,-0.0776518779654587,0.10311080614725748,0.07923396358062272,0
234,1774286738.9775662,22,0.04046071659434925,0.0,0.5153417587280273,0.016819642934627354,0.5153417587280273,5.992770195007324,0.08599391299158561,0.043939263983206314,0.3866655230522156,0.09981082117702071,22,0.04046071659434925,0.02129921552139641,0.0717202179854916,0.07930166813829478,0
235,1774286739.0775442,19,-0.15534225263093648,-1.499176025390625,0.0,0.20517309061690658,1.499176025390625,5.992770195007324,0.2501641105209763,0.040701634005496375,0.3866655230522156,0.11866463496382453,19,-0.05461636342500387,-0.028748688905291794,0.05272711677984758,0.08788488814230631,0
236,1774286739.1774087,16,-0.090770423412323,-1.452326774597168,0.0,0.12358904649678593,1.452326774597168,6.043910980224609,0.2402958579881657,0.16916616633534431,0.7733310461044312,0.3047291705353508,16,-0.06095726381648671,-0.03209325960542199,0.06076172505106245,0.08727777671346403,0
237,1774286739.278139,17,-0.05236092735739315,-1.499176025390625,1.592874526977539,0.41570046881583783,3.092050552368164,6.043910980224609,0.5115976331360946,0.10235263845499824,0.9666638076305389,0.24915932845321445,17,-0.05236092735739315,-0.0275590972860641,0.07576554167915035,0.08794489639678982,0
238,1774286739.3780239,19,-0.15534225263093648,-1.499176025390625,0.0,0.2051730906169066,1.499176025390625,6.043910980224609,0.24804733727810652,0.040701634005496375,0.3866655230522156,0.10073140493730814,19,-0.15534225263093648,-0.08175887104059247,0.09537749568621318,0.09507295691458074,0
239,1774286739.4779027,21,-0.09369850158691406,-1.452326774597168,0.5153417587280273,0.12980983602314414,1.9676685333251953,6.043910980224609,0.3255621301775148,0.07365057581946963,0.7733310461044312,0.22700632045413346,21,-0.0828871360191932,-0.04362165333507736,0.12447451769489132,0.09735816753483732,0
240,1774286739.5779831,20,0.04684925079345703,0.0,0.9369850158691406,0.04170219369825645,0.9369850158691406,6.043910980224609,0.15502958579881657,0.0,0.0,0.0,20,-0.04310131072998047,-0.022681495247274468,0.10927503912345223,0.09791439626834939,0
241,1774286739.677972,21,0.022309167044503347,0.0,0.4684925079345703,0.009953978684391084,0.4684925079345703,6.043910980224609,0.07751479289940828,0.0,0.0,0.0,21,-0.0479647091456822,-0.025244820079320274,0.09517920567439153,0.09591838438910937,0
242,1774286739.7781506,22,0.03620169379494407,-0.4684925079345703,1.6865730285644531,0.1460438395011254,2.1550655364990234,6.043910980224609,0.3565680473372781,0.0,0.0,0.0,22,-0.10434605858542703,-0.054918899640740225,0.07435875443311837,0.09490332817758676,0
243,1774286739.878168,22,0.1341592181812633,0.0,1.6865730285644531,0.13574073118420074,1.6865730285644531,6.043910980224609,0.2790532544378698,0.0,0.0,0.0,22,0.060538966934402264,0.03185655241172615,0.11177050275728106,0.09442425597449665,0
244,1774286739.9780998,20,0.12883543968200684,0.0,1.6865730285644531,0.14549127183016708,1.6865730285644531,6.043910980224609,0.2790532544378698,0.0,0.0,0.0,20,-0.09902228008617053,-0.05210151828234849,0.15279524701256905,0.0974353765643449,0
245,1774286740.0776167,18,0.049451986948649086,0.0,0.4684925079345703,0.019624960224796775,0.4684925079345703,6.043910980224609,0.07751479289940828,0.04296283589469062,0.1933327615261078,0.0803761061410629,18,-0.017475514184860964,-0.009197058081448816,0.14999955635646295,0.08309237274853128,0
246,1774286740.177964,17,-0.20668787114760456,-1.546025276184082,0.0,0.24299824978499604,1.546025276184082,6.043910980224609,0.2557988165680473,0.04549006153555477,0.1933327615261078,0.08200837469522744,17,-0.19929062102232187,-0.10489703483666306,0.12666629203434648,0.09126793848111052,0
247,1774286740.2779603,18,0.026027361551920574,0.0,0.4684925079345703,0.011516200339024686,0.4684925079345703,6.043910980224609,0.07751479289940828,0.02148141794734531,0.1933327615261078,0.06075862520028111,18,0.026027361551920574,0.013696211422999984,0.10290292145744447,0.09187206980761924,0
248,1774286740.3779664,18,-0.18999973932902017,-1.499176025390625,0.0,0.21813715712760817,1.499176025390625,6.043910980224609,0.24804733727810652,0.010740708973672655,0.1933327615261078,0.04428507759247181,18,-0.13645773842221215,-0.07181456894842421,0.10740708973672655,0.09858578279686056,0
249,1774286740.478055,20,0.29280781745910645,-0.3279447555541992,4.497528076171875,0.984583306085085,4.825472831726074,6.043910980224609,0.7984023668639053,0.0,0.0,0.0,20,0.3029924371968145,0.15945286846924053,0.11599965691566468,0.12118861139759254,0
250,1774286740.5777564,19,-0.3402735057630037,-4.497528076171875,0.0,1.0839895195308558,4.497528076171875,6.043910980224609,0.7441420118343195,0.010175408501374094,0.1933327615261078,0.04317060211598919,19,-0.3624652561388518,-0.19075217248996743,0.09836228217994958,0.1403526410924903,0
251,1774286740.6777444,20,-0.0679314136505127,-0.9369850158691406,0.0,0.04817152085223597,0.9369850158691406,6.043910980224609,0.15502958579881657,0.019333276152610778,0.1933327615261078,0.05799982845783234,20,-0.0679314136505127,-0.03575874939445129,0.07733310461044311,0.13999835213149855,0
252,1774286740.7778394,20,0.02810955047607422,-0.4216432571411133,1.0306835174560547,0.12146312627692168,1.452326774597168,6.043910980224609,0.2402958579881657,0.009666638076305389,0.1933327615261078,0.042135898498397606,20,0.17568469047546387,0.09247517210264854,0.05387962206465299,0.14049437584944893,0
253,1774286740.8778212,18,-0.03383557001749674,-0.3279447555541992,0.0,0.009219734506713293,0.3279447555541992,6.043910980224609,0.0542603550295858,0.0,0.0,0.0,18,-0.074296286611846,-0.03909806209534185,0.0780114651772014,0.1380933134483876,0
254,1774286740.9779942,21,-0.011154583522251673,-0.4684925079345703,0.5153417587280273,0.02673638674627445,0.9838342666625977,6.043910980224609,0.1627810650887574,0.0,0.0,0.0,21,0.1441876691086848,0.07587027797329882,0.10038431848470981,0.1372498465336389,0
255,1774286741.0774724,20,-0.06558895111083984,-0.4684925079345703,0.0,0.02445065462097773,0.4684925079345703,6.043910980224609,0.07751479289940828,0.0,0.0,0.0,20,0.025181472301483154,0.013252961780901932,0.10038431848470981,0.1345727540208639,0
256,1774286741.1776302,25,-0.07495880126953125,-0.9369850158691406,0.5153417587280273,0.06180704076541588,1.452326774597168,6.043910980224609,0.2402958579881657,0.0,0.0,0.0,25,-0.0225978739121381,-0.011896804490847668,0.07122785950961866,0.13424268601390985,0
257,1774286741.2778356,26,0.005405682783860426,-0.4684925079345703,0.5153417587280273,0.03567933716522424,0.9838342666625977,6.043910980224609,0.1627810650887574,0.0,0.0,0.0,26,0.1607479354147969,0.08461256009396434,0.038666552305221556,0.13427349826564347,0
258,1774286741.378011,23,-0.016295391580332882,-0.4684925079345703,0.5153417587280273,0.02855382519464739,0.9838342666625977,5.992770195007324,0.16417019752939072,0.0,0.0,0.0,23,0.07740311000658118,0.04073615618802016,0.024946162777562297,0.13082062791028562,0
259,1774286741.4779742,21,-0.06915841783796038,-0.9369850158691406,0.5153417587280273,0.06702013848200516,1.452326774597168,5.992770195007324,0.2423464820671958,0.0,0.0,0.0,21,-0.11600766863141741,-0.06105695577834353,0.0,0.1302045657584172,0
260,1774286741.5775814,21,-0.06692750113351005,-1.405477523803711,0.0,0.08958580815951978,1.405477523803711,5.992770195007324,0.2345288536134153,0.0,0.0,0.0,21,-0.0892366681780134,-0.04697632660294657,0.0,0.12985054796894388,0
261,1774286741.6776493,21,-0.06692750113351005,-1.405477523803711,0.0,0.08958580815951978,1.405477523803711,5.992770195007324,0.2345288536134153,0.0,0.0,0.0,21,-0.10312919492845413,-0.054292848354659,0.0,0.12981972425045674,0
262,1774286741.77828,23,-0.07332926211149796,-1.405477523803711,0.0,0.0839437650883618,1.405477523803711,5.992770195007324,0.2345288536134153,0.0,0.0,0.0,23,-0.20748848029276126,-0.10919803133637535,0.012888850768407185,0.12941361971062232,0
263,1774286741.8783507,25,-0.07870674133300781,-1.405477523803711,0.0,0.07914110628917115,1.405477523803711,6.043910980224609,0.23254437869822486,0.0,0.0,0.0,25,-0.20754218101501465,-0.10921830361231734,0.02812112894925204,0.12404178009972765,0
264,1774286741.97771,23,-0.01222154368524966,-0.2810955047607422,0.0,0.0032860548611102496,0.2810955047607422,5.992770195007324,0.04690577072268306,0.0,0.0,0.0,23,-0.06167353063389874,-0.0324581588078206,0.03647787953322788,0.11801682773650614,0
265,1774286742.078098,20,-0.01405477523803711,-0.2810955047607422,0.0,0.0037531974328430806,0.2810955047607422,5.992770195007324,0.04690577072268306,0.0,0.0,0.0,20,0.19263309590956745,0.10137868546601049,0.025534515673259518,0.11617566935563309,0
266,1774286742.17824,19,-0.032054750542891655,-0.3279447555541992,0.0,0.008791569046169824,0.3279447555541992,5.992770195007324,0.054723399176463565,0.0,0.0,0.0,19,-0.05808211209481223,-0.030565032215986387,0.010357112224612917,0.1106357288883764,0
267,1774286742.2781644,19,-0.032054750542891655,-0.3279447555541992,0.0,0.008791569046169824,0.3279447555541992,5.992770195007324,0.054723399176463565,0.0,0.0,0.0,19,0.1579449887861285,0.08312028021121358,0.006783605667582729,0.10954118677566706,0
268,1774286742.377713,20,-0.03045201301574707,-0.3279447555541992,0.0,0.008400797177898767,0.3279447555541992,5.992770195007324,0.054723399176463565,0.0,0.0,0.0,20,-0.3232598304748535,-0.17016738617196864,0.0098304793996326,0.10445212155579281,0
269,1774286742.4777687,21,0.031232833862304688,-0.2810955047607422,0.9369850158691406,0.04459382450607206,1.2180805206298828,6.043910980224609,0.20153846153846153,0.0,0.0,0.0,21,0.3715063396253084,0.1955283913055817,0.013107305866176798,0.07421374979282769,0
270,1774286742.578214,22,-0.09156899018721147,-1.405477523803711,0.0,0.08988464346380397,1.405477523803711,5.992770195007324,0.2345288536134153,0.0,0.0,0.0,22,-0.023637576536698776,-0.012437756049183615,0.009999970423764196,0.03539553702039334,0
271,1774286742.6776958,18,-0.015616416931152344,-0.2810955047607422,0.0,0.004145832122048887,0.2810955047607422,5.992770195007324,0.04690577072268306,0.0,0.0,0.0,18,-0.04372596740722656,-0.023015407397182056,0.0032768264665441996,0.035064529846493386,0
272,1774286742.7774937,25,-0.08807659149169922,-1.405477523803711,0.0,0.08398734016736853,1.405477523803711,5.992770195007324,0.2345288536134153,0.0,0.0,0.0,25,-0.054241021474202476,-0.02855282752102503,0.0,0.033552620237993505,0
273,1774286742.8778973,23,-0.07332926211149796,-1.405477523803711,0.0,0.0839437650883618,1.405477523803711,5.992770195007324,0.2345288536134153,0.0,0.0,0.0,23,-0.06217467858924628,-0.03272518473746956,0.0,0.034181049142727314,0
274,1774286742.9775047,24,-0.07027387619018555,-1.405477523803711,0.0,0.08066082202162761,1.405477523803711,5.992770195007324,0.2345288536134153,0.0,0.0,0.0,24,-0.004684925079345703,-0.002465708148243142,0.0,0.03378478216224157,0
275,1774286743.0774634,22,-0.04259022799405185,-0.9369850158691406,0.0,0.03809247793229167,0.9369850158691406,5.992770195007324,0.15635256907561018,0.0,0.0,0.0,22,0.0323685732754794,0.01703758689722634,0.0,0.033514237145776074,0
276,1774286743.177665,21,-0.04461833408900669,-0.9369850158691406,0.0,0.03981591473756434,0.9369850158691406,5.992770195007324,0.15635256907561018,0.0,0.0,0.0,21,-0.050024016872867116,-0.02633079433219786,0.0,0.03283058982186513,0
277,1774286743.2776291,21,0.0,0.0,0.0,0.0,0.0,5.992770195007324,0.0,0.0,0.0,0.0,21,0.016295391580332882,0.008578245891467684,0.0,0.032442021709138125,0
278,1774286743.37784,22,-0.012777068398215553,-0.2810955047607422,0.0,0.0034283230139062508,0.2810955047607422,5.992770195007324,0.04690577072268306,0.0,0.0,0.0,22,0.05638134943974483,0.029676489512985568,0.0,0.03260281717176257,0
279,1774286743.4775727,22,-0.012777068398215553,-0.2810955047607422,0.0,0.0034283230139062508,0.2810955047607422,5.992770195007324,0.04690577072268306,0.0,0.0,0.0,22,0.0541504327352945,0.02850035864886525,0.0,0.032757914407812866,0
280,1774286743.5775702,24,-0.011712312698364258,-0.2810955047607422,0.0,0.0031551001811180868,0.2810955047607422,5.992770195007324,0.04690577072268306,0.0,0.0,0.0,24,0.05521518843514579,0.029061834764316657,0.0,0.032813145999901615,0
281,1774286743.67808,23,0.008147695790166441,-0.2810955047607422,0.4684925079345703,0.01291187213102916,0.7495880126953125,5.992770195007324,0.12508205526048816,0.0,0.0,0.0,23,0.0814769579016644,0.04288712245234328,0.0,0.03364108403024531,0
282,1774286743.7777503,21,0.008923666817801339,-0.2810955047607422,0.4684925079345703,0.01413464973183534,0.7495880126953125,5.992770195007324,0.12508205526048816,0.0,0.0,0.0,21,0.08763040815080915,0.046135848343524105,0.0,0.03371222619011864,0
283,1774286743.8784711,23,0.008147695790166441,-0.2810955047607422,0.4684925079345703,0.01291187213102916,0.7495880126953125,6.043910980224609,0.12402366863905326,0.0,0.0,0.0,23,0.0203692394754161,0.010716359452546188,0.0,0.03283491861984625,0
284,1774286743.9782515,21,0.031232833862304688,-0.2810955047607422,0.9369850158691406,0.04459382450607206,1.2180805206298828,5.992770195007324,0.20325833979829325,0.0,0.0,0.0,21,0.0452876091003418,0.02383365950126107,0.0,0.03506247860781507,0
285,1774286744.0777898,22,0.010647556998512962,-0.4216432571411133,0.9369850158691406,0.05146565857780693,1.358628273010254,5.992770195007324,0.22671122515963477,0.0,0.0,0.0,22,0.04270230754140462,0.02248022625138156,0.0,0.03582536510361889,0
286,1774286744.1778874,21,0.0,0.0,0.0,0.0,0.0,5.992770195007324,0.0,0.0,0.0,0.0,21,0.032054750542891655,0.016873380829186668,0.0,0.03609944008829801,0
287,1774286744.2782507,21,0.0,0.0,0.0,0.0,0.0,5.992770195007324,0.0,0.0,0.0,0.0,21,0.03045201301574707,0.016022840560787503,0.0,0.036300755218146706,0
288,1774286744.3782668,20,0.0,0.0,0.0,0.0,0.0,5.992770195007324,0.0,0.0,0.0,0.0,20,-0.031232833862304688,-0.016434024854518108,0.0,0.03645919648935309,0
289,1774286744.4782712,19,0.0,0.0,0.0,0.0,0.0,5.992770195007324,0.0,0.0,0.0,0.0,19,0.09156899018721147,0.04819275156833056,0.0,0.03494364946926186,0
290,1774286744.5781548,19,0.0,0.0,0.0,0.0,0.0,5.992770195007324,0.0,0.0,0.0,0.0,19,0.015616416931152344,0.008217181486677565,0.0,0.03102046491630524,0
291,1774286744.6781151,24,-0.011712312698364258,-0.2810955047607422,0.0,0.0031551001811180868,0.2810955047607422,5.992770195007324,0.04690577072268306,0.0,0.0,0.0,24,0.07636427879333496,0.04017858486883237,0.0,0.031029724114828086,0
292,1774286744.7782483,24,-0.11712312698364258,-0.4216432571411133,0.0,0.02835017554048136,0.4216432571411133,5.992770195007324,0.07035865608402458,0.008055531730254492,0.1933327615261078,0.03863297300900034,24,-0.04379386487214462,-0.02304514470070768,0.0,0.0348578583152189,0
293,1774286744.877658,24,-0.17568469047546387,-1.405477523803711,0.0,0.09350985319400706,1.405477523803711,5.992770195007324,0.2345288536134153,0.0,0.0,0.0,24,-0.10541081428527832,-0.055474904075625296,0.0,0.047900770904665636,0
294,1774286744.9783366,22,-0.10647556998512962,-0.4216432571411133,0.4684925079345703,0.044531920630369544,0.8901357650756836,6.043910980224609,0.14727810650887574,0.0,0.0,0.0,22,-0.06388534199107777,-0.03360841876352034,0.0,0.050328049447188404,0
295,1774286745.0781784,24,-0.0956505537033081,-0.4684925079345703,0.0,0.028437817212179084,0.4684925079345703,6.043910980224609,0.07751479289940828,0.016111063460508983,0.1933327615261078,0.05343435247211316,24,-0.05103221961430141,-0.026851807164593074,0.0,0.052615296751140746,0
296,1774286745.1776063,23,-0.0998092734295389,-0.4684925079345703,0.0,0.029259165253219036,0.4684925079345703,6.043910980224609,0.07751479289940828,0.0,0.0,0.0,23,-0.0998092734295389,-0.052531826725162156,0.0,0.05491281838756083,0
297,1774286745.2780273,18,-0.14835596084594727,-1.499176025390625,0.4684925079345703,0.15272513920194797,1.9676685333251953,6.043910980224609,0.3255621301775148,0.0,0.0,0.0,18,-0.13557889244773172,-0.07135027990833721,0.0,0.06027554649958272,0
298,1774286745.377471,22,-0.1703609119762074,-1.499176025390625,0.0,0.18347876870720484,1.499176025390625,6.043910980224609,0.24804733727810652,0.0,0.0,0.0,22,-0.15758384357799185,-0.08294330509944978,0.0,0.06665444242901944,0
299,1774286745.477824,18,-0.0546574592590332,-1.499176025390625,0.9369850158691406,0.18052660166745227,2.4361610412597656,5.992770195007324,0.4065166795965865,0.02148141794734531,0.1933327615261078,0.06075862520028111,18,-0.042945146560668945,-0.02259969019761257,0.0,0.06629350435272244,0
300,1774286745.5775454,23,0.0020369239475416102,-0.4216432571411133,0.4684925079345703,0.01726838425750108,0.8901357650756836,6.227016448974609,0.14294739260280268,0.033623088961062225,0.1933327615261078,0.07327982347547411,23,-0.00611077184262483,-0.003217101028514566,0.0,0.06671773800063442,0
301,1774286745.6774848,22,-0.11499361558393999,-1.546025276184082,0.9369850158691406,0.24556950773684025,2.4830102920532227,6.174445152282715,0.4021430640023168,0.008787852796641264,0.1933327615261078,0.04027100063673795,22,-0.12391728240174132,-0.06522873727504613,0.0,0.06716014063937722,0
302,1774286745.77764,22,-0.08730996738780629,-1.499176025390625,0.0,0.10261841465831288,1.499176025390625,6.227016448974609,0.24075350333103607,0.0,0.0,0.0,22,-0.09545766317797273,-0.050262859585585754,0.0,0.06608368739665813,0
303,1774286745.8780417,23,-0.0998092734295389,-1.452326774597168,0.0,0.09720415818950869,1.452326774597168,6.174445152282715,0.23521575441644946,0.0,0.0,0.0,23,-0.13104210729184357,-0.06897714352332313,0.0,0.06498229345923039,0
304,1774286745.9775348,22,-0.03620169379494407,-0.4216432571411133,0.0,0.013155509343045014,0.4216432571411133,6.174445152282715,0.0682884448305821,0.02636355838992379,0.1933327615261078,0.06634683365617257,22,-0.04684925079345703,-0.024660810320342043,0.0,0.0617305051805404,0
305,1774286746.0774705,23,0.0020369239475416102,-0.4216432571411133,0.4684925079345703,0.017268384257501077,0.8901357650756836,6.174445152282715,0.14416449464234,0.05043463344159334,0.5799982845783234,0.163426890777108,23,0.0020369239475416102,0.0010723005201388762,0.0,0.06122748287948435,0
306,1774286746.177862,19,-0.022191750375848068,-0.4216432571411133,0.0,0.00886452812539115,0.4216432571411133,6.174445152282715,0.0682884448305821,0.0,0.0,0.0,19,-0.022191750375848068,-0.011682258964825817,0.0,0.06021951124951188,0
307,1774286746.2780244,21,-0.1405477523803711,-1.499176025390625,0.0,0.1877121300302471,1.499176025390625,6.174445152282715,0.24280335939762526,0.036825287909734813,0.3866655230522156,0.11350316022706673,21,-0.1405477523803711,-0.07398193886895608,0.0,0.06021333382736946,0
308,1774286746.3781548,22,-0.17249042337590997,-1.499176025390625,0.0,0.18444468511191656,1.499176025390625,6.043910980224609,0.24804733727810652,0.035151411186565056,0.1933327615261078,0.07456740365489042,22,-0.17249042337590997,-0.09078999980138172,0.0,0.06136149074747442,0
309,1774286746.4781628,21,-0.13608591897147043,-1.452326774597168,0.0,0.1759863431400344,1.452326774597168,6.043910980224609,0.2402958579881657,0.06444425384203593,0.3866655230522156,0.12420007372017354,21,-0.13608591897147043,-0.07162386769351625,0.0028855636048672802,0.059352085960033225,0
310,1774286746.5780368,20,-0.06558895111083984,-1.452326774597168,1.546025276184082,0.3194388037286444,2.99835205078125,6.043910980224609,0.49609467455621303,0.009666638076305389,0.1933327615261078,0.042135898498397606,20,-0.053876638412475586,-0.028357294761138026,0.0026851772434181636,0.056049110146312565,0
311,1774286746.6779273,21,-0.022309167044503347,-0.4684925079345703,0.0,0.009953978684391084,0.4684925079345703,6.043910980224609,0.07751479289940828,0.009206321977433703,0.1933327615261078,0.04117192352858409,21,0.09481395993913923,0.049910517859700014,0.002761896593230111,0.0553278904968718,0
312,1774286746.7779868,18,-0.1275340716044108,-1.405477523803711,0.0,0.11554813481337886,1.405477523803711,5.860805511474609,0.2398096167927752,0.0966663807630539,0.5799982845783234,0.2161525985250665,18,0.04815061887105307,0.025338045174676423,0.005523793186460222,0.05559996851301167,0
313,1774286746.8774545,19,-0.1454792524638929,-1.405477523803711,0.0,0.17995356889940148,1.405477523803711,5.860805511474609,0.2398096167927752,0.08140326801099275,0.5799982845783234,0.19144916848114543,19,-0.03900368247876328,-0.02053778837069247,0.005603848160177037,0.05372849388310578,0
314,1774286746.9775293,21,-0.1650878361293248,-1.358628273010254,0.0,0.14394448575497942,1.358628273010254,5.860805511474609,0.2318159628996827,0.0,0.0,0.0,21,-0.06943728242601668,-0.03655842798692411,0.005948700354649471,0.05598442696972901,0
315,1774286747.077787,20,0.0,0.0,0.0,0.0,0.0,6.043910980224609,0.0,0.038666552305221556,0.5799982845783234,0.13112465852189278,20,0.0998092734295389,0.05252620438969812,0.0,0.059689185305681,0
316,1774286747.1779702,20,-0.053876638412475586,-0.5621910095214844,0.0,0.026179100807155464,0.5621910095214844,6.043910980224609,0.09301775147928994,0.02899991422891617,0.5799982845783234,0.12640769549519285,20,0.09447932243347168,0.0497274542730788,0.006666646949176131,0.06015851201823799,0
317,1774286747.2775614,22,0.0,0.0,0.0,0.0,0.0,6.043910980224609,0.0,0.05272711677984758,0.5799982845783234,0.14493298121172596,22,0.1703609119762074,0.08965936934078703,0.018412643954867407,0.061385630611139295,0
318,1774286747.3776796,22,0.0,0.0,0.0,0.0,0.0,6.043910980224609,0.0,0.043939263983206314,0.3866655230522156,0.1155861571389514,22,0.0546574592590332,0.028769270077499458,0.02148141794734531,0.060135562633920274,0
319,1774286747.477487,21,-0.05577291761125837,-0.6090402603149414,0.0,0.029603132607379075,0.6090402603149414,6.043910980224609,0.10076923076923076,0.10126954175177075,1.1599965691566467,0.27092251942019674,21,-0.05780984155879998,-0.030427166308142004,0.014427818024336403,0.06011996345080022,0
320,1774286747.5776038,20,-0.0726163387298584,-1.452326774597168,0.0,0.10018952036006112,1.452326774597168,6.043910980224609,0.2402958579881657,0.10633301883935928,0.5799982845783234,0.21593633774203058,20,0.04237727685408159,0.02230243230913647,0.0028855636048672802,0.0576712492593286,0
321,1774286747.6780016,21,-0.1918588365827288,-1.546025276184082,0.4684925079345703,0.29492643443982347,2.0145177841186523,6.043910980224609,0.33331360946745564,0.09206321977433704,0.5799982845783234,0.20337429976244112,21,-0.1045488691949225,-0.05501525215492405,0.00865669081460184,0.06251345746779584,0
322,1774286747.7776594,21,0.0,0.0,0.0,0.0,0.0,6.043910980224609,0.0,0.09206321977433704,0.5799982845783234,0.1944256631750854,21,0.0998092734295389,0.05254176927413648,0.02558815961374956,0.06483075359778118,0
323,1774286747.8778687,20,0.0,0.0,0.0,0.0,0.0,6.043910980224609,0.0,0.11599965691566468,1.1599965691566467,0.2761344158662483,20,0.03620169379494407,0.019050175419010905,0.027187419589608908,0.06656800033168088,0
324,1774286747.9776387,20,0.0,0.0,0.0,0.0,0.0,6.043910980224609,0.0,0.15466620922088622,0.7733310461044312,0.30933241844177245,20,-0.0020369239475416102,-0.0010719703489837386,0.030687739924779012,0.06794792469960645,0
325,1774286748.077996,22,0.0,0.0,0.0,0.0,0.0,6.043910980224609,0.0,0.13181779194961896,0.7733310461044312,0.2818970044571657,22,0.022191750375848068,0.011679044406520294,0.024946162777562297,0.06784361279633258,0
326,1774286748.1774378,20,0.0,0.0,0.0,0.0,0.0,6.043910980224609,0.0,0.23199931383132935,1.1599965691566467,0.4639986276626587,20,0.1405477523803711,0.07399534839758962,0.04531236598268151,0.06876826432392279,0
327,1774286748.2773902,19,0.0,0.0,0.0,0.0,0.0,6.043910980224609,0.0,0.10175408501374095,0.7733310461044312,0.23776513672262922,19,0.17249042337590997,0.09082097747120504,0.036825287909734813,0.068118832996571,0
328,1774286748.3779714,21,-0.033463750566755025,-0.7027387619018555,0.0,0.022396452039879944,0.7027387619018555,6.043910980224609,0.11627218934911243,0.08285689779690333,0.5799982845783234,0.20295712127234886,21,0.10262216840471541,0.054017107807874436,0.028064433124757582,0.0632487638894864,0
329,1774286748.4780293,23,0.0,0.0,0.0,0.0,0.0,5.992770195007324,0.0,0.05043463344159334,0.3866655230522156,0.13022166359424442,23,0.06558895111083984,0.03452063746855686,0.0360450911319862,0.061286021662880844,0
330,1774286748.5779684,20,-0.03982186317443848,-0.7964372634887695,0.0,0.030129834946990286,0.7964372634887695,5.992770195007324,0.13289968371426866,0.17399948537349702,1.1599965691566467,0.3559633648886691,20,-0.01751269612993513,-0.009217009094665366,0.05999982254258517,0.06114564005494423,0
331,1774286748.6777978,19,0.0,0.0,0.0,0.0,0.0,6.043910980224609,0.0,0.1628065360219855,0.7733310461044312,0.3152735013334339,19,0.1275340716044108,0.06712987219702193,0.05666649906799711,0.061756973037936654,0
332,1774286748.777285,16,0.0,0.0,0.0,0.0,0.0,6.043910980224609,0.0,0.12083297595381737,0.7733310461044312,0.2636264297269787,16,0.1454792524638929,0.07657485568131434,0.038666552305221556,0.05936900570044892,0
333,1774286748.8778555,18,0.0,0.0,0.0,0.0,0.0,5.992770195007324,0.0,0.12888850768407187,0.7733310461044312,0.2882034647000886,18,0.1650878361293248,0.08687341763394521,0.02218572673250417,0.05445096521567124,0
334,1774286748.9774325,16,0.0,0.0,0.0,0.0,0.0,5.860805511474609,0.0,0.10874967835843563,0.5799982845783234,0.22638050789163336,16,0.0,0.0,0.04053751451353873,0.045162517022120936,0
335,1774286749.0772698,15,0.0,0.0,0.0,0.0,0.0,5.860805511474609,0.0,0.0,0.0,0.0,15,0.053876638412475586,0.02836658197593846,0.04229154158383608,0.045162517022120936,0
336,1774286749.1778464,17,0.0,0.0,0.0,0.0,0.0,5.992770195007324,0.0,0.13647018460666432,0.7733310461044312,0.2948092931665478,17,0.0,0.0,0.06543570390114417,0.044808329939243115,0
337,1774286749.2776563,16,0.0,0.0,0.0,0.0,0.0,5.992770195007324,0.0,0.060416487976908684,0.3866655230522156,0.13181321486348935,16,0.0,0.0,0.08285689779690333,0.044808329939243115,0
338,1774286749.3780084,19,0.0,0.0,0.0,0.0,0.0,5.992770195007324,0.0,0.12210490201648913,0.7733310461044312,0.2819891921943715,19,0.05577291761125837,0.029346115850257423,0.09978465111024919,0.044808329939243115,0
339,1774286749.4778783,15,0.0,0.0,0.0,0.0,0.0,5.992770195007324,0.0,0.1933327615261078,0.9666638076305389,0.3866655230522156,15,0.0726163387298584,0.03821360448232438,0.0966663807630539,0.044206578516649435,0
340,1774286749.5773096,16,0.0,0.0,0.0,0.0,0.0,5.992770195007324,0.0,0.14499957114458084,0.7733310461044312,0.3018406771888445,16,0.1918588365827288,0.10101512761162346,0.09978465111024919,0.04242660579558372,0
341,1774286749.6773207,16,0.0,0.0,0.0,0.0,0.0,5.992770195007324,0.0,0.024166595190763474,0.1933327615261078,0.06393880090992969,16,0.0,0.0,0.12043680226216551,0.011038714439658556,0
342,1774286749.77782,17,0.0,0.0,0.0,0.0,0.0,5.992770195007324,0.0,0.056862576919443464,0.5799982845783234,0.14474848944772847,17,0.0,0.0,0.13408562492939732,0.011038714439658556,0
343,1774286749.8774235,17,-0.11298936956069049,-0.9838342666625977,0.0,0.09581403673232625,0.9838342666625977,5.992770195007324,0.16417019752939072,0.10235263845499824,0.5799982845783234,0.22110696987491085,17,-0.11298936956069049,-0.059474825442882226,0.17150486909574078,0.026208092788482466,0
344,1774286749.9776404,18,0.0,0.0,0.0,0.0,0.0,5.992770195007324,0.0,0.08592567178938124,0.7733310461044312,0.1957050313951277,18,0.0,0.0,0.1553000871275292,0.026208092788482466,0
345,1774286750.077904,18,0.0,0.0,0.0,0.0,0.0,5.992770195007324,0.0,0.20407347049978045,0.9666638076305389,0.383820704185376,18,0.0,0.0,0.13855514576037725,0.026208092788482466,0
346,1774286750.1779497,17,0.0,0.0,0.0,0.0,0.0,5.992770195007324,0.0,0.13647018460666432,0.7733310461044312,0.2948092931665478,17,0.0,0.0,0.07671934981194753,0.026208092788482462,0
347,1774286750.2776196,16,0.0,0.0,0.0,0.0,0.0,5.992770195007324,0.0,0.1329162735491991,0.7733310461044312,0.2794874831124438,16,0.033463750566755025,0.017615762092651414,0.09968720516189933,0.026208092788482462,0
348,1774286750.3776581,20,0.0,0.0,0.0,0.0,0.0,5.992770195007324,0.0,0.05799982845783234,0.3866655230522156,0.13806720793312413,20,0.0,0.0,0.12473081388781147,0.025675683805796202,0
349,1774286750.4773939,21,0.0,0.0,0.0,0.0,0.0,5.992770195007324,0.0,0.08285689779690333,0.5799982845783234,0.20295712127234886,21,0.03982186317443848,0.020965214501037308,0.15466620922088622,0.025675683805796202,0
350,1774286750.5776668,18,0.0,0.0,0.0,0.0,0.0,5.992770195007324,0.0,0.03222212692101797,0.1933327615261078,0.07205086617502215,18,0.0,0.0,0.13861594222626597,0.02462546218047103,0
351,1774286750.6773937,20,-0.05856156349182129,-1.1712312698364258,0.0,0.0651596776535257,1.1712312698364258,5.992770195007324,0.19544071134451274,0.13533293306827546,0.7733310461044312,0.27409649564599475,20,-0.05856156349182129,-0.030820114301373727,0.11986631214618683,0.027133529277233302,0
352,1774286750.777633,21,0.0,0.0,0.0,0.0,0.0,5.992770195007324,0.0,0.14730115163893925,0.7733310461044312,0.30366910349123527,21,0.0,0.0,0.08285689779690333,0.027133529277233302,0
353,1774286750.8775597,21,-0.058003834315708706,-1.2180805206298828,0.0,0.06728889590648375,1.2180805206298828,5.992770195007324,0.20325833979829325,0.09206321977433704,0.7733310461044312,0.22812366758457525,21,-0.058003834315708706,-0.030526290637855537,0.08458308316767216,0.029091003408768145,0
354,1774286750.97785,22,0.0,0.0,0.0,0.0,0.0,5.992770195007324,0.0,0.10545423355969516,0.5799982845783234,0.22370221096467136,22,0.0,0.0,0.06847201970716317,0.029091003408768145,0
355,1774286751.0774105,21,-0.11600766863141741,-1.2180805206298828,0.0,0.12784890222231912,1.2180805206298828,5.992770195007324,0.20325833979829325,0.05523793186460223,0.3866655230522156,0.13530474751489924,21,-0.11600766863141741,-0.061070680921775686,0.10782019392802165,0.03677472533564979,0
356,1774286751.177893,22,0.0,0.0,0.0,0.0,0.0,5.992770195007324,0.0,0.07909067516977136,0.5799982845783234,0.19904050096851772,22,0.0,0.0,0.12373296737670898,0.03677472533564979,0
357,1774286751.2780616,23,-0.15888006790824558,-1.2649297714233398,0.0,0.16847669657858935,1.2649297714233398,5.992770195007324,0.21107596825207375,0.058840405681858894,0.9666638076305389,0.20103683239243822,23,-0.15888006790824558,-0.08361874428803696,0.15079955399036407,0.047716895498364,0
358,1774286751.3779268,23,0.0,0.0,0.0,0.0,0.0,5.992770195007324,0.0,0.0,0.0,0.0,23,0.0,0.0,0.1192904273246197,0.047716895498364,0
359,1774286751.4779396,22,-0.057496807791969994,-1.2649297714233398,0.0,0.06942354103160157,1.2649297714233398,5.992770195007324,0.21107596825207375,0.02636355838992379,0.1933327615261078,0.06634683365617257,22,-0.057496807791969994,-0.030251447085996787,0.07496576467338874,0.04784257921144096,0
360,1774286751.5784538,24,0.0,0.0,0.0,0.0,0.0,5.992770195007324,0.0,0.04833319038152695,0.3866655230522156,0.12787760181985938,24,0.0,0.0,0.06186648368835449,0.04784257921144096,0
361,1774286751.678174,25,-0.050597190856933594,-1.2649297714233398,0.0,0.06144181734271115,1.2649297714233398,5.992770195007324,0.21107596825207375,0.06186648368835449,0.5799982845783234,0.15193544354475816,25,-0.050597190856933594,-0.02662514104851015,0.08179462987643021,0.04762723201495823,0
362,1774286751.7785108,24,0.0,0.0,0.0,0.0,0.0,5.992770195007324,0.0,0.04833319038152695,0.3866655230522156,0.12787760181985938,24,0.11298936956069049,0.05943407780715674,0.13132036631962038,0.04762723201495823,0
363,1774286751.8784666,22,0.0,0.0,0.0,0.0,0.0,5.992770195007324,0.0,0.0,0.0,0.0,22,0.0,0.0,0.14226373017958874,0.044092600512106894,0
364,1774286751.9779441,22,0.0,0.0,0.0,0.0,0.0,5.992770195007324,0.0,0.008787852796641264,0.1933327615261078,0.04027100063673795,22,0.0,0.0,0.15921521537444172,0.044092600512106894,0
365,1774286752.07835,24,0.0,0.0,0.0,0.0,0.0,5.992770195007324,0.0,0.0,0.0,0.0,24,0.0,0.0,0.10578585064636087,0.044092600512106894,0
366,1774286752.1784077,23,0.0,0.0,0.0,0.0,0.0,5.992770195007324,0.0,0.008405772240265556,0.1933327615261078,0.03942656658922785,23,0.0,0.0,0.08818687367857549,0.044092600512106894,0
367,1774286752.2785366,22,0.0,0.0,0.0,0.0,0.0,5.992770195007324,0.0,0.0,0.0,0.0,22,0.0,0.0,0.0589828763977956,0.044092600512106894,0
368,1774286752.3780813,22,0.0,0.0,0.0,0.0,0.0,5.992770195007324,0.0,0.0,0.0,0.0,22,0.0,0.0,0.0851974881301492,0.044092600512106894,0
369,1774286752.4781191,22,-0.0553672963922674,-1.2180805206298828,0.0,0.06437628770557294,1.2180805206298828,5.992770195007324,0.20325833979829325,0.0,0.0,0.0,22,-0.0553672963922674,-0.02913374579053299,0.10813527339595859,0.04417553147119709,0
370,1774286752.5783787,21,0.0,0.0,0.0,0.0,0.0,5.992770195007324,0.0,0.009206321977433703,0.1933327615261078,0.04117192352858409,21,0.05856156349182129,0.030805905051466086,0.12473081388781147,0.04417553147119709,0
371,1774286752.6780574,23,0.0,0.0,0.0,0.0,0.0,5.992770195007324,0.0,0.0,0.0,0.0,23,0.0,0.0,0.1147913271561265,0.043976293454333425,0
372,1774286752.7782671,23,-0.16499083975087042,-1.3117790222167969,0.0,0.1816707047330471,1.3117790222167969,5.992770195007324,0.21889359670585426,0.0,0.0,0.0,23,-0.10698700543516171,-0.05628799085374394,0.08458308316767216,0.05308003317893808,0
373,1774286752.8783922,21,-0.062465667724609375,-1.3117790222167969,0.0,0.07803919288562611,1.3117790222167969,5.992770195007324,0.21889359670585426,0.0,0.0,0.0,21,-0.062465667724609375,-0.032867286913350294,0.08030745478776785,0.05319362619363791,0
374,1774286752.9779441,22,-0.17249042337590997,-1.3117790222167969,0.0,0.18863485768446858,1.3117790222167969,5.992770195007324,0.21889359670585426,0.0,0.0,0.0,22,-0.05648275474449256,-0.029719417999994495,0.06444425384203593,0.06056898062100985,0
375,1774286753.0779946,23,-0.10795696921970534,-1.2649297714233398,0.0,0.12242213981302907,1.2649297714233398,5.992770195007324,0.21107596825207375,0.0,0.0,0.0,23,-0.10795696921970534,-0.05681641745638641,0.04549006153555477,0.06010016742251284,0
376,1774286753.1780093,19,0.0,0.0,0.0,0.0,0.0,5.992770195007324,0.0,0.0,0.0,0.0,19,0.15888006790824558,0.08362339271305308,0.028431288459721732,0.06010016742251284,0
377,1774286753.278129,24,-0.05270540714263916,-1.2649297714233398,0.0,0.06389077866764126,1.2649297714233398,5.992770195007324,0.21107596825207375,0.0,0.0,0.0,24,-0.05270540714263916,-0.027736735112281943,0.02521731672079667,0.05386419703000082,0
378,1774286753.3783934,23,-0.16499083975087042,-1.3117790222167969,0.0,0.1816707047330471,1.3117790222167969,5.992770195007324,0.21889359670585426,0.0,0.0,0.0,23,-0.10749403195890042,-0.056562296659806104,0.04629094290061736,0.0599755829921027,0
379,1774286753.4781191,23,-0.05296002263608186,-1.2180805206298828,0.0,0.06170480794751468,1.2180805206298828,5.992770195007324,0.20325833979829325,0.0,0.0,0.0,23,-0.05296002263608186,-0.027878606343830624,0.05296787987016652,0.059934385435448656,0
380,1774286753.5782783,20,0.0,0.0,0.0,0.0,0.0,5.992770195007324,0.0,0.0,0.0,0.0,20,0.050597190856933594,0.026628638899118717,0.038121952976979,0.059934385435448656,0
381,1774286753.67833,21,-0.2431699207850865,-1.3117790222167969,0.0,0.2515967652266691,1.3117790222167969,5.992770195007324,0.21889359670585426,0.0,0.0,0.0,21,-0.2431699207850865,-0.12799635303170823,0.019901901921805215,0.0740021621985051,0
382,1774286753.778601,21,-0.062465667724609375,-1.3117790222167969,0.0,0.07803919288562611,1.3117790222167969,5.992770195007324,0.21889359670585426,0.0,0.0,0.0,21,-0.062465667724609375,-0.03287434309345812,0.0028431288459721733,0.0729743451893171,0
383,1774286753.8782148,21,-0.12046950204031807,-1.3117790222167969,0.0,0.13808159230987313,1.3117790222167969,5.992770195007324,0.21889359670585426,0.0,0.0,0.0,21,-0.12046950204031807,-0.06339596880144033,0.005603848160177037,0.07299455377629017,0
384,1774286753.9786303,23,-0.10999389316724695,-1.3117790222167969,0.0,0.12722675032965236,1.3117790222167969,5.992770195007324,0.21889359670585426,0.0,0.0,0.0,23,-0.10999389316724695,-0.05788298536927493,0.0028019240800885186,0.07217971761035565,0
385,1774286754.0782518,21,-0.12046950204031807,-1.3117790222167969,0.0,0.13808159230987313,1.3117790222167969,5.992770195007324,0.21889359670585426,0.0,0.0,0.0,21,-0.12046950204031807,-0.06341020172439893,0.0028855636048672802,0.07123231294296795,0
386,1774286754.1784096,24,-0.10541081428527832,-1.3117790222167969,0.0,0.12240874180946548,1.3117790222167969,5.992770195007324,0.21889359670585426,0.0,0.0,0.0,24,-0.10541081428527832,-0.0554830840124011,0.0,0.06939930717509941,0
387,1774286754.2785287,21,-0.062465667724609375,-1.3117790222167969,0.0,0.07803919288562611,1.3117790222167969,5.992770195007324,0.21889359670585426,0.0,0.0,0.0,21,-0.062465667724609375,-0.03286892799873141,0.0029743501773247354,0.06710558852028588,0
388,1774286754.3782496,24,-0.15616416931152344,-1.3117790222167969,0.0,0.1709546069150747,1.3117790222167969,5.992770195007324,0.21889359670585426,0.0,0.0,0.0,24,-0.10079687291925604,-0.053047341943759325,0.0029292842655470877,0.06608072723883497,0
389,1774286754.4786236,22,-0.0553672963922674,-1.2180805206298828,0.0,0.06437628770557292,1.2180805206298828,5.992770195007324,0.20325833979829325,0.0,0.0,0.0,22,-0.0553672963922674,-0.029136925929417468,0.0028855636048672802,0.06608072723883497,0
390,1774286754.57804,21,-0.058003834315708706,-1.2180805206298828,0.0,0.06728889590648374,1.2180805206298828,5.992770195007324,0.20325833979829325,0.0,0.0,0.0,21,-0.058003834315708706,-0.03052861579993363,0.0,0.06324731802827165,0
391,1774286754.678726,21,-0.058003834315708706,-1.2180805206298828,0.0,0.06728889590648374,1.2180805206298828,5.992770195007324,0.20325833979829325,0.0,0.0,0.0,21,0.10698700543516171,0.05629535600532028,0.0,0.06014118172391315,0
392,1774286754.7783237,21,-0.058003834315708706,-1.2180805206298828,0.0,0.06728889590648374,1.2180805206298828,5.992770195007324,0.20325833979829325,0.0,0.0,0.0,21,0.004461833408900669,0.002348418125270359,0.0,0.05855070727965516,0
393,1774286754.8781276,21,-0.058003834315708706,-1.2180805206298828,0.0,0.06728889590648374,1.2180805206298828,5.992770195007324,0.20325833979829325,0.0,0.0,0.0,21,0.11448658906020126,0.06025028252277693,0.0,0.05866806502923871,0
394,1774286754.9782815,24,-0.20301342010498047,-1.2649297714233398,0.0,0.20625514807193213,1.2649297714233398,5.992770195007324,0.21107596825207375,0.0,0.0,0.0,24,-0.09505645088527513,-0.0500221573063964,0.0,0.061115191487326186,0
395,1774286755.0780053,21,-0.11823858533586774,-1.2649297714233398,0.0,0.1328657074792522,1.2649297714233398,5.992770195007324,0.21107596825207375,0.0,0.0,0.0,21,-0.11823858533586774,-0.06223096401598254,0.0,0.061286212243389274,0
396,1774286755.1782267,24,-0.20691752433776855,-1.2649297714233398,0.0,0.21416576156951805,1.2649297714233398,5.992770195007324,0.21107596825207375,0.0,0.0,0.0,24,-0.1542121171951294,-0.08116010277571473,0.0,0.062172953810203595,0
397,1774286755.2782438,20,0.0,0.0,0.0,0.0,0.0,5.992770195007324,0.0,0.0,0.0,0.0,20,0.16499083975087042,0.08684412335122887,0.0,0.06530161442200462,0
398,1774286755.3781374,23,-0.1629539158033288,-1.2649297714233398,0.0,0.17709014341149953,1.2649297714233398,5.992770195007324,0.21107596825207375,0.0,0.0,0.0,23,-0.10999389316724693,-0.057890967722569325,0.0,0.06520278762183038,0
399,1774286755.4782186,19,0.0,0.0,0.0,0.0,0.0,5.992770195007324,0.0,0.0,0.0,0.0,19,0.0,0.0,0.0,0.06809516249180103,0
400,1774286755.578059,20,0.0,0.0,0.0,0.0,0.0,5.992770195007324,0.0,0.0,0.0,0.0,20,0.2431699207850865,0.12800242511660914,0.0,0.06809516249180103,0
401,1774286755.6778665,21,-0.12046950204031807,-1.2649297714233398,0.0,0.13787255875750087,1.2649297714233398,5.992770195007324,0.21107596825207375,0.0,0.0,0.0,21,-0.0580038343157087,-0.030540139579735757,0.0,0.05975197475649994,0
402,1774286755.7782195,21,-0.06023475102015904,-1.2649297714233398,0.0,0.072564504609211,1.2649297714233398,5.992770195007324,0.21107596825207375,0.0,0.0,0.0,21,0.06023475102015904,0.031702423361206544,0.0,0.059808726506907176,0
403,1774286755.8787858,22,-0.17249042337590997,-1.3117790222167969,0.0,0.18863485768446864,1.3117790222167969,5.992770195007324,0.21889359670585426,0.0,0.0,0.0,22,-0.062496530208663026,-0.03289021806491684,0.0,0.062090586328013654,0
404,1774286755.9784887,20,-0.06558895111083984,-1.3117790222167969,0.0,0.08173629964858264,1.3117790222167969,5.992770195007324,0.21889359670585426,0.0,0.0,0.0,20,0.05488055092947823,0.02888090033271736,0.0,0.06228369117824609,0
405,1774286756.077945,19,-0.0690410011693051,-1.3117790222167969,0.0,0.08579987716427981,1.3117790222167969,5.992770195007324,0.21889359670585426,0.0,0.0,0.0,19,0.03636981311597322,0.019146688595442524,0.0,0.06212035845535803,0
406,1774286756.177993,21,-0.062465667724609375,-1.3117790222167969,0.0,0.07803919288562611,1.3117790222167969,5.992770195007324,0.21889359670585426,0.0,0.0,0.0,21,0.0,0.0,0.0,0.062275942517954826,0
407,1774286756.2779293,21,-0.062465667724609375,-1.3117790222167969,0.0,0.07803919288562611,1.3117790222167969,5.992770195007324,0.21889359670585426,0.0,0.0,0.0,21,0.09369850158691406,0.04932331672572496,0.0,0.062275942517954826,0
408,1774286756.3780978,20,-0.12883543968200684,-1.3117790222167969,0.0,0.1494420059700019,1.3117790222167969,5.992770195007324,0.21889359670585426,0.0,0.0,0.0,20,-0.07346814328973944,-0.03867814864577499,0.0,0.06103905878599864,0
409,1774286756.4784396,20,-0.12883543968200684,-1.3117790222167969,0.0,0.1494420059700019,1.3117790222167969,5.992770195007324,0.21889359670585426,0.0,0.0,0.0,20,-0.07083160536629812,-0.03727195175250803,0.0,0.06129488221621657,0
410,1774286756.5786343,19,-0.0690410011693051,-1.3117790222167969,0.0,0.0857998771642798,1.3117790222167969,5.992770195007324,0.21889359670585426,0.0,0.0,0.0,19,-0.011037166853596396,-0.005809315549131064,0.0,0.06105644417439007,0
411,1774286756.6786506,22,-0.057496807791969994,-1.2649297714233398,0.0,0.06942354103160155,1.2649297714233398,5.992770195007324,0.21107596825207375,0.0,0.0,0.0,22,0.0005070265237387128,0.0002668101502949644,0.0,0.06106992341146908,0
412,1774286756.7774217,21,0.0,0.0,0.0,0.0,0.0,5.992770195007324,0.0,0.0,0.0,0.0,21,0.058003834315708706,0.030539679534930354,0.0,0.0638445342487213,0
413,1774286756.8780382,21,0.0,0.0,0.0,0.0,0.0,5.992770195007324,0.0,0.0,0.0,0.0,21,0.20301342010498047,0.10686285423341935,0.0,0.06637688857887943,0
414,1774286756.9780433,22,0.0,0.0,0.0,0.0,0.0,5.992770195007324,0.0,0.0,0.0,0.0,22,0.11823858533586774,0.062229589667066584,0.0,0.06289400185678798,0
415,1774286757.0779684,21,0.0,0.0,0.0,0.0,0.0,5.992770195007324,0.0,0.0,0.0,0.0,21,0.20691752433776855,0.1089187702855915,0.0,0.06402852531489382,0
416,1774286757.1781814,20,0.0,0.0,0.0,0.0,0.0,5.992770195007324,0.0,0.0,0.0,0.0,20,0.0,0.0,0.0,0.057148783956581455,0
417,1774286757.2774692,22,0.0,0.0,0.0,0.0,0.0,5.992770195007324,0.0,0.0,0.0,0.0,22,0.1629539158033288,0.08579539136301834,0.0,0.057148783956581455,0
418,1774286757.3776925,21,0.0,0.0,0.0,0.0,0.0,5.992770195007324,0.0,0.0,0.0,0.0,21,0.0,0.0,0.0,0.05307509765255075,0
419,1774286757.477607,21,0.0,0.0,0.0,0.0,0.0,5.992770195007324,0.0,0.0,0.0,0.0,21,0.0,0.0,0.0,0.05307509765255075,0
420,1774286757.5777712,21,0.0,0.0,0.0,0.0,0.0,5.992770195007324,0.0,0.0,0.0,0.0,21,0.12046950204031807,0.0634081805624042,0.0,0.05307509765255075,0
421,1774286757.678123,21,0.0,0.0,0.0,0.0,0.0,5.992770195007324,0.0,0.0,0.0,0.0,21,0.06023475102015904,0.031704110173907216,0.0,0.051532105222065736,0
422,1774286757.7782593,21,0.0,0.0,0.0,0.0,0.0,5.992770195007324,0.0,0.0,0.0,0.0,21,0.17249042337590997,0.09080960058050593,0.0,0.052240342454924205,0
423,1774286757.8775437,20,-0.06324648857116699,-1.2649297714233398,0.0,0.07600224801507238,1.2649297714233398,5.992770195007324,0.21107596825207375,0.0,0.0,0.0,20,0.0023424625396728516,0.0012334885164416174,0.0,0.0430979568411686,0
424,1774286757.9779923,19,0.0,0.0,0.0,0.0,0.0,5.992770195007324,0.0,0.0,0.0,0.0,19,0.0690410011693051,0.03633646440680187,0.0,0.04316764904285595,0
425,1774286758.0773673,19,0.0,0.0,0.0,0.0,0.0,5.992770195007324,0.0,0.0,0.0,0.0,19,0.062465667724609375,0.03288749852037638,0.0,0.04283246748333668,0
426,1774286758.1778255,19,0.0,0.0,0.0,0.0,0.0,5.992770195007324,0.0,0.0,0.0,0.0,19,0.062465667724609375,0.032878464379948555,0.0,0.042526931676732695,0
427,1774286758.2775211,21,0.0,0.0,0.0,0.0,0.0,5.992770195007324,0.0,0.0,0.0,0.0,21,0.12883543968200684,0.06782871177601833,0.0,0.041987495361624994,0
428,1774286758.378043,21,0.0,0.0,0.0,0.0,0.0,5.992770195007324,0.0,0.0,0.0,0.0,21,0.12883543968200684,0.06782228434113828,0.0,0.034347710794342096,0
429,1774286758.477759,21,0.0,0.0,0.0,0.0,0.0,5.992770195007324,0.0,0.0,0.0,0.0,21,0.0690410011693051,0.0363541182905921,0.0,0.022662476790738652,0
430,1774286758.5774758,22,0.0,0.0,0.0,0.0,0.0,5.992770195007324,0.0,0.0,0.0,0.0,22,0.057496807791969994,0.030280201011908328,0.0,0.01813429629461491,0
431,1774286758.6779075,22,0.0,0.0,0.0,0.0,0.0,5.992770195007324,0.0,0.0,0.0,0.0,22,0.0,0.0,0.0,0.013784252610775854,0
432,1774286758.777877,23,-0.10795696921970534,-1.2649297714233398,0.0,0.12242213981302907,1.2649297714233398,5.992770195007324,0.21107596825207375,0.0,0.0,0.0,23,-0.10795696921970534,-0.056824274854431485,0.0,0.026635778871388023,0
433,1774286758.877646,24,-0.10345876216888428,-1.2649297714233398,0.0,0.11778659625427679,1.2649297714233398,5.992770195007324,0.21107596825207375,0.0,0.0,0.0,24,-0.10345876216888428,-0.05446337005370937,0.0,0.03360548633448402,0
434,1774286758.9775896,24,-0.31623244285583496,-1.3117790222167969,0.0,0.30037468246035814,1.3117790222167969,5.992770195007324,0.21889359670585426,0.0,0.0,0.0,24,-0.31623244285583496,-0.1664713127145489,0.0,0.07379148791580782,0
435,1774286759.077312,22,0.0,0.0,0.0,0.0,0.0,5.992770195007324,0.0,0.0,0.0,0.0,22,0.0,0.0,0.0,0.07379148791580782,0
436,1774286759.1773083,22,-0.057496807791969994,-1.2649297714233398,0.0,0.06942354103160155,1.2649297714233398,5.992770195007324,0.21107596825207375,0.0,0.0,0.0,22,-0.057496807791969994,-0.030264039670825364,0.0,0.07370441196163524,0
437,1774286759.2778566,22,-0.11712312698364258,-1.3117790222167969,0.0,0.13722815175108075,1.3117790222167969,6.043910980224609,0.2170414201183432,0.0,0.0,0.0,22,-0.11712312698364258,-0.06163842654318153,0.0,0.07552634597549583,0
438,1774286759.3775744,21,-0.058003834315708706,-1.2180805206298828,0.0,0.06728889590648375,1.2180805206298828,5.992770195007324,0.20325833979829325,0.009206321977433703,0.1933327615261078,0.04117192352858409,21,-0.058003834315708706,-0.030528857146765124,0.0,0.07511342193485468,0
439,1774286759.4779165,24,-0.0546574592590332,-1.3117790222167969,0.0,0.06871107061101611,1.3117790222167969,5.992770195007324,0.21889359670585426,0.0,0.0,0.0,24,-0.0546574592590332,-0.028764884180719007,0.0,0.0745578455097748,0
440,1774286759.5773568,23,0.0,0.0,0.0,0.0,0.0,5.992770195007324,0.0,0.0,0.0,0.0,23,0.0,0.0,0.0,0.07455784550977479,0
441,1774286759.6773057,22,-0.11712312698364258,-1.3117790222167969,0.0,0.13722815175108075,1.3117790222167969,5.992770195007324,0.21889359670585426,0.0,0.0,0.0,22,-0.11712312698364258,-0.061674704570318456,0.0,0.07547314470405808,0
442,1774286759.7773266,22,0.0,0.0,0.0,0.0,0.0,5.992770195007324,0.0,0.0,0.0,0.0,22,0.06324648857116699,0.03329142961700455,0.0,0.07547314470405808,0
443,1774286759.877594,24,-0.0546574592590332,-1.3117790222167969,0.0,0.06871107061101611,1.3117790222167969,5.992770195007324,0.21889359670585426,0.0,0.0,0.0,24,-0.0546574592590332,-0.028773115605671886,0.0,0.07541962862523262,0
444,1774286759.978244,26,-0.05045303931603065,-1.3117790222167969,0.0,0.06363772940562336,1.3117790222167969,5.992770195007324,0.21889359670585426,0.0,0.0,0.0,26,-0.05045303931603065,-0.026541983344157725,0.0,0.07456620869091449,0
445,1774286760.0780623,24,-0.048801302909851074,-1.1712312698364258,0.0,0.054776044811077895,1.1712312698364258,5.992770195007324,0.19544071134451274,0.0,0.0,0.0,24,-0.048801302909851074,-0.025681694909682615,0.0,0.07362179964785316,0
446,1774286760.1775823,24,-0.10736286640167236,-1.3117790222167969,0.0,0.12684036199139825,1.3117790222167969,5.992770195007324,0.21889359670585426,0.0,0.0,0.0,24,-0.10736286640167236,-0.05650495380223991,0.0,0.07338072265805352,0
447,1774286760.2776427,24,0.0,0.0,0.0,0.0,0.0,6.043910980224609,0.0,0.0,0.0,0.0,24,0.0,0.0,0.0,0.07338072265805354,0
448,1774286760.3773856,26,0.0,0.0,0.0,0.0,0.0,5.992770195007324,0.0,0.0,0.0,0.0,26,0.0,0.0,0.0,0.07338072265805351,0
449,1774286760.4781585,25,0.0,0.0,0.0,0.0,0.0,5.992770195007324,0.0,0.0,0.0,0.0,25,0.0,0.0,0.0,0.07338072265805351,0
450,1774286760.577705,26,0.0,0.0,0.0,0.0,0.0,5.992770195007324,0.0,0.0,0.0,0.0,26,0.0,0.0,0.0,0.07338072265805351,0
451,1774286760.677372,25,-0.10306835174560547,-1.3117790222167969,0.0,0.12220937605889048,1.3117790222167969,5.992770195007324,0.21889359670585426,0.015466620922088623,0.1933327615261078,0.05244986340875713,25,0.004888617474099868,0.002573640765819228,0.0,0.07262475931035825,0
452,1774286760.7774954,25,-0.10494232177734375,-1.3117790222167969,0.0,0.1266482453502249,1.3117790222167969,5.992770195007324,0.21889359670585426,0.023199931383132935,0.1933327615261078,0.06282571118049703,25,-0.0014835596084594727,-0.0007808827356960731,0.0,0.07253814863310756,0
453,1774286760.877697,25,-0.20426273345947266,-1.3117790222167969,0.0,0.21928857122475165,1.3117790222167969,5.992770195007324,0.21889359670585426,0.0,0.0,0.0,25,0.1119697093963623,0.05892809551462126,0.0,0.07832922308845912,0
454,1774286760.9778738,24,-0.0546574592590332,-1.3117790222167969,0.0,0.06871107061101611,1.3117790222167969,5.992770195007324,0.21889359670585426,0.0,0.0,0.0,24,-0.0546574592590332,-0.028758580218060915,0.0,0.0541946208856839,0
455,1774286761.0774672,23,0.0,0.0,0.0,0.0,0.0,5.992770195007324,0.0,0.0,0.0,0.0,23,0.057496807791969994,0.030258947466109864,0.0029743501773247354,0.0541946208856839,0
456,1774286761.177904,22,-0.1937855373729359,-1.499176025390625,0.0,0.2386992572526233,1.499176025390625,5.992770195007324,0.2501641105209763,0.0,0.0,0.0,22,-0.07666241038929333,-0.04034763255560468,0.0028855636048672802,0.061896350079148156,0
457,1774286761.277898,23,-0.18739700317382812,-1.546025276184082,0.0,0.23532633789450894,1.546025276184082,6.043910980224609,0.2557988165680473,0.0,0.0,0.0,23,-0.1293931688581194,-0.06809006995318202,0.0028431288459721733,0.06665546101315419,0
458,1774286761.3773015,22,-0.06601485339078036,-1.452326774597168,0.0,0.09151717823233073,1.452326774597168,6.043910980224609,0.2402958579881657,0.0,0.0,0.0,22,-0.011357394131747162,-0.005979511409558214,0.0,0.0666245087293936,0
459,1774286761.4778533,22,-0.059626319191672585,-1.3117790222167969,0.0,0.07466125674729168,1.3117790222167969,6.043910980224609,0.2170414201183432,0.017575705593282528,0.1933327615261078,0.05557926115933376,22,-0.059626319191672585,-0.031374075000804025,0.0,0.06658593404739767,0
460,1774286761.5778027,24,-0.18739700317382812,-1.546025276184082,0.0,0.24600636194804792,1.546025276184082,6.043910980224609,0.2557988165680473,0.0,0.0,0.0,24,-0.07027387619018555,-0.03697657911633064,0.0,0.06953292635190211,0
461,1774286761.6776216,25,-0.11993408203125,-1.546025276184082,0.0,0.1655937045597966,1.546025276184082,6.043910980224609,0.2557988165680473,0.0,0.0,0.0,25,-0.11993408203125,-0.06311340124698651,0.0,0.06961672163233146,0
462,1774286761.7778304,21,-0.06023475102015904,-1.2649297714233398,0.0,0.07256450460921099,1.2649297714233398,6.043910980224609,0.20928994082840235,0.0,0.0,0.0,21,-0.005577291761125834,-0.0029350515833299305,0.0,0.06748562940533495,0
463,1774286761.8778732,23,0.0,0.0,0.0,0.0,0.0,5.992770195007324,0.0,0.0,0.0,0.0,23,0.05045303931603065,0.026559415672001586,0.0,0.06953731779692679,0
464,1774286761.9778945,23,0.0,0.0,0.0,0.0,0.0,6.043910980224609,0.0,0.0,0.0,0.0,23,0.048801302909851074,0.02568716419229077,0.0,0.07136028393796881,0
465,1774286762.0778437,22,0.0,0.0,0.0,0.0,0.0,5.992770195007324,0.0,0.0,0.0,0.0,22,0.10736286640167236,0.056498998654249524,0.0,0.07302502202439128,0
466,1774286762.1773176,25,0.0,0.0,0.0,0.0,0.0,6.043910980224609,0.0,0.007733310461044311,0.1933327615261078,0.03788532930417179,25,0.0,0.0,0.0,0.07419684341787,0
467,1774286762.2776756,25,-0.0993204116821289,-1.2649297714233398,0.0,0.1134861550781352,1.2649297714233398,6.043910980224609,0.20928994082840235,0.0,0.0,0.0,25,-0.0993204116821289,-0.052265923114967715,0.0,0.07285351702008885,0
468,1774286762.3774505,26,0.0,0.0,0.0,0.0,0.0,6.043910980224609,0.0,0.022307626329935513,0.1933327615261078,0.06176702039910063,26,0.0,0.0,0.005087704250687047,0.07285351702008887,0
469,1774286762.4777303,25,-0.10494232177734375,-1.3117790222167969,0.0,0.1266482453502249,1.3117790222167969,6.043910980224609,0.2170414201183432,0.007733310461044311,0.1933327615261078,0.03788532930417179,25,-0.10494232177734375,-0.055232063507838346,0.012719260626717618,0.07123781505379255,0
470,1774286762.5778613,25,-0.052471160888671875,-1.3117790222167969,0.0,0.06607734540011734,1.3117790222167969,6.043910980224609,0.2170414201183432,0.015466620922088623,0.1933327615261078,0.05244986340875713,25,0.050597190856933594,0.026623243840661982,0.012888850768407185,0.06928283815398703,0
471,1774286762.677319,23,0.0,0.0,0.0,0.0,0.0,6.043910980224609,0.0,0.0,0.0,0.0,23,0.10494232177734375,0.05523792743320585,0.00783781465646383,0.0711754438826647,0
472,1774286762.7775657,24,-0.0546574592590332,-1.3117790222167969,0.0,0.06871107061101611,1.3117790222167969,6.043910980224609,0.2170414201183432,0.040277658651272454,0.3866655230522156,0.09633014885470996,24,0.14960527420043945,0.07874505859039456,0.0,0.07095227662241624,0
473,1774286762.877337,21,0.0,0.0,0.0,0.0,0.0,6.043910980224609,0.0,0.018412643954867407,0.3866655230522156,0.08234384705716818,21,0.0546574592590332,0.028775213928182587,0.0,0.06572097958311224,0
474,1774286762.977823,22,-0.059626319191672585,-1.3117790222167969,0.0,0.07466125674729168,1.3117790222167969,6.043910980224609,0.2170414201183432,0.0,0.0,0.0,22,-0.059626319191672585,-0.031376397353159655,0.0,0.06570205944596609,0
475,1774286763.0778606,21,-0.06023475102015904,-1.2649297714233398,0.0,0.07256450460921099,1.2649297714233398,6.043910980224609,0.20928994082840235,0.0,0.0,0.0,21,0.13355078635277687,0.07029148934227065,0.0,0.06414060604767137,0
476,1774286763.1775353,21,0.0,0.0,0.0,0.0,0.0,6.043910980224609,0.0,0.018412643954867407,0.3866655230522156,0.08234384705716818,21,0.18739700317382812,0.0986488372489977,0.0057711272097345605,0.05837436243865799,0
477,1774286763.2776759,22,0.0,0.0,0.0,0.0,0.0,6.043910980224609,0.0,0.0,0.0,0.0,22,0.06601485339078036,0.0347378142724326,0.0056862576919443466,0.051045891885044506,0
478,1774286763.3781633,22,-0.1128641041842374,-1.2649297714233398,0.0,0.12743294313992004,1.2649297714233398,6.043910980224609,0.20928994082840235,0.0,0.0,0.0,22,-0.05323778499256481,-0.028015315335599013,0.005445993282425571,0.052940174213989555,0
479,1774286763.4773216,22,0.0,0.0,0.0,0.0,0.0,6.043910980224609,0.0,0.0,0.0,0.0,22,0.18739700317382812,0.09865497868751223,0.0,0.05390349443121106,0
480,1774286763.5779204,23,0.0,0.0,0.0,0.0,0.0,6.043910980224609,0.0,0.02521731672079667,0.1933327615261078,0.06511083179712221,23,0.11993408203125,0.06311327455190316,0.0,0.04377377633340455,0
481,1774286763.677876,22,-0.17887895757501776,-1.358628273010254,0.0,0.20285151462705595,1.358628273010254,6.043910980224609,0.22479289940828404,0.02636355838992379,0.1933327615261078,0.06634683365617257,22,-0.11864420655485872,-0.062442819516811195,0.0,0.05074118216793312,0
482,1774286763.778319,21,-0.12270041874476842,-1.3117790222167969,0.0,0.14307848960943745,1.3117790222167969,6.043910980224609,0.2170414201183432,0.036825287909734813,0.3866655230522156,0.11350316022706673,21,-0.12270041874476842,-0.06456402241046341,0.0,0.053774027621302435,0
483,1774286763.87834,22,0.0,0.0,0.0,0.0,0.0,6.043910980224609,0.0,0.02636355838992379,0.1933327615261078,0.06634683365617257,22,0.0,0.0,0.002761896593230111,0.05377402762130244,0
484,1774286763.978309,21,0.0,-1.3117790222167969,1.3117790222167969,0.16388230505981483,2.6235580444335938,6.043910980224609,0.4340828402366864,0.009206321977433703,0.1933327615261078,0.04117192352858409,21,0.0,0.0,0.0026851772434181636,0.05377402762130244,0
485,1774286764.0830305,22,0.0,0.0,0.0,0.0,0.0,6.043910980224609,0.0,0.017575705593282528,0.1933327615261078,0.05557926115933376,22,0.0,0.0,0.010175408501374094,0.05377402762130244,0
486,1774286764.1830325,21,0.0,0.0,0.0,0.0,0.0,6.043910980224609,0.0,0.0,0.0,0.0,21,0.0993204116821289,0.052126933550359966,0.010175408501374094,0.05377402762130244,0
487,1774286764.282515,22,-0.11499361558393999,-1.3117790222167969,0.0,0.13243484827793406,1.3117790222167969,6.043910980224609,0.2170414201183432,0.0,0.0,0.0,22,-0.11499361558393999,-0.06036205628967962,0.015263112752061141,0.05470564389527182,0
488,1774286764.3825607,24,0.1093149185180664,-1.3117790222167969,3.9353370666503906,0.7050353332260784,5.2471160888671875,6.043910980224609,0.8681656804733728,0.008055531730254492,0.1933327615261078,0.03863297300900034,24,0.21425724029541016,0.1124810030442692,0.007945181980524978,0.06349112643037788,0
489,1774286764.482594,24,-0.16006827354431152,-1.3117790222167969,0.0,0.17941393348763768,1.3117790222167969,6.043910980224609,0.2170414201183432,0.008055531730254492,0.1933327615261078,0.03863297300900034,24,-0.10759711265563965,-0.05648935014372212,0.018796240703927145,0.06742911469710197,0
490,1774286764.582776,22,-0.057496807791969994,-1.2649297714233398,0.0,0.06942354103160155,1.2649297714233398,5.992770195007324,0.21107596825207375,0.02636355838992379,0.1933327615261078,0.06634683365617257,22,-0.057496807791969994,-0.030174812233669104,0.019901901921805215,0.0674831265072168,0
491,1774286764.683033,23,-0.054996946583623474,-1.2649297714233398,0.0,0.06654261093748251,1.2649297714233398,5.992770195007324,0.21107596825207375,0.016811544480531113,0.1933327615261078,0.054475630259036005,23,-0.00033948732459027076,-0.00017816486780626627,0.020198945234070963,0.06689020644115183,0
492,1774286764.783155,25,0.054345130920410156,-1.3117790222167969,3.9353370666503906,0.7493541810617899,5.2471160888671875,5.992770195007324,0.875574386823417,0.023199931383132935,0.1933327615261078,0.06282571118049703,25,0.054345130920410156,0.028515383595335255,0.006041648797690868,0.07011084294021555,0
493,1774286764.8829103,24,-0.05270540714263916,-1.2649297714233398,0.0,0.06389077866764126,1.2649297714233398,6.043910980224609,0.20928994082840235,0.0,0.0,0.0,24,0.0069209120490334244,0.0036328583440377858,0.006041648797690868,0.06962522824669555,0
494,1774286764.982576,24,-0.05270540714263916,-1.2649297714233398,0.0,0.06389077866764126,1.2649297714233398,6.043910980224609,0.20928994082840235,0.008055531730254492,0.1933327615261078,0.03863297300900034,24,0.007529343877519877,0.003953002256597656,0.006041648797690868,0.0695466878503669,0
495,1774286765.0828001,24,-0.15811622142791748,-1.3117790222167969,0.0,0.1751880807088213,1.3117790222167969,6.043910980224609,0.2170414201183432,0.016111063460508983,0.1933327615261078,0.05343435247211316,24,-0.15811622142791748,-0.08298910309513143,0.005948700354649471,0.07408062873694776,0
496,1774286765.182638,24,-0.10736286640167236,-1.3117790222167969,0.0,0.12684036199139825,1.3117790222167969,6.043910980224609,0.2170414201183432,0.0,0.0,0.0,24,-0.10736286640167236,-0.05635958242751243,0.0,0.07450722912512163,0
497,1774286765.2830606,21,-0.12046950204031807,-1.2649297714233398,0.0,0.13787255875750093,1.2649297714233398,6.043910980224609,0.20928994082840235,0.0,0.0,0.0,21,-0.007605397856080678,-0.003992550256385847,0.00865669081460184,0.0750518715580219,0
498,1774286765.3829932,20,0.0,0.0,0.0,0.0,0.0,6.043910980224609,0.0,0.0,0.0,0.0,20,0.0,0.0,0.01731338162920368,0.07484339912551237,0
499,1774286765.4826546,22,-0.11712312698364258,-1.3117790222167969,0.0,0.13722815175108075,1.3117790222167969,5.992770195007324,0.21889359670585426,0.008787852796641264,0.1933327615261078,0.04027100063673795,22,-0.11712312698364258,-0.06149053815517621,0.02929284265547088,0.07521739866110033,0
500,1774286765.5830112,21,-0.058003834315708706,-1.2180805206298828,0.0,0.06728889590648375,1.2180805206298828,5.992770195007324,0.20325833979829325,0.0,0.0,0.0,21,0.12087512325930905,0.0634470068748549,0.029743501773247354,0.07408507794369615,0
501,1774286765.683019,22,-0.1703609119762074,-1.2649297714233398,0.0,0.1838778327617336,1.2649297714233398,5.992770195007324,0.21107596825207375,0.0,0.0,0.0,22,-0.04766049323143898,-0.025022571643873653,0.024166595190763474,0.07341962428082145,0
502,1774286765.7830105,21,-0.06023475102015904,-1.2649297714233398,0.0,0.07256450460921099,1.2649297714233398,5.992770195007324,0.21107596825207375,0.0,0.0,0.0,21,-0.06023475102015904,-0.03162476226216851,0.017846101063948412,0.07196492778178662,0
503,1774286765.883032,19,0.0,0.0,0.0,0.0,0.0,5.992770195007324,0.0,0.0,0.0,0.0,19,0.0,0.0,0.009062473196536303,0.07196492778178662,0
504,1774286765.9825943,19,0.0,0.0,0.0,0.0,0.0,5.992770195007324,0.0,0.0,0.0,0.0,19,0.0,0.0,0.005948700354649471,0.07196492778178662,0
505,1774286766.0828686,22,-0.1703609119762074,-1.2649297714233398,0.0,0.1838778327617336,1.2649297714233398,5.992770195007324,0.21107596825207375,0.0,0.0,0.0,22,-0.1703609119762074,-0.08967137494625137,0.0028855636048672802,0.07485106476128874,0
506,1774286766.1828773,22,-0.1128641041842374,-1.2649297714233398,0.0,0.12743294313992004,1.2649297714233398,6.043910980224609,0.20928994082840235,0.0,0.0,0.0,22,0.002129511399702591,0.0011205818238753996,0.005523793186460222,0.07402042013566584,0
507,1774286766.2830362,20,-0.06324648857116699,-1.2649297714233398,0.0,0.07600224801507238,1.2649297714233398,6.043910980224609,0.20928994082840235,0.0,0.0,0.0,20,-0.1725614070892334,-0.09079906944675137,0.013809482966150557,0.07331080943644983,0
508,1774286766.3826187,20,-0.12649297714233398,-1.2649297714233398,0.0,0.14400425939697925,1.2649297714233398,6.043910980224609,0.20928994082840235,0.0,0.0,0.0,20,0.03357529640197754,0.01767097935183864,0.016811544480531113,0.061995153221643444,0
509,1774286766.4829974,21,-0.18070425306047713,-1.3117790222167969,0.0,0.19613319599724185,1.3117790222167969,6.043910980224609,0.2170414201183432,0.0,0.0,0.0,21,-0.12320744526850713,-0.06483847021852414,0.02209517274584089,0.06348280319963735,0
510,1774286766.582617,21,-0.18070425306047713,-1.3117790222167969,0.0,0.19613319599724185,1.3117790222167969,6.043910980224609,0.2170414201183432,0.0,0.0,0.0,21,-0.12570730647685366,-0.06617622744804923,0.013425886217090819,0.06684595281930225,0
511,1774286766.6824727,21,-0.18070425306047713,-1.3117790222167969,0.0,0.19613319599724185,1.3117790222167969,6.043910980224609,0.2170414201183432,0.0,0.0,0.0,21,-0.2350493839808873,-0.1237546403417303,0.010593575974033303,0.0694381114095456,0
512,1774286766.7830527,21,-0.18070425306047713,-1.3117790222167969,0.0,0.19613319599724185,1.3117790222167969,6.043910980224609,0.2170414201183432,0.0,0.0,0.0,21,-0.12799884591783797,-0.06736276387082088,0.008055531730254492,0.063128219764947,0
513,1774286766.882977,20,-0.06090402603149414,-1.2180805206298828,0.0,0.0704767073500534,1.2180805206298828,5.992770195007324,0.20325833979829325,0.0,0.0,0.0,20,-0.00819861888885498,-0.004314151797923938,0.008055531730254492,0.06281546909409619,0
514,1774286766.982679,23,-0.16499083975087042,-1.3117790222167969,0.0,0.18167070473304717,1.3117790222167969,5.992770195007324,0.21889359670585426,0.0,0.0,0.0,23,-0.006874618322952941,-0.0036184511027418523,0.005603848160177037,0.06290370113993302,0
515,1774286767.0828736,21,-0.18070425306047713,-1.3117790222167969,0.0,0.19613319599724185,1.3117790222167969,5.992770195007324,0.21889359670585426,0.0,0.0,0.0,21,-0.07334138665880477,-0.03859594284843897,0.0,0.06393972649191226,0
516,1774286767.1828928,20,-0.12649297714233398,-1.3117790222167969,0.0,0.14422374462697007,1.3117790222167969,5.992770195007324,0.21889359670585426,0.0,0.0,0.0,20,-0.00602347510201591,-0.0031705299803056067,0.0030687739924779014,0.06400929347763301,0
517,1774286767.2824755,18,0.0,0.0,0.0,0.0,0.0,5.992770195007324,0.0,0.0,0.0,0.0,18,0.0,0.0,0.0030687739924779014,0.0685098209948462,0
518,1774286767.3826587,19,-0.06410950108578331,-1.2180805206298828,0.0,0.07398050633042494,1.2180805206298828,5.992770195007324,0.20325833979829325,0.0,0.0,0.0,19,0.05301362589785927,0.02790184744605882,0.0029743501773247354,0.0648427514628483,0
519,1774286767.4830477,20,-0.12415051460266113,-1.2649297714233398,0.0,0.13877502379244788,1.2649297714233398,5.992770195007324,0.21107596825207375,0.0,0.0,0.0,20,-0.06614668028695242,-0.03481337212800995,0.0,0.0648997637923326,0
520,1774286767.5830483,20,-0.12415051460266113,-1.2649297714233398,0.0,0.13877502379244788,1.2649297714233398,5.992770195007324,0.21107596825207375,0.0,0.0,0.0,20,0.046210397373546264,0.02432088517492997,0.0,0.06382770984620352,0
521,1774286767.682725,20,-0.12415051460266113,-1.2649297714233398,0.0,0.13877502379244788,1.2649297714233398,5.992770195007324,0.21107596825207375,0.0,0.0,0.0,20,-0.06391576358250209,-0.033644931696257124,0.0,0.06255466311444065,0
522,1774286767.7828193,18,0.0,0.0,0.0,0.0,0.0,5.992770195007324,0.0,0.0,0.0,0.0,18,0.0,0.0,0.0,0.06627908613854741,0
523,1774286767.8831038,23,-0.21591393843941067,-1.2649297714233398,0.0,0.2215348652198492,1.2649297714233398,5.992770195007324,0.21107596825207375,0.0,0.0,0.0,23,-0.21591393843941067,-0.11360844423437964,0.0,0.06534197751504506,0
524,1774286767.98278,21,-0.11823858533586774,-1.2649297714233398,0.0,0.13286570747925225,1.2649297714233398,5.992770195007324,0.21107596825207375,0.0,0.0,0.0,21,0.05212232664033965,0.027434082736721557,0.0,0.059378488010896784,0
525,1774286768.0830371,21,-0.11823858533586774,-1.2649297714233398,0.0,0.13286570747925225,1.2649297714233398,5.992770195007324,0.21107596825207375,0.0,0.0,0.0,21,-0.0053744811516303476,-0.002828436350631502,0.0,0.05846632042932392,0
526,1774286768.1831174,20,-0.12415051460266113,-1.2649297714233398,0.0,0.13877502379244788,1.2649297714233398,5.992770195007324,0.21107596825207375,0.0,0.0,0.0,20,-0.06090402603149414,-0.03205338139646589,0.0,0.058426269067376115,0
527,1774286768.2832203,20,-0.12415051460266113,-1.2649297714233398,0.0,0.13877502379244788,1.2649297714233398,5.992770195007324,0.21107596825207375,0.0,0.0,0.0,20,0.0023424625396728516,0.0012324847607806666,0.0,0.05680033464458508,0
528,1774286768.3828242,21,-0.11823858533586774,-1.2649297714233398,0.0,0.13286570747925225,1.2649297714233398,5.992770195007324,0.21107596825207375,0.0,0.0,0.0,21,0.06246566772460939,0.03287966506915837,0.0,0.056825111324940177,0
529,1774286768.4831386,21,-0.11823858533586774,-1.2649297714233398,0.0,0.13286570747925225,1.2649297714233398,5.992770195007324,0.21107596825207375,0.0,0.0,0.0,21,0.06246566772460939,0.03286764562907357,0.0,0.05540791316088605,0
530,1774286768.5828333,20,-0.12415051460266113,-1.2649297714233398,0.0,0.13877502379244788,1.2649297714233398,5.992770195007324,0.21107596825207375,0.0,0.0,0.0,20,0.056553738457816,0.02975947771504995,0.0,0.05378186863778335,0
531,1774286768.6826754,20,-0.12415051460266113,-1.2649297714233398,0.0,0.13877502379244788,1.2649297714233398,6.043910980224609,0.20928994082840235,0.0,0.0,0.0,20,0.056553738457816,0.029771037738310177,0.0,0.05195142270267007,0
532,1774286768.7830794,21,0.12046950204031807,-1.2649297714233398,3.7947893142700195,0.7474143974748734,5.059719085693359,6.043910980224609,0.8371597633136094,0.0,0.0,0.0,21,0.18137352807181223,0.09545460827437467,0.0,0.0712922154452213,0
533,1774286768.882966,19,-0.1306847522133275,-1.2649297714233398,0.0,0.1452250471900501,1.2649297714233398,6.043910980224609,0.20928994082840235,0.0,0.0,0.0,19,0.03430608753754291,0.018053107138787876,0.0,0.07091522158325454,0
534,1774286768.9830081,21,-0.2364771706717355,-1.2649297714233398,0.0,0.23777068883404986,1.2649297714233398,6.043910980224609,0.20928994082840235,0.0,0.0,0.0,21,-0.055772917611258355,-0.029352088364789145,0.0,0.07549155640079772,0
535,1774286769.0829763,19,0.0,0.0,0.0,0.0,0.0,6.043910980224609,0.0,0.0,0.0,0.0,19,0.12649297714233398,0.06657232398204761,0.0,0.07714032403601766,0
536,1774286769.1828444,21,-0.17624241965157644,-1.2649297714233398,0.0,0.186438020758645,1.2649297714233398,6.043910980224609,0.20928994082840235,0.018412643954867407,0.1933327615261078,0.056751580113533366,21,-0.17624241965157644,-0.09274116039811757,0.0,0.07874759249021358,0
537,1774286769.2827861,21,0.0,0.0,0.0,0.0,0.0,6.043910980224609,0.0,0.036825287909734813,0.3866655230522156,0.11350316022706673,21,0.06410950108578331,0.033739580155732765,0.0,0.07874759249021358,0
538,1774286769.3828542,19,-0.0665752511275442,-1.2649297714233398,0.0,0.07978075312852036,1.2649297714233398,6.043910980224609,0.20928994082840235,0.0,0.0,0.0,19,0.05757526347511693,0.030305856670581756,0.0,0.07868969463723915,0
539,1774286769.4829752,23,-0.1629539158033288,-1.2649297714233398,0.0,0.17709014341149953,1.2649297714233398,6.043910980224609,0.20928994082840235,0.016811544480531113,0.3866655230522156,0.0788531331784557,23,-0.038803401200667664,-0.02042362850014327,0.0,0.07967495579351415,0
540,1774286769.5829942,20,-0.06324648857116699,-1.2649297714233398,0.0,0.07600224801507238,1.2649297714233398,5.992770195007324,0.21107596825207375,0.0,0.0,0.0,20,0.06090402603149414,0.03205020835458408,0.0,0.08002164956832823,0
541,1774286769.6824882,22,0.0,0.0,0.0,0.0,0.0,5.992770195007324,0.0,0.035151411186565056,0.3866655230522156,0.11115852231866752,22,0.0,0.0,0.0,0.08277374678066415,0
542,1774286769.7827878,22,0.0,0.0,0.0,0.0,0.0,5.992770195007324,0.0,0.035151411186565056,0.3866655230522156,0.11115852231866752,22,0.21591393843941067,0.11365782090984797,0.0,0.08277374678066415,0
543,1774286769.883024,21,0.0,0.0,0.0,0.0,0.0,6.043910980224609,0.0,0.05523793186460223,0.5799982845783234,0.17025474034060006,21,0.11823858533586774,0.0622228437436611,0.0,0.08035211168001159,0
544,1774286769.9828718,19,0.0,0.0,0.0,0.0,0.0,5.992770195007324,0.0,0.010175408501374094,0.1933327615261078,0.04317060211598919,19,0.11823858533586774,0.06223625113993721,0.0,0.08196835156940656,0
545,1774286770.083293,22,0.0,0.0,0.0,0.0,0.0,6.043910980224609,0.0,0.035151411186565056,0.3866655230522156,0.11115852231866752,22,0.12415051460266113,0.06533633863552354,0.0,0.08313397410964712,0
546,1774286770.1832175,21,0.0,0.0,0.0,0.0,0.0,6.043910980224609,0.0,0.0,0.0,0.0,21,0.12415051460266113,0.06534247121969852,0.0,0.08367434918400647,0
547,1774286770.2829423,20,0.0,0.0,0.0,0.0,0.0,5.992770195007324,0.0,0.009666638076305389,0.1933327615261078,0.042135898498397606,20,0.11823858533586774,0.06222696607860466,0.0,0.08375242695044775,0
548,1774286770.3826509,21,0.0,0.0,0.0,0.0,0.0,6.043910980224609,0.0,0.0,0.0,0.0,21,0.11823858533586774,0.062246812457553286,0.0,0.08360753784727311,0
549,1774286770.483106,20,0.0,0.0,0.0,0.0,0.0,6.043910980224609,0.0,0.0,0.0,0.0,20,0.12415051460266113,0.06533300227180311,0.0,0.083042579044519,0
550,1774286770.5832088,21,0.0,0.0,0.0,0.0,0.0,5.992770195007324,0.0,0.0,0.0,0.0,21,0.12415051460266113,0.06532403594593933,0.0,0.08176357183706147,0
551,1774286770.683323,22,0.0,0.0,0.0,0.0,0.0,5.992770195007324,0.0,0.02636355838992379,0.1933327615261078,0.06634683365617257,22,-0.12046950204031807,-0.0633968755718288,0.0,0.07998391509149143,0
552,1774286770.7831137,21,0.0,0.0,0.0,0.0,0.0,6.043910980224609,0.0,0.027618965932301114,0.1933327615261078,0.06765237375744962,21,0.1306847522133275,0.0687761029480887,0.0,0.07214147863522369,0
553,1774286770.8830528,22,0.0,0.0,0.0,0.0,0.0,5.992770195007324,0.0,0.017575705593282528,0.1933327615261078,0.05557926115933376,22,0.2364771706717355,0.1244587420524901,0.006338779066429764,0.06967173985711836,0
554,1774286770.983022,22,0.0,0.0,0.0,0.0,0.0,6.043910980224609,0.0,0.008787852796641264,0.1933327615261078,0.04027100063673795,22,0.0,0.0,0.01901633719928929,0.05246372737354777,0
555,1774286771.0829017,22,0.0,0.0,0.0,0.0,0.0,6.043910980224609,0.0,0.035151411186565056,0.3866655230522156,0.11115852231866752,22,0.17624241965157644,0.09275637012819327,0.01901633719928929,0.05246372737354777,0
556,1774286771.1826012,22,0.0,0.0,0.0,0.0,0.0,6.043910980224609,0.0,0.017575705593282528,0.1933327615261078,0.05557926115933376,22,0.0,0.0,0.018412643954867407,0.039179383502158535,0
557,1774286771.2828946,22,0.0,0.0,0.0,0.0,0.0,6.043910980224609,0.0,0.017575705593282528,0.1933327615261078,0.05557926115933376,22,0.0665752511275442,0.03503886103908679,0.006236540694390574,0.039179383502158535,0
558,1774286771.3825798,21,0.0,0.0,0.0,0.0,0.0,6.043910980224609,0.0,0.036825287909734813,0.3866655230522156,0.11350316022706673,21,0.1629539158033288,0.08578307260636155,0.017846101063948412,0.03741374469714429,0
559,1774286771.4824262,23,0.0,0.0,0.0,0.0,0.0,6.043910980224609,0.0,0.05043463344159334,0.5799982845783234,0.163426890777108,23,0.06324648857116699,0.03329758077118841,0.024166595190763474,0.013784252610775854,0
560,1774286771.5824437,23,0.0,0.0,0.0,0.0,0.0,6.043910980224609,0.0,0.09246349464292111,0.7733310461044312,0.24099804919789292,23,0.0,0.0,0.041640902482546295,0.0,0
561,1774286771.6829913,25,0.0,0.0,0.0,0.0,0.0,6.043910980224609,0.0,0.09279972553253174,0.5799982845783234,0.21263088336197644,25,0.0,0.0,0.03430097381914816,0.0,0
562,1774286771.7830062,25,-0.050597190856933594,-1.2649297714233398,0.0,0.06144181734271115,1.2649297714233398,6.043910980224609,0.20928994082840235,0.0695997941493988,0.5799982845783234,0.18847713354149107,25,-0.050597190856933594,-0.026630349739487618,0.03430097381914816,0.011027402088620684,0
563,1774286771.882668,23,0.0,0.0,0.0,0.0,0.0,6.043910980224609,0.0,0.06724617792212445,0.5799982845783234,0.1767212411517269,23,0.0,0.0,0.015591351735976434,0.011027402088620684,0
564,1774286771.9828444,21,0.0,0.0,0.0,0.0,0.0,6.043910980224609,0.0,0.09206321977433704,0.7733310461044312,0.22812366758457525,21,0.0,0.0,0.015343869962389506,0.011027402088620684,0
565,1774286772.0827496,24,-0.05270540714263916,-1.2649297714233398,0.0,0.06389077866764126,1.2649297714233398,6.043910980224609,0.20928994082840235,0.14499957114458084,0.9666638076305389,0.3266217634444053,24,-0.05270540714263916,-0.027746521212242924,0.003118270347195287,0.015498974687074072,0
566,1774286772.1825345,24,0.0,0.0,0.0,0.0,0.0,6.043910980224609,0.0,0.12083297595381737,0.9666638076305389,0.31969400454964847,24,0.0,0.0,0.003169389533214882,0.015498974687074072,0
567,1774286772.2824645,23,0.0,0.0,0.0,0.0,0.0,6.043910980224609,0.0,0.07565195016239,0.5799982845783234,0.16853520936587127,23,0.0,0.0,0.0,0.015498974687074072,0
568,1774286772.382474,20,-0.11946558952331543,-1.2180805206298828,0.0,0.12850311502887735,1.2180805206298828,6.043910980224609,0.20153846153846153,0.05799982845783234,0.3866655230522156,0.13806720793312413,20,-0.11946558952331543,-0.06289754619547515,0.009206321977433703,0.029264893196649447,0
569,1774286772.4824803,21,0.0,0.0,0.0,0.0,0.0,6.043910980224609,0.0,0.11047586372920445,0.5799982845783234,0.22775182761842647,21,0.0,0.0,0.018124946393072605,0.029264893196649447,0
570,1774286772.5827203,23,0.0,0.0,0.0,0.0,0.0,6.043910980224609,0.0,0.10086926688318668,0.7733310461044312,0.26044332718848884,23,0.0,0.0,0.023794801418597883,0.029264893196649447,0
571,1774286772.6824865,23,0.0,0.0,0.0,0.0,0.0,6.043910980224609,0.0,0.10927503912345223,0.7733310461044312,0.24070468566955566,23,0.0,0.0,0.017846101063948412,0.029264893196649447,0
572,1774286772.7824929,22,-0.0553672963922674,-1.2180805206298828,0.0,0.06437628770557294,1.2180805206298828,6.043910980224609,0.20153846153846153,0.10545423355969516,1.1599965691566467,0.26538733462469033,22,-0.0553672963922674,-0.029149272907360347,0.020504989858829613,0.03066556120796659,0
573,1774286772.8826935,23,-0.05296002263608186,-1.2180805206298828,0.0,0.06170480794751468,1.2180805206298828,6.043910980224609,0.20153846153846153,0.10086926688318668,0.5799982845783234,0.21983947042642232,23,-0.05296002263608186,-0.02787851537219919,0.020504989858829613,0.031622027551471206,0
574,1774286772.9830992,19,0.0,0.0,0.0,0.0,0.0,6.043910980224609,0.0,0.09157867651236684,0.5799982845783234,0.21149189414577863,19,0.0,0.0,0.0234342741243767,0.031622027551471206,0
575,1774286773.0825982,19,0.0,0.0,0.0,0.0,0.0,6.043910980224609,0.0,0.061052451008244565,0.3866655230522156,0.14099459609718576,19,0.0,0.0,0.023794801418597883,0.031622027551471206,0
576,1774286773.1831563,21,0.0,0.0,0.0,0.0,0.0,6.043910980224609,0.0,0.13809482966150557,1.5466620922088623,0.35369534034789873,21,0.0,0.0,0.035151411186565056,0.031622027551471206,0
577,1774286773.283076,21,0.0,0.0,0.0,0.0,0.0,6.043910980224609,0.0,0.12888850768407187,1.5466620922088623,0.3444690263188411,21,0.0,0.0,0.06059683570221289,0.031622027551471206,0
578,1774286773.3824203,21,0.0,0.0,0.0,0.0,0.0,6.043910980224609,0.0,0.036825287909734813,0.3866655230522156,0.09655671949035795,21,0.0,0.0,0.0789669025951708,0.031622027551471206,0
579,1774286773.482945,19,0.0,0.0,0.0,0.0,0.0,6.043910980224609,0.0,0.040701634005496375,0.3866655230522156,0.10073140493730813,19,0.0,0.0,0.08474860779226642,0.031622027551471206,0
580,1774286773.5830507,20,-0.07964372634887695,-1.592874526977539,0.0,0.12051933978796114,1.592874526977539,6.043910980224609,0.26355029585798817,0.11599965691566468,0.5799982845783234,0.20642290234955613,20,-0.07964372634887695,-0.041916438910852685,0.07680342581174145,0.034196528717698224,0
581,1774286773.6828172,20,0.0,0.0,0.0,0.0,0.0,6.043910980224609,0.0,0.07733310461044311,0.5799982845783234,0.177192402801647,20,0.050597190856933594,0.026632749296124622,0.07565195016239,0.03419652871769822,0
582,1774286773.7829292,18,0.0546574592590332,0.0,0.9838342666625977,0.050786443495098865,0.9838342666625977,6.043910980224609,0.1627810650887574,0.03222212692101797,0.5799982845783234,0.13285523277741546,18,0.0546574592590332,0.028763130196418615,0.10235263845499824,0.03713805865488635,0
583,1774286773.8829136,19,-0.08383550141987048,-1.592874526977539,0.0,0.12651104336977986,1.592874526977539,6.043910980224609,0.26355029585798817,0.061052451008244565,0.3866655230522156,0.14099459609718576,19,-0.08383550141987048,-0.04412234028010006,0.1204827354438063,0.03981245686283737,0
584,1774286773.9829762,19,0.0,0.0,0.0,0.0,0.0,6.043910980224609,0.0,0.040701634005496375,0.1933327615261078,0.07881837533335848,19,0.05270540714263916,0.027736380143455662,0.114365858930937,0.03981245686283737,0
585,1774286774.0826015,19,0.0,0.0,0.0,0.0,0.0,6.043910980224609,0.0,0.061052451008244565,0.3866655230522156,0.1262734987166934,19,0.0,0.0,0.08656690814601842,0.03926563946035308,0
586,1774286774.1827593,18,0.013013680775960287,-1.592874526977539,0.9369850158691406,0.23358241405288835,2.5298595428466797,5.860805511474609,0.4316573102269954,0.053703544868363276,0.3866655230522156,0.1257167753652118,18,0.013013680775960287,0.006848243182014552,0.08156225876882672,0.03964514884116238,0
587,1774286774.2828388,20,0.0,0.0,0.0,0.0,0.0,6.043910980224609,0.0,0.019333276152610778,0.3866655230522156,0.08427179699679521,20,0.11946558952331543,0.06286455356287045,0.09062473196536303,0.03964514884116238,0
588,1774286774.382945,21,0.0,0.0,0.0,0.0,0.0,6.043910980224609,0.0,0.027618965932301114,0.1933327615261078,0.06765237375744962,21,0.0,0.0,0.10676585338008937,0.03187086951885248,0
589,1774286774.482944,20,0.0,0.0,0.0,0.0,0.0,6.043910980224609,0.0,0.019333276152610778,0.1933327615261078,0.05799982845783234,20,0.0,0.0,0.10519576730097041,0.03187086951885248,0
590,1774286774.582954,23,0.11610466500987178,0.0,0.9369850158691406,0.09005947830209475,0.9369850158691406,6.043910980224609,0.15502958579881657,0.02521731672079667,0.1933327615261078,0.06511083179712221,23,0.11610466500987178,0.06109268976017794,0.10519576730097041,0.04212566459703218,0
591,1774286774.6828623,20,0.0,0.0,0.0,0.0,0.0,6.043910980224609,0.0,0.019333276152610778,0.1933327615261078,0.05799982845783234,20,0.0553672963922674,0.029135017762780324,0.09968720516189933,0.04212566459703218,0
592,1774286774.7825794,20,0.04450678825378418,0.0,0.8901357650756836,0.03763622981267645,0.8901357650756836,6.043910980224609,0.14727810650887574,0.038666552305221556,0.1933327615261078,0.07733310461044311,20,0.09746681088986604,0.05130140249777394,0.0855735173968018,0.04170563893638268,0
593,1774286774.8832164,24,0.03904104232788086,0.0,0.9369850158691406,0.03505666867908985,0.9369850158691406,6.043910980224609,0.15502958579881657,0.03222212692101797,0.1933327615261078,0.07205086617502215,24,0.03904104232788086,0.020546650055353617,0.098304793996326,0.040604479775419984,0
594,1774286774.983085,22,0.0,0.0,0.0,0.0,0.0,6.043910980224609,0.0,0.0,0.0,0.0,22,0.0,0.0,0.11092863366252086,0.040604479775419984,0
595,1774286775.0828686,24,0.037088990211486816,0.0,0.8901357650756836,0.03163864348287859,0.8901357650756836,6.043910980224609,0.14727810650887574,0.024166595190763474,0.1933327615261078,0.06393880090992969,24,0.037088990211486816,0.0195234771813301,0.10126954175177075,0.041168034121850355,0
596,1774286775.1830664,22,0.0,0.0,0.0,0.0,0.0,6.043910980224609,0.0,0.02636355838992379,0.3866655230522156,0.08831682758296405,22,0.0,0.0,0.0697265697307274,0.041168034121850355,0
597,1774286775.2829115,20,0.0,0.0,0.0,0.0,0.0,6.043910980224609,0.0,0.0,0.0,0.0,20,0.0,0.0,0.06444425384203593,0.04116803412185035,0
598,1774286775.3780804,20,-0.04450678825378418,-0.8901357650756836,0.0,0.03763622981267645,0.8901357650756836,6.043910980224609,0.14727810650887574,0.019333276152610778,0.1933327615261078,0.05799982845783234,20,-0.04450678825378418,-0.02348475374944614,0.0786438351970608,0.04266450600344861,0
599,1774286775.4775984,18,-0.16657511393229166,-1.546025276184082,0.0,0.22222202113021516,1.546025276184082,5.992770195007324,0.2579817389747568,0.0,0.0,0.0,18,-0.0869313875834147,-0.04588503501017474,0.0766664399155255,0.056732413113869964,0
600,1774286775.5777602,22,-0.07027387619018555,-1.546025276184082,0.0,0.10370677117066407,1.546025276184082,6.043910980224609,0.2557988165680473,0.008787852796641264,0.1933327615261078,0.04027100063673795,22,-0.07027387619018555,-0.03708495518413703,0.0576606481744532,0.05613731685570575,0
601,1774286775.6777573,17,0.0,0.0,0.0,0.0,0.0,6.043910980224609,0.0,0.0,0.0,0.0,17,-0.0546574592590332,-0.02884560335754015,0.04488081963998931,0.05613731685570575,0
602,1774286775.777674,20,-0.22487640380859375,-4.497528076171875,0.0,0.9608185428078286,4.497528076171875,5.992770195007324,0.7504923315629289,0.05799982845783234,0.5799982845783234,0.17399948537349702,20,-0.14104090238872327,-0.07443732970295222,0.054268845340661835,0.07245826308607568,0
603,1774286775.8777008,18,-0.2993146578470866,-4.497528076171875,0.0,1.0781940953879454,4.497528076171875,5.992770195007324,0.7504923315629289,0.0,0.0,0.0,18,-0.2993146578470866,-0.157972645031052,0.05178556112306459,0.09431603313887156,0
604,1774286775.978093,17,-0.2645604750689338,-4.497528076171875,0.0,1.119875919499199,4.497528076171875,5.992770195007324,0.7504923315629289,0.0,0.0,0.0,17,-0.2645604750689338,-0.13957355882809086,0.04409343683928774,0.10716782724878585,0
605,1774286776.0777047,19,-0.09123275154515316,-0.8901357650756836,0.0,0.07080678638429722,0.8901357650756836,5.992770195007324,0.14853494062182968,0.0,0.0,0.0,19,-0.10424643232111344,-0.05501289549154148,0.032768264665442,0.10726644623942841,0
606,1774286776.1781814,18,-0.3826022148132324,-1.546025276184082,0.0,0.40074344909157844,1.546025276184082,5.677700042724609,0.27229780801209374,0.0,0.0,0.0,18,-0.3826022148132324,-0.20186441076662184,0.02218572673250417,0.12892780230863188,0
607,1774286776.2781842,19,-0.23671200400904605,-1.546025276184082,0.0,0.29953349974315535,1.546025276184082,5.992770195007324,0.2579817389747568,0.0,0.0,0.0,19,-0.23671200400904605,-0.12489822638493438,0.024166595190763474,0.13317948347330985,0
608,1774286776.378061,18,-0.17178058624267578,-1.546025276184082,0.0,0.23606855847901898,1.546025276184082,5.677700042724609,0.27229780801209374,0.0,0.0,0.0,18,-0.17178058624267578,-0.09064378727733614,0.02148141794734531,0.13346295611523226,0
609,1774286776.477659,18,-0.2134243647257487,-1.546025276184082,0.0,0.24100020191831892,1.546025276184082,5.811095237731934,0.26604714136254537,0.0,0.0,0.0,18,-0.3295290297356205,-0.17392101662108309,0.027618965932301114,0.1347038599095866,0
610,1774286776.5776868,17,-0.090942663304946,-1.546025276184082,0.0,0.13232908814394834,1.546025276184082,5.811095237731934,0.26604714136254537,0.0,0.0,0.0,17,-0.090942663304946,-0.047995296172314995,0.030208243988454342,0.12561997747717474,0
611,1774286776.678085,18,-0.2498626708984375,-1.546025276184082,0.0,0.3128883889758072,1.546025276184082,5.677700042724609,0.27229780801209374,0.0,0.0,0.0,18,-0.2943694591522217,-0.15529864369100793,0.0234342741243767,0.12679561707917758,0
612,1774286776.7781422,18,-0.34616390864054364,-4.497528076171875,0.0,1.0874612495431135,4.497528076171875,5.811095237731934,0.7739553203274048,0.0,0.0,0.0,18,-0.3852049509684245,-0.2032823366019137,0.019333276152610778,0.1301047415737861,0
613,1774286776.877653,19,-0.6756155114424857,-4.497528076171875,0.0,1.9005840137155512,4.497528076171875,5.677700042724609,0.7921390778533636,0.0,0.0,0.0,19,-0.6756155114424857,-0.3566066371872907,0.01705877307583304,0.16874562485323352,0
614,1774286776.9779513,19,-0.332876255637721,-1.546025276184082,0.0,0.3382139715769952,1.546025276184082,5.677700042724609,0.27229780801209374,0.0,0.0,0.0,19,-0.3699652458492078,-0.19522379866201,0.017575705593282528,0.16711509083023426,0
615,1774286777.0778217,18,-0.3852049509684245,-4.497528076171875,0.0,1.152189069683926,4.497528076171875,5.677700042724609,0.7921390778533636,0.0,0.0,0.0,18,-0.3852049509684245,-0.20330062571461407,0.015591351735976434,0.16357639731444937,0
616,1774286777.1776307,15,-0.4497528076171875,-2.99835205078125,0.0,0.7221942007618054,2.99835205078125,5.860805511474609,0.5115938491579204,0.0,0.0,0.0,15,-0.4497528076171875,-0.2373717570895686,0.006666646949176131,0.1637558854999508,0
617,1774286777.27779,17,-0.43817828683292165,-1.546025276184082,0.0,0.4616784474443653,1.546025276184082,5.677700042724609,0.27229780801209374,0.0,0.0,0.0,17,-0.39367149857913747,-0.20722718753312902,0.009666638076305389,0.16014669777220578,0
618,1774286777.3778265,14,-0.10373762675694057,-1.452326774597168,0.0,0.13989943766711002,1.452326774597168,5.859375,0.24786376953125,0.0,0.0,0.0,14,0.06283748717535109,0.03306839305456141,0.0033918028337913647,0.15670556904556074,0
619,1774286777.4774456,18,0.0,0.0,0.0,0.0,0.0,5.992770195007324,0.0,0.0,0.0,0.0,18,0.07027387619018555,0.03699237611915272,0.022937785265809398,0.16560675981565118,0
620,1774286777.577062,16,0.0,0.0,0.0,0.0,0.0,5.992770195007324,0.0,0.0,0.0,0.0,16,0.0,0.0,0.021090846711939032,0.17009616458306193,0
621,1774286777.677544,15,0.0,0.0,0.0,0.0,0.0,5.992770195007324,0.0,0.0,0.0,0.0,15,0.22487640380859375,0.11836409080453322,0.021090846711939032,0.17009616458306193,0
622,1774286777.7777615,19,0.0,0.0,0.0,0.0,0.0,5.992770195007324,0.0,0.0,0.0,0.0,19,0.2993146578470866,0.15752900164863276,0.0,0.17846902123338235,0
623,1774286777.8770797,16,0.0,0.0,0.0,0.0,0.0,5.992770195007324,0.0,0.0,0.0,0.0,16,0.2645604750689338,0.13931664653133455,0.0,0.185012115006553,0
624,1774286777.9776511,17,0.0,0.0,0.0,0.0,0.0,5.992770195007324,0.0,0.0,0.0,0.0,17,0.09123275154515316,0.048018590991419086,0.0,0.19083607081170867,0
625,1774286778.077617,18,-0.13273954391479492,-2.3893117904663086,0.0,0.2995363708180321,2.3893117904663086,5.992770195007324,0.398699051142806,0.0,0.0,0.0,18,0.2498626708984375,0.1315457504321052,0.0,0.18977328036473531,0
626,1774286778.1772258,17,0.0,0.0,0.0,0.0,0.0,5.992770195007324,0.0,0.0,0.0,0.0,17,0.23671200400904605,0.12464813695637399,0.0,0.19073990890197537,0
627,1774286778.2774317,20,-0.04450678825378418,-0.8901357650756836,0.0,0.03763622981267645,0.8901357650756836,5.992770195007324,0.14853494062182968,0.0,0.0,0.0,20,0.1272737979888916,0.06700840440351882,0.0,0.19304043133923943,0
628,1774286778.3774848,20,0.0,0.0,0.0,0.0,0.0,5.992770195007324,0.0,0.0,0.0,0.0,20,0.2134243647257487,0.11233891204480204,0.0,0.19707190701999114,0
629,1774286778.4774902,20,-0.037479400634765625,-0.7495880126953125,0.0,0.02668940396688413,0.7495880126953125,5.992770195007324,0.12508205526048816,0.019333276152610778,0.1933327615261078,0.05799982845783234,20,0.05346326267018038,0.028141471201211625,0.0,0.1989954121241518,0
630,1774286778.5778756,20,-0.04216432571411133,-0.8432865142822266,0.0,0.033778776895587725,0.8432865142822266,5.992770195007324,0.14071731216804917,0.0,0.0,0.0,20,0.20769834518432617,0.10932697179159567,0.0,0.20017561180526008,0
631,1774286778.6775746,21,0.0,0.0,0.0,0.0,0.0,5.992770195007324,0.0,0.0,0.0,0.0,21,0.34616390864054364,0.18224597246128735,0.0,0.20208478048881517,0
632,1774286778.7775693,19,-0.1331505022550884,-0.8901357650756836,0.0,0.09478600375503983,0.8901357650756836,5.992770195007324,0.14853494062182968,0.0,0.0,0.0,19,0.5424650091873973,0.2855204609028075,0.0,0.1969839306760322,0
633,1774286778.8777578,19,-0.09123275154515316,-0.8901357650756836,0.0,0.07080678638429722,0.8901357650756836,5.992770195007324,0.14853494062182968,0.0,0.0,0.0,19,0.24164350409256785,0.12719374534119965,0.0,0.15379129621899204,0
634,1774286778.977849,19,-0.1306847522133275,-0.8901357650756836,0.0,0.09162444365544901,0.8901357650756836,5.992770195007324,0.14853494062182968,0.0,0.0,0.0,19,0.254520198755097,0.13395607636403564,0.0,0.14518328361783922,0
635,1774286779.0771897,18,-0.2186298370361328,-1.405477523803711,0.0,0.18070950602577796,1.405477523803711,6.043910980224609,0.23254437869822486,0.0,0.0,0.0,18,0.2311229705810547,0.12167190807256836,0.0,0.13280088330228548,0
636,1774286779.1770384,18,0.0,0.0,0.0,0.0,0.0,6.043910980224609,0.0,0.0,0.0,0.0,18,0.43817828683292165,0.23071142020976215,0.0,0.10542450568748149,0
637,1774286779.2772088,22,-0.11499361558393999,-0.8901357650756836,0.0,0.08394856565268852,0.8901357650756836,6.043910980224609,0.14727810650887574,0.0,0.0,0.0,22,-0.011255988826999422,-0.005926131097424654,0.0,0.06428244371703014,0
638,1774286779.3771813,21,-0.15616416931152344,-0.8901357650756836,0.0,0.1041683869321527,0.8901357650756836,5.992770195007324,0.14853494062182968,0.0,0.0,0.0,21,-0.15616416931152344,-0.0822031034118806,0.0,0.06731707041416171,0
639,1774286779.4777544,19,-0.09123275154515316,-0.8901357650756836,0.0,0.07080678638429722,0.8901357650756836,5.992770195007324,0.14853494062182968,0.0,0.0,0.0,19,-0.09123275154515316,-0.04799974394854971,0.0,0.06651596595621985,0
640,1774286779.577255,19,-0.09123275154515316,-0.8901357650756836,0.0,0.07080678638429722,0.8901357650756836,5.992770195007324,0.14853494062182968,0.0,0.0,0.0,19,-0.09123275154515316,-0.04802454513001025,0.0,0.06538763193647779,0
641,1774286779.6776078,19,-0.03945200066817434,-0.7495880126953125,0.0,0.028016286420989325,0.7495880126953125,5.992770195007324,0.12508205526048816,0.0,0.0,0.0,19,-0.03945200066817434,-0.020765890561101563,0.0,0.06400117790840237,0
642,1774286779.777076,18,-0.09630123774210612,-0.8901357650756836,0.0,0.07425239524473505,0.8901357650756836,5.992770195007324,0.14853494062182968,0.0,0.0,0.0,18,-0.09630123774210612,-0.05068496118747074,0.0,0.06244445815570517,0
643,1774286779.8774338,17,-0.09645433986888212,-0.8432865142822266,0.0,0.06984035207597274,0.8432865142822266,6.043910980224609,0.1395266272189349,0.0,0.0,0.0,17,-0.09645433986888212,-0.05077124979630596,0.0,0.060468298152465155,0
644,1774286779.9774883,16,0.0,0.0,0.0,0.0,0.0,6.043910980224609,0.0,0.0,0.0,0.0,16,0.13273954391479492,0.06986764864961867,0.0,0.060468298152465155,0
645,1774286780.0770164,15,0.0,0.0,0.0,0.0,0.0,5.992770195007324,0.0,0.0,0.0,0.0,15,0.0,0.0,0.0,0.06113771313479591,0
646,1774286780.177681,18,-0.041643778483072914,-0.7495880126953125,0.0,0.029481472867903202,0.7495880126953125,6.043910980224609,0.12402366863905326,0.0,0.0,0.0,18,0.0028630097707112653,0.0015066496048270347,0.006444425384203593,0.059431359697485316,0
647,1774286780.2776551,18,-0.13273954391479492,-0.8432865142822266,0.0,0.08834280507130643,0.8432865142822266,5.992770195007324,0.14071731216804917,0.0,0.0,0.0,18,-0.13273954391479492,-0.06985665552306104,0.006444425384203593,0.06054560019044341,0
648,1774286780.377103,20,-0.1686573028564453,-0.8901357650756836,0.0,0.11443959891721533,0.8901357650756836,6.043910980224609,0.14727810650887574,0.0,0.0,0.0,20,-0.1311779022216797,-0.06905507010056035,0.006338779066429764,0.06116011460794655,0
649,1774286780.4773865,18,-0.182191530863444,-0.8901357650756836,0.0,0.11678781990869742,0.8901357650756836,5.992770195007324,0.14853494062182968,0.0,0.0,0.0,18,-0.14002720514933267,-0.07371750699896884,0.0,0.06372185544905636,0
650,1774286780.5770817,18,-0.091095765431722,-0.8901357650756836,0.0,0.06693622091170758,0.8901357650756836,6.043910980224609,0.14727810650887574,0.0,0.0,0.0,18,-0.091095765431722,-0.04795758227680217,0.0,0.06271801299408146,0
651,1774286780.6776302,18,-0.041643778483072914,-0.7495880126953125,0.0,0.029481472867903202,0.7495880126953125,5.992770195007324,0.12508205526048816,0.0,0.0,0.0,18,0.09150672377201549,0.04815989011311842,0.0,0.06021075541395178,0
652,1774286780.777647,21,-0.07138933454241071,-0.7495880126953125,0.0,0.04841615232087823,0.7495880126953125,5.992770195007324,0.12508205526048816,0.0,0.0,0.0,21,0.019843417002742447,0.010444512596735591,0.0,0.05980220168656866,0
653,1774286780.877103,22,-0.20656260577115146,-1.405477523803711,0.0,0.1593580675022216,1.405477523803711,6.043910980224609,0.23254437869822486,0.0,0.0,0.0,22,-0.07587785355782395,-0.03995139682030518,0.0,0.06473156080845821,0
654,1774286780.977483,20,-0.24595856666564941,-0.8901357650756836,0.0,0.14176002292032308,0.8901357650756836,6.043910980224609,0.14727810650887574,0.0,0.0,0.0,20,-0.0273287296295166,-0.01438132150825905,0.0,0.07205377971048152,0
655,1774286781.077868,22,-0.0809214331886985,-0.8901357650756836,0.0,0.06548278349312996,0.8901357650756836,6.043910980224609,0.14727810650887574,0.0,0.0,0.0,22,-0.0809214331886985,-0.04257164091081441,0.0,0.06721857299119328,0
656,1774286781.1775944,20,0.0,0.0,0.0,0.0,0.0,5.992770195007324,0.0,0.0,0.0,0.0,20,0.11499361558393999,0.060510674508399954,0.0,0.06721857299119328,0
657,1774286781.277791,18,0.0,0.0,0.0,0.0,0.0,6.043910980224609,0.0,0.0,0.0,0.0,18,0.15616416931152344,0.08216530027653955,0.0,0.07031716562409761,0
658,1774286781.3775153,20,0.0,0.0,0.0,0.0,0.0,5.992770195007324,0.0,0.0,0.0,0.0,20,0.09123275154515316,0.048023279450669955,0.0,0.071385700989958,0
659,1774286781.4776227,20,-0.11946558952331543,-0.8432865142822266,0.0,0.08109430535085949,0.8432865142822266,5.992770195007324,0.14071731216804917,0.0,0.0,0.0,20,-0.02823283797816227,-0.014856512995458118,0.0,0.07179524034919382,0
660,1774286781.577103,19,0.0,0.0,0.0,0.0,0.0,6.043910980224609,0.0,0.0,0.0,0.0,19,0.03945200066817434,0.0207697298891343,0.0,0.07413271972590439,0
661,1774286781.6775794,17,0.0,0.0,0.0,0.0,0.0,6.043910980224609,0.0,0.0,0.0,0.0,17,0.09630123774210612,0.0506714367860288,0.0,0.07571273120005664,0
662,1774286781.7775834,17,0.0,0.0,0.0,0.0,0.0,6.043910980224609,0.0,0.0,0.0,0.0,17,0.09645433986888212,0.05076144567268732,0.0,0.07748497026757249,0
663,1774286781.8772957,17,0.0,0.0,0.0,0.0,0.0,6.043910980224609,0.0,0.0,0.0,0.0,17,0.0,0.0,0.0,0.0789217116068749,0
664,1774286781.9774456,14,-0.3212520054408482,-1.546025276184082,0.0,0.37872400399436995,1.546025276184082,6.043910980224609,0.2557988165680473,0.0,0.0,0.0,14,-0.3212520054408482,-0.16904181286519313,0.0,0.09439538216940463,0
665,1774286782.0774224,16,-0.37479400634765625,-2.99835205078125,0.0,0.7026270925081235,2.99835205078125,6.043910980224609,0.49609467455621303,0.03624989278614521,0.1933327615261078,0.07546016929721112,16,-0.3331502278645833,-0.1753660924054643,0.0,0.11131258429980276,0
666,1774286782.1770365,15,0.0,0.0,0.0,0.0,0.0,6.043910980224609,0.0,0.0,0.0,0.0,15,0.13273954391479492,0.06988567118424549,0.0,0.11283700721015745,0
667,1774286782.2775502,18,0.0,0.0,0.0,0.0,0.0,5.992770195007324,0.0,0.0,0.0,0.0,18,0.1686573028564453,0.08874611673012336,0.0,0.1147121859675198,0
668,1774286782.3770816,17,0.0,0.0,0.0,0.0,0.0,6.043910980224609,0.0,0.0,0.0,0.0,17,0.182191530863444,0.09590566680961526,0.0,0.11520012246560306,0
669,1774286782.4774415,16,-0.09662657976150513,-1.546025276184082,0.0,0.14005043874609768,1.546025276184082,6.043910980224609,0.2557988165680473,0.0,0.0,0.0,16,-0.005530814329783126,-0.0029104036661666286,0.0,0.11314727284513781,0
670,1774286782.577497,16,-0.18739700317382812,-1.546025276184082,0.0,0.24609781412721077,1.546025276184082,5.992770195007324,0.2579817389747568,0.0,0.0,0.0,16,-0.14575322469075522,-0.07671760104647159,0.0,0.11543714754754736,0
671,1774286782.6773899,15,-0.25610923767089844,-1.546025276184082,0.0,0.28178001571177447,1.546025276184082,5.811095237731934,0.26604714136254537,0.0,0.0,0.0,15,-0.18471990312848774,-0.09723416194646034,0.0,0.12054600021348151,0
672,1774286782.7770085,15,-0.10306835174560547,-1.546025276184082,0.0,0.14872319184178195,1.546025276184082,5.811095237731934,0.26604714136254537,0.0,0.0,0.0,15,0.10349425402554599,0.05447337097560639,0.0,0.12039365368404507,0
673,1774286782.877527,13,0.0,0.0,0.0,0.0,0.0,5.811095237731934,0.0,0.0,0.0,0.0,13,0.24595856666564941,0.12944888185528527,0.0,0.11963310619649928,0
674,1774286782.977046,13,0.0,0.0,0.0,0.0,0.0,5.860805511474609,0.0,0.0,0.0,0.0,13,0.0809214331886985,0.04260866121612092,0.0,0.11546414780024336,0
675,1774286783.0773218,14,0.0,0.0,0.0,0.0,0.0,5.860805511474609,0.0,0.0,0.0,0.0,14,0.0,0.0,0.0,0.11666675553439246,0
676,1774286783.1771278,14,0.0,0.0,0.0,0.0,0.0,5.811095237731934,0.0,0.0,0.0,0.0,14,0.0,0.0,0.0,0.11666675553439246,0
677,1774286783.2776318,14,0.0,0.0,0.0,0.0,0.0,5.860805511474609,0.0,0.0,0.0,0.0,14,0.0,0.0,0.0,0.11666675553439246,0
678,1774286783.3777013,13,0.0,0.0,0.0,0.0,0.0,5.860805511474609,0.0,0.0,0.0,0.0,13,0.11946558952331543,0.06287402721397949,0.0,0.11666675553439246,0
679,1774286783.477786,18,0.0,0.0,0.0,0.0,0.0,5.860805511474609,0.0,0.0,0.0,0.0,18,0.0,0.0,0.0,0.11718865274619485,0
680,1774286783.5780282,16,0.0,0.0,0.0,0.0,0.0,5.860805511474609,0.0,0.0,0.0,0.0,16,0.0,0.0,0.0,0.11718865274619485,0
681,1774286783.6772513,16,0.0,0.0,0.0,0.0,0.0,5.860805511474609,0.0,0.0,0.0,0.0,16,0.0,0.0,0.0,0.11718865274619486,0
682,1774286783.7774005,18,0.04684925079345703,0.0,0.8432865142822266,0.03731248909843998,0.8432865142822266,5.860805511474609,0.1438857700756651,0.0,0.0,0.0,18,0.04684925079345703,0.024656140941277355,0.012340389033581348,0.11895860394580543,0
683,1774286783.8774607,19,-0.07643825129458778,-1.452326774597168,0.0,0.10517051269754192,1.452326774597168,5.992770195007324,0.2423464820671958,0.0,0.0,0.0,19,0.24481375414626041,0.12884831921517703,0.012888850768407185,0.11804549783927556,0
684,1774286783.9772036,18,-0.07808208465576172,-1.405477523803711,0.0,0.10364580305122217,1.405477523803711,5.860805511474609,0.2398096167927752,0.0,0.0,0.0,18,0.29671192169189453,0.15618215269080074,0.011836699685271906,0.10293642462385277,0
685,1774286784.077121,18,-0.24205446243286133,-4.356980323791504,0.0,0.9960361673222451,4.356980323791504,5.811095237731934,0.7497692165671733,0.0,0.0,0.0,18,-0.24205446243286133,-0.1273914202239228,0.0,0.08488198253955262,0
686,1774286784.177434,17,-0.36101481493781595,-1.546025276184082,0.0,0.34569303455786515,1.546025276184082,5.860805511474609,0.26379057847205273,0.0,0.0,0.0,17,-0.36101481493781595,-0.19001942381406997,0.0,0.10771908033551945,0
687,1774286784.2770224,15,-0.05309581756591797,-0.7964372634887695,0.0,0.039468321801905404,0.7964372634887695,5.860805511474609,0.1358921161825726,0.0,0.0,0.0,15,-0.05309581756591797,-0.027946038921917864,0.0,0.10666708715540091,0
688,1774286784.3774452,19,0.0,0.0,0.0,0.0,0.0,5.992770195007324,0.0,0.0,0.0,0.0,19,0.09662657976150513,0.050855996334886105,0.0,0.10666708715540092,0
689,1774286784.477604,21,-0.0825439180646624,-0.8901357650756836,0.0,0.06478049327801717,0.8901357650756836,6.043910980224609,0.14727810650887574,0.0,0.0,0.0,21,0.10485308510916573,0.055182729313234306,0.0,0.10653772082514357,0
690,1774286784.5771859,19,0.0,0.0,0.0,0.0,0.0,5.992770195007324,0.0,0.0,0.0,0.0,19,0.25610923767089844,0.13480880918215907,0.0,0.1039797465841751,0
691,1774286784.6775064,20,0.0,0.0,0.0,0.0,0.0,5.992770195007324,0.0,0.0,0.0,0.0,20,0.10306835174560547,0.05423228882338138,0.0,0.09440330008164488,0
692,1774286784.7775562,18,0.0,0.0,0.0,0.0,0.0,5.992770195007324,0.0,0.0,0.0,0.0,18,0.0,0.0,0.0,0.0940402123077857,0
693,1774286784.8771029,21,-0.23424625396728516,-2.5298595428466797,0.0,0.5217477467210431,2.5298595428466797,5.992770195007324,0.4221519365041475,0.0,0.0,0.0,21,-0.23424625396728516,-0.12328381402100229,0.0,0.10226750119126013,0
694,1774286784.9776537,21,0.0,0.0,0.0,0.0,0.0,5.992770195007324,0.0,0.0,0.0,0.0,21,0.0,0.0,0.0,0.10226750119126013,0
695,1774286785.0771184,20,-0.037479400634765625,-0.7495880126953125,0.0,0.02668940396688413,0.7495880126953125,5.992770195007324,0.12508205526048816,0.0,0.0,0.0,20,-0.037479400634765625,-0.0197260983559326,0.0,0.10160147228206208,0
696,1774286785.1776412,20,0.0,0.0,0.0,0.0,0.0,5.992770195007324,0.0,0.0,0.0,0.0,20,0.0,0.0,0.0,0.10160147228206208,0
697,1774286785.2777746,20,0.0,0.0,0.0,0.0,0.0,5.992770195007324,0.0,0.0,0.0,0.0,20,0.0,0.0,0.0,0.10160147228206208,0
698,1774286785.3777037,21,-0.0825439180646624,-0.8901357650756836,0.0,0.06478049327801717,0.8901357650756836,5.992770195007324,0.14853494062182968,0.0,0.0,0.0,21,-0.0825439180646624,-0.04344605153105069,0.0,0.10092094032516205,0
699,1774286785.4776506,16,-0.10248273611068726,-0.8432865142822266,0.0,0.07358756753950146,0.8432865142822266,5.992770195007324,0.14071731216804917,0.0,0.0,0.0,16,-0.10248273611068726,-0.053949002672575935,0.0,0.10034284060792324,0
700,1774286785.5772114,15,0.0,0.0,0.0,0.0,0.0,6.043910980224609,0.0,0.0,0.0,0.0,15,0.0,0.0,0.0,0.10034284060792323,0
701,1774286785.677668,15,0.0,0.0,0.0,0.0,0.0,6.043910980224609,0.0,0.0,0.0,0.0,15,-0.04684925079345703,-0.024654028079244193,0.0,0.10034284060792323,0
702,1774286785.7778342,20,-0.2131640911102295,-0.8901357650756836,0.0,0.1366240685385378,0.8901357650756836,6.043910980224609,0.14727810650887574,0.0,0.0,0.0,20,-0.1367258398156417,-0.0719468266503234,0.0,0.10182196780627864,0
703,1774286785.8774376,19,-0.1331505022550884,-0.8901357650756836,0.0,0.09478600375503983,0.8901357650756836,5.992770195007324,0.14853494062182968,0.0,0.0,0.0,19,-0.05506841759932668,-0.028979808835749236,0.0,0.10252188721892834,0
704,1774286785.9770186,19,-0.04191775070993524,-0.7964372634887695,0.0,0.031627760842444966,0.7964372634887695,6.043910980224609,0.13177514792899409,0.0,0.0,0.0,19,0.20013671172292608,0.10534079011236341,0.0,0.10287559202052601,0
705,1774286786.0772994,22,-0.22785771976817737,-0.8901357650756836,0.0,0.13913277564769527,0.8901357650756836,5.992770195007324,0.14853494062182968,0.0,0.0,0.0,22,0.13315709516963858,0.07008764723527115,0.0,0.10179262697121867,0
706,1774286786.1771274,22,-0.14906579797918146,-0.8901357650756836,0.0,0.10049158464042662,0.8901357650756836,6.043910980224609,0.14727810650887574,0.0,0.0,0.0,22,-0.09596998041326349,-0.05050772480277884,0.0,0.0806668789981636,0
707,1774286786.2773044,22,-0.07027387619018555,-0.7964372634887695,0.0,0.04943405975475137,0.7964372634887695,6.043910980224609,0.13177514792899409,0.0,0.0,0.0,22,-0.07027387619018555,-0.036988991900320595,0.0,0.08059634022123294,0
708,1774286786.3774161,22,-0.03407218239524148,-0.7495880126953125,0.0,0.024379185876666674,0.7495880126953125,6.043910980224609,0.12402366863905326,0.0,0.0,0.0,22,0.048471735669420916,0.025513961390593937,0.0,0.07947775716886128,0
709,1774286786.4771914,21,-0.04238741738455636,-0.8901357650756836,0.0,0.035933863050651826,0.8901357650756836,5.992770195007324,0.14853494062182968,0.0,0.0,0.0,21,-0.04238741738455636,-0.022309101537997887,0.0,0.07965365201401348,0
710,1774286786.5770662,20,-0.0819861888885498,-0.8432865142822266,0.0,0.06055048782371841,0.8432865142822266,5.992770195007324,0.14071731216804917,0.0,0.0,0.0,20,-0.0819861888885498,-0.043160626814676084,0.0,0.07812130398866696,0
711,1774286786.6775966,18,-0.22904078165690103,-0.8901357650756836,0.0,0.13702923556340668,0.8901357650756836,5.860805511474609,0.15187942396875762,0.0,0.0,0.0,18,-0.22904078165690103,-0.12054521740196111,0.0,0.08326769033785848,0
712,1774286786.7776582,21,-0.11377675192696708,-0.8432865142822266,0.0,0.07787992922667586,0.8432865142822266,6.043910980224609,0.1395266272189349,0.0,0.0,0.0,21,0.12046950204031807,0.06338647313308692,0.0,0.08119646942516107,0
713,1774286786.8772004,21,-0.15616416931152344,-0.8901357650756836,0.0,0.1041683869321527,0.8901357650756836,6.043910980224609,0.14727810650887574,0.0,0.0,0.0,21,-0.15616416931152344,-0.08221128526236571,0.0,0.0758524976309846,0
714,1774286786.977515,21,-0.23424625396728516,-0.8901357650756836,0.0,0.13775311101328822,0.8901357650756836,6.043910980224609,0.14727810650887574,0.0,0.0,0.0,21,-0.19676685333251953,-0.10353988995640485,0.0,0.07969254284559248,0
715,1774286787.0771036,18,-0.273287296295166,-0.8901357650756836,0.0,0.15004254194650457,0.8901357650756836,5.992770195007324,0.14853494062182968,0.0,0.0,0.0,18,-0.273287296295166,-0.14387612381844284,0.0,0.0870475927598387,0
716,1774286787.177523,22,-0.1426772637800737,-0.8432865142822266,0.0,0.09187996373644781,0.8432865142822266,6.043910980224609,0.1395266272189349,0.0,0.0,0.0,22,-0.1426772637800737,-0.07510324492795395,0.0,0.08357741670307571,0
717,1774286787.2775936,22,-0.1426772637800737,-0.8432865142822266,0.0,0.0918799637364478,0.8432865142822266,5.992770195007324,0.14071731216804917,0.0,0.0,0.0,22,-0.060133345715411304,-0.031650962647876084,0.0,0.07931772659524196,0
718,1774286787.3770895,23,-0.07129233816395635,-0.8901357650756836,0.0,0.05379670117317612,0.8901357650756836,5.992770195007324,0.14853494062182968,0.0,0.0,0.0,23,0.03119039794673091,0.016420848617914145,0.0,0.07964571960496815,0
719,1774286787.4775472,22,-0.07666241038929332,-0.8901357650756836,0.0,0.05897078369422868,0.8901357650756836,6.043910980224609,0.14727810650887574,0.0,0.0,0.0,22,-0.07666241038929332,-0.040341507455719634,0.0,0.08017495066108002,0
720,1774286787.5771275,21,0.0,0.0,0.0,0.0,0.0,6.043910980224609,0.0,0.0,0.0,0.0,21,0.0,0.0,0.0,0.08017495066108002,0
721,1774286787.6775799,18,-0.08068482081095378,-1.452326774597168,0.0,0.1106706852580272,1.452326774597168,6.043910980224609,0.2402958579881657,0.0,0.0,0.0,18,0.1324792702992757,0.06973526515046455,0.0,0.07586459229171096,0
722,1774286787.7775548,20,-0.0819861888885498,-0.8432865142822266,0.0,0.06055048782371841,0.8432865142822266,6.043910980224609,0.1395266272189349,0.0,0.0,0.0,20,0.051164313366538594,0.02692692559885816,0.0,0.07365946101858825,0
723,1774286787.877039,18,-0.21602710088094076,-1.546025276184082,0.0,0.250490905844774,1.546025276184082,6.043910980224609,0.2557988165680473,0.0,0.0,0.0,18,-0.17410935017100554,-0.09163551809742622,0.0,0.07660233047959071,0
724,1774286787.9775283,20,0.0,0.0,0.0,0.0,0.0,6.043910980224609,0.0,0.019333276152610778,0.1933327615261078,0.05799982845783234,20,0.22785771976817737,0.11991066471553509,0.0,0.07932548632919612,0
725,1774286788.0776772,19,-0.08136975137810958,-1.546025276184082,0.0,0.11917865590803663,1.546025276184082,5.992770195007324,0.2579817389747568,0.0,0.0,0.0,19,0.06769604660107188,0.03561918948128883,0.0,0.07582569749159715,0
726,1774286788.1775537,17,0.0,0.0,0.0,0.0,0.0,6.043910980224609,0.0,0.0,0.0,0.0,17,0.07027387619018555,0.036981399391209,0.0,0.07925007001694814,0
727,1774286788.2773614,18,-0.08589029312133789,-1.546025276184082,0.0,0.12541142169197883,1.546025276184082,6.043910980224609,0.2557988165680473,0.010740708973672655,0.1933327615261078,0.04428507759247181,18,-0.05181811072609641,-0.027273475632029358,0.0,0.07896640860909018,0
728,1774286788.3769453,15,0.0,0.0,0.0,0.0,0.0,5.860805511474609,0.0,0.0,0.0,0.0,15,0.04238741738455636,0.022312058112109442,0.0,0.08087050415370906,0
729,1774286788.4774709,18,-0.16917785008748373,-1.546025276184082,0.0,0.22903012780122683,1.546025276184082,5.836844444274902,0.26487347588995774,0.0,0.0,0.0,18,-0.08719166119893393,-0.045880575637346384,0.0,0.08064324740548247,0
730,1774286788.5770957,15,-0.299835205078125,-1.546025276184082,0.0,0.3598972477902862,1.546025276184082,5.860805511474609,0.26379057847205273,0.0,0.0,0.0,15,-0.07079442342122397,-0.03727004688586961,0.0,0.09003929922276702,0
731,1774286788.6772056,16,-0.2810955047607422,-1.546025276184082,0.0,0.3426713153231731,1.546025276184082,5.811095237731934,0.26604714136254537,0.0,0.0,0.0,16,-0.16731875283377512,-0.08808348675698621,0.0,0.09375037473675972,0
732,1774286788.7770326,15,-0.299835205078125,-1.546025276184082,0.0,0.3598972477902862,1.546025276184082,5.811095237731934,0.26604714136254537,0.0,0.0,0.0,15,-0.14367103576660156,-0.07562301138210403,0.0,0.10108553231193697,0
733,1774286788.8775437,17,-0.2645604750689338,-1.546025276184082,0.0,0.32688869443823604,1.546025276184082,5.811095237731934,0.26604714136254537,0.0,0.0,0.0,17,-0.030314221101648664,-0.0159546121657804,0.0,0.10492689556818051,0
734,1774286788.9773638,15,-0.19989013671875,-1.546025276184082,0.0,0.2600070808966848,1.546025276184082,5.811095237731934,0.26604714136254537,0.0,0.0,0.0,15,0.07339715957641602,0.03862479421961793,0.0,0.10364434559000579,0
735,1774286789.077372,13,0.0,0.0,0.0,0.0,0.0,5.860805511474609,0.0,0.0,0.0,0.0,13,0.1426772637800737,0.07509925816843831,0.0,0.10296600599056739,0
736,1774286789.1770332,15,-0.19989013671875,-1.546025276184082,0.0,0.2600070808966848,1.546025276184082,5.860805511474609,0.26379057847205273,0.0,0.0,0.0,15,-0.0572128729386763,-0.03012092289918957,0.0,0.10421338966081518,0
737,1774286789.2769666,15,-0.15304088592529297,-1.546025276184082,0.0,0.1733835767936398,1.546025276184082,5.860805511474609,0.26379057847205273,0.0,0.0,0.0,15,-0.08174854776133662,-0.043028335355366466,0.0,0.1043130678511755,0
738,1774286789.3770392,16,-0.3718659281730652,-4.356980323791504,0.0,1.127733973704803,4.356980323791504,5.860805511474609,0.7434098120576031,0.0,0.0,0.0,16,-0.29520351778377185,-0.15541182265581532,0.0,0.11604411019798097,0
739,1774286789.4775002,16,-0.1405477523803711,-1.499176025390625,0.0,0.15583451329348463,1.499176025390625,5.860805511474609,0.2557969245789602,0.0,0.0,0.0,16,-0.1405477523803711,-0.07395799211139843,0.0,0.11504660050798758,0
740,1774286789.5776794,17,-0.13503607581643498,-1.546025276184082,0.0,0.15541680783848477,1.546025276184082,5.860805511474609,0.26379057847205273,0.0,0.0,0.0,17,-0.0543512550054812,-0.028604425478899468,0.0,0.11012037574561719,0
741,1774286789.6770482,14,-0.21751437868390763,-1.546025276184082,0.0,0.2839534171876178,1.546025276184082,5.860805511474609,0.26379057847205273,0.0,0.0,0.0,14,-0.13552818979535783,-0.07134964817874671,0.006666646949176131,0.1096623027177363,0
742,1774286789.7772987,17,0.0,0.0,0.0,0.0,0.0,5.992770195007324,0.0,0.0,0.0,0.0,17,0.21602710088094076,0.11368293349938381,0.006783605667582729,0.11394608158123394,0
743,1774286789.877131,19,0.0,0.0,0.0,0.0,0.0,5.992770195007324,0.0,0.0,0.0,0.0,19,0.0,0.0,0.006904741483075278,0.11789359528745304,0
744,1774286789.9772897,17,-0.14881526722627528,-0.8901357650756836,0.0,0.1036061421292323,0.8901357650756836,5.992770195007324,0.14853494062182968,0.0,0.0,0.0,17,-0.0674455158481657,-0.03550488241608273,0.0035802363245575515,0.11310768237046659,0
745,1774286790.0772104,15,0.0,0.0,0.0,0.0,0.0,5.992770195007324,0.0,0.0,0.0,0.0,15,0.0,0.0,0.0038666552305221557,0.1169870370869566,0
746,1774286790.1774552,17,-0.14881526722627528,-0.8901357650756836,0.0,0.1036061421292323,0.8901357650756836,5.992770195007324,0.14853494062182968,0.0,0.0,0.0,17,-0.06292497410493739,-0.03311677260773953,0.003790838461296231,0.11193851095793954,0
747,1774286790.2770596,18,0.0,0.0,0.0,0.0,0.0,5.992770195007324,0.0,0.0,0.0,0.0,18,0.0,0.0,0.0,0.11610779294804871,0
748,1774286790.3775191,21,0.0,0.0,0.0,0.0,0.0,5.992770195007324,0.0,0.0,0.0,0.0,21,0.16917785008748373,0.08903871233814091,0.0,0.11610779294804871,0
749,1774286790.4776514,23,-0.03870155500329059,-0.8901357650756836,0.0,0.03295182791280001,0.8901357650756836,5.992770195007324,0.14853494062182968,0.0,0.0,0.0,23,0.2611336500748344,0.13739858418802042,0.0,0.11857047026674268,0
750,1774286790.577332,18,0.0,0.0,0.0,0.0,0.0,5.992770195007324,0.0,0.0,0.0,0.0,18,0.2810955047607422,0.14793515646997354,0.0,0.11698684809110116,0
751,1774286790.677459,21,0.0,0.0,0.0,0.0,0.0,5.992770195007324,0.0,0.0,0.0,0.0,21,0.299835205078125,0.15777259619473977,0.0,0.11485357283764376,0
752,1774286790.7775602,22,-0.07240338758988814,-0.8432865142822266,0.0,0.052622037372180054,0.8432865142822266,5.992770195007324,0.14071731216804917,0.008787852796641264,0.1933327615261078,0.04027100063673795,22,0.1921570874790457,0.10113442846503708,0.0,0.10707755755138561,0
753,1774286790.8777475,20,-0.04450678825378418,-0.8901357650756836,0.0,0.03763622981267645,0.8901357650756836,6.043910980224609,0.14727810650887574,0.0,0.0,0.0,20,0.15538334846496582,0.08176419718655134,0.0,0.10121623100428306,0
754,1774286790.9775333,21,-0.15616416931152344,-0.8901357650756836,0.0,0.1041683869321527,0.8901357650756836,6.043910980224609,0.14727810650887574,0.0,0.0,0.0,21,-0.15616416931152344,-0.08218469246739024,0.0,0.09935072732287806,0
755,1774286791.0772312,22,-0.07027387619018555,-0.7964372634887695,0.0,0.04943405975475137,0.7964372634887695,6.043910980224609,0.13177514792899409,0.0,0.0,0.0,22,0.12961626052856445,0.06821197670065074,0.0,0.09727838418599147,0
756,1774286791.1775186,22,-0.07453289898959073,-0.8901357650756836,0.0,0.05600047737927023,0.8901357650756836,6.043910980224609,0.14727810650887574,0.0,0.0,0.0,22,0.07850798693570224,0.04130799131810862,0.0,0.09430337399316907,0
757,1774286791.2771358,22,-0.03407218239524148,-0.7495880126953125,0.0,0.024379185876666674,0.7495880126953125,5.992770195007324,0.12508205526048816,0.0,0.0,0.0,22,0.33779374577782373,0.17777713828827796,0.0,0.09380247882812234,0
758,1774286791.3773727,18,-0.22383530934651694,-0.8901357650756836,0.0,0.1310950052710622,0.8901357650756836,5.992770195007324,0.14853494062182968,0.0,0.0,0.0,18,-0.08328755696614584,-0.04383849713600338,0.0,0.07455654891219651,0
759,1774286791.4776177,19,-0.1306847522133275,-0.8901357650756836,0.0,0.09162444365544901,0.8901357650756836,5.992770195007324,0.14853494062182968,0.0,0.0,0.0,19,0.004351323603107471,0.0022902446359171274,0.0,0.07415461785071673,0
760,1774286791.5775495,19,-0.16520525279798007,-0.8432865142822266,0.0,0.10266558431094307,0.8432865142822266,5.992770195007324,0.14071731216804917,0.0,0.0,0.0,19,0.052309125885927565,0.02752385764141387,0.0,0.07565689198124784,0
761,1774286791.6773918,17,-0.04409341251148897,-0.7495880126953125,0.0,0.031107664430533314,0.7495880126953125,5.992770195007324,0.12508205526048816,0.0,0.0,0.0,17,-0.04409341251148897,-0.023205922387585905,0.0,0.06857954943805904,0
762,1774286791.777526,17,-0.04409341251148897,-0.7495880126953125,0.0,0.031107664430533314,0.7495880126953125,5.992770195007324,0.12508205526048816,0.0,0.0,0.0,17,-0.04409341251148897,-0.02320223661295521,0.0,0.06706273970324633,0
763,1774286791.8775504,17,0.0,0.0,0.0,0.0,0.0,5.992770195007324,0.0,0.0,0.0,0.0,17,0.14881526722627528,0.07831308001801135,0.0,0.06706273970324633,0
764,1774286791.9769151,16,0.0,0.0,0.0,0.0,0.0,5.992770195007324,0.0,0.0,0.0,0.0,16,0.0,0.0,0.0,0.06613338380068612,0
765,1774286792.0770094,19,-0.0739725012528269,-1.405477523803711,0.0,0.09849475694879054,1.405477523803711,5.992770195007324,0.2345288536134153,0.07122785950961866,0.3866655230522156,0.14318068919245908,19,0.07484276597344838,0.03940017289321543,0.0,0.06459242403019405,0
766,1774286792.1770673,19,0.0,0.0,0.0,0.0,0.0,6.043910980224609,0.0,0.010175408501374094,0.1933327615261078,0.04317060211598919,19,0.0,0.0,0.0,0.06318786202609178,0
767,1774286792.2775934,20,0.0,0.0,0.0,0.0,0.0,6.043910980224609,0.0,0.019333276152610778,0.1933327615261078,0.05799982845783234,20,0.0,0.0,0.0,0.06318786202609178,0
768,1774286792.377506,20,-0.0726163387298584,-1.452326774597168,0.0,0.10018952036006112,1.452326774597168,6.043910980224609,0.2402958579881657,0.05799982845783234,0.3866655230522156,0.12379336912176456,20,-0.03391478372656781,-0.01785125169835763,0.0,0.06178553294575304,0
769,1774286792.4770787,20,-0.22487640380859375,-4.497528076171875,0.0,0.9608185428078286,4.497528076171875,6.043910980224609,0.7441420118343195,0.038666552305221556,0.1933327615261078,0.07733310461044311,20,-0.22487640380859375,-0.11837178554777385,0.003169389533214882,0.07088931674469238,0
770,1774286792.5777056,20,0.18505454063415527,-0.7964372634887695,4.497528076171875,1.0088583725220701,5.2939653396606445,6.043910980224609,0.8759171597633136,0.009666638076305389,0.1933327615261078,0.042135898498397606,20,0.18505454063415527,0.0973844861341204,0.0030687739924779014,0.08931020453648082,0
771,1774286792.6772673,20,0.22487640380859375,0.0,4.497528076171875,0.9608185428078286,4.497528076171875,6.043910980224609,0.7441420118343195,0.0,0.0,0.0,20,0.2972797913984819,0.1564871735727498,0.0030687739924779014,0.10853409362900346,0
772,1774286792.777494,19,0.05917800100226151,-0.9369850158691406,1.499176025390625,0.31371188080516643,2.4361610412597656,5.992770195007324,0.4065166795965865,0.040701634005496375,0.1933327615261078,0.07881837533335848,19,0.10368478925604568,0.054578225953568114,0.0,0.1110015340892226,0
773,1774286792.8776069,17,-0.055116765639361215,-0.9369850158691406,0.0,0.04860572567270831,0.9369850158691406,6.043910980224609,0.15502958579881657,0.07960760768722086,0.5799982845783234,0.14914914099305776,17,0.10104740367216222,0.053180785989430775,0.0,0.11102569324619606,0
774,1774286792.9774709,16,-0.21667778491973877,-0.9369850158691406,0.0,0.14153367877689504,0.9369850158691406,6.043910980224609,0.15502958579881657,0.03624989278614521,0.1933327615261078,0.07546016929721112,16,-0.14640390872955322,-0.07704496872907435,0.0,0.11477460382141781,0
775,1774286793.0776021,17,-0.2039320328656365,-0.9369850158691406,0.0,0.13580743538740156,0.9369850158691406,6.043910980224609,0.15502958579881657,0.04549006153555477,0.1933327615261078,0.08200837469522744,17,-0.12939913387604576,-0.06810181290696692,0.0,0.1196614081363117,0
776,1774286793.1770682,16,-0.09955465793609619,-1.592874526977539,0.0,0.1486669487515968,1.592874526977539,5.860805511474609,0.2717842323651452,0.04833319038152695,0.1933327615261078,0.08371554143270404,16,-0.0654824755408547,-0.03446568734518354,0.0,0.11999225858704213,0
777,1774286793.276974,16,-0.3806501626968384,-1.592874526977539,0.0,0.4353695304271099,1.592874526977539,5.860805511474609,0.2717842323651452,0.0,0.0,0.0,16,-0.15681485335032144,-0.08255145954306481,0.0,0.13908397319558707,0
778,1774286793.3770316,17,-0.2645604750689338,-1.546025276184082,0.0,0.32688869443823604,1.546025276184082,6.043910980224609,0.2557988165680473,0.0,0.0,0.0,17,-0.1338757228556063,-0.07048265162561412,0.0,0.1415491047562333,0
779,1774286793.4769883,18,-0.13273954391479492,-1.546025276184082,0.0,0.15467611902408862,1.546025276184082,6.043910980224609,0.2557988165680473,0.0966663807630539,0.7733310461044312,0.2432717234059661,18,0.032465708883185146,0.017092263194414613,0.0,0.14158997323168904,0
780,1774286793.5770268,16,-0.09955465793609619,-1.592874526977539,0.0,0.1486669487515968,1.592874526977539,5.860805511474609,0.2717842323651452,0.07249978557229042,0.5799982845783234,0.19181640272978906,16,-0.055461245424607224,-0.029195736649654757,0.0,0.1402254981939291,0
781,1774286793.6775925,16,0.0,0.0,0.0,0.0,0.0,6.043910980224609,0.0,0.04833319038152695,0.7733310461044312,0.18719364141672634,16,0.04409341251148897,0.023206245603757975,0.0,0.14099405969688453,0
782,1774286793.7771266,16,0.0,0.0,0.0,0.0,0.0,6.043910980224609,0.0,0.060416487976908684,0.5799982845783234,0.1484820467179863,16,0.0,0.0,0.026025564051591434,0.14172416255087592,0
783,1774286793.8770742,15,0.0,0.0,0.0,0.0,0.0,6.043910980224609,0.0,0.0902219553788503,0.5799982845783234,0.1849898096405197,15,0.0,0.0,0.028641890596460412,0.14172416255087592,0
784,1774286793.9776878,15,-0.10306835174560547,-0.7964372634887695,0.0,0.06912321509844332,0.7964372634887695,5.860805511474609,0.1358921161825726,0.11599965691566468,0.5799982845783234,0.23199931383132932,15,-0.029095850492778574,-0.015308139741350864,0.03333323474588065,0.1410389071760286,0
785,1774286794.0770388,17,0.0,0.0,0.0,0.0,0.0,5.992770195007324,0.0,0.15921521537444172,0.7733310461044312,0.2982982819861155,17,0.0,0.0,0.0294914381988978,0.14192968131659076,0
786,1774286794.1776786,18,0.0,0.0,0.0,0.0,0.0,5.860805511474609,0.0,0.17185134357876247,1.5466620922088623,0.3695802887607031,18,0.0,0.0,0.038666552305221556,0.14192968131659076,0
787,1774286794.277507,18,0.0,0.0,0.0,0.0,0.0,5.860805511474609,0.0,0.06444425384203593,0.5799982845783234,0.14410173235004434,18,0.0726163387298584,0.03821910454548535,0.03544433961311976,0.14192968131659076,0
788,1774286794.3776796,16,0.0,0.0,0.0,0.0,0.0,5.992770195007324,0.0,0.03624989278614521,0.1933327615261078,0.07546016929721112,16,0.22487640380859375,0.11831858156192068,0.016111063460508983,0.1427227610977734,0
789,1774286794.4777284,17,-0.25629296022302966,-4.356980323791504,0.0,1.0509773033581358,4.356980323791504,5.992770195007324,0.7270394462015874,0.06823509230333216,0.3866655230522156,0.1474046465832739,17,-0.44134750085718494,-0.2322853776292134,0.016384132332721,0.14462752173480317,0
790,1774286794.5770013,16,0.0,0.0,0.0,0.0,0.0,5.860805511474609,0.0,0.08458308316767216,0.5799982845783234,0.1929547890012899,16,-0.22487640380859375,-0.1183725729041767,0.03797607815691403,0.13370329509918635,0
791,1774286794.6774607,15,0.0,0.0,0.0,0.0,0.0,5.992770195007324,0.0,0.11599965691566468,0.5799982845783234,0.23199931383132932,15,-0.05917800100226151,-0.031146861931865485,0.05205112810318287,0.11620463630650099,0
792,1774286794.777266,18,0.0,0.0,0.0,0.0,0.0,5.992770195007324,0.0,0.15036992563141716,0.9666638076305389,0.2921788726966375,18,0.055116765639361215,0.029014028880963015,0.05413317322731018,0.11314139161828216,0
793,1774286794.8771713,19,0.0,0.0,0.0,0.0,0.0,5.992770195007324,0.0,0.08140326801099275,0.3866655230522156,0.15763675066671695,19,0.21667778491973877,0.11405892452999973,0.04340123217933032,0.11463370130883356,0
794,1774286794.9774978,16,-0.2810955047607422,-4.497528076171875,0.0,1.1852202419504465,4.497528076171875,5.992770195007324,0.7504923315629289,0.07249978557229042,0.3866655230522156,0.15092033859442225,16,-0.0771634718951057,-0.040614583839293214,0.03156453249405841,0.11902883201824725,0
795,1774286795.0771456,17,-0.090942663304946,-1.546025276184082,0.0,0.13232908814394834,1.546025276184082,5.992770195007324,0.2579817389747568,0.03411754615166608,0.1933327615261078,0.07370232329163695,17,0.008611994631150185,0.004532444251775299,0.015782266247029206,0.11618555228046235,0
796,1774286795.1775339,16,0.0,0.0,0.0,0.0,0.0,5.992770195007324,0.0,0.15708286873996258,0.9666638076305389,0.3221960946901045,16,0.3806501626968384,0.20028317037415422,0.03411754615166608,0.11759750628156676,0
797,1774286795.2771149,15,0.0,0.0,0.0,0.0,0.0,5.992770195007324,0.0,0.0902219553788503,0.5799982845783234,0.1849898096405197,15,0.2645604750689338,0.1392362506361456,0.056862576919443464,0.09635537481053043,0
798,1774286795.377421,15,0.0,0.0,0.0,0.0,0.0,5.992770195007324,0.0,0.15466620922088622,0.5799982845783234,0.2564848918661431,15,0.13273954391479492,0.06984701527739584,0.07346644937992096,0.08505588110393641,0
799,1774286795.4770663,19,-0.08136975137810958,-1.546025276184082,0.0,0.1191786559080366,1.546025276184082,5.811095237731934,0.26604714136254537,0.12210490201648913,0.5799982845783234,0.23645512600007546,19,0.018184906557986616,0.009570804809855655,0.060416487976908684,0.08321954091421066,0
800,1774286795.5770392,19,0.03698625062641345,0.0,0.7027387619018555,0.024623689237197634,0.7027387619018555,5.811095237731934,0.12093051880115699,0.09157867651236684,0.5799982845783234,0.19198922362586313,19,0.03698625062641345,0.0194721179189445,0.06581540817910052,0.08411048534754918,0
801,1774286795.6770327,17,0.0,0.0,0.0,0.0,0.0,5.860805511474609,0.0,0.03411754615166608,0.1933327615261078,0.07370232329163695,17,0.0,0.0,0.08826060852278834,0.08411048534754918,0
802,1774286795.7770717,17,-0.25629296022302966,-4.356980323791504,0.0,1.0509773033581358,4.356980323791504,5.811095237731934,0.7497692165671733,0.06823509230333216,0.5799982845783234,0.1474046465832739,17,-0.25629296022302966,-0.13489121111846372,0.12340389033581348,0.09591936213071518,0
803,1774286795.8776684,15,-0.2810955047607422,-1.499176025390625,0.0,0.2648455108555936,1.499176025390625,5.860805511474609,0.2557969245789602,0.0,0.0,0.0,15,-0.17802715301513672,-0.0936994610179122,0.15079955399036407,0.10725279449254257,0
804,1774286795.9770563,16,-0.18446892499923706,-1.499176025390625,0.0,0.23827007916699117,1.499176025390625,5.860805511474609,0.2557969245789602,0.04833319038152695,0.3866655230522156,0.10807629926253325,16,-0.18446892499923706,-0.09708801366652901,0.13132036631962038,0.11010184925220662,0
805,1774286796.0771432,18,-0.22123257319132486,-1.546025276184082,0.5153417587280273,0.3406424317928567,2.0613670349121094,5.860805511474609,0.3517207712960703,0.02148141794734531,0.1933327615261078,0.06075862520028111,18,-0.22123257319132486,-0.11647101627912308,0.09294844304139797,0.11359853155235052,0
806,1774286796.1770878,18,-0.3331502278645833,-1.546025276184082,0.0,0.3887056326195509,1.546025276184082,5.860805511474609,0.26379057847205273,0.0,0.0,0.0,18,-0.3331502278645833,-0.175380927416185,0.056862576919443464,0.12443905761834217,0
807,1774286796.277557,21,0.07808208465576172,0.0,0.6090402603149414,0.0370686166206724,0.6090402603149414,6.043910980224609,0.10076923076923076,0.06444425384203593,0.5799982845783234,0.1615702949816924,21,0.07808208465576172,0.04109848791447197,0.06312906498811682,0.1285907069136356,0
808,1774286796.3772452,22,0.004259022799405185,-0.5153417587280273,0.6090402603149414,0.02891400467812997,1.1243820190429688,6.043910980224609,0.18603550295857987,0.035151411186565056,0.1933327615261078,0.07456740365489042,22,0.2605519830224349,0.13716750499631936,0.08861084903279941,0.1287488717165925,0
809,1774286796.4770913,20,-0.025767087936401367,-0.5153417587280273,0.0,0.012614913593722576,0.5153417587280273,6.043910980224609,0.08526627218934911,0.009666638076305389,0.1933327615261078,0.042135898498397606,20,-0.025767087936401367,-0.013560983015990229,0.11836699685271905,0.12387018754921655,0
810,1774286796.5771136,23,0.0,0.0,0.0,0.0,0.0,6.043910980224609,0.0,0.0,0.0,0.0,23,0.0,0.0,0.1152560693713335,0.12387018754921655,0
811,1774286796.6774797,24,0.0,-0.6558895111083984,0.6558895111083984,0.03584925423183449,1.3117790222167969,6.043910980224609,0.2170414201183432,0.024166595190763474,0.1933327615261078,0.06393880090992969,24,0.0,0.0,0.10213806269303807,0.12387018754921657,0
812,1774286796.7771711,25,-0.07683277130126953,-0.6558895111083984,0.0,0.04334921086410759,0.6558895111083984,6.043910980224609,0.1085207100591716,0.015466620922088623,0.1933327615261078,0.05244986340875713,25,-0.07683277130126953,-0.04043830372948173,0.06320494126815063,0.12245694386019092,0
813,1774286796.8780658,24,-0.007808208465576172,-0.6558895111083984,0.4684925079345703,0.02700887691275966,1.1243820190429688,6.043910980224609,0.18603550295857987,0.024166595190763474,0.1933327615261078,0.06393880090992969,24,0.273287296295166,0.14379243209610165,0.08680246435866064,0.12219543722720642,0
814,1774286796.9775007,23,-0.02648001131804093,-0.6090402603149414,0.0,0.015426201986878673,0.6090402603149414,6.043910980224609,0.10076923076923076,0.0,0.0,0.0,23,0.06446265198690507,0.03392137183491468,0.09263861489792664,0.11421295352800663,0
815,1774286797.0776784,26,-0.01801894261286809,-0.4684925079345703,0.0,0.00811705732214584,0.4684925079345703,5.992770195007324,0.07817628453780509,0.0,0.0,0.0,26,-0.01801894261286809,-0.009482932420367112,0.1344923558442489,0.11475444213130997,0
816,1774286797.1774404,24,0.0,0.0,0.0,0.0,0.0,5.992770195007324,0.0,0.03222212692101797,0.1933327615261078,0.07205086617502215,24,0.0,0.0,0.12231256341447636,0.11475444213130996,0
817,1774286797.2771347,25,-0.024361610412597656,-0.6090402603149414,0.0,0.014243713485484477,0.6090402603149414,6.043910980224609,0.10076923076923076,0.0,0.0,0.0,25,-0.024361610412597656,-0.012823832197306794,0.12037700245965202,0.11413619478390992,0
818,1774286797.377625,23,0.02648001131804093,0.0,0.6090402603149414,0.015426201986878673,0.6090402603149414,6.043910980224609,0.10076923076923076,0.0,0.0,0.0,23,0.10784976269615051,0.05674634628391682,0.08436338684775613,0.11510022325560805,0
819,1774286797.477174,24,-0.007808208465576172,-0.6558895111083984,0.4684925079345703,0.02700887691275966,1.1243820190429688,6.043910980224609,0.18603550295857987,0.040277658651272454,0.3866655230522156,0.09633014885470996,24,-0.04479445909198962,-0.02357435853921117,0.06566018315981019,0.11583685271421848,0
820,1774286797.5774817,21,0.029001917157854353,0.0,0.6090402603149414,0.016822223976620938,0.6090402603149414,6.043910980224609,0.10076923076923076,0.06444425384203593,0.3866655230522156,0.13778761052753638,21,0.029001917157854353,0.015260560312216547,0.035510099055815716,0.1154949189943065,0
821,1774286797.6774776,24,0.0,0.0,0.0,0.0,0.0,6.043910980224609,0.0,0.03222212692101797,0.1933327615261078,0.07205086617502215,24,0.25629296022302966,0.13486222201755568,0.040277658651272454,0.1154949189943065,0
822,1774286797.7776046,24,0.0409930944442749,0.0,0.5153417587280273,0.018530497802871082,0.5153417587280273,6.043910980224609,0.08526627218934911,0.03222212692101797,0.1933327615261078,0.07205086617502215,24,0.3220885992050171,0.16952600794838943,0.023673399370543812,0.10903256777944659,0
823,1774286797.8776286,20,-0.10775327682495117,-0.6090402603149414,0.0,0.046991787741035296,0.6090402603149414,6.043910980224609,0.10076923076923076,0.02899991422891617,0.1933327615261078,0.06903360396656207,20,0.07671564817428589,0.04036449872283756,0.022307626329935513,0.0966123469668157,0
824,1774286797.9776623,23,-0.02444308737049932,-0.5153417587280273,0.4216432571411133,0.028221900461201915,0.9369850158691406,6.043910980224609,0.15502958579881657,0.008405772240265556,0.1933327615261078,0.03942656658922785,23,0.19678948582082553,0.10354512219518913,0.030526225504122283,0.09100748285214827,0
825,1774286798.0774572,23,-0.07536618605903957,-0.6090402603149414,0.4216432571411133,0.0530083799312431,1.0306835174560547,6.043910980224609,0.17053254437869822,0.033623088961062225,0.3866655230522156,0.09284478902198401,23,0.25778404180554376,0.13564943795981965,0.0348632848653637,0.08107249143297478,0
826,1774286798.1777582,23,0.01833231552787449,0.0,0.4216432571411133,0.007393623437498059,0.4216432571411133,6.043910980224609,0.06976331360946746,0.008405772240265556,0.1933327615261078,0.03942656658922785,23,-0.05974976912788723,-0.03144391516763365,0.036825287909734813,0.04118278626114968,0
827,1774286798.2775054,23,0.07944003395412279,0.0,1.405477523803711,0.08730450301449726,1.405477523803711,5.992770195007324,0.2345288536134153,0.0,0.0,0.0,23,0.0751810111547176,0.03956353490832953,0.014871750886623677,0.04132860438168678,0
828,1774286798.3775094,19,0.022191750375848068,0.0,0.4216432571411133,0.00886452812539115,0.4216432571411133,6.043910980224609,0.06976331360946746,0.0,0.0,0.0,19,0.04795883831224944,0.025235941368507778,0.011542254419469121,0.04181569450230588,0
829,1774286798.4776094,22,-0.05323778499256481,-0.6090402603149414,0.0,0.028392500515961695,0.6090402603149414,6.043910980224609,0.10076923076923076,0.035151411186565056,0.1933327615261078,0.07456740365489042,22,-0.05323778499256481,-0.028012577507594418,0.013425886217090819,0.04278674125639475,0
830,1774286798.5774655,22,0.0,0.0,0.0,0.0,0.0,6.043910980224609,0.0,0.035151411186565056,0.1933327615261078,0.07456740365489042,22,0.0,0.0,0.021187151948066606,0.042786741256394756,0
831,1774286798.6773891,21,-0.0022309167044503348,-0.4684925079345703,0.4216432571411133,0.018912559500343065,0.8901357650756836,6.043910980224609,0.14727810650887574,0.0,0.0,0.0,21,0.0746018545968192,0.03925962926687134,0.013425886217090819,0.04276268771227705,0
832,1774286798.7773097,23,0.06925541421641475,-0.6090402603149414,1.8271207809448242,0.20839064577540836,2.4361610412597656,5.992770195007324,0.4065166795965865,0.033623088961062225,0.1933327615261078,0.07327982347547411,23,0.07706362268199092,0.040575949964080524,0.007945181980524978,0.043264361678906474,0
833,1774286798.8769948,21,0.020078250340053012,-0.5153417587280273,1.405477523803711,0.11676016996790743,1.9208192825317383,5.992770195007324,0.3205227666050009,0.027618965932301114,0.1933327615261078,0.06765237375744962,21,0.046558261658093944,0.02451087366595516,0.010593575974033303,0.04353835184470333,0
834,1774286798.9775229,22,0.0,0.0,0.0,0.0,0.0,6.043910980224609,0.0,0.043939263983206314,0.3866655230522156,0.1155861571389514,22,0.01801894261286809,0.009484430691617718,0.010311080614725748,0.043165582609755886,0
835,1774286799.0774708,20,-0.03045201301574707,-0.6090402603149414,0.0,0.01761917683751335,0.6090402603149414,6.043910980224609,0.10076923076923076,0.05799982845783234,0.3866655230522156,0.13806720793312413,20,-0.03045201301574707,-0.016027119052414232,0.010740708973672655,0.04350345100907839,0
836,1774286799.1779342,22,-0.057496807791969994,-1.3117790222167969,0.6558895111083984,0.17876709197248453,1.9676685333251953,6.043910980224609,0.3255621301775148,0.043939263983206314,0.1933327615261078,0.08101999954277977,22,-0.03313519737937234,-0.01743224214607518,0.013425886217090819,0.04520911876834438,0
837,1774286799.2773933,20,-0.08432865142822266,-0.6090402603149414,0.0,0.040516973456306005,0.6090402603149414,6.043910980224609,0.10076923076923076,0.038666552305221556,0.1933327615261078,0.07733310461044311,20,-0.11080866274626358,-0.058327460082144504,0.03411754615166608,0.04834837737032344,0
838,1774286799.3780687,24,0.03904104232788086,-0.4684925079345703,1.405477523803711,0.08992797617679571,1.8739700317382812,6.043910980224609,0.31005917159763313,0.008055531730254492,0.1933327615261078,0.03863297300900034,24,0.04684925079345703,0.024645895549064146,0.0448307852814163,0.048856398406627866,0
839,1774286799.477747,21,0.06692750113351005,0.0,1.405477523803711,0.08958580815951978,1.405477523803711,6.043910980224609,0.23254437869822486,0.0,0.0,0.0,21,0.037925583975655694,0.019958047771339384,0.04202886120132778,0.05138607775399752,0
840,1774286799.5779183,21,0.1405477523803711,0.0,1.546025276184082,0.18813019713499152,1.546025276184082,6.043910980224609,0.2557988165680473,0.018412643954867407,0.1933327615261078,0.056751580113533366,21,0.1405477523803711,0.0739553477808252,0.031274417305693906,0.059857862276927125,0
841,1774286799.6775467,19,0.0,0.0,0.0,0.0,0.0,6.043910980224609,0.0,0.0,0.0,0.0,19,-0.0409930944442749,-0.021575969687291967,0.023084508838938242,0.059857862276927125,0
842,1774286799.777918,17,0.0,0.0,0.0,0.0,0.0,6.043910980224609,0.0,0.011372515383888693,0.1933327615261078,0.04549006153555478,17,0.10775327682495117,0.05670361006083515,0.0234342741243767,0.05922284995783613,0
843,1774286799.877926,20,-0.08432865142822266,-0.6090402603149414,0.0,0.040516973456306005,0.6090402603149414,6.043910980224609,0.10076923076923076,0.038666552305221556,0.1933327615261078,0.07733310461044311,20,-0.059885564057723335,-0.03151434263441117,0.016811544480531113,0.05725906185592046,0
844,1774286799.977713,21,-0.05577291761125837,-0.6090402603149414,0.0,0.029603132607379075,0.6090402603149414,6.043910980224609,0.10076923076923076,0.036825287909734813,0.1933327615261078,0.07591727587280882,21,0.019593268447781198,0.010310857741318619,0.014009620400442593,0.058383949430235706,0
845,1774286800.0778625,23,0.0203692394754161,-0.5621910095214844,1.546025276184082,0.12879509469518233,2.1082162857055664,6.043910980224609,0.3488165680473373,0.02521731672079667,0.1933327615261078,0.06511083179712221,23,0.0020369239475416107,0.0010720063969049405,0.0029743501773247354,0.05582547064718604,0
846,1774286800.1780982,20,0.0,0.0,0.0,0.0,0.0,6.043910980224609,0.0,0.009666638076305389,0.1933327615261078,0.042135898498397606,20,-0.07944003395412279,-0.04179750327835105,0.012083297595381737,0.055756340508632686,0
847,1774286800.2781215,21,-0.024540083748953685,-0.5153417587280273,0.0,0.01204431420811321,0.5153417587280273,6.043910980224609,0.08526627218934911,0.036825287909734813,0.3866655230522156,0.11350316022706673,21,-0.04673183412480175,-0.024587780818000636,0.02455019193982321,0.0533207972426687,0
848,1774286800.3775327,22,-0.006388534199107777,-0.6090402603149414,1.546025276184082,0.1519028253926159,2.1550655364990234,6.043910980224609,0.3565680473372781,0.043939263983206314,0.3866655230522156,0.1155861571389514,22,0.04684925079345703,0.024658495523071318,0.023794801418597883,0.05307056623606069,0
849,1774286800.4780548,23,0.04481232684591542,-0.5153417587280273,1.546025276184082,0.11346017201000107,2.0613670349121094,6.043910980224609,0.34106508875739644,0.04202886120132778,0.3866655230522156,0.1134000673097237,23,0.04481232684591542,0.023578123138528858,0.0234342741243767,0.05264986472783808,0
850,1774286800.5780714,25,-0.0037479400634765625,-0.5153417587280273,1.405477523803711,0.10902621520472167,1.9208192825317383,6.043910980224609,0.317810650887574,0.038666552305221556,0.3866655230522156,0.09471332326042946,25,-0.0015170233590262277,-0.0007981467655711598,0.020820451241273148,0.052666074585318995,0
851,1774286800.6783807,22,0.021295113997025925,-0.5621910095214844,1.546025276184082,0.13462970057784227,2.1082162857055664,6.043910980224609,0.3488165680473373,0.017575705593282528,0.1933327615261078,0.05557926115933376,22,-0.047960300219388824,-0.0252280416735811,0.035151411186565056,0.05280786113742895,0
852,1774286800.7776217,23,0.0611077184262483,-0.5621910095214844,1.546025276184082,0.22090420822630286,2.1082162857055664,6.043910980224609,0.3488165680473373,0.0,0.0,0.0,23,0.041029468086195287,0.021587334228212154,0.04296283589469062,0.052330323006158364,0
853,1774286800.8776562,23,-0.09573542553445567,-0.6090402603149414,0.0,0.04379746857813105,0.6090402603149414,6.043910980224609,0.10076923076923076,0.016811544480531113,0.1933327615261078,0.054475630259036005,23,-0.09573542553445567,-0.05038352937629806,0.04833319038152695,0.05640839008857399,0
854,1774286800.977582,20,-0.04919171333312988,-0.5153417587280273,0.0,0.02183329325333716,0.5153417587280273,6.043910980224609,0.08526627218934911,0.0,0.0,0.0,20,-0.018739700317382812,-0.009862422963936657,0.0467740552079293,0.05731380584056919,0
855,1774286801.0777438,23,-0.09369850158691406,-0.6090402603149414,0.0,0.04217933550258433,0.6090402603149414,6.043910980224609,0.10076923076923076,0.0,0.0,0.0,23,-0.03620169379494407,-0.019055432615706292,0.02929284265547088,0.06030358838025981,0
856,1774286801.1779566,23,-0.06721849026887314,-0.5621910095214844,0.0,0.03031302628190844,0.5621910095214844,6.043910980224609,0.09301775147928994,0.016811544480531113,0.1933327615261078,0.054475630259036005,23,0.01711016115934952,0.009002679205185488,0.014871750886623677,0.060737767640992556,0
857,1774286801.2780302,23,-0.10999389316724695,-0.5621910095214844,0.0,0.043822362933139444,0.5621910095214844,6.043910980224609,0.09301775147928994,0.0,0.0,0.0,23,-0.1490349354951278,-0.07844103037149838,0.008787852796641264,0.06256893678376035,0
858,1774286801.3776388,24,0.0,0.0,0.0,0.0,0.0,6.043910980224609,0.0,0.0,0.0,0.0,24,-0.06692750113351005,-0.03522700569304267,0.006338779066429764,0.0616156664512725,0
859,1774286801.4775484,21,-0.07362025124686104,-0.5621910095214844,0.0,0.0327286819142779,0.5621910095214844,6.043910980224609,0.09301775147928994,0.0,0.0,0.0,21,-0.21416800362723215,-0.11274195278313946,0.010175408501374094,0.06023789540254328,0
860,1774286801.578288,22,-0.07027387619018555,-0.5621910095214844,0.0,0.031476177300956726,0.5621910095214844,5.992770195007324,0.09381154144536612,0.0,0.0,0.0,22,-0.07027387619018555,-0.036971825023359044,0.017261853707688197,0.04878803582865634,0
861,1774286801.6775908,21,-0.024540083748953685,-0.5153417587280273,0.0,0.01204431420811321,0.5153417587280273,6.043910980224609,0.08526627218934911,0.0,0.0,0.0,21,-0.024540083748953685,-0.012918058540409992,0.029999911271292586,0.048341096750686985,0
862,1774286801.7776062,22,-0.09156899018721147,-0.5621910095214844,0.0,0.03800631637506385,0.5621910095214844,6.043910980224609,0.09301775147928994,0.0,0.0,0.0,22,-0.007240338758988815,-0.003811346244850148,0.033229068387299776,0.04954984186998606,0
863,1774286801.877419,21,-0.04461833408900669,-0.4684925079345703,0.0,0.01891255950034306,0.4684925079345703,6.043910980224609,0.07751479289940828,0.0,0.0,0.0,21,0.011154583522251675,0.005871742357340148,0.024166595190763474,0.0483198403958004,0
864,1774286801.9774966,20,-0.053876638412475586,-0.5621910095214844,0.0,0.026179100807155464,0.5621910095214844,6.043910980224609,0.09301775147928994,0.0,0.0,0.0,20,-0.07424587788789169,-0.03908430417988051,0.024166595190763474,0.04827722984104485,0
865,1774286802.0780208,25,-0.06184101104736328,-0.5621910095214844,0.0,0.028220532931300113,0.5621910095214844,6.043910980224609,0.09301775147928994,0.0,0.0,0.0,25,-0.06184101104736328,-0.03254922634411753,0.030687739924779012,0.04703598505137032,0
866,1774286802.1778083,21,0.024540083748953685,0.0,0.5153417587280273,0.01204431420811321,0.5153417587280273,6.043910980224609,0.08526627218934911,0.0,0.0,0.0,21,0.04908016749790737,0.025835925770964826,0.041009979717659226,0.04829320764392007,0
867,1774286802.2781112,23,0.0020369239475416102,-0.4684925079345703,0.5153417587280273,0.021085518692124095,0.9838342666625977,6.043910980224609,0.1627810650887574,0.0,0.0,0.0,23,0.008425458146649387,0.004433101895970261,0.04142844889845167,0.04895020085393227,0
868,1774286802.3779328,23,-0.0407384789508322,-0.4684925079345703,0.0,0.01742604850588768,0.4684925079345703,6.043910980224609,0.07751479289940828,0.0,0.0,0.0,23,-0.08555080579674762,-0.045029630675513535,0.033142759118761335,0.04853011954128267,0
869,1774286802.4782825,23,0.0,0.0,0.0,0.0,0.0,6.043910980224609,0.0,0.0,0.0,0.0,23,0.0037479400634765625,0.00197238089585992,0.019333276152610778,0.04568239159495858,0
870,1774286802.5776138,20,0.0,0.0,0.0,0.0,0.0,5.992770195007324,0.0,0.0,0.0,0.0,20,-0.021295113997025925,-0.011212480429942077,0.011372515383888693,0.04583235270399926,0
871,1774286802.6778045,20,-0.025767087936401367,-0.5153417587280273,0.0,0.012614913593722576,0.5153417587280273,6.043910980224609,0.08526627218934911,0.0,0.0,0.0,20,-0.08687480636264966,-0.04571918545802667,0.005858568531094175,0.04387353091120991,0
872,1774286802.7780507,20,0.02810955047607422,0.0,0.5621910095214844,0.015012789731372322,0.5621910095214844,6.043910980224609,0.09301775147928994,0.0,0.0,0.0,20,0.12384497601052989,0.06516803744714098,0.005858568531094175,0.04050304905975511,0
873,1774286802.8779397,20,-0.0773012638092041,-0.5621910095214844,0.0,0.03408056908682511,0.5621910095214844,6.043910980224609,0.09301775147928994,0.0,0.0,0.0,20,-0.02810955047607422,-0.014791715334630253,0.005858568531094175,0.039475544564122146,0
874,1774286802.9776735,21,-0.022309167044503347,-0.4684925079345703,0.0,0.009953978684391084,0.4684925079345703,6.043910980224609,0.07751479289940828,0.0,0.0,0.0,21,0.07138933454241071,0.03757472301056138,0.005603848160177037,0.03964731208918291,0
875,1774286803.0774632,20,-0.03045201301574707,-0.6090402603149414,0.0,0.01761917683751335,0.6090402603149414,6.043910980224609,0.10076923076923076,0.0,0.0,0.0,20,0.03676647725312607,0.019355804215117414,0.005523793186460222,0.03772450340406474,0
876,1774286803.1775317,23,-0.00611077184262483,-0.5621910095214844,1.405477523803711,0.12067953496244031,1.9676685333251953,6.043910980224609,0.3255621301775148,0.0,0.0,0.0,23,0.10388312132462212,0.05468967406837001,0.0,0.03762550867527905,0
877,1774286803.2777662,21,0.11823858533586774,-0.4684925079345703,1.546025276184082,0.204355182390549,2.0145177841186523,6.043910980224609,0.33331360946745564,0.0,0.0,0.0,21,0.11823858533586774,0.062226661569272694,0.0,0.04640709422054297,0
878,1774286803.377789,20,-0.053876638412475586,-0.5621910095214844,0.0,0.026179100807155464,0.5621910095214844,6.043910980224609,0.09301775147928994,0.0,0.0,0.0,20,0.019743612834385457,0.01039005913985635,0.0,0.04658592953083838,0
879,1774286803.4780047,19,0.0739725012528269,0.0,1.405477523803711,0.09849475694879054,1.405477523803711,6.043910980224609,0.23254437869822486,0.0,0.0,0.0,19,0.14424637744301244,0.07593047102534113,0.0,0.0499029103044036,0
880,1774286803.57754,22,0.012777068398215553,-0.5621910095214844,1.405477523803711,0.13412180087207837,1.9676685333251953,6.043910980224609,0.3255621301775148,0.0,0.0,0.0,22,0.03731715214716924,0.01964113283978702,0.0,0.04880866429644365,0
881,1774286803.677623,26,0.1009060786320613,-0.6090402603149414,1.405477523803711,0.1628736254032495,2.0145177841186523,6.043910980224609,0.33331360946745564,0.007435875443311838,0.1933327615261078,0.037179377216559194,26,0.1924750688192728,0.10130177289613163,0.0,0.05471172865752305,0
882,1774286803.777552,25,-0.013117790222167969,-0.6090402603149414,1.405477523803711,0.1328359729541262,2.0145177841186523,6.043910980224609,0.33331360946745564,0.030933241844177246,0.1933327615261078,0.0708769611206588,25,0.031500543866838725,0.01657807406932064,0.0,0.05123820117925962,0
883,1774286803.878047,22,0.03833120519464666,-0.5153417587280273,1.405477523803711,0.11844946709422123,1.9208192825317383,6.043910980224609,0.317810650887574,0.0,0.0,0.0,22,0.09220784360712225,0.04851639045376575,0.0,0.051096685243411585,0
884,1774286803.9775703,25,-0.037479400634765625,-0.4684925079345703,0.0,0.016154112927324604,0.4684925079345703,6.043910980224609,0.07751479289940828,0.0,0.0,0.0,25,0.024361610412597656,0.012824941184503435,0.0,0.050340750770911276,0
885,1774286804.077433,23,-0.04684925079345703,-0.5621910095214844,0.0,0.023093663329469247,0.5621910095214844,6.043910980224609,0.09301775147928994,0.008405772240265556,0.1933327615261078,0.03942656658922785,23,-0.07138933454241071,-0.037580754694707647,0.0,0.04949660334973911,0
886,1774286804.177473,22,-0.07027387619018555,-0.5621910095214844,0.0,0.031476177300956726,0.5621910095214844,6.043910980224609,0.09301775147928994,0.008787852796641264,0.1933327615261078,0.04027100063673795,22,-0.07231080013772716,-0.0380711027665558,0.0,0.05162886946530726,0
887,1774286804.277567,20,0.0,0.0,0.0,0.0,0.0,6.043910980224609,0.0,0.02899991422891617,0.1933327615261078,0.06903360396656207,20,0.0407384789508322,0.021445434392252678,0.0,0.05162183728977559,0
888,1774286804.3769891,20,-0.08432865142822266,-0.6090402603149414,0.0,0.040516973456306005,0.6090402603149414,6.043910980224609,0.10076923076923076,0.019333276152610778,0.1933327615261078,0.05799982845783234,20,-0.08432865142822266,-0.04441373307283639,0.0,0.05404931253396383,0
889,1774286804.4776673,24,-0.08979439735412598,-0.6090402603149414,0.0,0.040772429876767546,0.6090402603149414,6.043910980224609,0.10076923076923076,0.016111063460508983,0.3866655230522156,0.07726594601800069,24,-0.08979439735412598,-0.04725887839514182,0.0,0.057108944858461526,0
890,1774286804.577521,24,-0.09174644947052002,-0.6558895111083984,0.0,0.04288726151990829,0.6558895111083984,6.04248046875,0.10854640151515152,0.03222212692101797,0.3866655230522156,0.09113793780042166,24,-0.06597936153411865,-0.034731159894924556,0.0,0.05980170486395836,0
891,1774286804.6770046,23,-0.09166157763937245,-0.5621910095214844,0.0,0.040171190865239174,0.5621910095214844,6.043910980224609,0.09301775147928994,0.016811544480531113,0.1933327615261078,0.054475630259036005,23,-0.11977112811544667,-0.06307216156849464,0.0,0.06213691560442608,0
892,1774286804.7770824,23,-0.08962465369183084,-0.5621910095214844,0.0,0.03834560483128902,0.5621910095214844,6.043910980224609,0.09301775147928994,0.016811544480531113,0.1933327615261078,0.054475630259036005,23,-0.01232338988262674,-0.006488922401183098,0.0,0.06313929214269098,0
893,1774286804.8776991,26,-0.1009060786320613,-0.5621910095214844,0.0,0.04300092286979978,0.5621910095214844,6.043910980224609,0.09301775147928994,0.029743501773247354,0.1933327615261078,0.06975469473478775,26,-0.07859691158755795,-0.041366238082756565,0.0,0.06435162052687261,0
894,1774286804.9775856,27,-0.06593598259819879,-0.6558895111083984,1.0306835174560547,0.09401434556506795,1.6865730285644531,6.043910980224609,0.2790532544378698,0.028641890596460412,0.3866655230522156,0.08652032021192431,27,-0.035483969582451716,-0.01867457038868327,0.0,0.06498632221564878,0
895,1774286805.0774856,26,-0.010811365567720853,-0.6090402603149414,1.546025276184082,0.23523881484164408,2.1550655364990234,6.043910980224609,0.3565680473372781,0.029743501773247354,0.1933327615261078,0.06975469473478775,26,-0.004700593725096023,-0.0024740568011612455,0.0,0.06506596925089671,0
896,1774286805.1770945,24,0.023424625396728516,-0.5153417587280273,1.546025276184082,0.1192536416283474,2.0613670349121094,6.043910980224609,0.34106508875739644,0.024166595190763474,0.1933327615261078,0.06393880090992969,24,-0.09481395993913923,-0.049919733909661555,0.0,0.06581816642281912,0
897,1774286805.2774978,23,0.0,0.0,0.0,0.0,0.0,6.043910980224609,0.0,0.058840405681858894,0.3866655230522156,0.13290692885927638,23,0.053876638412475586,0.028360472874097195,0.0,0.057576251884447247,0
898,1774286805.3769777,25,-0.0018739700317382812,-0.6090402603149414,1.1243820190429688,0.07804543602105696,1.7334222793579102,6.043910980224609,0.2868047337278106,0.04639986276626587,0.3866655230522156,0.12565142236099405,25,-0.07584647128456518,-0.03994078470768975,0.0028855636048672802,0.057606697847904384,0
899,1774286805.4769943,22,-0.025554136796431107,-0.5621910095214844,0.0,0.013713292055625005,0.5621910095214844,6.043910980224609,0.09301775147928994,0.035151411186565056,0.3866655230522156,0.11115852231866752,22,-0.03833120519464666,-0.020180113877917374,0.01324196996754163,0.05274102592513966,0
900,1774286805.5770144,22,0.0,0.0,0.0,0.0,0.0,6.043910980224609,0.0,0.02636355838992379,0.1933327615261078,0.06634683365617257,22,-0.1009060786320613,-0.053125479011597664,0.01324196996754163,0.05226729107866415,0
901,1774286805.6771932,23,-0.06314464237378992,-0.5153417587280273,0.0,0.026645257977335877,0.5153417587280273,6.043910980224609,0.08526627218934911,0.033623088961062225,0.1933327615261078,0.07327982347547411,23,-0.05002685215162195,-0.026334894276780253,0.010740708973672655,0.042611024775750704,0
902,1774286805.777454,21,-0.1026221684047154,-0.6090402603149414,0.0,0.04528064903529506,0.6090402603149414,6.043910980224609,0.10076923076923076,0.036825287909734813,0.1933327615261078,0.07591727587280882,21,-0.14095337359936205,-0.074209150688843,0.002761896593230111,0.044114204160662376,0
903,1774286805.8770547,23,0.09166157763937245,-0.5153417587280273,1.6865730285644531,0.22224850339675703,2.2019147872924805,6.043910980224609,0.36431952662721895,0.04202886120132778,0.1933327615261078,0.07974415731556585,23,0.12914097827413806,0.06798738570708482,0.005523793186460222,0.05028380373090603,0
904,1774286805.97746,21,-0.04908016749790737,-0.5621910095214844,0.0,0.02309323054778731,0.5621910095214844,6.043910980224609,0.09301775147928994,0.0,0.0,0.0,21,-0.002230916704450338,-0.0011741501259388064,0.014871750886623677,0.05028511579515116,0
905,1774286806.0774608,21,-0.05577291761125837,-0.6090402603149414,0.0,0.029603132607379075,0.6090402603149414,6.043910980224609,0.10076923076923076,0.0,0.0,0.0,21,0.014500958578927178,0.007632132880246664,0.01870962208317172,0.05035278894344486,0
906,1774286806.176963,21,-0.05577291761125837,-0.6090402603149414,0.0,0.029603132607379075,0.6090402603149414,5.992770195007324,0.10162916989914662,0.0,0.0,0.0,21,-0.05577291761125837,-0.0293634988666586,0.02114577079191804,0.050071450466332636,0
907,1774286806.2769866,23,0.0611077184262483,0.0,1.405477523803711,0.0821513715277562,1.405477523803711,5.992770195007324,0.2345288536134153,0.033623088961062225,0.1933327615261078,0.07327982347547411,23,0.14543636985447095,0.0765455596332825,0.022745030767777386,0.05429888038111793,0
908,1774286806.3772967,24,-0.021472573280334473,-0.5153417587280273,0.0,0.01060464227542468,0.5153417587280273,5.992770195007324,0.08599391299158561,0.040277658651272454,0.3866655230522156,0.11132966346986391,24,0.0683218240737915,0.03596587087516565,0.021783973129702285,0.053461842843619524,0
909,1774286806.477608,29,0.12762382112700363,-0.7027387619018555,1.8271207809448242,0.31119926033966433,2.5298595428466797,5.992770195007324,0.4221519365041475,0.05999982254258517,0.5799982845783234,0.13531815397988284,29,0.21937027059752365,0.11545275794371569,0.02209517274584089,0.06289056484080383,0
910,1774286806.577301,24,-0.0546574592590332,-0.6558895111083984,0.0,0.03286181637918162,0.6558895111083984,5.992770195007324,0.10944679835292713,0.07249978557229042,0.5799982845783234,0.17482545460061438,24,0.03700411838033925,0.019472813511247453,0.02148141794734531,0.06145826052235635,0
911,1774286806.6773028,26,0.009009471306434045,-0.6558895111083984,1.546025276184082,0.12494099312539758,2.2019147872924805,5.992770195007324,0.36742853732768394,0.1338457579796131,1.3533293306827545,0.36670251765667716,26,0.09863412499826489,0.051906676353291645,0.025438521253435237,0.0598323607797353,0
912,1774286806.777515,26,0.10811365567720853,-0.7027387619018555,1.8271207809448242,0.2451091565453734,2.5298595428466797,5.992770195007324,0.4221519365041475,0.11153813164967757,0.5799982845783234,0.22858514870827323,26,0.20901973430926984,0.11002105285716623,0.029367001750801182,0.063600427107167,0
913,1774286806.8773582,24,-0.017568469047546387,-0.6558895111083984,1.405477523803711,0.12854746933577132,2.0613670349121094,6.043910980224609,0.34106508875739644,0.04833319038152695,0.3866655230522156,0.12787760181985938,24,0.0483675135506524,0.02545963260515211,0.027618965932301114,0.0600979418026361,0
914,1774286806.9774528,23,-0.03055385921312415,-0.7027387619018555,0.0,0.02053784288193905,0.7027387619018555,6.043910980224609,0.11627218934911243,0.06724617792212445,0.5799982845783234,0.16727275556487595,23,-0.019742493645403297,-0.010390965545020432,0.037077515909116565,0.05878955304013859,0
915,1774286807.0770981,26,-0.17298184908353365,-0.7027387619018555,0.0,0.08184591239066089,0.7027387619018555,6.043910980224609,0.11627218934911243,0.029743501773247354,0.3866655230522156,0.10303451253255881,26,-0.19640647448026216,-0.10337162891380113,0.04296283589469062,0.06946699022382608,0
916,1774286807.1769788,24,-0.1952052116394043,-0.7495880126953125,0.0,0.09322025462665806,0.7495880126953125,6.043910980224609,0.12402366863905326,0.016111063460508983,0.3866655230522156,0.07726594601800069,24,-0.1952052116394043,-0.10276765372566164,0.04695224208491189,0.0795765925316414,0
917,1774286807.2769594,26,-0.18018942612868089,-0.7495880126953125,0.0,0.08875515158327144,0.7495880126953125,6.043910980224609,0.12402366863905326,0.03717937721655919,0.1933327615261078,0.07619504956942441,26,-0.1783154560969426,-0.09385114215132055,0.03642501304115074,0.08643136157068343,0
918,1774286807.3772843,19,-0.07150675121106599,-0.7027387619018555,0.0,0.04352009075552117,0.7027387619018555,6.043910980224609,0.11627218934911243,0.020350817002748187,0.1933327615261078,0.05933231748191226,19,-0.045952614414634885,-0.024181895455828252,0.03174119965354009,0.08657234942799549,0
919,1774286807.4774408,23,-0.09369850158691406,-0.7495880126953125,0.0,0.0585930135714633,0.7495880126953125,6.043910980224609,0.12402366863905326,0.0,0.0,0.0,23,-0.09369850158691406,-0.049303936310856174,0.03222212692101797,0.08747265588958195,0
920,1774286807.577432,24,-0.06051361560821533,-0.7495880126953125,0.0,0.040326600503348686,0.7495880126953125,6.043910980224609,0.12402366863905326,0.0,0.0,0.0,24,0.0026310267655745845,0.0013845769445023181,0.037512326863274645,0.08714025185942843,0
921,1774286807.6776464,24,-0.056609511375427246,-0.7495880126953125,0.0,0.03566253936604369,0.7495880126953125,6.043910980224609,0.12402366863905326,0.0,0.0,0.0,24,0.046012657029288154,0.024214734585895886,0.026769151595922618,0.08707018069071745,0
922,1774286807.7769647,24,-0.056609511375427246,-0.7495880126953125,0.0,0.03566253936604369,0.7495880126953125,6.043910980224609,0.12402366863905326,0.0,0.0,0.0,24,-0.14827108901479968,-0.07804111305831873,0.014871750886623677,0.0860139538879716,0
923,1774286807.8775346,25,0.0,0.0,0.0,0.0,0.0,6.043910980224609,0.0,0.015466620922088623,0.1933327615261078,0.05244986340875713,25,0.04908016749790737,0.025830651274609994,0.0,0.08125431103085726,0
924,1774286807.9774377,24,0.0,0.0,0.0,0.0,0.0,6.043910980224609,0.0,0.0,0.0,0.0,24,0.05577291761125837,0.02935452299061478,0.011897400709298941,0.08178262560633688,0
925,1774286808.0775483,19,-0.03698625062641345,-0.7027387619018555,0.0,0.024623689237197634,0.7027387619018555,6.043910980224609,0.11627218934911243,0.0,0.0,0.0,19,0.01878666698484492,0.009884675118119225,0.02558815961374956,0.08171383900231216,0
926,1774286808.1770318,19,0.0,0.0,0.0,0.0,0.0,6.043910980224609,0.0,0.010175408501374094,0.1933327615261078,0.04317060211598919,19,-0.0611077184262483,-0.032161192705278466,0.04578933825618342,0.08207624123499122,0
927,1774286808.277493,20,0.0,0.0,0.0,0.0,0.0,6.043910980224609,0.0,0.02899991422891617,0.1933327615261078,0.06903360396656207,20,0.021472573280334473,0.011300186787931394,0.057748746949356874,0.07945780848737698,0
928,1774286808.3776042,22,0.0,0.0,0.0,0.0,0.0,6.043910980224609,0.0,0.0,0.0,0.0,22,-0.12762382112700363,-0.0671705636613079,0.08810100525240355,0.07984757981036174,0
929,1774286808.4770594,22,0.0,0.0,0.0,0.0,0.0,6.043910980224609,0.0,0.035151411186565056,0.1933327615261078,0.07456740365489042,22,0.0546574592590332,0.028770743172454784,0.10684178926442799,0.07086114932305929,0
930,1774286808.5775604,21,-0.09369850158691406,-0.7027387619018555,0.0,0.05288548875016984,0.7027387619018555,6.043910980224609,0.11627218934911243,0.11047586372920445,0.5799982845783234,0.22775182761842647,21,-0.10270797289334811,-0.054049500221757134,0.09921023288839742,0.07162026345981505,0
931,1774286808.6777093,19,-0.11342450192100123,-0.7495880126953125,0.0,0.06869097308687877,0.7495880126953125,6.043910980224609,0.12402366863905326,0.09157867651236684,0.5799982845783234,0.21149189414577863,19,-0.22153815759820977,-0.11658710121411671,0.07680342581174145,0.0717651455452771,0
932,1774286808.7770102,21,-0.033463750566755025,-0.7027387619018555,0.0,0.022396452039879947,0.7027387619018555,6.043910980224609,0.11627218934911243,0.08285689779690333,0.5799982845783234,0.20295712127234886,21,-0.01589528151920864,-0.008367470191232029,0.047671091883149865,0.06175140224964339,0
933,1774286808.8772833,20,-0.03982186317443848,-0.7964372634887695,0.0,0.030129834946990286,0.7964372634887695,6.043910980224609,0.13177514792899409,0.0966663807630539,0.5799982845783234,0.20732628917049448,20,-0.009268003961314327,-0.004878331815511883,0.037077515909116565,0.061162784551820726,0
934,1774286808.9768755,20,-0.021082162857055664,-0.7964372634887695,1.8271207809448242,0.2509758733637568,2.6235580444335938,6.043910980224609,0.4340828402366864,0.08699974268674851,0.5799982845783234,0.20710081189968624,20,0.15189968622647798,0.07995657029810602,0.02798237337877876,0.061438652985765126,0
935,1774286809.076884,20,-0.04919171333312988,-0.8432865142822266,2.1082162857055664,0.3398673915100403,2.951502799987793,6.043910980224609,0.4883431952662722,0.11599965691566468,0.9666638076305389,0.2550234275944092,20,0.14601349830627441,0.07685304400422649,0.02521731672079667,0.05585658187085759,0
936,1774286809.1768503,18,-0.044246514638264976,-0.7964372634887695,0.0,0.033281818979781344,0.7964372634887695,6.043910980224609,0.13177514792899409,0.17185134357876247,0.7733310461044312,0.3215044245642516,18,0.1359429114904159,0.07155300944642269,0.019901901921805215,0.04568811409370126,0
937,1774286809.277347,17,0.0,0.0,0.0,0.0,0.0,6.043910980224609,0.0,0.15921521537444172,1.1599965691566467,0.35236450149030846,17,0.07150675121106599,0.03763388832812476,0.005858568531094175,0.0352088172443505,0
938,1774286809.3771098,18,-0.08589029312133789,-0.8901357650756836,0.0,0.06054134260580213,0.8901357650756836,5.992770195007324,0.14853494062182968,0.12888850768407187,0.5799982845783234,0.2411283184231887,18,0.007808208465576172,0.0041102996075824795,0.0,0.036012524936448284,0
939,1774286809.4771998,18,-0.049451986948649086,-0.8901357650756836,0.0,0.041573483223879125,0.8901357650756836,5.992770195007324,0.14853494062182968,0.10740708973672655,0.5799982845783234,0.2060425227146685,18,0.011061628659566246,0.0058226211745248165,0.0,0.033897374407405825,0
940,1774286809.576853,17,0.0,0.0,0.0,0.0,0.0,5.992770195007324,0.0,0.10235263845499824,0.5799982845783234,0.22110696987491085,17,0.056609511375427246,0.02980692581457095,0.005296787987016651,0.03436542357624041,0
941,1774286809.6767898,17,0.0,0.0,0.0,0.0,0.0,5.992770195007324,0.0,0.09098012307110954,0.7733310461044312,0.2109287380086792,17,0.056609511375427246,0.029797222644722107,0.005296787987016651,0.03471809520945137,0
942,1774286809.7769783,18,-0.14575322469075522,-0.9838342666625977,0.0,0.10874002814236722,0.9838342666625977,5.860805511474609,0.16786673175494263,0.26851772434181637,1.5466620922088623,0.4997604679660962,18,-0.14575322469075522,-0.07673469360430973,0.0056862576919443466,0.042536793368399224,0
943,1774286809.8774245,17,-0.04409341251148897,-0.7495880126953125,0.0,0.031107664430533314,0.7495880126953125,5.860805511474609,0.1278984622894801,0.12509766922277563,0.5799982845783234,0.22914983547813142,17,-0.04409341251148897,-0.02320722113058229,0.003118270347195287,0.04176762239164604,0
944,1774286809.9769845,18,-0.049451986948649086,-0.8901357650756836,0.0,0.041573483223879125,0.8901357650756836,6.043910980224609,0.14727810650887574,0.12888850768407187,0.7733310461044312,0.2882034647000886,18,-0.012465736322235639,-0.006562861174135533,0.013333293898352262,0.04090836044418012,0
945,1774286810.076811,18,-0.10671218236287434,-0.9838342666625977,0.0,0.09116088703662069,0.9838342666625977,6.043910980224609,0.1627810650887574,0.11814779871039921,0.9666638076305389,0.2819308237106474,18,-0.10671218236287434,-0.05617083060793425,0.012677558132859527,0.04337194539115626,0
946,1774286810.1774673,18,0.0,0.0,0.0,0.0,0.0,6.043910980224609,0.0,0.0966663807630539,0.5799982845783234,0.2161525985250665,18,0.0,0.0,0.02114577079191804,0.04337194539115626,0
947,1774286810.2768154,21,-0.09816033499581474,-1.0306835174560547,0.0,0.09153678798166039,1.0306835174560547,6.043910980224609,0.17053254437869822,0.08285689779690333,0.5799982845783234,0.20295712127234886,21,-0.09816033499581474,-0.051684792420548936,0.047589602837195766,0.04368900167213482,0
948,1774286810.3774505,21,0.0044618334089006695,-1.0775327682495117,3.232598304748535,0.6540460774152849,4.310131072998047,6.043910980224609,0.7131360946745562,0.13809482966150557,0.7733310461044312,0.26777580966536785,21,0.0044618334089006695,0.002347850084431198,0.07795675867988218,0.043947849708731924,0
949,1774286810.477287,19,0.0,0.0,0.0,0.0,0.0,6.043910980224609,0.0,0.1628065360219855,0.7733310461044312,0.3152735013334339,19,0.09369850158691406,0.049322097265936844,0.09508168599644645,0.043947849708731924,0
950,1774286810.5769107,22,-0.09156899018721147,-1.0775327682495117,2.1550655364990234,0.40055600991445134,3.232598304748535,6.043910980224609,0.5348520710059171,0.14060564474626022,0.7733310461044312,0.2982696146195617,22,0.02185551173378976,0.011507737838060441,0.0902219553788503,0.04384066170661575,0
951,1774286810.6774564,19,0.0,0.0,0.0,0.0,0.0,5.992770195007324,0.0,0.22385898703023008,1.3533293306827545,0.44025548520595786,19,0.033463750566755025,0.017608365330227284,0.08874290693001669,0.04237304661156333,0
952,1774286810.776799,19,0.0,0.0,0.0,0.0,0.0,6.043910980224609,0.0,0.14245571901923731,0.7733310461044312,0.25741973589586165,19,0.03982186317443848,0.0209642198097035,0.09988859345515569,0.04335488418603481,0
953,1774286810.8768654,19,0.0,0.0,0.0,0.0,0.0,6.043910980224609,0.0,0.12210490201648913,0.5799982845783234,0.23645512600007546,19,0.021082162857055664,0.011095934502301693,0.12333296855975842,0.044270236495770464,0
954,1774286810.9771852,20,0.053876638412475586,-1.1712312698364258,3.3731460571289062,0.6978039045790752,4.544377326965332,6.043910980224609,0.7518934911242604,0.10633301883935928,0.5799982845783234,0.20710081189968624,20,0.10306835174560547,0.054237902269146716,0.14763592698357322,0.04859511772627506,0
955,1774286811.0771496,22,-0.0553672963922674,-1.2180805206298828,0.0,0.06437628770557294,1.2180805206298828,5.992770195007324,0.20325833979829325,0.15818135033954273,1.9333276152610779,0.41480154639980626,22,-0.011120781754002426,-0.005852121132432754,0.15320709403955712,0.04870185141817494,0
956,1774286811.1772377,21,0.0,0.0,0.0,0.0,0.0,5.992770195007324,0.0,0.09206321977433704,0.5799982845783234,0.1944256631750854,21,0.0,0.0,0.13132036631962038,0.049261394436347264,0
957,1774286811.2773707,20,0.0,0.0,0.0,0.0,0.0,6.043910980224609,0.0,0.12566629499197007,0.7733310461044312,0.25410574405847164,20,0.08589029312133789,0.045199210265346026,0.11308142655300644,0.049261394436347264,0
958,1774286811.3769124,22,0.0,0.0,0.0,0.0,0.0,6.043910980224609,0.0,0.043939263983206314,0.3866655230522156,0.1155861571389514,22,0.049451986948649086,0.026031299641447868,0.10038431848470981,0.048231798149066085,0
959,1774286811.4769373,24,0.0,0.0,0.0,0.0,0.0,6.043910980224609,0.0,0.03222212692101797,0.3866655230522156,0.10686870494422632,24,0.0,0.0,0.1561533843095486,0.04839294955803671,0
960,1774286811.5774899,23,0.0,0.0,0.0,0.0,0.0,6.043910980224609,0.0,0.05043463344159334,0.3866655230522156,0.13022166359424442,23,0.0,0.0,0.16358925975286043,0.04839294955803671,0
961,1774286811.6771054,25,0.0,0.0,0.0,0.0,0.0,6.043910980224609,0.0,0.07733310461044311,0.7733310461044312,0.2117854291852323,25,0.14575322469075522,0.07670708929512417,0.17509382175949384,0.04839294955803671,0
962,1774286811.7769175,22,0.0,0.0,0.0,0.0,0.0,6.043910980224609,0.0,0.02636355838992379,0.1933327615261078,0.06634683365617257,22,0.04409341251148897,0.023213253746033283,0.1240247904129748,0.04018496487774161,0
963,1774286811.8769953,23,0.0,0.0,0.0,0.0,0.0,6.043910980224609,0.0,0.02521731672079667,0.1933327615261078,0.06511083179712221,23,0.049451986948649086,0.026027213276208567,0.11456756238584165,0.039976037820385925,0
964,1774286811.9776063,26,0.0,0.0,0.0,0.0,0.0,6.043910980224609,0.0,0.04461525265987103,0.3866655230522156,0.12353404079820127,26,0.10671218236287434,0.0561408094704058,0.09836228217994958,0.039426968585723886,0
965,1774286812.0773156,24,0.0,0.0,0.0,0.0,0.0,6.043910980224609,0.0,0.03222212692101797,0.3866655230522156,0.10686870494422632,24,0.0,0.0,0.10633301883935928,0.03336505555158532,0
966,1774286812.1776044,25,0.0,0.0,0.0,0.0,0.0,6.043910980224609,0.0,0.07733310461044311,0.5799982845783234,0.18136220631044814,25,0.09816033499581474,0.051641888624501454,0.12677558132859526,0.03336505555158532,0
967,1774286812.2776256,24,0.0,0.0,0.0,0.0,0.0,6.043910980224609,0.0,0.024166595190763474,0.1933327615261078,0.06393880090992969,24,-0.0044618334089006695,-0.002348116982255979,0.1465587063181785,0.02643911776014537,0
968,1774286812.377362,22,0.0,0.0,0.0,0.0,0.0,6.043910980224609,0.0,0.035151411186565056,0.3866655230522156,0.09464807122150211,22,0.0,0.0,0.17399948537349702,0.02638191116511002,0
969,1774286812.4768422,22,0.0,0.0,0.0,0.0,0.0,6.043910980224609,0.0,0.008787852796641264,0.1933327615261078,0.04027100063673795,22,0.09156899018721147,0.04819594470725306,0.1675550599892934,0.02638191116511002,0
970,1774286812.5774157,24,0.0,0.0,0.0,0.0,0.0,6.043910980224609,0.0,0.008055531730254492,0.1933327615261078,0.03863297300900034,24,0.0,0.0,0.1628065360219855,0.017274429908620995,0
971,1774286812.6768334,22,-0.11712312698364258,-1.3117790222167969,0.0,0.13722815175108075,1.3117790222167969,6.043910980224609,0.2170414201183432,0.0,0.0,0.0,22,-0.11712312698364258,-0.06164263409108077,0.12333296855975842,0.03080794950307201,0
972,1774286812.7774546,24,-0.09955465793609619,-1.2180805206298828,0.0,0.10906815517408575,1.2180805206298828,6.043910980224609,0.20153846153846153,0.0,0.0,0.0,24,-0.09955465793609619,-0.052380944017981726,0.12994497086181014,0.03688991257360007,0
973,1774286812.877478,24,-0.3142803907394409,-1.3117790222167969,0.0,0.2969414152342864,1.3117790222167969,6.043910980224609,0.2170414201183432,0.008055531730254492,0.1933327615261078,0.03863297300900034,24,-0.3681570291519165,-0.1937370183823783,0.11968218570663816,0.07556264369672953,0
974,1774286812.977148,25,-0.1986408233642578,-1.3117790222167969,0.0,0.20759439817084058,1.3117790222167969,6.043910980224609,0.2170414201183432,0.0,0.0,0.0,25,-0.14327352697199042,-0.0754071819104807,0.12581973369159397,0.08188901964372938,0
975,1774286813.0769703,24,-0.10736286640167236,-1.3117790222167969,0.0,0.12684036199139825,1.3117790222167969,6.043910980224609,0.2170414201183432,0.0,0.0,0.0,24,-0.10736286640167236,-0.05651472580011988,0.08592567178938124,0.08317476311194245,0
976,1774286813.177014,26,-0.19100079169640174,-1.3117790222167969,0.0,0.20106925033833892,1.3117790222167969,6.043910980224609,0.2170414201183432,0.014871750886623677,0.1933327615261078,0.051517256266279406,26,-0.19100079169640174,-0.10054560217330268,0.06444425384203593,0.08860926130777334,0
977,1774286813.2769933,23,-0.16499083975087042,-1.3117790222167969,0.0,0.18167070473304717,1.3117790222167969,6.043910980224609,0.2170414201183432,0.0,0.0,0.0,23,-0.16499083975087042,-0.08683358591623995,0.04202886120132778,0.09108580019100022,0
978,1774286813.3773537,21,-0.18070425306047713,-1.3117790222167969,0.0,0.19613319599724188,1.3117790222167969,6.043910980224609,0.2170414201183432,0.0,0.0,0.0,21,-0.18070425306047713,-0.09508666390854704,0.053703544868363276,0.0936473727849087,0
979,1774286813.477638,24,-0.21472573280334473,-1.3117790222167969,0.0,0.2306271538188298,1.3117790222167969,6.043910980224609,0.2170414201183432,0.008055531730254492,0.1933327615261078,0.03863297300900034,24,-0.21472573280334473,-0.1130047319888494,0.052476035271372116,0.09739158721478906,0
980,1774286813.5777705,23,-0.16499083975087042,-1.3117790222167969,0.0,0.18167070473304717,1.3117790222167969,6.043910980224609,0.2170414201183432,0.0,0.0,0.0,23,-0.16499083975087042,-0.08680689961842979,0.04419034549168178,0.09730273148263206,0
981,1774286813.676997,21,-0.06023475102015904,-1.2649297714233398,0.0,0.07256450460921099,1.2649297714233398,6.043910980224609,0.20928994082840235,0.0,0.0,0.0,21,-0.06023475102015904,-0.031701174280687625,0.032675959694553426,0.0954572780023992,0
982,1774286813.777088,24,-0.05270540714263916,-1.2649297714233398,0.0,0.06389077866764126,1.2649297714233398,6.043910980224609,0.20928994082840235,0.024166595190763474,0.1933327615261078,0.06393880090992969,24,-0.05270540714263916,-0.02773833606497518,0.034429121915608235,0.09362748126373902,0
983,1774286813.8770597,23,0.0,0.0,0.0,0.0,0.0,6.043910980224609,0.0,0.008405772240265556,0.1933327615261078,0.03942656658922785,23,0.0,0.0,0.05155540307362874,0.093627481263739,0
984,1774286813.9768674,21,0.0,0.0,0.0,0.0,0.0,5.992770195007324,0.0,0.009206321977433703,0.1933327615261078,0.04117192352858409,21,0.0,0.0,0.04502269788964154,0.09362748126373902,0
985,1774286814.0773857,23,-0.05092309868854025,-1.1712312698364258,0.0,0.05704956356094181,1.1712312698364258,6.043910980224609,0.1937869822485207,0.0,0.0,0.0,23,-0.05092309868854025,-0.02680471728102988,0.04629094290061736,0.09172833727607792,0
986,1774286814.1774902,19,0.0,0.0,0.0,0.0,0.0,6.043910980224609,0.0,0.0,0.0,0.0,19,0.0,0.0,0.022745030767777386,0.09172833727607792,0
987,1774286814.2776601,24,-0.05075335502624512,-1.2180805206298828,0.0,0.05924577006766185,1.2180805206298828,6.043910980224609,0.20153846153846153,0.008055531730254492,0.1933327615261078,0.03863297300900034,24,-0.05075335502624512,-0.02670810149718434,0.01705877307583304,0.08972130213315986,0
988,1774286814.3775377,24,0.0,0.0,0.0,0.0,0.0,6.043910980224609,0.0,0.0,0.0,0.0,24,0.0,0.0,0.0056862576919443466,0.08972130213315986,0
989,1774286814.476864,22,0.0,0.0,0.0,0.0,0.0,6.043910980224609,0.0,0.008787852796641264,0.1933327615261078,0.04027100063673795,22,0.0,0.0,0.002761896593230111,0.08972130213315986,0
990,1774286814.5773613,21,0.0,0.0,0.0,0.0,0.0,6.043910980224609,0.0,0.0,0.0,0.0,21,0.11712312698364258,0.06162662681749938,0.002761896593230111,0.08972130213315986,0
991,1774286814.6775188,23,-0.05092309868854025,-1.1712312698364258,0.0,0.05704956356094181,1.1712312698364258,6.043910980224609,0.1937869822485207,0.0,0.0,0.0,23,0.04863155924755594,0.02559469226387488,0.0026483939935083257,0.09018940059719945,0
992,1774286814.7770495,22,-0.05323778499256481,-1.1712312698364258,0.0,0.05951949676920573,1.1712312698364258,6.043910980224609,0.1937869822485207,0.0,0.0,0.0,22,0.2610426057468761,0.13742182599960331,0.0026483939935083257,0.09063854852544229,0
993,1774286814.8769596,23,-0.10388312132462212,-1.2180805206298828,0.0,0.1133605945899674,1.2180805206298828,5.992770195007324,0.20325833979829325,0.0,0.0,0.0,23,0.0947577020396357,0.04987742295845472,0.005155540307362874,0.07521694786546138,0
994,1774286814.9773154,21,-0.05577291761125837,-1.1712312698364258,0.0,0.06221236677744429,1.1712312698364258,5.992770195007324,0.19544071134451274,0.0,0.0,0.0,21,0.051589948790413995,0.027147673936664764,0.005296787987016651,0.07045797748824274,0
995,1774286815.0771215,21,-0.05577291761125837,-1.1712312698364258,0.0,0.06221236677744429,1.1712312698364258,5.992770195007324,0.19544071134451274,0.0,0.0,0.0,21,0.13522787408514336,0.07116854302193441,0.005523793186460222,0.07017377599795041,0
996,1774286815.1771388,20,0.0,0.0,0.0,0.0,0.0,5.992770195007324,0.0,0.0,0.0,0.0,20,0.16499083975087042,0.08683063327787825,0.0028431288459721733,0.06629055182158597,0
997,1774286815.2770836,21,-0.11377675192696708,-1.2180805206298828,0.0,0.12303117653907385,1.2180805206298828,5.992770195007324,0.20325833979829325,0.0,0.0,0.0,21,0.06692750113351005,0.035230007575796286,0.0028431288459721733,0.0632185860500118,0
998,1774286815.3769646,22,-0.0553672963922674,-1.2180805206298828,0.0,0.06437628770557294,1.2180805206298828,5.992770195007324,0.20325833979829325,0.017575705593282528,0.3866655230522156,0.0805420012734759,22,0.15935843641107733,0.083902599755839,0.0028431288459721733,0.05687864432004265,0
999,1774286815.4768682,20,0.0,0.0,0.0,0.0,0.0,5.992770195007324,0.0,0.02899991422891617,0.5799982845783234,0.12640769549519285,20,0.16499083975087042,0.08687854310897589,0.00852938653791652,0.044467596821423365,0
1000,1774286815.5769007,19,-0.06410950108578331,-1.2180805206298828,0.0,0.07398050633042494,1.2180805206298828,5.992770195007324,0.20325833979829325,0.0,0.0,0.0,19,-0.003874750065624273,-0.0020394454277719697,0.011372515383888693,0.03513295157412715,0
1001,1774286815.6769135,19,-0.0665752511275442,-1.2649297714233398,0.0,0.07978075312852036,1.2649297714233398,5.860805511474609,0.2158286551134977,0.0,0.0,0.0,19,-0.01386984398490504,-0.007300588107802091,0.014215644229860866,0.03535668708968246,0
1002,1774286815.777315,18,0.0,0.0,0.0,0.0,0.0,5.992770195007324,0.0,0.0,0.0,0.0,18,0.0,0.0,0.0057711272097345605,0.03616870231877014,0
1003,1774286815.8775096,19,0.0,0.0,0.0,0.0,0.0,5.860805511474609,0.0,0.0,0.0,0.0,19,0.0,0.0,0.0030687739924779014,0.03616870231877014,0
1004,1774286815.9769647,18,0.0,0.0,0.0,0.0,0.0,5.992770195007324,0.0,0.0,0.0,0.0,18,0.05092309868854025,0.026807570202437018,0.0029292842655470877,0.03616870231877014,0
1005,1774286816.0773203,18,0.0,0.0,0.0,0.0,0.0,5.992770195007324,0.0,0.0,0.0,0.0,18,0.0,0.0,0.0028855636048672802,0.03681896259769652,0
1006,1774286816.1768703,18,0.0,0.0,0.0,0.0,0.0,5.992770195007324,0.0,0.0,0.0,0.0,18,0.05075335502624512,0.026723400409120666,0.005523793186460222,0.03681896259769652,0
1007,1774286816.2773106,18,0.0,0.0,0.0,0.0,0.0,5.992770195007324,0.0,0.0,0.0,0.0,18,0.0,0.0,0.0028855636048672802,0.0372889860815182,0
1008,1774286816.3775551,21,-0.06023475102015904,-1.2649297714233398,0.0,0.07256450460921099,1.2649297714233398,5.992770195007324,0.21107596825207375,0.0,0.0,0.0,21,-0.06023475102015904,-0.03169097448931209,0.0029292842655470877,0.03709793179433554,0
1009,1774286816.4768524,21,-0.058003834315708706,-1.2180805206298828,0.0,0.06728889590648375,1.2180805206298828,5.992770195007324,0.20325833979829325,0.0,0.0,0.0,21,-0.058003834315708706,-0.030536513269190876,0.0,0.03659173619207222,0
1010,1774286816.5768182,19,-0.1306847522133275,-1.2649297714233398,0.0,0.1452250471900501,1.2649297714233398,5.992770195007324,0.21107596825207375,0.0,0.0,0.0,19,-0.07976165352478726,-0.04199530323225669,0.0,0.04084337596718016,0
1011,1774286816.6769552,23,-0.15888006790824558,-1.2649297714233398,0.0,0.16847669657858935,1.2649297714233398,5.992770195007324,0.21107596825207375,0.0,0.0,0.0,23,-0.10564228291568076,-0.05560396178517262,0.0,0.04798762810548162,0
1012,1774286816.7773175,23,-0.15888006790824558,-1.2649297714233398,0.0,0.16847669657858935,1.2649297714233398,5.992770195007324,0.21107596825207375,0.0,0.0,0.0,23,-0.05499694658362346,-0.028940308980386516,0.0,0.05366237214842029,0
1013,1774286816.8769271,23,-0.05092309868854025,-1.1712312698364258,0.0,0.05704956356094181,1.1712312698364258,5.992770195007324,0.19544071134451274,0.0,0.0,0.0,23,0.004849818922718116,0.0025530580240965303,0.0,0.052432903687215725,0
1014,1774286816.9769506,22,-0.05323778499256481,-1.1712312698364258,0.0,0.05951949676920573,1.1712312698364258,5.992770195007324,0.19544071134451274,0.0,0.0,0.0,22,0.002535132618693557,0.0013344003168387047,0.0,0.05242536133925233,0
1015,1774286817.07683,22,0.0,0.0,0.0,0.0,0.0,5.992770195007324,0.0,0.0,0.0,0.0,22,0.0,0.0,0.006137547984955803,0.053584984003733814,0
1016,1774286817.1768236,20,0.0,0.0,0.0,0.0,0.0,5.992770195007324,0.0,0.0,0.0,0.0,20,0.11377675192696708,0.05989069719172064,0.015343869962389506,0.053584984003733814,0
1017,1774286817.2772255,19,0.0,0.0,0.0,0.0,0.0,5.992770195007324,0.0,0.0,0.0,0.0,19,0.0553672963922674,0.029136680997495785,0.015846947666074408,0.052382538777636684,0
1018,1774286817.376824,18,0.0,0.0,0.0,0.0,0.0,5.992770195007324,0.0,0.0,0.0,0.0,18,0.0,0.0,0.009999970423764196,0.053105647871698164,0
1019,1774286817.4777741,22,-0.1107345927845348,-1.2180805206298828,0.0,0.12262150039156748,1.2180805206298828,5.992770195007324,0.20325833979829325,0.0,0.0,0.0,22,-0.046625091698751495,-0.024528246407076248,0.0,0.05439556016016744,0
1020,1774286817.5774581,18,0.0,0.0,0.0,0.0,0.0,5.992770195007324,0.0,0.0,0.0,0.0,18,0.0665752511275442,0.03502956447703861,0.0,0.055095592766800185,0
1021,1774286817.6770036,21,-0.11377675192696708,-1.2180805206298828,0.0,0.12303117653907385,1.2180805206298828,5.992770195007324,0.20325833979829325,0.0,0.0,0.0,21,-0.11377675192696708,-0.05989231324427473,0.0,0.057056357165311315,0
1022,1774286817.7770696,21,-0.11377675192696708,-1.2180805206298828,0.0,0.12303117653907385,1.2180805206298828,5.992770195007324,0.20325833979829325,0.0,0.0,0.0,21,-0.11377675192696708,-0.05989637255160018,0.0,0.05797386623215439,0
1023,1774286817.877484,21,-0.05577291761125837,-1.1712312698364258,0.0,0.06221236677744429,1.1712312698364258,5.992770195007324,0.19544071134451274,0.0,0.0,0.0,21,-0.05577291761125837,-0.02934614530182461,0.0,0.05680943786915151,0
1024,1774286817.9776201,21,-0.05577291761125837,-1.1712312698364258,0.0,0.06221236677744429,1.1712312698364258,5.992770195007324,0.19544071134451274,0.0,0.0,0.0,21,-0.05577291761125837,-0.029349536308692237,0.0,0.05548064711608796,0
1025,1774286818.0775003,21,-0.11377675192696708,-1.2180805206298828,0.0,0.12303117653907385,1.2180805206298828,5.992770195007324,0.20325833979829325,0.0,0.0,0.0,21,-0.11377675192696708,-0.059862651905623274,0.0,0.055276225602330996,0
1026,1774286818.1773555,21,-0.05577291761125837,-1.1712312698364258,0.0,0.06221236677744429,1.1712312698364258,5.992770195007324,0.19544071134451274,0.0,0.0,0.0,21,-0.05577291761125837,-0.029353473215883347,0.0,0.053469334122465274,0
1027,1774286818.2772021,21,-0.05577291761125837,-1.1712312698364258,0.0,0.06221236677744429,1.1712312698364258,5.992770195007324,0.19544071134451274,0.0,0.0,0.0,21,0.004461833408900669,0.0023487697529519145,0.0,0.051448276690920405,0
1028,1774286818.3773315,16,0.0,0.0,0.0,0.0,0.0,5.860805511474609,0.0,0.0,0.0,0.0,16,0.058003834315708706,0.030520638179196435,0.0,0.053496013758760105,0
1029,1774286818.4770186,17,0.0,0.0,0.0,0.0,0.0,5.992770195007324,0.0,0.0,0.0,0.0,17,0.1306847522133275,0.06877419586095897,0.0,0.05529997253841945,0
1030,1774286818.5770733,23,0.0,0.0,0.0,0.0,0.0,5.992770195007324,0.0,0.05043463344159334,0.3866655230522156,0.13022166359424442,23,0.15888006790824558,0.08361589043212012,0.0,0.05444000856211653,0
1031,1774286818.6773622,20,0.0,0.0,0.0,0.0,0.0,5.992770195007324,0.0,0.0,0.0,0.0,20,0.15888006790824558,0.08361912201885922,0.0,0.050099723676527645,0
1032,1774286818.7771242,21,-0.058003834315708706,-1.2180805206298828,0.0,0.06728889590648375,1.2180805206298828,5.992770195007324,0.20325833979829325,0.0,0.0,0.0,21,-0.007080735627168454,-0.0037263165443800475,0.0,0.043172095768510374,0
1033,1774286818.8773882,20,-0.06090402603149414,-1.2180805206298828,0.0,0.0704767073500534,1.2180805206298828,5.992770195007324,0.20325833979829325,0.0,0.0,0.0,20,-0.007666241038929329,-0.004033934639743461,0.0,0.04333129947235097,0
1034,1774286818.9772642,21,-0.06023475102015904,-1.2649297714233398,0.0,0.07256450460921099,1.2649297714233398,5.992770195007324,0.21107596825207375,0.0,0.0,0.0,21,-0.06023475102015904,-0.03169525640924772,0.0,0.043445765867464646,0
1035,1774286819.077059,21,-0.06023475102015904,-1.2649297714233398,0.0,0.07256450460921099,1.2649297714233398,5.992770195007324,0.21107596825207375,0.0,0.0,0.0,21,-0.06023475102015904,-0.03169857300857098,0.0,0.04245683446963748,0
1036,1774286819.1773236,20,-0.06324648857116699,-1.2649297714233398,0.0,0.07600224801507238,1.2649297714233398,5.992770195007324,0.21107596825207375,0.0,0.0,0.0,20,-0.06324648857116699,-0.03328590721554148,0.0,0.041272062340413314,0
1037,1774286819.2767618,21,-0.06023475102015904,-1.2649297714233398,0.0,0.07256450460921099,1.2649297714233398,5.992770195007324,0.21107596825207375,0.0,0.0,0.0,21,-0.06023475102015904,-0.03170353727399308,0.0,0.03976483424573003,0
1038,1774286819.3767662,18,0.0,0.0,0.0,0.0,0.0,5.992770195007324,0.0,0.0,0.0,0.0,18,0.1107345927845348,0.05831229894155587,0.0,0.03976483424573003,0
1039,1774286819.4773974,20,0.0,0.0,0.0,0.0,0.0,5.992770195007324,0.0,0.0,0.0,0.0,20,0.0,0.0,0.0,0.038887016781560424,0
1040,1774286819.577459,17,0.0,0.0,0.0,0.0,0.0,5.992770195007324,0.0,0.0,0.0,0.0,17,0.11377675192696708,0.05986814920551445,0.0,0.038887016781560424,0
1041,1774286819.6773648,20,-0.12415051460266113,-1.2649297714233398,0.0,0.13877502379244788,1.2649297714233398,5.992770195007324,0.21107596825207375,0.0,0.0,0.0,20,-0.010373762675694051,-0.00545902676669753,0.0,0.039840232755030916,0
1042,1774286819.7775419,21,-0.06023475102015904,-1.2649297714233398,0.0,0.07256450460921099,1.2649297714233398,5.992770195007324,0.21107596825207375,0.0,0.0,0.0,21,-0.004461833408900669,-0.0023482619455726652,0.0,0.03694929652044472,0
1043,1774286819.8772774,19,0.0,0.0,0.0,0.0,0.0,5.992770195007324,0.0,0.0,0.0,0.0,19,0.05577291761125837,0.029359463464994014,0.0,0.03805904176544608,0
1044,1774286819.977379,21,-0.06023475102015904,-1.2649297714233398,0.0,0.07256450460921099,1.2649297714233398,6.043910980224609,0.20928994082840235,0.009206321977433703,0.1933327615261078,0.04117192352858409,21,0.053542000906808045,0.02818179906474075,0.0,0.03815549335760699,0
1045,1774286820.076857,23,-0.05092309868854025,-1.1712312698364258,0.0,0.05704956356094181,1.1712312698364258,6.043910980224609,0.1937869822485207,0.05043463344159334,0.3866655230522156,0.13022166359424442,23,0.004849818922718116,0.00255320607228618,0.0,0.034497664342951234,0
1046,1774286820.176983,22,0.0,0.0,0.0,0.0,0.0,6.043910980224609,0.0,0.043939263983206314,0.3866655230522156,0.1155861571389514,22,0.05577291761125837,0.02935755118258222,0.0,0.03523481927568481,0
1047,1774286820.2772555,23,-0.05092309868854025,-1.1712312698364258,0.0,0.05704956356094181,1.1712312698364258,6.043910980224609,0.1937869822485207,0.016811544480531113,0.3866655230522156,0.0788531331784557,23,-0.05092309868854025,-0.026802702434782586,0.020714224449225833,0.03511237613552497,0
1048,1774286820.3772926,22,0.0,0.0,0.0,0.0,0.0,6.043910980224609,0.0,0.07909067516977136,0.5799982845783234,0.19904050096851772,22,0.0,0.0,0.019333276152610778,0.03511237613552497,0
1049,1774286820.477293,24,0.0,0.0,0.0,0.0,0.0,6.043910980224609,0.0,0.008055531730254492,0.1933327615261078,0.03863297300900034,24,0.0,0.0,0.018124946393072605,0.03511237613552497,0
1050,1774286820.5775356,23,0.0,0.0,0.0,0.0,0.0,6.043910980224609,0.0,0.016811544480531113,0.1933327615261078,0.054475630259036005,23,0.0,0.0,0.0,0.03511237613552497,0
1051,1774286820.677464,23,-0.11203081711478856,-1.3117790222167969,0.0,0.13183220600620843,1.3117790222167969,6.043910980224609,0.2170414201183432,0.016811544480531113,0.1933327615261078,0.054475630259036005,23,-0.05402698279907985,-0.02843016896740583,0.0,0.03783801928502142,0
1052,1774286820.7770164,22,0.0,0.0,0.0,0.0,0.0,6.043910980224609,0.0,0.017575705593282528,0.1933327615261078,0.05557926115933376,22,0.06090402603149414,0.03206102501400042,0.0,0.038643126580882876,0
1053,1774286820.8772657,23,0.0,0.0,0.0,0.0,0.0,6.043910980224609,0.0,0.0,0.0,0.0,23,0.06023475102015904,0.03170247507685318,0.0,0.0391281094708482,0
1054,1774286820.9768424,21,0.0,0.0,0.0,0.0,0.0,6.043910980224609,0.0,0.018412643954867407,0.1933327615261078,0.056751580113533366,21,0.06023475102015904,0.031706115486670586,0.0,0.03939652217708787,0
1055,1774286821.077259,20,0.0,0.0,0.0,0.0,0.0,6.043910980224609,0.0,0.0,0.0,0.0,20,0.06324648857116699,0.033288755910942366,0.0,0.03943376525751211,0
1056,1774286821.1778908,23,0.10388312132462212,0.0,1.2180805206298828,0.1133605945899674,1.2180805206298828,5.992770195007324,0.20325833979829325,0.04202886120132778,0.3866655230522156,0.1134000673097237,23,0.16411787234478115,0.08632653108294572,0.0,0.04807389428655017,0
1057,1774286821.2778647,24,0.048801302909851074,0.0,1.1712312698364258,0.054776044811077895,1.1712312698364258,6.043910980224609,0.1937869822485207,0.04833319038152695,0.3866655230522156,0.11505600661093679,24,0.048801302909851074,0.025670055061680245,0.0,0.04944908048457753,0
1058,1774286821.3778899,25,0.0,0.0,0.0,0.0,0.0,6.043910980224609,0.0,0.015466620922088623,0.1933327615261078,0.05244986340875713,25,0.0,0.0,0.0,0.04944908048457752,0
1059,1774286821.4776664,22,0.0,0.0,0.0,0.0,0.0,5.992770195007324,0.0,0.0,0.0,0.0,22,0.0,0.0,0.0,0.04944908048457753,0
1060,1774286821.5777795,23,0.0,0.0,0.0,0.0,0.0,6.043910980224609,0.0,0.0,0.0,0.0,23,0.12415051460266113,0.06532811720408079,0.0,0.04944908048457752,0
1061,1774286821.6772923,22,0.0,0.0,0.0,0.0,0.0,6.043910980224609,0.0,0.017575705593282528,0.1933327615261078,0.05557926115933376,22,0.06023475102015904,0.03170666460464281,0.003169389533214882,0.042729903274732535,0
1062,1774286821.7776947,24,0.0,0.0,0.0,0.0,0.0,6.043910980224609,0.0,0.03222212692101797,0.3866655230522156,0.09113793780042166,24,0.0,0.0,0.02148141794734531,0.04111051767815128,0
1063,1774286821.877559,22,0.0,0.0,0.0,0.0,0.0,5.992770195007324,0.0,0.05272711677984758,0.5799982845783234,0.13269366731234516,22,0.06023475102015904,0.031699499712526676,0.035151411186565056,0.041110517678151284,0
1064,1774286821.9778025,19,0.0,0.0,0.0,0.0,0.0,6.043910980224609,0.0,0.010175408501374094,0.1933327615261078,0.04317060211598919,19,0.05092309868854025,0.026788301241021155,0.036960674997638256,0.03919392258387615,0
1065,1774286822.0773585,23,0.0,0.0,0.0,0.0,0.0,6.043910980224609,0.0,0.033623088961062225,0.3866655230522156,0.10895126051807201,23,0.0,0.0,0.046169017677876484,0.037624501925235546,0
1066,1774286822.177917,23,-0.19554469896399457,-4.497528076171875,0.0,0.8412300444442241,4.497528076171875,6.043910980224609,0.7441420118343195,0.02521731672079667,0.3866655230522156,0.08654272203514987,23,-0.14462160027545432,-0.07609014160167285,0.033623088961062225,0.05676138267650808,0
1067,1774286822.277833,21,0.0,0.0,0.0,0.0,0.0,6.043910980224609,0.0,0.009206321977433703,0.1933327615261078,0.04117192352858409,21,0.0,0.0,0.033623088961062225,0.05601889896344605,0
1068,1774286822.3778133,19,0.0,0.0,0.0,0.0,0.0,6.043910980224609,0.0,0.061052451008244565,0.3866655230522156,0.14099459609718576,19,0.0,0.0,0.013809482966150557,0.05601889896344605,0
1069,1774286822.477414,20,-0.22487640380859375,-4.497528076171875,0.0,0.9608185428078286,4.497528076171875,6.043910980224609,0.7441420118343195,0.009666638076305389,0.1933327615261078,0.042135898498397606,20,-0.22487640380859375,-0.11836358577915228,0.01705877307583304,0.07325303160632107,0
1070,1774286822.5772617,19,-0.07890400133634869,-1.499176025390625,0.0,0.1120651456839573,1.499176025390625,6.043910980224609,0.24804733727810652,0.061052451008244565,0.3866655230522156,0.14099459609718576,19,0.03312681577843987,0.017437022985217286,0.011372515383888693,0.07424222674712344,0
1071,1774286822.6772568,20,0.0,0.0,0.0,0.0,0.0,6.043910980224609,0.0,0.019333276152610778,0.1933327615261078,0.05799982845783234,20,0.0,0.0,0.01171713706218835,0.071483651880813,0
1072,1774286822.7773376,19,0.0,0.0,0.0,0.0,0.0,5.860805511474609,0.0,0.0,0.0,0.0,19,0.0,0.0,0.006041648797690868,0.071483651880813,0
1073,1774286822.87781,19,-0.08136975137810958,-1.546025276184082,0.0,0.1191786559080366,1.546025276184082,5.677700042724609,0.27229780801209374,0.030526225504122283,0.1933327615261078,0.07049729804859288,19,-0.08136975137810958,-0.042804386284842254,0.02114577079191804,0.07268687218054623,0
1074,1774286822.977451,19,-0.08136975137810958,-1.546025276184082,0.0,0.1191786559080366,1.546025276184082,5.677700042724609,0.27229780801209374,0.040701634005496375,0.1933327615261078,0.07881837533335848,19,-0.08136975137810958,-0.04282185717136542,0.03174119965354009,0.07364608004753681,0
1075,1774286823.0772629,16,-0.09662657976150513,-1.546025276184082,0.0,0.14005043874609768,1.546025276184082,5.677700042724609,0.27229780801209374,0.07249978557229042,0.3866655230522156,0.13455390747407225,16,-0.20050970108612726,-0.1055663084650443,0.03490730416443613,0.0749742611712049,0
1076,1774286823.1776922,15,-0.10306835174560547,-1.546025276184082,0.0,0.14872319184178195,1.546025276184082,5.677700042724609,0.27229780801209374,0.038666552305221556,0.1933327615261078,0.07733310461044311,15,-0.15186965465545654,-0.07993865560370933,0.021783973129702285,0.06984673727945902,0
1077,1774286823.2773318,18,-0.08589029312133789,-1.546025276184082,0.0,0.12541142169197883,1.546025276184082,5.677700042724609,0.27229780801209374,0.03222212692101797,0.1933327615261078,0.07205086617502215,18,-0.08589029312133789,-0.04521869846213748,0.005523793186460222,0.06734610379684228,0
1078,1774286823.3774261,22,0.0,0.0,0.0,0.0,0.0,5.860805511474609,0.0,0.017575705593282528,0.1933327615261078,0.05557926115933376,22,0.0,0.0,0.0057711272097345605,0.06734610379684228,0
1079,1774286823.4778593,23,-0.054996946583623474,-1.2649297714233398,0.0,0.06654261093748251,1.2649297714233398,5.860805511474609,0.2158286551134977,0.008405772240265556,0.1933327615261078,0.03942656658922785,23,-0.054996946583623474,-0.028944546798283042,0.016811544480531113,0.0664724003413761,0
1080,1774286823.5772116,19,-0.2046572534661544,-1.546025276184082,0.0,0.22854431566080483,1.546025276184082,5.860805511474609,0.26379057847205273,0.0,0.0,0.0,19,-0.2046572534661544,-0.10771892076651383,0.03411754615166608,0.0733628204166049,0
1081,1774286823.677394,20,0.0,0.0,0.0,0.0,0.0,5.992770195007324,0.0,0.0,0.0,0.0,20,0.0,0.0,0.032717851950572086,0.0733628204166049,0
1082,1774286823.7775707,20,-0.06324648857116699,-1.2649297714233398,0.0,0.07600224801507238,1.2649297714233398,5.860805511474609,0.2158286551134977,0.0,0.0,0.0,20,-0.06324648857116699,-0.033287419218953104,0.033229068387299776,0.0720438778547632,0
1083,1774286823.8774185,19,-0.16027375271445826,-1.546025276184082,0.0,0.21840300364904044,1.546025276184082,5.860805511474609,0.26379057847205273,0.0,0.0,0.0,19,-0.16027375271445826,-0.08437165851322784,0.023794801418597883,0.07343231875630468,0
1084,1774286823.9778085,20,-0.12415051460266113,-1.2649297714233398,0.0,0.13877502379244788,1.2649297714233398,5.860805511474609,0.2158286551134977,0.019333276152610778,0.1933327615261078,0.05799982845783234,20,-0.12415051460266113,-0.06532690424679764,0.023084508838938242,0.07236194944274273,0
1085,1774286824.0776043,20,0.0,0.0,0.0,0.0,0.0,5.860805511474609,0.0,0.02899991422891617,0.1933327615261078,0.06903360396656207,20,0.19554469896399457,0.10293520411154986,0.030687739924779012,0.07236194944274273,0
1086,1774286824.1775062,23,0.0,0.0,0.0,0.0,0.0,6.043910980224609,0.0,0.02521731672079667,0.1933327615261078,0.06511083179712221,23,0.0,0.0,0.02577770153681437,0.06891376003963526,0
1087,1774286824.2775931,22,0.0,0.0,0.0,0.0,0.0,6.043910980224609,0.0,0.008787852796641264,0.1933327615261078,0.04027100063673795,22,0.0,0.0,0.043333205169644846,0.06891376003963526,0
1088,1774286824.377948,23,0.0,0.0,0.0,0.0,0.0,6.043910980224609,0.0,0.05043463344159334,0.7733310461044312,0.163426890777108,23,0.22487640380859375,0.1183227375606197,0.0294914381988978,0.06891376003963524,0
1089,1774286824.477639,25,-0.007495880126953125,-1.2649297714233398,1.0775327682495117,0.1103887795125047,2.3424625396728516,6.043910980224609,0.3875739644970414,0.007733310461044311,0.1933327615261078,0.03788532930417179,25,0.07140812120939556,0.037575760457102286,0.026666587796704524,0.0598571489193912,0
1090,1774286824.5774333,25,0.0,0.0,0.0,0.0,0.0,6.043910980224609,0.0,0.015466620922088623,0.1933327615261078,0.05244986340875713,25,0.0,0.0,0.016666617372940326,0.060881713213221104,0
1091,1774286824.6773477,24,-0.10345876216888428,-1.2649297714233398,0.0,0.11778659625427679,1.2649297714233398,6.043910980224609,0.20928994082840235,0.06444425384203593,0.5799982845783234,0.17352146390608725,24,-0.10345876216888428,-0.054451690378732175,0.023742619836539552,0.06053966359817147,0
1092,1774286824.7776139,22,0.0,0.0,0.0,0.0,0.0,6.043910980224609,0.0,0.043939263983206314,0.3866655230522156,0.1155861571389514,22,0.08136975137810958,0.042830606026489845,0.04654307221924817,0.06053966359817147,0
1093,1774286824.877329,23,-0.05092309868854025,-1.1712312698364258,0.0,0.05704956356094181,1.1712312698364258,5.992770195007324,0.19544071134451274,0.016811544480531113,0.3866655230522156,0.0788531331784557,23,0.030446652689569323,0.016025582846924614,0.050266517996788024,0.06032359101219382,0
1094,1774286824.9773626,23,-0.11406774106233017,-1.405477523803711,0.0,0.13738364717308402,1.405477523803711,6.043910980224609,0.23254437869822486,0.016811544480531113,0.1933327615261078,0.054475630259036005,23,-0.017441161300825042,-0.00917907665692159,0.047346798741087624,0.06140059472451327,0
1095,1774286825.0774374,23,-0.0611077184262483,-1.405477523803711,0.0,0.0821513715277562,1.405477523803711,5.992770195007324,0.2345288536134153,0.008405772240265556,0.1933327615261078,0.03942656658922785,23,0.04196063331935717,0.02208750560188284,0.02812112894925204,0.06078103352606588,0
1096,1774286825.1775126,22,-0.06388534199107777,-1.405477523803711,0.0,0.08570807534765627,1.405477523803711,5.992770195007324,0.2345288536134153,0.0,0.0,0.0,22,0.022004951130260117,0.011580451153617109,0.018412643954867407,0.05987859458979844,0
1097,1774286825.2776387,23,-0.0611077184262483,-1.405477523803711,0.0,0.0821513715277562,1.405477523803711,6.043910980224609,0.23254437869822486,0.0,0.0,0.0,23,-0.0611077184262483,-0.03215835996226469,0.009062473196536303,0.05947554901217378,0
1098,1774286825.3773324,24,-0.14640390872955322,-1.2180805206298828,0.0,0.15022163579736514,1.2180805206298828,5.992770195007324,0.20325833979829325,0.04833319038152695,0.5799982845783234,0.16030305741633943,24,-0.09140696214592975,-0.04812227022331729,0.003118270347195287,0.061421985180414695,0
1099,1774286825.4773989,20,0.0,0.0,0.0,0.0,0.0,5.992770195007324,0.0,0.02899991422891617,0.5799982845783234,0.12640769549519285,20,0.2046572534661544,0.10770372921958424,0.0,0.0628345843837867,0
1100,1774286825.5821085,21,-0.16731875283377512,-1.2180805206298828,0.0,0.16818242385147172,1.2180805206298828,5.992770195007324,0.20325833979829325,0.11047586372920445,0.7733310461044312,0.24287945485181833,21,-0.16731875283377512,-0.08784452757829993,0.0,0.05888087000151194,0
1101,1774286825.6821356,18,-0.06767114003499348,-1.2180805206298828,0.0,0.07784951429180688,1.2180805206298828,5.992770195007324,0.20325833979829325,0.07518496281570858,0.5799982845783234,0.17218666359240195,18,-0.004424651463826493,-0.002323182351308399,0.006553652933088399,0.057483522289982644,0
1102,1774286825.7823014,18,0.0,0.0,0.0,0.0,0.0,5.992770195007324,0.0,0.06444425384203593,0.3866655230522156,0.1441017323500443,18,0.16027375271445826,0.08413837514762999,0.016384132332721,0.058915337621451964,0
1103,1774286825.8825417,20,0.0,0.0,0.0,0.0,0.0,5.992770195007324,0.0,0.019333276152610778,0.3866655230522156,0.08427179699679521,20,0.12415051460266113,0.06518000307922238,0.02455019193982321,0.05501135583242494,0
1104,1774286825.9825082,21,0.0,0.0,0.0,0.0,0.0,5.992770195007324,0.0,0.08285689779690333,0.5799982845783234,0.1746776779293347,21,0.0,0.0,0.020820451241273148,0.05308184926487549,0
1105,1774286826.0820062,20,-0.06324648857116699,-1.2649297714233398,0.0,0.07600224801507238,1.2649297714233398,5.992770195007324,0.21107596825207375,0.02899991422891617,0.1933327615261078,0.06903360396656207,20,-0.06324648857116699,-0.033208972600578965,0.028431288459721732,0.052354228387527534,0
1106,1774286826.1825094,21,-0.06692750113351005,-1.405477523803711,0.0,0.08958580815951979,1.405477523803711,5.992770195007324,0.2345288536134153,0.027618965932301114,0.1933327615261078,0.06765237375744962,21,-0.06692750113351005,-0.035134090463148845,0.02209517274584089,0.0514812606543711,0
1107,1774286826.281985,21,-0.18962791987827846,-1.405477523803711,0.0,0.21749443425394518,1.405477523803711,6.043910980224609,0.23254437869822486,0.018412643954867407,0.1933327615261078,0.056751580113533366,21,-0.18962791987827846,-0.09959256044020716,0.023835545941574932,0.05861090931754653,0
1108,1774286826.3776677,23,-0.0611077184262483,-1.405477523803711,0.0,0.0821513715277562,1.405477523803711,5.992770195007324,0.2345288536134153,0.06724617792212445,0.5799982845783234,0.14655964695094822,23,-0.053611838299295174,-0.028216330701410205,0.028738653740367374,0.057071846439465036,0
1109,1774286826.4775827,23,-0.4216432571411133,-1.405477523803711,0.0,0.3359078302468254,1.405477523803711,5.992770195007324,0.2345288536134153,0.0,0.0,0.0,23,-0.4216432571411133,-0.22190006178320068,0.04084494961819179,0.09580937778023738,0
1110,1774286826.5771985,23,-0.4399755726689878,-1.405477523803711,0.0,0.36563169012686814,1.405477523803711,6.043910980224609,0.23254437869822486,0.0,0.0,0.0,23,-0.3365168105001035,-0.17712801577348383,0.04202886120132778,0.12153156959641286,0
1111,1774286826.6774638,23,-0.1609169918557872,-1.405477523803711,0.0,0.17460070791065843,1.405477523803711,6.043910980224609,0.23254437869822486,0.008405772240265556,0.1933327615261078,0.03942656658922785,23,-0.1609169918557872,-0.08469984526775715,0.02558815961374956,0.12216411149066424,0
1112,1774286826.7774317,22,-0.29387257315895776,-1.405477523803711,0.0,0.2957427429562301,1.405477523803711,5.992770195007324,0.2345288536134153,0.02636355838992379,0.1933327615261078,0.06634683365617257,22,-0.2429494744704175,-0.12786123891779497,0.014009620400442593,0.12604667537000147,0
1113,1774286826.8777268,22,-0.22998723116787997,-1.405477523803711,0.0,0.2394202934420562,1.405477523803711,6.043910980224609,0.23254437869822486,0.035151411186565056,0.3866655230522156,0.11115852231866752,22,-0.1159194901055498,-0.06099856675509481,0.00852938653791652,0.12707163121989812,0
1114,1774286826.9776883,20,-0.1311779022216797,-1.405477523803711,0.0,0.1557467192014883,1.405477523803711,5.992770195007324,0.2345288536134153,0.06766646653413773,0.3866655230522156,0.14041602881557533,20,-0.0700701837954314,-0.0368741745437601,0.0028431288459721733,0.1270160874360326,0
1115,1774286827.0777678,22,-0.057496807791969994,-1.2649297714233398,0.0,0.06942354103160155,1.2649297714233398,5.992770195007324,0.21107596825207375,0.06151496957648884,0.3866655230522156,0.1352872741826749,22,0.00638853419910778,0.003361934853903487,0.016811544480531113,0.127118256785926,0
1116,1774286827.1777837,23,-0.25665241739024286,-1.2180805206298828,0.0,0.2374008674785432,1.2180805206298828,5.992770195007324,0.20325833979829325,0.033623088961062225,0.1933327615261078,0.07327982347547411,23,-0.19554469896399457,-0.10291040600631915,0.025970072443805524,0.12894991177994472,0
1117,1774286827.2777536,22,-0.22998723116787997,-1.405477523803711,0.0,0.2394202934420562,1.405477523803711,5.992770195007324,0.2345288536134153,0.035151411186565056,0.1933327615261078,0.07456740365489042,22,-0.08358332243832675,-0.04398147366690365,0.06246135372381944,0.1289871523759872,0
1118,1774286827.3772655,23,-0.05092309868854025,-1.1712312698364258,0.0,0.05704956356094181,1.1712312698364258,5.992770195007324,0.19544071134451274,0.0,0.0,0.0,23,-0.05092309868854025,-0.026803513046018662,0.0720901822639724,0.13075712974664314,0
1119,1774286827.477343,23,-0.0998092734295389,-1.1712312698364258,0.0,0.10464757033702358,1.1712312698364258,5.992770195007324,0.19544071134451274,0.0,0.0,0.0,23,0.06750947940423623,0.03562064556302034,0.08479507084478412,0.1270004137889775,0
1120,1774286827.5772738,20,-0.17568469047546387,-1.2180805206298828,0.0,0.17512177787892824,1.2180805206298828,5.992770195007324,0.20325833979829325,0.019333276152610778,0.1933327615261078,0.05799982845783234,20,-0.10801355044047038,-0.05699507656473161,0.05178556112306459,0.12707244387423983,0
1121,1774286827.6772223,21,0.0,0.0,0.0,0.0,0.0,6.043910980224609,0.0,0.0,0.0,0.0,21,0.0,0.0,0.055706049931251396,0.1300805194698211,0
1122,1774286827.7777247,20,-0.17802715301513672,-1.2649297714233398,0.0,0.1801095797304697,1.2649297714233398,5.992770195007324,0.21107596825207375,0.0,0.0,0.0,20,-0.17802715301513672,-0.09393665144709241,0.04437145346500834,0.12577420417661497,0
1123,1774286827.8773696,21,-0.1093149185180664,-1.1712312698364258,0.0,0.11357489678890229,1.1712312698364258,5.992770195007324,0.19544071134451274,0.0,0.0,0.0,21,-0.1093149185180664,-0.057690190465705164,0.0467740552079293,0.12119621067601054,0
1124,1774286827.9773276,23,-0.203692394754161,-1.2180805206298828,0.0,0.19727116720498475,1.2180805206298828,5.992770195007324,0.20325833979829325,0.0,0.0,0.0,23,-0.14044590618299402,-0.07410136796189529,0.024946162777562297,0.11568735946635425,0
1125,1774286828.077287,23,-0.0998092734295389,-1.1712312698364258,0.0,0.10464757033702358,1.1712312698364258,6.043910980224609,0.1937869822485207,0.0,0.0,0.0,23,-0.032881772296028844,-0.017353895992791864,0.038666552305221556,0.11425005495743444,0
1126,1774286828.177763,23,-0.1609169918557872,-1.405477523803711,0.0,0.17460070791065843,1.405477523803711,5.992770195007324,0.2345288536134153,0.0,0.0,0.0,23,0.028710928022491256,0.015144668268020307,0.028855636048672806,0.11170184903626561,0
1127,1774286828.2773163,23,-0.11203081711478856,-1.405477523803711,0.0,0.1329773463365953,1.405477523803711,5.992770195007324,0.2345288536134153,0.0,0.0,0.0,23,-0.05092309868854026,-0.026806587760004535,0.02241539264070815,0.11255864272618236,0
1128,1774286828.3778121,21,-0.06692750113351005,-1.405477523803711,0.0,0.08958580815951979,1.405477523803711,5.992770195007324,0.2345288536134153,0.0,0.0,0.0,21,0.35471575600760324,0.1866699599110824,0.0028019240800885186,0.11227448037328369,0
1129,1774286828.4778042,21,-0.05577291761125837,-1.1712312698364258,0.0,0.06221236677744429,1.1712312698364258,5.992770195007324,0.19544071134451274,0.0,0.0,0.0,21,0.38420265505772944,0.20214748350597134,0.011372515383888693,0.09950536817381282,0
1130,1774286828.5776699,23,-0.3666463105574898,-1.405477523803711,0.0,0.3096940744229686,1.405477523803711,6.043910980224609,0.23254437869822486,0.0,0.0,0.0,23,-0.2057293187017026,-0.1082668453124621,0.023084508838938242,0.08984312463970698,0
1131,1774286828.6775534,21,-0.36140850612095426,-1.405477523803711,0.0,0.3298848075794049,1.405477523803711,5.992770195007324,0.2345288536134153,0.0,0.0,0.0,21,-0.0675359329619965,-0.03554295146387585,0.04229154158383608,0.1007981635984654,0
1132,1774286828.7778616,20,-0.07027387619018555,-1.405477523803711,0.0,0.09382993582107702,1.405477523803711,5.992770195007324,0.2345288536134153,0.0,0.0,0.0,20,0.15971335497769443,0.08405369704347601,0.054374839179217815,0.09791117631468292,0
1133,1774286828.877888,20,-0.1311779022216797,-1.405477523803711,0.0,0.1557467192014883,1.405477523803711,5.992770195007324,0.2345288536134153,0.0,0.0,0.0,20,0.0,0.0,0.053538303191845237,0.09627137238693852,0
1134,1774286828.977545,17,-0.08267514845904182,-1.405477523803711,0.0,0.10936288276359368,1.405477523803711,5.992770195007324,0.2345288536134153,0.0,0.0,0.0,17,-0.02517834066707183,-0.013253312552498968,0.04328345407300921,0.0972176036027107,0
1135,1774286829.0780432,19,-0.1331505022550884,-1.405477523803711,0.0,0.1527763118894574,1.405477523803711,5.992770195007324,0.2345288536134153,0.0,0.0,0.0,19,0.12350191513515446,0.06499213158745755,0.022745030767777386,0.09525111134666435,0
1136,1774286829.1778803,21,-0.1093149185180664,-1.1712312698364258,0.0,0.11357489678890229,1.1712312698364258,5.992770195007324,0.19544071134451274,0.0,0.0,0.0,21,0.12067231264981357,0.06350750869779105,0.011372515383888693,0.09215163980438165,0
1137,1774286829.2773538,18,0.0,0.0,0.0,0.0,0.0,5.992770195007324,0.0,0.0,0.0,0.0,18,0.05092309868854025,0.026800385231601484,0.005858568531094175,0.09450914987398992,0
1138,1774286829.3775673,22,0.0,0.0,0.0,0.0,0.0,6.043910980224609,0.0,0.0,0.0,0.0,22,0.0998092734295389,0.052524998347905104,0.006041648797690868,0.09720893988372623,0
1139,1774286829.4775877,20,0.0,0.0,0.0,0.0,0.0,6.043910980224609,0.0,0.0,0.0,0.0,20,0.17568469047546387,0.09245035502190956,0.006338779066429764,0.1009083510734746,0
1140,1774286829.5773618,21,0.0,0.0,0.0,0.0,0.0,6.043910980224609,0.0,0.0,0.0,0.0,21,0.0,0.0,0.0,0.10336862068605343,0
1141,1774286829.6777287,20,0.0,0.0,0.0,0.0,0.0,5.992770195007324,0.0,0.0,0.0,0.0,20,0.17802715301513672,0.09369830876246707,0.0,0.10336862068605343,0
1142,1774286829.777706,19,0.0,0.0,0.0,0.0,0.0,5.992770195007324,0.0,0.0,0.0,0.0,19,0.1093149185180664,0.05752398693797747,0.0,0.10495747857900517,0
1143,1774286829.877711,21,0.0,0.0,0.0,0.0,0.0,5.992770195007324,0.0,0.0,0.0,0.0,21,0.203692394754161,0.10718489068543009,0.0,0.10731428120177233,0
1144,1774286829.9773166,19,0.0,0.0,0.0,0.0,0.0,5.992770195007324,0.0,0.0,0.0,0.0,19,0.0998092734295389,0.05253037653518573,0.0,0.10643292205383606,0
1145,1774286830.0774133,20,-0.17802715301513672,-1.2180805206298828,0.0,0.17967060927048806,1.2180805206298828,5.992770195007324,0.20325833979829325,0.0,0.0,0.0,20,-0.01711016115934952,-0.009007005574286558,0.0,0.10823499079631914,0
1146,1774286830.1778116,18,-0.06506840387980144,-1.1712312698364258,0.0,0.0719762521189043,1.1712312698364258,5.992770195007324,0.19544071134451274,0.0,0.0,0.0,18,0.04696241323498712,0.024710618049624485,0.0,0.10716826708711044,0
1147,1774286830.277908,20,-0.11478066444396973,-1.1712312698364258,0.0,0.11862627967929029,1.1712312698364258,5.992770195007324,0.19544071134451274,0.0,0.0,0.0,20,-0.047853163310459676,-0.025184603741441113,0.0,0.10720253364181409,0
1148,1774286830.3774369,18,-0.1275340716044108,-1.1712312698364258,0.0,0.13018048347943376,1.1712312698364258,5.992770195007324,0.19544071134451274,0.0,0.0,0.0,18,-0.07176115399315243,-0.03777633133112053,0.0,0.10745535333310378,0
1149,1774286830.4776487,21,-0.058003834315708706,-1.2180805206298828,0.0,0.06728889590648375,1.2180805206298828,6.043910980224609,0.20153846153846153,0.0,0.0,0.0,21,0.3086424762417811,0.1624452145873647,0.0,0.10742113432832043,0
1150,1774286830.577415,21,-0.05354200090680804,-1.1243820190429688,0.0,0.05733491722209268,1.1243820190429688,5.992770195007324,0.18762308289073223,0.0,0.0,0.0,21,0.3078665052141462,0.16204680877772012,0.0,0.08678121609204378,0
1151,1774286830.6777472,19,-0.05917800100226151,-1.1243820190429688,0.0,0.06303664444722595,1.1243820190429688,5.992770195007324,0.18762308289073223,0.0,0.0,0.0,19,0.011095875187924036,0.005840285788746234,0.0,0.05648817699127752,0
1152,1774286830.77722,19,-0.1257532521298057,-1.2180805206298828,0.0,0.13447574285144137,1.2180805206298828,5.992770195007324,0.20325833979829325,0.0,0.0,0.0,19,0.005424650091873984,0.0028560830644884724,0.0,0.058300152144129924,0
1153,1774286830.8778455,18,0.0,0.0,0.0,0.0,0.0,5.992770195007324,0.0,0.0,0.0,0.0,18,0.08267514845904182,0.043506355093955056,0.0,0.057512022784800304,0
1154,1774286830.978008,19,0.0,0.0,0.0,0.0,0.0,5.992770195007324,0.0,0.0,0.0,0.0,19,0.1331505022550884,0.07008050969948994,0.0,0.05836440958772111,0
1155,1774286831.0782151,21,-0.058003834315708706,-1.2180805206298828,0.0,0.06728889590648374,1.2180805206298828,5.992770195007324,0.20325833979829325,0.0,0.0,0.0,21,0.0513110842023577,0.027001075418869754,0.0,0.05530768191530379,0
1156,1774286831.1775503,21,-0.11823858533586774,-1.2649297714233398,0.0,0.1328657074792522,1.2649297714233398,5.992770195007324,0.21107596825207375,0.0,0.0,0.0,21,-0.11823858533586774,-0.06222439736258177,0.0,0.05583833079023317,0
1157,1774286831.2772765,22,-0.1128641041842374,-1.2649297714233398,0.0,0.12743294313992004,1.2649297714233398,5.992770195007324,0.21107596825207375,0.0,0.0,0.0,22,-0.1128641041842374,-0.059411252373112865,0.0,0.056411846386107786,0
1158,1774286831.3773813,23,-0.10795696921970534,-1.2649297714233398,0.0,0.12242213981302906,1.2649297714233398,5.992770195007324,0.21107596825207375,0.0,0.0,0.0,23,-0.10795696921970534,-0.05682562979789031,0.0,0.056194205435989734,0
1159,1774286831.4772692,21,0.0,0.0,0.0,0.0,0.0,5.992770195007324,0.0,0.0,0.0,0.0,21,0.0,0.0,0.0,0.05619420543598973,0
1160,1774286831.5776641,20,0.0,0.0,0.0,0.0,0.0,5.992770195007324,0.0,0.0,0.0,0.0,20,0.0,0.0,0.0,0.056194205435989734,0
1161,1774286831.6773376,21,0.0,0.0,0.0,0.0,0.0,5.992770195007324,0.0,0.0,0.0,0.0,21,0.0,0.0,0.0,0.056194205435989734,0
1162,1774286831.7775834,21,0.0,0.0,0.0,0.0,0.0,6.043910980224609,0.0,0.0,0.0,0.0,21,0.0,0.0,0.0,0.056194205435989734,0
1163,1774286831.8775933,21,0.0,0.0,0.0,0.0,0.0,5.992770195007324,0.0,0.0,0.0,0.0,21,0.0,0.0,0.0,0.05619420543598973,0
1164,1774286831.977938,22,0.0,0.0,0.0,0.0,0.0,5.992770195007324,0.0,0.0,0.0,0.0,22,0.17802715301513672,0.09367263727802144,0.0,0.056194205435989734,0
1165,1774286832.0776055,21,0.0,0.0,0.0,0.0,0.0,5.992770195007324,0.0,0.0,0.0,0.0,21,0.06506840387980144,0.034250244269604706,0.0,0.05043111672916847,0
1166,1774286832.1779156,22,0.0,0.0,0.0,0.0,0.0,5.992770195007324,0.0,0.0,0.0,0.0,22,0.11478066444396973,0.06041063799431035,0.0,0.05144570416646731,0
1167,1774286832.277473,21,0.0,0.0,0.0,0.0,0.0,5.992770195007324,0.0,0.0,0.0,0.0,21,0.1275340716044108,0.06712192038585264,0.0,0.049920781285500225,0
1168,1774286832.3780015,22,-0.06388534199107777,-1.405477523803711,0.0,0.08570807534765627,1.405477523803711,5.992770195007324,0.2345288536134153,0.0,0.0,0.0,22,-0.005881507675369067,-0.003094955807134993,0.0,0.04619608392686095,0
1169,1774286832.4772458,21,0.0,0.0,0.0,0.0,0.0,5.992770195007324,0.0,0.0,0.0,0.0,21,0.05354200090680804,0.028182509934334753,0.0,0.04665954197439131,0
1170,1774286832.5777721,21,0.0,0.0,0.0,0.0,0.0,5.992770195007324,0.0,0.0,0.0,0.0,21,0.05917800100226151,0.03114590829083341,0.0,0.04705157797770731,0
1171,1774286832.677134,23,0.0,0.0,0.0,0.0,0.0,5.992770195007324,0.0,0.0,0.0,0.0,23,0.1257532521298057,0.06618891717817746,0.0,0.04712858551964421,0
1172,1774286832.7772353,20,0.0,0.0,0.0,0.0,0.0,5.992770195007324,0.0,0.0,0.0,0.0,20,0.0,0.0,0.0,0.04194965230412672,0
1173,1774286832.8771846,22,0.0,0.0,0.0,0.0,0.0,5.992770195007324,0.0,0.0,0.0,0.0,22,0.0,0.0,0.0,0.04194965230412672,0
1174,1774286832.976805,22,0.0,0.0,0.0,0.0,0.0,6.043910980224609,0.0,0.0,0.0,0.0,22,0.058003834315708706,0.030551008334864023,0.0,0.04194965230412672,0
1175,1774286833.0769186,23,-0.04888617474099864,-1.1243820190429688,0.0,0.05257687777776401,1.1243820190429688,5.992770195007324,0.18762308289073223,0.0,0.0,0.0,23,0.0693524105948691,0.036513408748165055,0.0,0.04161550235450195,0
1176,1774286833.17705,24,-0.14640390872955322,-1.2180805206298828,0.0,0.15022163579736514,1.2180805206298828,5.992770195007324,0.20325833979829325,0.0,0.0,0.0,24,-0.03353980454531583,-0.017654632418103042,0.0,0.045154446494044306,0
1177,1774286833.2769847,25,-0.09557247161865234,-1.2180805206298828,0.0,0.1050860163559264,1.2180805206298828,6.043910980224609,0.20153846153846153,0.0,0.0,0.0,25,0.012384497601052993,0.006519517609393215,0.0,0.04358286037132821,0
1178,1774286833.3772075,21,-0.06692750113351005,-1.405477523803711,0.0,0.08958580815951979,1.405477523803711,6.043910980224609,0.23254437869822486,0.0,0.0,0.0,21,-0.06692750113351005,-0.035226143685772905,0.0,0.040390704475009996,0
1179,1774286833.4767601,20,0.0,0.0,0.0,0.0,0.0,5.992770195007324,0.0,0.0,0.0,0.0,20,0.0,0.0,0.0,0.040390704475009996,0
1180,1774286833.5769632,24,0.0,0.0,0.0,0.0,0.0,5.992770195007324,0.0,0.016111063460508983,0.1933327615261078,0.05343435247211316,24,0.0,0.0,0.0,0.040390704475009996,0
1181,1774286833.6769233,23,-0.0998092734295389,-1.2180805206298828,0.0,0.10502928378048586,1.2180805206298828,5.992770195007324,0.20325833979829325,0.016811544480531113,0.1933327615261078,0.054475630259036005,23,-0.0998092734295389,-0.05254945293200596,0.0,0.043521985913601575,0
1182,1774286833.7767186,21,0.0,0.0,0.0,0.0,0.0,5.992770195007324,0.0,0.018412643954867407,0.1933327615261078,0.056751580113533366,21,0.0,0.0,0.0,0.043521985913601575,0
1183,1774286833.876745,23,-0.2057293187017026,-1.2649297714233398,0.0,0.20149490943807843,1.2649297714233398,5.992770195007324,0.21107596825207375,0.0,0.0,0.0,23,-0.2057293187017026,-0.10834661627782442,0.0,0.05803581716535563,0
1184,1774286833.9769466,23,-0.04888617474099864,-1.1243820190429688,0.0,0.05257687777776401,1.1243820190429688,5.992770195007324,0.18762308289073223,0.033623088961062225,0.1933327615261078,0.07327982347547411,23,-0.04888617474099864,-0.025738491404146153,0.0,0.057479742360751825,0
1185,1774286834.0768085,24,-0.10345876216888428,-1.2649297714233398,0.0,0.11778659625427679,1.2649297714233398,5.992770195007324,0.21107596825207375,0.016111063460508983,0.1933327615261078,0.05343435247211316,24,-0.10345876216888428,-0.05448372748487231,0.0,0.058402700748049007,0
1186,1774286834.1768122,22,-0.1128641041842374,-1.2649297714233398,0.0,0.12743294313992004,1.2649297714233398,5.992770195007324,0.21107596825207375,0.0,0.0,0.0,22,-0.1128641041842374,-0.05942282675981662,0.0,0.059326148014927055,0
1187,1774286834.277171,25,-0.24549007415771484,-1.2649297714233398,0.0,0.24130732949743106,1.2649297714233398,5.992770195007324,0.21107596825207375,0.007733310461044311,0.1933327615261078,0.03788532930417179,25,-0.18160473216663708,-0.09562323816926116,0.0,0.07186130533599455,0
1188,1774286834.376702,25,-0.050597190856933594,-1.2649297714233398,0.0,0.06144181734271115,1.2649297714233398,5.992770195007324,0.21107596825207375,0.0,0.0,0.0,25,-0.050597190856933594,-0.026637723570418947,0.0,0.07190125582663334,0
1189,1774286834.4768295,26,-0.1837932146512545,-1.2649297714233398,0.0,0.18621178861588322,1.2649297714233398,6.043910980224609,0.20928994082840235,0.022307626329935513,0.1933327615261078,0.06176702039910063,26,-0.1837932146512545,-0.09678128516970964,0.0,0.07515949192913177,0
1190,1774286834.5773685,26,-0.1783875318673941,-1.2649297714233398,0.0,0.17576026560788824,1.2649297714233398,5.992770195007324,0.21107596825207375,0.014871750886623677,0.1933327615261078,0.051517256266279406,26,-0.1783875318673941,-0.09387659025476881,0.0,0.07683930191894453,0
1191,1774286834.6770463,21,-0.21639892033168248,-1.2180805206298828,0.0,0.19951754874993494,1.2180805206298828,6.043910980224609,0.20153846153846153,0.018412643954867407,0.1933327615261078,0.056751580113533366,21,-0.21639892033168248,-0.11390549743051537,0.0,0.08007319477379539,0
1192,1774286834.7777348,21,-0.2699409212384905,-1.2180805206298828,0.0,0.2338886371471374,1.2180805206298828,5.992770195007324,0.20325833979829325,0.06444425384203593,0.3866655230522156,0.13778761052753638,21,-0.2699409212384905,-0.14203304474815992,0.0,0.08625055207675462,0
1193,1774286834.8771737,21,0.0,0.0,0.0,0.0,0.0,5.992770195007324,0.0,0.05523793186460223,0.3866655230522156,0.13530474751489924,21,0.0,0.0,0.0,0.08625055207675462,0
1194,1774286834.9772232,21,-0.11377675192696708,-1.2180805206298828,0.0,0.12303117653907386,1.2180805206298828,5.992770195007324,0.20325833979829325,0.06444425384203593,0.5799982845783234,0.1615702949816924,21,-0.06489057718596844,-0.03414746177645017,0.0,0.08291365082893733,0
1195,1774286835.0774965,21,0.0,0.0,0.0,0.0,0.0,5.992770195007324,0.0,0.11047586372920445,0.5799982845783234,0.22775182761842647,21,0.14640390872955322,0.07703658865519598,0.0,0.08534493114242264,0
1196,1774286835.1776788,19,0.0,0.0,0.0,0.0,0.0,5.992770195007324,0.0,0.061052451008244565,0.3866655230522156,0.14099459609718576,19,0.09557247161865234,0.0502829308604056,0.0,0.08788373575687802,0
1197,1774286835.2774985,19,-0.06164375104402241,-1.1712312698364258,0.0,0.06839913676999344,1.1712312698364258,6.043910980224609,0.1937869822485207,0.08140326801099275,0.5799982845783234,0.19144916848114543,19,0.005283750089487643,0.002780495294631257,0.005948700354649471,0.08827136293743716,0
1198,1774286835.377719,18,0.0,0.0,0.0,0.0,0.0,5.992770195007324,0.0,0.06444425384203593,0.5799982845783234,0.18227587560084332,18,0.0,0.0,0.011542254419469121,0.09061893721121034,0
1199,1774286835.4776778,17,0.0,0.0,0.0,0.0,0.0,6.043910980224609,0.0,0.0,0.0,0.0,17,0.0,0.0,0.01705877307583304,0.09061893721121034,0
