frame_idx,t,numPts,centroid_z,centroid_z_min,centroid_z_max,z_variance,bbox_height,bbox_width,aspect_ratio,doppler_mean,doppler_max,doppler_std,point_count,delta_z,delta_z_rate,doppler_post,window_z_std,label
0,1774279729.8460255,22,0.05323778499256481,-3.279447555541992,1.6865730285644531,0.8309103141733178,4.966020584106445,6.043910980224609,0.8216568047337278,0.0,0.0,0.0,22,nan,nan,nan,nan,0
1,1774279729.9514513,22,0.04046071659434925,-3.279447555541992,1.6865730285644531,0.8249243533553862,4.966020584106445,5.992770195007324,0.8286686161007341,0.0,0.0,0.0,22,-0.01277706839821556,-0.12119485171671125,0.0,0.00638853419910778,0
2,1774279730.0413733,21,-0.04684925079345703,-3.279447555541992,1.546025276184082,0.7383065069786555,4.825472831726074,5.992770195007324,0.8052157307393925,0.0,0.0,0.0,21,-0.10008703578602185,-0.5123530594392792,0.0,0.044476833688443164,0
3,1774279730.1462474,20,-0.1311779022216797,-3.279447555541992,1.405477523803711,0.6342245205814834,4.684925079345703,5.992770195007324,0.781762845378051,0.0,0.0,0.0,20,-0.1844156872142445,-0.6142645653788249,0.0,0.07432360881056896,0
4,1774279730.2512035,18,0.07808208465576172,0.0,1.405477523803711,0.10364580305122217,1.405477523803711,5.992770195007324,0.2345288536134153,0.0,0.0,0.0,18,0.024844299663196907,0.06131698998172659,0.0,0.0774116705598485,0
5,1774279730.3414629,22,0.12564117258245294,-0.4684925079345703,1.405477523803711,0.18185076875747958,1.8739700317382812,6.043910980224609,0.31005917159763313,0.02636355838992379,0.5799982845783234,0.12081300191021387,22,0.07240338758988812,0.14614033978668015,0.0,0.08502989331741674,0
6,1774279730.446974,23,0.0407384789508322,-0.4684925079345703,1.405477523803711,0.10922813165857122,1.8739700317382812,6.043910980224609,0.31005917159763313,0.016811544480531113,0.3866655230522156,0.0788531331784557,23,-0.012499306041732612,-0.020799294017507713,0.0,0.07905941370405004,0
7,1774279730.5560527,24,0.09955465793609619,-0.7495880126953125,1.405477523803711,0.2630736248843135,2.1550655364990234,6.043910980224609,0.3565680473372781,0.04833319038152695,0.5799982845783234,0.16030305741633943,24,0.04631687294353138,0.06523253162435586,0.0,0.07818038435417932,0
8,1774279730.6556668,24,0.07808208465576172,-0.4216432571411133,1.405477523803711,0.12650884784193295,1.8271207809448242,6.043910980224609,0.30230769230769233,0.12083297595381737,0.9666638076305389,0.3196940045496484,24,0.024844299663196907,0.030685561351821246,0.0,0.07509062099194937,0
9,1774279730.7555468,22,0.057496807791969994,0.0,0.8432865142822266,0.037099352614771215,0.8432865142822266,6.043910980224609,0.1395266272189349,0.166969203136184,1.1599965691566467,0.3966233588072725,22,0.004259022799405182,0.004682707932071135,0.0,0.07148861378577298,0
10,1774279730.8557148,25,0.07870674133300781,-0.4216432571411133,1.546025276184082,0.12496962231125508,1.9676685333251953,6.043910980224609,0.3255621301775148,0.09279972553253174,0.7733310461044312,0.2513028447219881,25,0.025468956340443,0.025224547350459755,0.0,0.06908607603250914,0
11,1774279730.9556823,23,0.03666463105574898,0.0,0.8432865142822266,0.029574493749992235,0.8432865142822266,6.043910980224609,0.1395266272189349,0.06724617792212445,0.3866655230522156,0.14655964695094822,23,-0.016573153936815833,-0.014935387027866301,0.0,0.06616870612067605,0
12,1774279731.0557117,22,0.09795752438631924,-0.5153417587280273,1.8271207809448242,0.1865443062169941,2.3424625396728516,6.043910980224609,0.3875739644970414,0.17575705593282526,1.5466620922088623,0.44740442192934254,22,0.04471973939375443,0.036968047136773007,0.0,0.06526460252335947,0
13,1774279731.155914,25,0.06371498107910156,-0.6558895111083984,1.8271207809448242,0.15379417859548994,2.4830102920532227,6.043910980224609,0.4108284023668639,0.1933327615261078,1.3533293306827545,0.41284580469911225,25,0.010477196086536751,0.007998539781256092,0.0,0.06304097072572429,0
14,1774279731.255564,24,-0.0956505537033081,-0.7495880126953125,0.4216432571411133,0.07562714166020612,1.1712312698364258,6.043910980224609,0.1937869822485207,0.14499957114458084,0.7733310461044312,0.2859430104688564,24,-0.14888833869587292,-0.10562913883353739,0.0,0.07066542129826944,0
15,1774279731.3554804,22,-0.01916560259732333,-0.4216432571411133,0.0,0.007713726781289065,0.4216432571411133,6.043910980224609,0.06976331360946746,0.18454490872946652,0.9666638076305389,0.37086404708066667,22,-0.07240338758988814,-0.04796657683756682,0.0,0.06982812084986127,0
16,1774279731.4558094,18,0.03904104232788086,-0.7027387619018555,1.405477523803711,0.13565406575821726,2.1082162857055664,6.043910980224609,0.3488165680473373,0.18259205255243513,1.1599965691566467,0.40998005101180446,18,-0.014196742664683952,-0.008819036376074573,0.0,0.06775042744507828,0
17,1774279731.5556405,18,0.0,0.0,0.0,0.0,0.0,6.043910980224609,0.0,0.08592567178938124,0.7733310461044312,0.2060425227146685,18,-0.05323778499256481,-0.03114021884299872,0.0,0.06633038949396773,0
18,1774279731.6556478,18,0.0,0.0,0.0,0.0,0.0,6.043910980224609,0.0,0.15036992563141716,1.1599965691566467,0.31277416646847317,18,-0.05323778499256481,-0.02941928011880922,0.0,0.06498399821240385,0
19,1774279731.7556207,19,-0.11095875187924034,-0.7495880126953125,0.0,0.06589420838339458,0.7495880126953125,5.992770195007324,0.12508205526048816,0.050877042506870473,0.5799982845783234,0.13802595633883452,19,-0.16419653687180516,-0.08598499434822707,0.0,0.07052916926140891,0
20,1774279731.8554318,18,0.0,0.0,0.0,0.0,0.0,6.043910980224609,0.0,0.10740708973672655,0.7733310461044312,0.2514335507304236,18,-0.04046071659434925,-0.021250594074629717,0.0,0.07039048302485587,0
21,1774279731.9554498,19,0.0,0.0,0.0,0.0,0.0,6.043910980224609,0.0,0.1628065360219855,0.7733310461044312,0.3152735013334339,19,0.04684925079345703,0.024476163393151083,0.0,0.07040126169330721,0
22,1774279732.0555892,17,0.0,0.0,0.0,0.0,0.0,6.043910980224609,0.0,0.2047052769099965,1.1599965691566467,0.4422139397498217,17,0.1311779022216797,0.0687032051506176,0.009666638076305389,0.06891525168390003,0
23,1774279732.1557934,18,-0.04684925079345703,-0.8432865142822266,0.0,0.03731248909843998,0.8432865142822266,5.992770195007324,0.14071731216804917,0.2148141794734531,0.9666638076305389,0.4018805307053145,18,-0.12493133544921875,-0.06559487478702007,0.015343869962389506,0.06161093795797896,0
24,1774279732.2556012,17,0.0,0.0,0.0,0.0,0.0,6.043910980224609,0.0,0.13647018460666432,0.7733310461044312,0.2948092931665478,17,-0.12564117258245294,-0.06563850243187722,0.030821164880973705,0.060663263858821,0
25,1774279732.356042,18,0.0,0.0,0.0,0.0,0.0,6.043910980224609,0.0,0.10740708973672655,0.7733310461044312,0.21588557853613438,18,-0.0407384789508322,-0.021339460795699188,0.06262892274789407,0.05595370730764386,0
26,1774279732.455556,18,0.0,0.0,0.0,0.0,0.0,6.043910980224609,0.0,0.17185134357876247,0.7733310461044312,0.3215044245642516,18,-0.09955465793609619,-0.05241089159987318,0.11047586372920445,0.05575601115368057,0
27,1774279732.555776,18,-0.10150671005249023,-0.9369850158691406,0.0,0.08248986560488447,0.9369850158691406,6.043910980224609,0.15502958579881657,0.17185134357876247,0.9666638076305389,0.35816681327829786,18,-0.17958879470825195,-0.09451499347209753,0.12525784549578814,0.05750969897316711,0
28,1774279732.655553,18,-0.05205472310384115,-0.9369850158691406,0.0,0.04606480135609874,0.9369850158691406,6.043910980224609,0.15502958579881657,0.2148141794734531,0.9666638076305389,0.4018805307053145,18,-0.10955153089581114,-0.057658509462478844,0.10771396713597434,0.056090284949313465,0
29,1774279732.7554054,19,-0.04931500083521793,-0.9369850158691406,0.0,0.04377544753279581,0.9369850158691406,6.043910980224609,0.15502958579881657,0.21368357852885597,1.1599965691566467,0.41557544305130295,19,-0.12802174216822573,-0.06739083736993502,0.11047586372920445,0.05518884769805385,0
30,1774279732.855768,20,0.0,0.0,0.0,0.0,0.0,6.043910980224609,0.0,0.17399948537349702,0.7733310461044312,0.31113963392569444,20,-0.03666463105574898,-0.019296304000552624,0.1463805194411959,0.051554330906695485,0
31,1774279732.9561815,20,0.0,0.0,0.0,0.0,0.0,6.043910980224609,0.0,0.06766646653413773,0.7733310461044312,0.1758690653643492,20,-0.09795752438631924,-0.05154384743121522,0.1715487883964055,0.05043431556480078,0
32,1774279733.0559082,20,0.0,0.0,0.0,0.0,0.0,6.043910980224609,0.0,0.0966663807630539,0.7733310461044312,0.23280347330957232,20,-0.06371498107910156,-0.033534304084762837,0.17427178503761828,0.043649282610864905,0
33,1774279733.1555548,20,-0.051534175872802734,-1.0306835174560547,0.0,0.050459654374890306,1.0306835174560547,6.043910980224609,0.17053254437869822,0.1836661234498024,1.3533293306827545,0.3841196493172142,20,0.04411637783050537,0.02321925869281487,0.16916616633534431,0.039838048250975304,0
34,1774279733.2556326,20,0.0,0.0,0.0,0.0,0.0,6.043910980224609,0.0,0.17399948537349702,0.9666638076305389,0.3559633648886691,20,0.01916560259732333,0.010086351257841289,0.153332879831051,0.0366077921612627,0
35,1774279733.3561118,19,0.0,0.0,0.0,0.0,0.0,6.043910980224609,0.0,0.21368357852885597,1.1599965691566467,0.41557544305130295,19,-0.03904104232788086,-0.02054464706241031,0.13962921665774453,0.03685706983236588,0
36,1774279733.4560044,19,0.0,0.0,0.0,0.0,0.0,6.043910980224609,0.0,0.15263112752061142,1.1599965691566467,0.3353256429986262,19,0.0,0.0,0.09490881020372564,0.034721416061109144,0
37,1774279733.55556,19,0.0,0.0,0.0,0.0,0.0,6.043910980224609,0.0,0.15263112752061142,0.7733310461044312,0.29805437247207,19,0.0,0.0,0.10193909244103865,0.034721416061109144,0
38,1774279733.655265,20,0.0,0.0,0.0,0.0,0.0,6.043910980224609,0.0,0.07733310461044311,0.3866655230522156,0.15466620922088622,20,0.11095875187924034,0.05841027581183612,0.10702349298766681,0.034721416061109144,0
39,1774279733.7560954,20,-0.11009573936462402,-1.1243820190429688,0.0,0.10914451774368672,1.1243820190429688,6.043910980224609,0.18603550295857987,0.11599965691566468,1.1599965691566467,0.2761344158662483,20,-0.11009573936462402,-0.057924894514662074,0.15753039828053228,0.03460946374622487,0
40,1774279733.8560803,22,-0.16610188917680221,-1.2649297714233398,0.0,0.17493517008524806,1.2649297714233398,6.043910980224609,0.20928994082840235,0.18454490872946652,1.1599965691566467,0.36625425829460573,22,-0.16610188917680221,-0.08739304743405187,0.1933327615261078,0.04654779860315861,0
41,1774279733.9559417,20,0.0,0.0,0.0,0.0,0.0,6.043910980224609,0.0,0.14499957114458084,0.7733310461044312,0.2924058154413547,20,0.0,0.0,0.18589688608279595,0.04654779860315861,0
42,1774279734.0563378,21,-0.11823858533586774,-1.2649297714233398,0.0,0.13286570747925225,1.2649297714233398,6.043910980224609,0.20928994082840235,0.17492011757124037,1.73999485373497,0.41724042515002707,21,-0.07138933454241071,-0.03756257120602753,0.15320709403955712,0.04989364706236068,0
43,1774279734.1560726,19,0.0,0.0,0.0,0.0,0.0,6.043910980224609,0.0,0.07122785950961866,0.5799982845783234,0.1684329809109104,19,0.0,0.0,0.13861594222626597,0.05036973764868965,0
44,1774279734.256206,20,-0.06324648857116699,-1.2649297714233398,0.0,0.07600224801507238,1.2649297714233398,6.043910980224609,0.20928994082840235,0.019333276152610778,0.3866655230522156,0.08427179699679521,20,-0.06324648857116699,-0.03328475033331803,0.15036992563141716,0.05021881793436036,0
45,1774279734.356661,21,0.0,0.0,0.0,0.0,0.0,6.043910980224609,0.0,0.0,0.0,0.0,21,0.0,0.0,0.1861722888769927,0.05021881793436036,0
46,1774279734.461024,22,0.16610188917680221,0.0,1.2649297714233398,0.17493517008524806,1.2649297714233398,6.043910980224609,0.20928994082840235,0.07909067516977136,0.5799982845783234,0.19904050096851772,22,0.2676085992292925,0.14045865736915508,0.2003630437634208,0.066512007806004,0
47,1774279734.560631,21,-0.058003834315708706,-1.2180805206298828,0.0,0.06728889590648375,1.2180805206298828,6.043910980224609,0.20153846153846153,0.05523793186460223,0.5799982845783234,0.17025474034060006,21,-0.005949111211867558,-0.0031227652711028663,0.20011636719369053,0.06473730414177653,0
48,1774279734.6605952,21,0.0,0.0,0.0,0.0,0.0,6.043910980224609,0.0,0.018412643954867407,0.3866655230522156,0.08234384705716818,21,0.04931500083521793,0.025884561245654664,0.15073401746103318,0.06464862035008206,0
49,1774279734.76116,24,0.0,0.0,0.0,0.0,0.0,6.043910980224609,0.0,0.024166595190763474,0.1933327615261078,0.06393880090992969,24,0.0,0.0,0.11277744422356288,0.06452000811096052,0
50,1774279734.8605294,23,0.0,0.0,0.0,0.0,0.0,6.043910980224609,0.0,0.02521731672079667,0.3866655230522156,0.08654272203514987,23,0.0,0.0,0.11599965691566468,0.06452000811096052,0
51,1774279734.9607384,23,-0.05296002263608186,-1.2180805206298828,0.0,0.06170480794751469,1.2180805206298828,6.043910980224609,0.20153846153846153,0.0,0.0,0.0,23,-0.05296002263608186,-0.027803014753431148,0.15144399652878443,0.06472898444031115,0
52,1774279735.0609033,23,0.0,0.0,0.0,0.0,0.0,6.043910980224609,0.0,0.0,0.0,0.0,23,0.051534175872802734,0.027047112278112635,0.19005593505956359,0.06472898444031115,0
53,1774279735.161262,22,-0.057496807791969994,-1.2649297714233398,0.0,0.06942354103160155,1.2649297714233398,6.043910980224609,0.20928994082840235,0.008787852796641264,0.1933327615261078,0.04027100063673795,22,-0.057496807791969994,-0.030172082724702343,0.17999946762775554,0.0648746529877938,0
54,1774279735.2607863,23,0.0,0.0,0.0,0.0,0.0,6.043910980224609,0.0,0.016811544480531113,0.1933327615261078,0.054475630259036005,23,0.0,0.0,0.1729819445233596,0.0648746529877938,0
55,1774279735.3606102,22,-0.17887895757501776,-1.358628273010254,0.0,0.20285151462705595,1.358628273010254,6.043910980224609,0.22479289940828404,0.0,0.0,0.0,22,-0.17887895757501776,-0.09391914664196205,0.12666629203434648,0.07291880257959368,0
56,1774279735.4607215,23,-0.05296002263608186,-1.2180805206298828,0.0,0.06170480794751469,1.2180805206298828,6.043910980224609,0.20153846153846153,0.016811544480531113,0.1933327615261078,0.054475630259036005,23,-0.05296002263608186,-0.027798181912934747,0.114688926329047,0.07267180922387177,0
57,1774279735.560718,21,0.0,0.0,0.0,0.0,0.0,6.043910980224609,0.0,0.0,0.0,0.0,21,0.0,0.0,0.12784908423500677,0.07267180922387177,0
58,1774279735.6613102,21,-0.06692750113351005,-1.405477523803711,0.0,0.08958580815951979,1.405477523803711,6.043910980224609,0.23254437869822486,0.027618965932301114,0.3866655230522156,0.09020316500993282,21,0.04316823823111397,0.022657937853688095,0.14967697666537377,0.07254260127324239,0
59,1774279735.7611632,22,-0.26618892496282404,-2.99835205078125,0.0,0.5246467915976929,2.99835205078125,6.043910980224609,0.49609467455621303,0.02636355838992379,0.1933327615261078,0.06634683365617257,22,-0.10008703578602182,-0.05253683901582774,0.16878256958628457,0.0868680961698557,0
60,1774279735.8614268,21,0.0,0.0,0.0,0.0,0.0,6.043910980224609,0.0,0.027618965932301114,0.1933327615261078,0.06765237375744962,21,0.0,0.0,0.13211072037617366,0.08280962324354466,0
61,1774279735.961078,21,-0.06692750113351005,-1.405477523803711,0.0,0.08958580815951979,1.405477523803711,6.043910980224609,0.23254437869822486,0.05523793186460223,0.3866655230522156,0.13530474751489924,21,0.05131108420235769,0.026938627654932285,0.0902219553788503,0.08258101283537433,0
62,1774279736.0606048,21,-0.18739700317382812,-1.358628273010254,0.0,0.2109148543435627,1.358628273010254,6.043910980224609,0.22479289940828404,0.05523793186460223,0.3866655230522156,0.1353047475148992,21,-0.18739700317382812,-0.09839529294945148,0.02899991422891617,0.08707731215049772,0
63,1774279736.1609004,23,-0.05907079447870669,-1.358628273010254,0.0,0.07676589272760327,1.358628273010254,6.043910980224609,0.22479289940828404,0.0,0.0,0.0,23,0.004175694092460304,0.0021923171877542363,0.03375651391725692,0.08652657673221692,0
64,1774279736.2612348,24,0.0,0.0,0.0,0.0,0.0,6.043910980224609,0.0,0.024166595190763474,0.5799982845783234,0.11589891902700103,24,0.0,0.0,0.04531236598268151,0.08703649677850141,0
65,1774279736.361083,26,0.0,0.0,0.0,0.0,0.0,6.043910980224609,0.0,0.05205112810318287,0.3866655230522156,0.12640988253630123,26,-0.16610188917680221,-0.08741933303617491,0.05135401478037238,0.08703649677850141,0
66,1774279736.456143,27,0.0,0.0,0.0,0.0,0.0,6.043910980224609,0.0,0.04296283589469062,0.3866655230522156,0.09606782156669623,27,0.058003834315708706,0.03060061789529525,0.03222212692101797,0.07345371165115211,0
67,1774279736.5561354,24,0.0,0.0,0.0,0.0,0.0,6.043910980224609,0.0,0.040277658651272454,0.3866655230522156,0.09633014885470996,24,0.0,0.0,0.022745030767777386,0.07431291792047513,0
68,1774279736.6558466,24,0.0,0.0,0.0,0.0,0.0,6.043910980224609,0.0,0.06444425384203593,0.3866655230522156,0.1441017323500443,24,0.0,0.0,0.016571379559380667,0.07431291792047515,0
69,1774279736.7562227,24,0.0,0.0,0.0,0.0,0.0,6.043910980224609,0.0,0.0966663807630539,0.5799982845783234,0.2161525985250665,24,0.0,0.0,0.008405772240265556,0.07431291792047515,0
70,1774279736.8559525,24,0.0,0.0,0.0,0.0,0.0,6.043910980224609,0.0,0.06444425384203593,0.7733310461044312,0.18227587560084332,24,0.05296002263608186,0.027944084614141256,0.0028431288459721733,0.07431291792047515,0
71,1774279736.955953,25,-0.04497528076171875,-1.1243820190429688,0.0,0.04854662111029029,1.1243820190429688,6.043910980224609,0.18603550295857987,0.023199931383132935,0.1933327615261078,0.06282571118049703,25,-0.04497528076171875,-0.023733036552952575,0.00852938653791652,0.07431438513753683,0
72,1774279737.056511,22,-0.0553672963922674,-1.2180805206298828,0.0,0.06437628770557294,1.2180805206298828,6.043910980224609,0.20153846153846153,0.17575705593282526,0.9666638076305389,0.37283701827445226,22,0.002129511399702591,0.001123605142852241,0.00865669081460184,0.07346232598049403,0
73,1774279737.1565537,23,0.0,0.0,0.0,0.0,0.0,5.992770195007324,0.0,0.058840405681858894,0.7733310461044312,0.16557451101732112,23,0.0,0.0,0.011372515383888693,0.07430371860210007,0
74,1774279737.2564056,20,0.0,0.0,0.0,0.0,0.0,5.992770195007324,0.0,0.05799982845783234,0.3866655230522156,0.13806720793312413,20,0.17887895757501776,0.09435562652787689,0.005858568531094175,0.07430371860210007,0
75,1774279737.3563635,19,0.0,0.0,0.0,0.0,0.0,5.992770195007324,0.0,0.09157867651236684,0.5799982845783234,0.21149189414577863,19,0.05296002263608186,0.02793777593987909,0.014871750886623677,0.06867679733255261,0
76,1774279737.4558558,21,-0.05577291761125837,-1.1712312698364258,0.0,0.06221236677744429,1.1712312698364258,6.043910980224609,0.1937869822485207,0.08285689779690333,0.5799982845783234,0.20295712127234886,21,-0.05577291761125837,-0.02942947895282743,0.018124946393072605,0.06870608749957546,0
77,1774279737.5564137,19,-0.05917800100226151,-1.1243820190429688,0.0,0.06303664444722595,1.1243820190429688,5.992770195007324,0.18762308289073223,0.09157867651236684,0.5799982845783234,0.21149189414577863,19,0.007749500131248539,0.004089222734769252,0.027187419589608908,0.06818639005021603,0
78,1774279737.6560814,19,0.0,0.0,0.0,0.0,0.0,5.992770195007324,0.0,0.10175408501374095,0.7733310461044312,0.23776513672262922,19,0.26618892496282404,0.14047515322386317,0.03624989278614521,0.06857560346851502,0
79,1774279737.755895,19,-0.17506825296502365,-1.2180805206298828,0.0,0.1644619244114065,1.2180805206298828,5.992770195007324,0.20325833979829325,0.040701634005496375,0.5799982845783234,0.13422285662863648,19,-0.17506825296502365,-0.09241024212688947,0.04603160988716852,0.05507832949416507,0
80,1774279737.8563979,19,0.0,0.0,0.0,0.0,0.0,5.992770195007324,0.0,0.040701634005496375,0.3866655230522156,0.11866463496382453,19,0.06692750113351005,0.03531198072070082,0.035692202127896824,0.05507832949416508,0
81,1774279737.9569163,20,0.0,0.0,0.0,0.0,0.0,6.043910980224609,0.0,0.038666552305221556,0.3866655230522156,0.11599965691566468,20,0.18739700317382812,0.09882184495858347,0.02558815961374956,0.0550814227886921,0
82,1774279738.055719,17,0.0,0.0,0.0,0.0,0.0,5.860805511474609,0.0,0.03411754615166608,0.5799982845783234,0.13647018460666432,17,0.05907079447870669,0.031174908359254752,0.02648393993508326,0.04227276838733514,0
83,1774279738.1561737,16,0.0,0.0,0.0,0.0,0.0,5.860805511474609,0.0,0.0,0.0,0.0,16,0.0,0.0,0.04017304135607434,0.041671780609562434,0
84,1774279738.2561686,19,0.0,0.0,0.0,0.0,0.0,6.043910980224609,0.0,0.12210490201648913,1.73999485373497,0.40266856988590943,19,0.0,0.0,0.04519467152558364,0.041671780609562434,0
85,1774279738.3556428,17,0.0,0.0,0.0,0.0,0.0,6.043910980224609,0.0,0.0,0.0,0.0,17,0.0,0.0,0.048977632919947306,0.04167178060956244,0
86,1774279738.4564967,16,0.0,0.0,0.0,0.0,0.0,5.860805511474609,0.0,0.024166595190763474,0.3866655230522156,0.09359682070836317,16,0.0,0.0,0.06712943108545409,0.041671780609562434,0
87,1774279738.5562973,16,0.0,0.0,0.0,0.0,0.0,6.043910980224609,0.0,0.0,0.0,0.0,16,0.0,0.0,0.07518496281570858,0.04167178060956244,0
88,1774279738.6558459,15,0.0,0.0,0.0,0.0,0.0,6.043910980224609,0.0,0.0,0.0,0.0,15,0.0,0.0,0.060913061850691494,0.04167178060956244,0
89,1774279738.7565203,17,0.0,0.0,0.0,0.0,0.0,6.043910980224609,0.0,0.0,0.0,0.0,17,0.0,0.0,0.08441289587759636,0.04167178060956244,0
90,1774279738.8558161,15,0.0,0.0,0.0,0.0,0.0,6.043910980224609,0.0,0.0,0.0,0.0,15,0.04497528076171875,0.023672904312976275,0.08285689779690333,0.04167178060956244,0
91,1774279738.956582,15,0.0,0.0,0.0,0.0,0.0,5.992770195007324,0.0,0.0,0.0,0.0,15,0.0553672963922674,0.02913959120113703,0.09815355585171626,0.04145026793317685,0
92,1774279739.056435,16,0.0,0.0,0.0,0.0,0.0,5.860805511474609,0.0,0.03624989278614521,0.5799982845783234,0.14039523106254476,16,0.0,0.0,0.06860194763829632,0.040654637708117725,0
93,1774279739.1558006,16,0.0,0.0,0.0,0.0,0.0,6.043910980224609,0.0,0.0,0.0,0.0,16,0.0,0.0,0.07733310461044311,0.040654637708117725,0
94,1774279739.2557354,14,0.0,0.0,0.0,0.0,0.0,5.860805511474609,0.0,0.08285689779690333,1.1599965691566467,0.2987447935326143,14,0.0,0.0,0.0884743145966934,0.040654637708117725,0
95,1774279739.355878,16,0.0,0.0,0.0,0.0,0.0,6.043910980224609,0.0,0.0,0.0,0.0,16,0.05577291761125837,0.029353823132451065,0.09175114106323759,0.040654637708117725,0
96,1774279739.4560993,15,0.0,0.0,0.0,0.0,0.0,5.992770195007324,0.0,0.05155540307362874,0.7733310461044312,0.1929026547385509,15,0.05917800100226151,0.031151470717013123,0.0780114651772014,0.03962787126755857,0
97,1774279739.556016,13,0.0,0.0,0.0,0.0,0.0,5.860805511474609,0.0,0.0,0.0,0.0,13,0.0,0.0,0.061052451008244565,0.03815524114483765,0
98,1774279739.6563678,15,0.04372596740722656,-0.7495880126953125,2.1082162857055664,0.36477469734563783,2.857804298400879,5.860805511474609,0.4876128874786429,0.15466620922088622,0.7733310461044312,0.30933241844177245,15,0.21879422037225021,0.11512619976992192,0.039999881695056784,0.0398109994996019,0
99,1774279739.7558544,19,0.18739700317382812,-0.7964372634887695,2.2487640380859375,0.49834699062126964,3.045201301574707,5.992770195007324,0.5081458494957332,0.08140326801099275,0.7733310461044312,0.23732926992764905,19,0.18739700317382812,0.09865822306247676,0.03797607815691403,0.041447982850627986,0
100,1774279739.8559341,16,0.0,0.0,0.0,0.0,0.0,5.860805511474609,0.0,0.14499957114458084,0.7733310461044312,0.3018406771888445,16,0.0,0.0,0.025534515673259518,0.041447982850627986,0
101,1774279739.9557848,18,0.0,0.0,0.0,0.0,0.0,5.992770195007324,0.0,0.15036992563141716,0.9666638076305389,0.33828970812467124,18,0.0,0.0,0.05576906582483879,0.041447982850627986,0
102,1774279740.0562625,19,0.0,0.0,0.0,0.0,0.0,5.992770195007324,0.0,0.12210490201648913,0.5799982845783234,0.23645512600007543,19,0.0,0.0,0.04461525265987103,0.041447982850627986,0
103,1774279740.1563156,23,0.0,0.0,0.0,0.0,0.0,6.043910980224609,0.0,0.10927503912345223,0.7733310461044312,0.2195178324042477,23,0.0,0.0,0.05205112810318287,0.041447982850627986,0
104,1774279740.256514,23,-0.07536618605903957,-0.6090402603149414,0.0,0.03793069891448218,0.6090402603149414,6.043910980224609,0.10076923076923076,0.1344923558442489,0.7733310461044312,0.29311929390189645,23,-0.07536618605903957,-0.03964823235359454,0.007891133123514603,0.04555032943299284,0
105,1774279740.355891,20,0.0,0.0,0.0,0.0,0.0,6.043910980224609,0.0,0.15466620922088622,0.7733310461044312,0.30933241844177245,20,0.0,0.0,0.008226926022387565,0.04555032943299284,0
106,1774279740.4561589,21,-0.08031300136021205,-0.6090402603149414,0.0,0.038910102677284744,0.6090402603149414,6.043910980224609,0.10076923076923076,0.08285689779690333,0.5799982845783234,0.20295712127234888,21,-0.08031300136021205,-0.042273080550709594,0.0,0.049434425753675196,0
107,1774279740.5565045,21,-0.29225008828299387,-4.638075828552246,0.0,1.045983988113184,4.638075828552246,6.043910980224609,0.767396449704142,0.08285689779690333,0.5799982845783234,0.20295712127234886,21,-0.29225008828299387,-0.1537625363820744,0.0,0.08130796474429898,0
108,1774279740.656426,22,0.0,0.0,0.0,0.0,0.0,6.043910980224609,0.0,0.035151411186565056,0.1933327615261078,0.07456740365489042,22,0.0,0.0,0.0,0.081307964744299,0
109,1774279740.7560117,20,-0.14757513999938965,-1.499176025390625,0.0,0.1960606688200528,1.499176025390625,6.043910980224609,0.24804733727810652,0.02899991422891617,0.1933327615261078,0.06903360396656207,20,-0.14757513999938965,-0.07766313115762388,0.012608658360398334,0.08651869202162323,0
110,1774279740.8562007,24,0.0,0.0,0.0,0.0,0.0,6.043910980224609,0.0,0.04833319038152695,0.3866655230522156,0.11505600661093679,24,0.0,0.0,0.012340389033581348,0.08651869202162323,0
111,1774279740.9561207,25,0.026235580444335938,-0.6090402603149414,1.405477523803711,0.11291724936199898,2.0145177841186523,6.043910980224609,0.33331360946745564,0.038666552305221556,0.3866655230522156,0.09471332326042946,25,0.026235580444335938,0.013810485351209151,0.037825975081195,0.08698262690084352,0
112,1774279741.0566034,22,-0.04897876219315962,-0.5621910095214844,0.0,0.02403907446655693,0.5621910095214844,5.992770195007324,0.09381154144536612,0.05272711677984758,0.3866655230522156,0.11920423501990257,22,-0.04897876219315962,-0.025767407795354955,0.02521731672079667,0.08716143764614157,0
113,1774279741.156217,21,0.0513110842023577,0.0,0.6090402603149414,0.02548218543204117,0.6090402603149414,6.043910980224609,0.10076923076923076,0.0,0.0,0.0,21,0.0513110842023577,0.026998988823798593,0.04296283589469062,0.08843921321375918,0
114,1774279741.2560833,22,0.0,0.0,0.0,0.0,0.0,5.992770195007324,0.0,0.043939263983206314,0.3866655230522156,0.09981082117702071,22,0.0,0.0,0.017575705593282528,0.08843921321375918,0
115,1774279741.3561285,21,0.0,0.0,0.0,0.0,0.0,6.043910980224609,0.0,0.027618965932301114,0.1933327615261078,0.06765237375744962,21,0.0,0.0,0.07193777173064476,0.08843921321375918,0
116,1774279741.4567225,21,0.0,0.0,0.0,0.0,0.0,6.043910980224609,0.0,0.05523793186460223,0.3866655230522156,0.1353047475148992,21,0.0,0.0,0.08226926022387565,0.08843921321375918,0
117,1774279741.5560026,21,0.0,0.0,0.0,0.0,0.0,6.043910980224609,0.0,0.06444425384203593,0.5799982845783234,0.17223451315942054,21,-0.04372596740722656,-0.02301809091417967,0.12373296737670898,0.08843921321375918,0
118,1774279741.6559992,22,-0.057496807791969994,-0.6558895111083984,0.0,0.033108712069483515,0.6558895111083984,6.043910980224609,0.1085207100591716,0.043939263983206314,0.3866655230522156,0.09981082117702071,22,-0.24489381096579813,-0.12888165626915796,0.1240247904129748,0.08772465758644185,0
119,1774279741.7561436,25,-0.14429569244384766,-0.6558895111083984,0.0,0.06653387467849825,0.6558895111083984,6.043910980224609,0.1085207100591716,0.030933241844177246,0.1933327615261078,0.0708769611206588,25,-0.14429569244384766,-0.0759367311848248,0.13861594222626597,0.07733651898701976,0
120,1774279741.856277,27,0.07634692721896702,-0.6090402603149414,1.6865730285644531,0.2134937950432001,2.2956132888793945,6.043910980224609,0.3798224852071006,0.035802363245575515,0.1933327615261078,0.07509967071472286,27,0.07634692721896702,0.04017218674608326,0.12566629499197007,0.08093984303664642,0
121,1774279741.9563622,24,-0.09760260581970215,-0.6558895111083984,0.0,0.048088604209794994,0.6558895111083984,5.992770195007324,0.10944679835292713,0.03222212692101797,0.3866655230522156,0.10686870494422632,24,-0.09760260581970215,-0.05136709564700645,0.12194835727031414,0.08164474553250854,0
122,1774279742.0564146,24,0.0,0.0,0.0,0.0,0.0,5.992770195007324,0.0,0.024166595190763474,0.1933327615261078,0.06393880090992969,24,0.0,0.0,0.13181779194961896,0.08164474553250853,0
123,1774279742.1567862,25,-0.15553951263427734,-0.7027387619018555,0.0,0.0772096362652519,0.7027387619018555,5.992770195007324,0.11726442680670765,0.023199931383132935,0.1933327615261078,0.06282571118049703,25,-0.08017332657523778,-0.0421904448677432,0.1238538003526628,0.08485659050798763,0
124,1774279742.2562456,27,-0.1422829098171658,-0.7027387619018555,0.0,0.07145162521457094,0.7027387619018555,5.992770195007324,0.11726442680670765,0.014320945298230206,0.1933327615261078,0.050632187666900925,27,-0.1422829098171658,-0.07487176763516944,0.10602119180463976,0.0871854784010657,0
125,1774279742.3562622,27,-0.1440180672539605,-0.7027387619018555,0.0,0.07314970024495263,0.7027387619018555,5.992770195007324,0.11726442680670765,0.014320945298230206,0.1933327615261078,0.050632187666900925,27,-0.06370506589374844,-0.033527158690482214,0.06645813677459955,0.0886423481803237,0
126,1774279742.4564726,27,-0.11278523339165582,-0.7027387619018555,0.0,0.05678314729255049,0.7027387619018555,5.992770195007324,0.11726442680670765,0.02148141794734531,0.1933327615261078,0.0607586252002811,27,0.17946485489133807,0.09445677031399988,0.04910038387964642,0.08933410483266781,0
127,1774279742.5561192,26,-0.027028413919302132,-0.7027387619018555,0.0,0.018263378974828135,0.7027387619018555,5.992770195007324,0.11726442680670765,0.022307626329935513,0.1933327615261078,0.061767020399100626,26,-0.027028413919302132,-0.014227778042569183,0.03808069545211214,0.07174537373520574,0
128,1774279742.6561477,22,-0.03194267099553889,-0.7027387619018555,0.0,0.02142701883691407,0.7027387619018555,6.043910980224609,0.11627218934911243,0.02636355838992379,0.1933327615261078,0.06634683365617257,22,0.11563246900385077,0.06085483848080608,0.03922693712123926,0.07105164161753565,0
129,1774279742.7564857,23,-0.0040738478950832204,-0.7027387619018555,0.6090402603149414,0.03758217794436443,1.3117790222167969,6.043910980224609,0.2170414201183432,0.008405772240265556,0.1933327615261078,0.03942656658922785,23,-0.0040738478950832204,-0.0021438088934782767,0.04629094290061736,0.06778236927117583,0
130,1774279742.8555741,20,0.0,0.0,0.0,0.0,0.0,5.992770195007324,0.0,0.009666638076305389,0.1933327615261078,0.042135898498397606,20,-0.026235580444335938,-0.013812173766785889,0.031274417305693906,0.06778236927117583,0
131,1774279742.9557931,24,0.0273287296295166,0.0,0.6558895111083984,0.017177767652754028,0.6558895111083984,5.992770195007324,0.10944679835292713,0.016111063460508983,0.1933327615261078,0.05343435247211316,24,0.07630749182267622,0.04017897285147105,0.032717851950572086,0.0678366663119671,0
132,1774279743.055987,25,0.024361610412597656,0.0,0.6090402603149414,0.014243713485484477,0.6090402603149414,5.992770195007324,0.10162916989914662,0.023199931383132935,0.1933327615261078,0.06282571118049703,25,-0.026949473789760044,-0.014185652404113458,0.024166595190763474,0.06924962899951799,0
133,1774279743.1560054,24,-0.13078749179840088,-1.8271207809448242,0.0,0.19369190495943656,1.8271207809448242,5.992770195007324,0.3048875096974399,0.008055531730254492,0.1933327615261078,0.03863297300900034,24,-0.13078749179840088,-0.06883834319401881,0.04229154158383608,0.06902573412030948,0
134,1774279743.2562437,22,0.0,0.0,0.0,0.0,0.0,6.043910980224609,0.0,0.008787852796641264,0.1933327615261078,0.04027100063673795,22,0.0,0.0,0.04910038387964642,0.06902573412030948,0
135,1774279743.3560073,23,-0.0020369239475416102,-0.6090402603149414,0.5621910095214844,0.029864927891757046,1.1712312698364258,6.043910980224609,0.1937869822485207,0.008405772240265556,0.1933327615261078,0.03942656658922785,23,-0.0020369239475416102,-0.0010724689130558677,0.054374839179217815,0.06895927113236461,0
136,1774279743.4559147,23,0.0,0.0,0.0,0.0,0.0,6.043910980224609,0.0,0.02521731672079667,0.1933327615261078,0.06511083179712221,23,0.0,0.0,0.04549006153555477,0.06895927113236461,0
137,1774279743.5559561,26,0.0,0.0,0.0,0.0,0.0,6.043910980224609,0.0,0.022307626329935513,0.1933327615261078,0.061767020399100626,26,0.057496807791969994,0.030262163595881755,0.0365764683968312,0.06895927113236461,0
138,1774279743.655915,22,0.0,0.0,0.0,0.0,0.0,6.043910980224609,0.0,0.07030282237313011,0.3866655230522156,0.14913480730978085,22,0.14429569244384766,0.0759542377035571,0.03307007762946581,0.06961925179539256,0
139,1774279743.7561235,21,0.0,0.0,0.0,0.0,0.0,6.043910980224609,0.0,0.10126954175177075,0.7733310461044312,0.250439033739975,21,-0.07634692721896702,-0.04018583872795451,0.030933241844177246,0.06616146213821761,0
140,1774279743.855537,21,0.0,0.0,0.0,0.0,0.0,6.043910980224609,0.0,0.11047586372920445,1.5466620922088623,0.3405094806812002,21,0.09760260581970215,0.05139211591274406,0.02648393993508326,0.06161535746532711,0
141,1774279743.9554784,20,-0.037479400634765625,-0.7495880126953125,0.0,0.02668940396688413,0.7495880126953125,6.043910980224609,0.12402366863905326,0.21266603767871856,1.3533293306827545,0.4446653515100478,20,-0.037479400634765625,-0.01973572458670794,0.020350817002748187,0.06017266759358971,0
142,1774279744.0552948,20,-0.11243820190429688,-0.7964372634887695,0.0,0.07185946429899559,0.7964372634887695,6.043910980224609,0.13177514792899409,0.08699974268674851,0.5799982845783234,0.20710081189968624,20,0.04310131072998047,0.022702721438185632,0.01713075102130069,0.061703559013899206,0
143,1774279744.1554365,19,-0.11835600200452302,-0.7964372634887695,0.0,0.07494113420683904,0.7964372634887695,6.043910980224609,0.13177514792899409,0.07122785950961866,0.5799982845783234,0.1684329809109104,19,0.02392690781264277,0.01259847431793265,0.016707769514601907,0.058757511877138104,0
144,1774279744.2559965,16,-0.04684925079345703,-0.7495880126953125,0.0,0.032922784498623514,0.7495880126953125,6.043910980224609,0.12402366863905326,0.024166595190763474,0.3866655230522156,0.09359682070836317,16,0.09716881646050346,0.05114863619370925,0.019333276152610778,0.053985536343917354,0
145,1774279744.3508024,14,0.0,0.0,0.0,0.0,0.0,6.043910980224609,0.0,0.0,0.0,0.0,14,0.11278523339165582,0.05953833076336111,0.023199931383132935,0.04838579697628174,0
146,1774279744.4503963,15,0.0,0.0,0.0,0.0,0.0,6.043910980224609,0.0,0.0,0.0,0.0,15,0.027028413919302132,0.014268458389380095,0.0190609764884895,0.0446763194232206,0
147,1774279744.550485,14,0.0,0.0,0.0,0.0,0.0,6.043910980224609,0.0,0.0,0.0,0.0,14,0.03194267099553889,0.016862188726856527,0.014871750886623677,0.044940977134557615,0
148,1774279744.6509345,15,-0.1093149185180664,-0.8432865142822266,0.0,0.07774654591230501,0.8432865142822266,5.992770195007324,0.14071731216804917,0.0,0.0,0.0,15,-0.10524107062298318,-0.0555523448309606,0.011542254419469121,0.048825877168553196,0
149,1774279744.7508152,17,-0.13503607581643498,-0.8432865142822266,0.0,0.08569797007669384,0.8432865142822266,5.992770195007324,0.14071731216804917,0.0,0.0,0.0,17,-0.13503607581643498,-0.07125008072382179,0.016811544480531113,0.05402105251880297,1
150,1774279744.8502545,18,-0.17178058624267578,-0.8432865142822266,0.0,0.10388967552898976,0.8432865142822266,5.992770195007324,0.14071731216804917,0.0,0.0,0.0,18,-0.19910931587219238,-0.10510075136418605,0.015890363961049956,0.061397973552431,1
151,1774279744.9504957,16,0.0,0.0,0.0,0.0,0.0,5.992770195007324,0.0,0.0,0.0,0.0,16,-0.024361610412597656,-0.012859064004109666,0.013614983206063929,0.06016222489725818,1
152,1774279745.0410225,15,0.0,0.0,0.0,0.0,0.0,5.992770195007324,0.0,0.0,0.0,0.0,15,0.13078749179840088,0.0693826532774035,0.008405772240265556,0.05904278838180581,1
153,1774279745.146426,14,0.0,0.0,0.0,0.0,0.0,5.992770195007324,0.0,0.0,0.0,0.0,14,0.0,0.0,0.014215644229860866,0.056152226740788715,1
154,1774279745.2504637,15,0.0,0.0,0.0,0.0,0.0,5.992770195007324,0.0,0.0,0.0,0.0,15,0.0020369239475416102,0.0010752023440527341,0.018796240703927145,0.056152226740788715,1
155,1774279745.3413167,16,0.0,0.0,0.0,0.0,0.0,5.992770195007324,0.0,0.0,0.0,0.0,16,0.0,0.0,0.038121952976979,0.05621675049306712,1
156,1774279745.4459376,16,0.0,0.0,0.0,0.0,0.0,5.992770195007324,0.0,0.0,0.0,0.0,16,0.0,0.0,0.06164232976194741,0.05621675049306712,1
157,1774279745.5510492,16,0.0,0.0,0.0,0.0,0.0,5.992770195007324,0.0,0.0,0.0,0.0,16,0.0,0.0,0.09364555636420846,0.056216750493067125,1
158,1774279745.641118,15,0.0,0.0,0.0,0.0,0.0,5.992770195007324,0.0,0.0,0.0,0.0,15,0.0,0.0,0.1403221656237879,0.056216750493067125,1
159,1774279745.7463453,15,0.0,0.0,0.0,0.0,0.0,5.992770195007324,0.0,0.0,0.0,0.0,15,0.0,0.0,0.1362837499282399,0.05621675049306712,1
160,1774279745.8512745,16,0.0,0.0,0.0,0.0,0.0,5.992770195007324,0.0,0.0,0.0,0.0,16,0.037479400634765625,0.019769742861292995,0.12451940572867959,0.05621675049306712,1
161,1774279745.9406664,16,0.0,0.0,0.0,0.0,0.0,5.992770195007324,0.0,0.0,0.0,0.0,16,0.11243820190429688,0.05963715419998073,0.0632725401358171,0.05677685169653861,1
162,1774279746.046537,16,0.0,0.0,0.0,0.0,0.0,5.992770195007324,0.0,0.0,0.0,0.0,16,0.11835600200452302,0.06258578422834256,0.035510099055815716,0.054313181093939324,1
163,1774279746.1512852,16,0.0,0.0,0.0,0.0,0.0,5.992770195007324,0.0,0.0,0.0,0.0,16,0.04684925079345703,0.024718793843624003,0.008592567178938124,0.05058179157635033,1
164,1774279746.2409933,16,0.0,0.0,0.0,0.0,0.0,5.992770195007324,0.0,0.0,0.0,0.0,16,0.0,0.0,0.0,0.05051474456765463,1
165,1774279746.3456688,16,0.0,0.0,0.0,0.0,0.0,5.992770195007324,0.0,0.0,0.0,0.0,16,0.0,0.0,0.0,0.05051474456765463,1
166,1774279746.4509642,16,0.0,0.0,0.0,0.0,0.0,5.992770195007324,0.0,0.0,0.0,0.0,16,0.0,0.0,0.0,0.05051474456765463,1
167,1774279746.5409544,16,0.0,0.0,0.0,0.0,0.0,5.992770195007324,0.0,0.0,0.0,0.0,16,0.1093149185180664,0.05783797243910235,0.0,0.05051474456765463,1
168,1774279746.6459622,17,-0.049605089075425095,-0.8432865142822266,0.0,0.039370637794893734,0.8432865142822266,5.992770195007324,0.14071731216804917,0.0,0.0,0.0,17,0.08543098674100988,0.04507881599725704,0.0,0.0468252886856396,1
169,1774279746.7514298,16,-0.05270540714263916,-0.8432865142822266,0.0,0.041667899131070385,0.8432865142822266,5.992770195007324,0.14071731216804917,0.0,0.0,0.0,16,0.11907517910003662,0.06263240510818327,0.0,0.03936419600341443,1
170,1774279746.841159,17,-0.049605089075425095,-0.8432865142822266,0.0,0.039370637794893734,0.8432865142822266,5.992770195007324,0.14071731216804917,0.0,0.0,0.0,17,-0.049605089075425095,-0.0262368697985656,0.0,0.018090428980098706,1
171,1774279746.9457474,16,0.0,0.0,0.0,0.0,0.0,5.992770195007324,0.0,0.0,0.0,0.0,16,0.0,0.0,0.0,0.018090428980098706,1
172,1774279747.0507295,16,0.0,0.0,0.0,0.0,0.0,5.992770195007324,0.0,0.0,0.0,0.0,16,0.0,0.0,0.0,0.018090428980098706,1
173,1774279747.1406472,16,0.0,0.0,0.0,0.0,0.0,5.992770195007324,0.0,0.0,0.0,0.0,16,0.0,0.0,0.0,0.018090428980098706,1
174,1774279747.246033,16,0.0,0.0,0.0,0.0,0.0,5.992770195007324,0.0,0.0,0.0,0.0,16,0.0,0.0,0.0,0.018090428980098706,0
175,1774279747.3512232,16,0.0,0.0,0.0,0.0,0.0,5.992770195007324,0.0,0.0,0.0,0.0,16,0.0,0.0,0.0,0.018090428980098706,0
176,1774279747.441411,16,0.0,0.0,0.0,0.0,0.0,6.043910980224609,0.0,0.0,0.0,0.0,16,0.0,0.0,0.0,0.018090428980098706,0
177,1774279747.5459225,16,0.0,0.0,0.0,0.0,0.0,5.992770195007324,0.0,0.0,0.0,0.0,16,0.0,0.0,0.0,0.018090428980098706,0
178,1774279747.651739,16,0.0,0.0,0.0,0.0,0.0,5.992770195007324,0.0,0.0,0.0,0.0,16,0.0,0.0,0.0,0.018090428980098706,0
179,1774279747.7407446,17,0.0,0.0,0.0,0.0,0.0,5.992770195007324,0.0,0.0,0.0,0.0,17,0.0,0.0,0.0,0.018090428980098706,0
180,1774279747.8465486,17,0.0,0.0,0.0,0.0,0.0,6.043910980224609,0.0,0.0,0.0,0.0,17,0.0,0.0,0.0,0.018090428980098706,0
181,1774279747.9510684,16,0.0,0.0,0.0,0.0,0.0,5.992770195007324,0.0,0.0,0.0,0.0,16,0.0,0.0,0.0,0.018090428980098706,0
182,1774279748.0411942,16,0.0,0.0,0.0,0.0,0.0,5.992770195007324,0.0,0.0,0.0,0.0,16,0.0,0.0,0.0,0.018090428980098706,0
183,1774279748.1455948,16,0.0,0.0,0.0,0.0,0.0,5.992770195007324,0.0,0.0,0.0,0.0,16,0.0,0.0,0.0,0.018090428980098706,0
184,1774279748.2510293,16,0.0,0.0,0.0,0.0,0.0,5.992770195007324,0.0,0.0,0.0,0.0,16,0.0,0.0,0.0,0.018090428980098706,0
185,1774279748.3412678,16,0.0,0.0,0.0,0.0,0.0,5.992770195007324,0.0,0.0,0.0,0.0,16,0.0,0.0,0.0,0.01809042898009871,0
186,1774279748.4463103,16,0.0,0.0,0.0,0.0,0.0,5.992770195007324,0.0,0.0,0.0,0.0,16,0.0,0.0,0.0,0.018090428980098706,0
187,1774279748.5508792,16,0.0,0.0,0.0,0.0,0.0,5.992770195007324,0.0,0.0,0.0,0.0,16,0.049605089075425095,0.026040551389128686,0.0,0.01809042898009871,0
188,1774279748.6407082,16,0.0,0.0,0.0,0.0,0.0,5.992770195007324,0.0,0.0,0.0,0.0,16,0.05270540714263916,0.02789710971746325,0.0,0.01535440152274404,0
189,1774279748.7464476,16,0.0,0.0,0.0,0.0,0.0,5.992770195007324,0.0,0.0,0.0,0.0,16,0.049605089075425095,0.026035474508079512,0.0,0.010811178518255572,0
190,1774279748.851355,16,0.0,0.0,0.0,0.0,0.0,5.992770195007324,0.0,0.0,0.0,0.0,16,0.0,0.0,0.0,0.0,0
191,1774279748.9411492,16,0.0,0.0,0.0,0.0,0.0,6.043910980224609,0.0,0.0,0.0,0.0,16,0.0,0.0,0.0,0.0,0
192,1774279749.0458694,16,0.0,0.0,0.0,0.0,0.0,5.992770195007324,0.0,0.0,0.0,0.0,16,0.0,0.0,0.0,0.0,0
193,1774279749.1515312,16,0.0,0.0,0.0,0.0,0.0,5.992770195007324,0.0,0.0,0.0,0.0,16,0.0,0.0,0.0,0.0,0
194,1774279749.241126,16,0.0,0.0,0.0,0.0,0.0,6.043910980224609,0.0,0.0,0.0,0.0,16,0.0,0.0,0.0,0.0,0
195,1774279749.3460073,16,0.0,0.0,0.0,0.0,0.0,5.992770195007324,0.0,0.0,0.0,0.0,16,0.0,0.0,0.0,0.0,0
196,1774279749.451328,16,0.0,0.0,0.0,0.0,0.0,5.992770195007324,0.0,0.0,0.0,0.0,16,0.0,0.0,0.0,0.0,0
197,1774279749.5410128,16,0.0,0.0,0.0,0.0,0.0,5.992770195007324,0.0,0.0,0.0,0.0,16,0.0,0.0,0.0,0.0,0
198,1774279749.6461563,16,0.0,0.0,0.0,0.0,0.0,5.992770195007324,0.0,0.0,0.0,0.0,16,0.0,0.0,0.0,0.0,0
199,1774279749.7513704,16,0.0,0.0,0.0,0.0,0.0,5.992770195007324,0.0,0.0,0.0,0.0,16,0.0,0.0,0.0,0.0,0
200,1774279749.8408058,16,0.0,0.0,0.0,0.0,0.0,5.992770195007324,0.0,0.0,0.0,0.0,16,0.0,0.0,0.0,0.0,0
201,1774279749.945507,16,0.0,0.0,0.0,0.0,0.0,6.043910980224609,0.0,0.0,0.0,0.0,16,0.0,0.0,0.0,0.0,0
202,1774279750.0512543,16,0.0,0.0,0.0,0.0,0.0,5.992770195007324,0.0,0.0,0.0,0.0,16,0.0,0.0,0.0,0.0,0
203,1774279750.1410143,16,0.0,0.0,0.0,0.0,0.0,5.992770195007324,0.0,0.0,0.0,0.0,16,0.0,0.0,0.0,0.0,0
204,1774279750.245876,16,0.0,0.0,0.0,0.0,0.0,6.043910980224609,0.0,0.0,0.0,0.0,16,0.0,0.0,0.0,0.0,0
205,1774279750.3513405,16,0.0,0.0,0.0,0.0,0.0,5.992770195007324,0.0,0.0,0.0,0.0,16,0.0,0.0,0.0,0.0,0
206,1774279750.4415407,16,0.0,0.0,0.0,0.0,0.0,6.043910980224609,0.0,0.0,0.0,0.0,16,0.0,0.0,0.0,0.0,0
207,1774279750.546506,16,0.0,0.0,0.0,0.0,0.0,6.043910980224609,0.0,0.0,0.0,0.0,16,0.0,0.0,0.0,0.0,0
208,1774279750.6510665,16,0.0,0.0,0.0,0.0,0.0,6.043910980224609,0.0,0.0,0.0,0.0,16,0.0,0.0,0.0,0.0,0
209,1774279750.7407265,16,0.0,0.0,0.0,0.0,0.0,6.043910980224609,0.0,0.0,0.0,0.0,16,0.0,0.0,0.0,0.0,0
210,1774279750.8465035,15,0.0,0.0,0.0,0.0,0.0,6.043910980224609,0.0,0.0,0.0,0.0,15,0.0,0.0,0.0,0.0,0
211,1774279750.9511225,15,0.0,0.0,0.0,0.0,0.0,5.992770195007324,0.0,0.0,0.0,0.0,15,0.0,0.0,0.0,0.0,0
212,1774279751.040899,15,0.0,0.0,0.0,0.0,0.0,5.992770195007324,0.0,0.0,0.0,0.0,15,0.0,0.0,0.0,0.0,0
213,1774279751.1459093,16,0.0,0.0,0.0,0.0,0.0,6.043910980224609,0.0,0.0,0.0,0.0,16,0.0,0.0,0.0,0.0,0
214,1774279751.250953,16,0.0,0.0,0.0,0.0,0.0,6.043910980224609,0.0,0.0,0.0,0.0,16,0.0,0.0,0.0,0.0,0
215,1774279751.3407612,16,0.0,0.0,0.0,0.0,0.0,6.043910980224609,0.0,0.0,0.0,0.0,16,0.0,0.0,0.0,0.0,0
216,1774279751.4458039,16,0.0,0.0,0.0,0.0,0.0,6.043910980224609,0.0,0.0,0.0,0.0,16,0.0,0.0,0.0,0.0,0
217,1774279751.551207,16,0.0,0.0,0.0,0.0,0.0,6.043910980224609,0.0,0.0,0.0,0.0,16,0.0,0.0,0.0,0.0,0
218,1774279751.6408005,16,0.0,0.0,0.0,0.0,0.0,6.043910980224609,0.0,0.0,0.0,0.0,16,0.0,0.0,0.0,0.0,0
219,1774279751.7456298,16,0.0,0.0,0.0,0.0,0.0,6.043910980224609,0.0,0.0,0.0,0.0,16,0.0,0.0,0.0,0.0,0
220,1774279751.8510532,16,0.0,0.0,0.0,0.0,0.0,6.043910980224609,0.0,0.0,0.0,0.0,16,0.0,0.0,0.0,0.0,0
221,1774279751.9411533,16,0.0,0.0,0.0,0.0,0.0,6.043910980224609,0.0,0.0,0.0,0.0,16,0.0,0.0,0.0,0.0,0
222,1774279752.0465143,16,0.0,0.0,0.0,0.0,0.0,6.043910980224609,0.0,0.0,0.0,0.0,16,0.0,0.0,0.0,0.0,0
223,1774279752.15109,16,0.0,0.0,0.0,0.0,0.0,6.043910980224609,0.0,0.0,0.0,0.0,16,0.0,0.0,0.0,0.0,0
224,1774279752.2412233,16,0.0,0.0,0.0,0.0,0.0,6.043910980224609,0.0,0.0,0.0,0.0,16,0.0,0.0,0.0,0.0,0
225,1774279752.3460388,16,0.0,0.0,0.0,0.0,0.0,6.043910980224609,0.0,0.0,0.0,0.0,16,0.0,0.0,0.0,0.0,0
226,1774279752.4516904,16,0.0,0.0,0.0,0.0,0.0,6.043910980224609,0.0,0.0,0.0,0.0,16,0.0,0.0,0.0,0.0,0
227,1774279752.5407956,16,0.0,0.0,0.0,0.0,0.0,6.043910980224609,0.0,0.0,0.0,0.0,16,0.0,0.0,0.0,0.0,0
228,1774279752.6459966,16,0.0,0.0,0.0,0.0,0.0,6.043910980224609,0.0,0.0,0.0,0.0,16,0.0,0.0,0.0,0.0,0
229,1774279752.7507842,15,0.0,0.0,0.0,0.0,0.0,6.043910980224609,0.0,0.0,0.0,0.0,15,0.0,0.0,0.0,0.0,0
230,1774279752.841126,15,0.0,0.0,0.0,0.0,0.0,6.043910980224609,0.0,0.0,0.0,0.0,15,0.0,0.0,0.0,0.0,0
231,1774279752.94619,15,0.0,0.0,0.0,0.0,0.0,5.992770195007324,0.0,0.0,0.0,0.0,15,0.0,0.0,0.0,0.0,0
232,1774279753.0512657,15,0.0,0.0,0.0,0.0,0.0,5.992770195007324,0.0,0.0,0.0,0.0,15,0.0,0.0,0.0,0.0,0
233,1774279753.1408732,16,0.0,0.0,0.0,0.0,0.0,6.043910980224609,0.0,0.0,0.0,0.0,16,0.0,0.0,0.0,0.0,0
234,1774279753.246416,16,0.0,0.0,0.0,0.0,0.0,6.043910980224609,0.0,0.0,0.0,0.0,16,0.0,0.0,0.0,0.0,0
235,1774279753.3512301,15,0.0,0.0,0.0,0.0,0.0,5.992770195007324,0.0,0.0,0.0,0.0,15,0.0,0.0,0.0,0.0,0
236,1774279753.4412837,16,0.0,0.0,0.0,0.0,0.0,5.992770195007324,0.0,0.0,0.0,0.0,16,0.0,0.0,0.0,0.0,0
237,1774279753.5459125,16,0.0,0.0,0.0,0.0,0.0,5.992770195007324,0.0,0.0,0.0,0.0,16,0.0,0.0,0.0,0.0,0
238,1774279753.6510217,17,0.0,0.0,0.0,0.0,0.0,5.992770195007324,0.0,0.0,0.0,0.0,17,0.0,0.0,0.0,0.0,0
239,1774279753.7406862,17,0.0,0.0,0.0,0.0,0.0,6.043910980224609,0.0,0.0,0.0,0.0,17,0.0,0.0,0.0,0.0,0
240,1774279753.846612,17,0.0,0.0,0.0,0.0,0.0,5.992770195007324,0.0,0.0,0.0,0.0,17,0.0,0.0,0.0,0.0,0
241,1774279753.950633,16,0.0,0.0,0.0,0.0,0.0,5.992770195007324,0.0,0.0,0.0,0.0,16,0.0,0.0,0.0,0.0,0
242,1774279754.0403516,17,0.0,0.0,0.0,0.0,0.0,5.992770195007324,0.0,0.0,0.0,0.0,17,0.0,0.0,0.0,0.0,0
243,1774279754.1464572,16,0.0,0.0,0.0,0.0,0.0,6.043910980224609,0.0,0.0,0.0,0.0,16,0.0,0.0,0.0,0.0,0
244,1774279754.251151,16,0.0,0.0,0.0,0.0,0.0,6.043910980224609,0.0,0.0,0.0,0.0,16,0.0,0.0,0.0,0.0,0
245,1774279754.3403523,16,0.0,0.0,0.0,0.0,0.0,5.992770195007324,0.0,0.0,0.0,0.0,16,0.0,0.0,0.0,0.0,0
246,1774279754.4458852,15,0.0,0.0,0.0,0.0,0.0,5.992770195007324,0.0,0.0,0.0,0.0,15,0.0,0.0,0.0,0.0,0
247,1774279754.550752,15,0.0,0.0,0.0,0.0,0.0,6.043910980224609,0.0,0.0,0.0,0.0,15,0.0,0.0,0.0,0.0,0
248,1774279754.6408083,14,0.0,0.0,0.0,0.0,0.0,5.992770195007324,0.0,0.0,0.0,0.0,14,0.0,0.0,0.0,0.0,0
249,1774279754.7457445,16,0.0,0.0,0.0,0.0,0.0,6.043910980224609,0.0,0.0,0.0,0.0,16,0.0,0.0,0.0,0.0,0
250,1774279754.8507338,14,0.0,0.0,0.0,0.0,0.0,6.043910980224609,0.0,0.0,0.0,0.0,14,0.0,0.0,0.0,0.0,0
251,1774279754.941075,16,0.0,0.0,0.0,0.0,0.0,6.043910980224609,0.0,0.0,0.0,0.0,16,0.0,0.0,0.0,0.0,0
252,1774279755.0464385,16,0.0,0.0,0.0,0.0,0.0,6.043910980224609,0.0,0.0,0.0,0.0,16,0.0,0.0,0.0,0.0,0
253,1774279755.15144,16,0.0,0.0,0.0,0.0,0.0,6.043910980224609,0.0,0.0,0.0,0.0,16,0.0,0.0,0.0,0.0,0
254,1774279755.240788,16,0.0,0.0,0.0,0.0,0.0,6.043910980224609,0.0,0.0,0.0,0.0,16,0.0,0.0,0.0,0.0,0
255,1774279755.3467138,16,0.0,0.0,0.0,0.0,0.0,6.043910980224609,0.0,0.0,0.0,0.0,16,0.0,0.0,0.0,0.0,0
256,1774279755.4514155,16,0.0,0.0,0.0,0.0,0.0,6.043910980224609,0.0,0.0,0.0,0.0,16,0.0,0.0,0.0,0.0,0
257,1774279755.5410855,15,0.0,0.0,0.0,0.0,0.0,6.043910980224609,0.0,0.0,0.0,0.0,15,0.0,0.0,0.0,0.0,0
258,1774279755.6459253,15,0.0,0.0,0.0,0.0,0.0,6.043910980224609,0.0,0.0,0.0,0.0,15,0.0,0.0,0.0,0.0,0
259,1774279755.75088,14,0.0,0.0,0.0,0.0,0.0,6.043910980224609,0.0,0.0,0.0,0.0,14,0.0,0.0,0.0,0.0,0
260,1774279755.8409061,16,0.0,0.0,0.0,0.0,0.0,6.043910980224609,0.0,0.0,0.0,0.0,16,0.0,0.0,0.0,0.0,0
261,1774279755.9456375,17,-0.09645433986888212,-0.8432865142822266,0.0,0.06984035207597274,0.8432865142822266,5.992770195007324,0.14071731216804917,0.0,0.0,0.0,17,-0.09645433986888212,-0.05062460344980744,0.0,0.021021736007719165,0
262,1774279756.0504556,17,0.0,0.0,0.0,0.0,0.0,5.992770195007324,0.0,0.0,0.0,0.0,17,0.0,0.0,0.0,0.021021736007719165,0
263,1774279756.1409204,17,-0.09645433986888212,-0.8432865142822266,0.0,0.06984035207597275,0.8432865142822266,5.992770195007324,0.14071731216804917,0.0,0.0,0.0,17,-0.09645433986888212,-0.05104027198798776,0.0,0.02893630196066464,0
264,1774279756.2462537,18,-0.044246514638264976,-0.7964372634887695,0.0,0.033281818979781344,0.7964372634887695,6.043910980224609,0.13177514792899409,0.0,0.0,0.0,18,-0.044246514638264976,-0.023215531451155232,0.0,0.0297930395442805,0
265,1774279756.3508947,17,-0.04684925079345703,-0.7964372634887695,0.0,0.03511763679853175,0.7964372634887695,6.043910980224609,0.13177514792899409,0.0,0.0,0.0,17,-0.04684925079345703,-0.024592659823190664,0.0,0.03059947668900948,0
266,1774279756.4408102,20,-0.0773012638092041,-0.7964372634887695,0.0,0.053834239785999216,0.7964372634887695,6.043910980224609,0.13177514792899409,0.0,0.0,0.0,20,-0.0773012638092041,-0.040898878445467975,0.0,0.03332257518267199,0
267,1774279756.5454838,17,-0.090942663304946,-0.7964372634887695,0.0,0.06209381454688485,0.7964372634887695,6.043910980224609,0.13177514792899409,0.0,0.0,0.0,17,-0.090942663304946,-0.04774706456981813,0.0,0.03659174059843497,0
268,1774279756.6511564,16,-0.04684925079345703,-0.7495880126953125,0.0,0.032922784498623514,0.7495880126953125,6.043910980224609,0.12402366863905326,0.0,0.0,0.0,16,-0.04684925079345703,-0.02458746549777981,0.0,0.03656875000869665,0
269,1774279756.7501683,19,-0.15780800267269737,-0.7964372634887695,0.0,0.09361865848749862,0.7964372634887695,6.043910980224609,0.13177514792899409,0.030526225504122283,0.1933327615261078,0.07049729804859288,19,-0.15780800267269737,-0.08308156830254249,0.0,0.04611263767260073,0
270,1774279756.8501928,15,-0.1093149185180664,-0.8432865142822266,0.0,0.07774654591230501,0.8432865142822266,6.043910980224609,0.1395266272189349,0.0,0.0,0.0,15,-0.1093149185180664,-0.057259391913999765,0.0,0.048321223291263156,0
271,1774279756.950182,20,-0.15694499015808105,-0.8432865142822266,0.0,0.09904819716410884,0.8432865142822266,6.043910980224609,0.1395266272189349,0.019333276152610778,0.3866655230522156,0.08427179699679521,20,-0.15694499015808105,-0.08244019727787985,0.0,0.053885762622566905,0
272,1774279757.050383,20,-0.23424625396728516,-0.8432865142822266,0.0,0.12883783000461335,0.8432865142822266,6.043910980224609,0.1395266272189349,0.05799982845783234,1.1599965691566467,0.2528153909903857,20,-0.23424625396728516,-0.12335611497919896,0.0,0.06654939652920784,0
273,1774279757.151145,22,-0.1405477523803711,-0.8432865142822266,0.0,0.08939034821444446,0.8432865142822266,6.043910980224609,0.1395266272189349,0.008787852796641264,0.1933327615261078,0.04027100063673795,22,-0.1405477523803711,-0.07357145941563668,0.0,0.06748157829679478,0
274,1774279757.2511113,20,-0.12415051460266113,-0.8901357650756836,0.0,0.08785445043457685,0.8901357650756836,6.043910980224609,0.14727810650887574,0.05799982845783234,0.3866655230522156,0.12379336912176456,20,-0.12415051460266113,-0.0651914925368276,0.0,0.06693419023891364,0
275,1774279757.3502603,20,-0.19910931587219238,-0.8901357650756836,0.0,0.12003098515123156,0.8901357650756836,6.043910980224609,0.14727810650887574,0.038666552305221556,0.3866655230522156,0.11599965691566468,20,-0.19910931587219238,-0.10485813499487465,0.0,0.07033863594086338,0
276,1774279757.450174,19,-0.07643825129458778,-0.7495880126953125,0.0,0.049721612489333905,0.7495880126953125,5.992770195007324,0.12508205526048816,0.0,0.0,0.0,19,-0.07643825129458778,-0.04003913219639068,0.0,0.06786340055509962,0
277,1774279757.5506232,17,-0.14881526722627528,-0.8901357650756836,0.0,0.1036061421292323,0.8901357650756836,6.043910980224609,0.14727810650887574,0.03411754615166608,0.1933327615261078,0.07370232329163695,17,-0.14881526722627528,-0.07813064088169475,0.0,0.06628867550115093,0
278,1774279757.6503668,17,-0.14881526722627528,-0.8901357650756836,0.0,0.1036061421292323,0.8901357650756836,5.992770195007324,0.14853494062182968,0.03411754615166608,0.1933327615261078,0.07370232329163695,17,-0.14881526722627528,-0.0783449870670966,0.0,0.0638138381990438,0
279,1774279757.7507951,18,-0.1405477523803711,-0.8901357650756836,0.0,0.09901222597363812,0.8901357650756836,5.992770195007324,0.14853494062182968,0.03222212692101797,0.1933327615261078,0.07205086617502215,18,-0.1405477523803711,-0.07358948800066911,0.0,0.06006945126118597,0
280,1774279757.8502703,19,-0.1331505022550884,-0.8901357650756836,0.0,0.09478600375503983,0.8901357650756836,5.992770195007324,0.14853494062182968,0.030526225504122283,0.1933327615261078,0.07049729804859288,19,-0.03669616238620628,-0.019266791087298746,0.0,0.05503209087789456,0
281,1774279757.9503608,18,0.0,0.0,0.0,0.0,0.0,6.043910980224609,0.0,0.03222212692101797,0.1933327615261078,0.07205086617502215,18,0.0,0.0,0.0,0.06028572281845495,0
282,1774279758.0500503,21,-0.06692750113351005,-1.405477523803711,0.0,0.08958580815951979,1.405477523803711,5.992770195007324,0.2345288536134153,0.07365057581946963,0.3866655230522156,0.1396207857054283,21,0.02952683873537207,0.015466123800526534,0.0,0.05585806975402206,0
283,1774279758.1501977,22,-0.07453289898959073,-0.8432865142822266,0.0,0.055601413324741465,0.8432865142822266,6.043910980224609,0.1395266272189349,0.06151496957648884,0.3866655230522156,0.1352872741826749,22,-0.030286384351325753,-0.015907182199013114,0.0,0.056364609051036164,0
284,1774279758.2506604,21,0.0,0.0,0.0,0.0,0.0,6.043910980224609,0.0,0.05523793186460223,0.5799982845783234,0.1353047475148992,21,0.04684925079345703,0.024660541063565838,0.0,0.05970576800063977,0
285,1774279758.3508654,20,-0.04919171333312988,-0.9838342666625977,0.0,0.04597666855232774,0.9838342666625977,6.043910980224609,0.1627810650887574,0.07733310461044311,0.7733310461044312,0.1971615047276808,20,0.02810955047607422,0.014716617120306285,0.0,0.059586570313694916,0
286,1774279758.4506016,22,-0.03833120519464666,-0.8432865142822266,0.0,0.03085490712515626,0.8432865142822266,6.043910980224609,0.1395266272189349,0.07030282237313011,0.7733310461044312,0.17040278796887037,22,0.052611458110299346,0.027615856345710975,0.011153813164967757,0.061199472476710745,0
287,1774279758.5500772,22,0.0,0.0,0.0,0.0,0.0,6.043910980224609,0.0,0.05272711677984758,0.3866655230522156,0.13269366731234514,22,0.04684925079345703,0.024671514169296308,0.011599965691566468,0.06544264813087261,0
288,1774279758.6508954,23,-0.19554469896399457,-1.546025276184082,0.0,0.25510905200785944,1.546025276184082,6.043910980224609,0.2557988165680473,0.05043463344159334,0.3866655230522156,0.13022166359424442,23,-0.037736696291297195,-0.019853822050146464,0.017901181622787758,0.06714656307263375,0
289,1774279758.75041,22,-0.1384182409806685,-1.546025276184082,0.0,0.19164597736864034,1.546025276184082,6.043910980224609,0.2557988165680473,0.11424208635633643,1.1599965691566467,0.3331280154629764,22,-0.029103322462602083,-0.015315786538667482,0.02812112894925204,0.06658287547392197,0
290,1774279758.8508902,21,0.04684925079345703,0.0,0.9838342666625977,0.043897045998164685,0.9838342666625977,6.043910980224609,0.1627810650887574,0.05523793186460223,0.3866655230522156,0.13530474751489924,21,0.20379424095153809,0.10722016199398204,0.028064433124757582,0.0747186234452484,0
291,1774279758.95089,22,-0.1384182409806685,-1.0306835174560547,0.0,0.12141070377157681,1.0306835174560547,6.043910980224609,0.17053254437869822,0.0,0.0,0.0,22,0.09582801298661667,0.05042234221424979,0.04053751451353873,0.074131122978457,0
292,1774279759.0503876,22,0.0,0.0,0.0,0.0,0.0,6.043910980224609,0.0,0.0,0.0,0.0,22,0.1405477523803711,0.07400199924654792,0.03430097381914816,0.07040977184566072,0
293,1774279759.1504014,22,-0.20443309437144885,-1.546025276184082,0.0,0.2648878358310739,1.546025276184082,6.043910980224609,0.2557988165680473,0.0,0.0,0.0,22,-0.08028257976878772,-0.042269783015056794,0.032768264665442,0.07406184794146861,0
294,1774279759.2508295,19,0.0,0.0,0.0,0.0,0.0,5.992770195007324,0.0,0.010175408501374094,0.1933327615261078,0.04317060211598919,19,0.19910931587219238,0.1047629919595462,0.024166595190763474,0.07623593807160757,0
295,1774279759.3500931,20,0.0,0.0,0.0,0.0,0.0,5.992770195007324,0.0,0.019333276152610778,0.1933327615261078,0.05799982845783234,20,0.07643825129458778,0.040232373045843664,0.02188672771993673,0.07368045138041493,0
296,1774279759.450615,20,0.0,0.0,0.0,0.0,0.0,5.992770195007324,0.0,0.05799982845783234,0.5799982845783234,0.17399948537349702,20,0.14881526722627528,0.07832416491813929,0.033461439494903274,0.07548453505521222,0
297,1774279759.5503447,20,0.0,0.0,0.0,0.0,0.0,5.992770195007324,0.0,0.02899991422891617,0.1933327615261078,0.06903360396656207,20,0.14881526722627528,0.07832473497123388,0.03222212692101797,0.07482971504243739,0
298,1774279759.6506577,20,0.0,0.0,0.0,0.0,0.0,5.992770195007324,0.0,0.06766646653413773,0.7733310461044312,0.1758690653643492,20,0.1405477523803711,0.07397785382904729,0.03163627006790855,0.07341885013649467,0
299,1774279759.7504873,22,0.0,0.0,0.0,0.0,0.0,5.992770195007324,0.0,0.043939263983206314,0.3866655230522156,0.09981082117702071,22,0.1331505022550884,0.07007120676842292,0.046666528644232916,0.07175802750537029,0
300,1774279759.8505874,20,-0.04919171333312988,-0.9838342666625977,0.0,0.04597666855232774,0.9838342666625977,5.992770195007324,0.16417019752939072,0.02899991422891617,0.1933327615261078,0.06903360396656207,20,-0.04919171333312988,-0.02588728813389195,0.05704901159786787,0.06915639756464247,0
301,1774279759.9503932,23,0.0,0.0,0.0,0.0,0.0,5.992770195007324,0.0,0.05043463344159334,0.3866655230522156,0.11707885953199446,23,0.06692750113351005,0.035218643792937175,0.06343731237575412,0.06915639756464248,0
302,1774279760.0506601,22,0.0,0.0,0.0,0.0,0.0,5.992770195007324,0.0,0.017575705593282528,0.1933327615261078,0.05557926115933376,22,0.07453289898959073,0.03921829730558921,0.06444425384203593,0.069651577878752,0
303,1774279760.151064,23,0.0,0.0,0.0,0.0,0.0,5.992770195007324,0.0,0.02521731672079667,0.1933327615261078,0.06511083179712221,23,0.0,0.0,0.06751302783451384,0.06980821455183878,0
304,1774279760.2500155,23,-0.09166157763937245,-1.0775327682495117,0.0,0.08826708474148917,1.0775327682495117,5.992770195007324,0.17980545443695173,0.008405772240265556,0.1933327615261078,0.03942656658922785,23,-0.04246986430624257,-0.022362562898690964,0.06645813677459955,0.07014912054625032,0
305,1774279760.3503745,23,0.09166157763937245,0.0,1.0775327682495117,0.08826708474148917,1.0775327682495117,5.992770195007324,0.17980545443695173,0.0,0.0,0.0,23,0.1299927828340191,0.06842543339474697,0.05771127209734561,0.07599277554568211,0
306,1774279760.4502883,22,0.0,0.0,0.0,0.0,0.0,5.992770195007324,0.0,0.02636355838992379,0.1933327615261078,0.06634683365617257,22,0.0,0.0,0.07213909012168201,0.0763889753509535,0
307,1774279760.5501125,21,-0.0513110842023577,-1.0775327682495117,0.0,0.05265654724042886,1.0775327682495117,5.992770195007324,0.17980545443695173,0.0,0.0,0.0,21,0.14423361476163687,0.07594372048249608,0.07323210663867719,0.07606637569949008,0
308,1774279760.650098,22,-0.04259022799405185,-0.9369850158691406,0.0,0.03809247793229166,0.9369850158691406,5.992770195007324,0.15635256907561018,0.0,0.0,0.0,22,0.09582801298661664,0.05044407961298286,0.05651265336916997,0.06682108457940206,0
309,1774279760.7506025,22,0.0,0.0,0.0,0.0,0.0,5.992770195007324,0.0,0.035151411186565056,0.1933327615261078,0.07456740365489042,22,-0.04684925079345703,-0.024661234334311707,0.017846101063948412,0.062119801673516696,0
310,1774279760.850269,21,0.0,0.0,0.0,0.0,0.0,5.992770195007324,0.0,0.027618965932301114,0.3866655230522156,0.0902031650099328,21,0.1384182409806685,0.07287552399484468,0.0,0.06033890643306648,0
311,1774279760.9503813,23,0.0,0.0,0.0,0.0,0.0,5.992770195007324,0.0,0.04202886120132778,0.5799982845783234,0.1391402885785782,23,0.0,0.0,0.0030687739924779014,0.05450891626493179,0
312,1774279761.0500295,21,0.0,0.0,0.0,0.0,0.0,5.992770195007324,0.0,0.06444425384203593,0.5799982845783234,0.15015056749036804,21,0.20443309437144885,0.10761742662042098,0.009508168599644646,0.05450891626493179,0
313,1774279761.1505075,24,-0.08589029312133789,-1.546025276184082,0.9838342666625977,0.22619172312943192,2.5298595428466797,5.992770195007324,0.4221519365041475,0.12083297595381737,0.9666638076305389,0.2780033910322859,24,-0.08589029312133789,-0.04521308005306842,0.0294914381988978,0.037699962609652464,0
314,1774279761.2507699,25,-0.12180805206298828,-1.546025276184082,0.0,0.1706717148408643,1.546025276184082,5.992770195007324,0.2579817389747568,0.0695997941493988,0.7733310461044312,0.18847713354149104,25,-0.12180805206298828,-0.06408667518981397,0.03544433961311976,0.04457122607995902,0
315,1774279761.350261,23,0.0,0.0,0.0,0.0,0.0,6.043910980224609,0.0,0.11768081136371779,0.7733310461044312,0.26581385771855276,23,0.0,0.0,0.05155540307362874,0.04457122607995902,0
316,1774279761.4503937,21,0.04684925079345703,0.0,0.9838342666625977,0.043897045998164685,0.9838342666625977,5.992770195007324,0.16417019752939072,0.05523793186460223,0.5799982845783234,0.14787542731252593,21,0.04684925079345703,0.02465686490409609,0.0467740552079293,0.04661567593664422,0
317,1774279761.5501745,21,0.0,0.0,0.0,0.0,0.0,6.043910980224609,0.0,0.027618965932301114,0.1933327615261078,0.06765237375744962,21,0.0,0.0,0.0467740552079293,0.04661567593664423,0
318,1774279761.6506584,22,0.0,0.0,0.0,0.0,0.0,5.992770195007324,0.0,0.02636355838992379,0.1933327615261078,0.06634683365617257,22,0.0,0.0,0.041640902482546295,0.04661567593664422,0
319,1774279761.7505045,23,0.0,0.0,0.0,0.0,0.0,5.992770195007324,0.0,0.0,0.0,0.0,23,0.04919171333312988,0.02589150477548147,0.032717851950572086,0.04661567593664423,0
320,1774279761.8506198,22,0.0,0.0,0.0,0.0,0.0,6.043910980224609,0.0,0.02636355838992379,0.1933327615261078,0.06634683365617257,22,0.0,0.0,0.031274417305693906,0.046051467039727526,0
321,1774279761.950363,25,-0.08245468139648438,-1.0306835174560547,0.0,0.07818590656825108,1.0306835174560547,5.992770195007324,0.17198782598317122,0.015466620922088623,0.3866655230522156,0.07577065860834357,25,-0.08245468139648438,-0.04340399032069931,0.01705877307583304,0.04835961731089809,0
322,1774279762.0505059,19,-0.20958875354967618,-1.499176025390625,0.0,0.24128783483146318,1.499176025390625,5.992770195007324,0.2501641105209763,0.020350817002748187,0.1933327615261078,0.05933231748191226,19,-0.20958875354967618,-0.11034227854397184,0.011207696320354074,0.06381092604515282,0
323,1774279762.1502361,22,-0.18526749177412552,-1.546025276184082,0.0,0.22476829389452824,1.546025276184082,5.992770195007324,0.2579817389747568,0.017575705593282528,0.1933327615261078,0.05557926115933376,22,-0.09360591413475307,-0.04926055034408606,0.011372515383888693,0.07208127864911153,0
324,1774279762.250283,20,-0.051534175872802734,-1.0306835174560547,0.0,0.050459654374890306,1.0306835174560547,5.992770195007324,0.17198782598317122,0.009666638076305389,0.1933327615261078,0.042135898498397606,20,-0.14319575351217517,-0.07536981401942758,0.008787852796641264,0.071072217710819,0
325,1774279762.3501558,19,-0.12328750208804481,-1.499176025390625,0.0,0.14051918658027454,1.499176025390625,5.992770195007324,0.2501641105209763,0.040701634005496375,0.1933327615261078,0.07881837533335848,19,-0.12328750208804481,-0.06489268322150238,0.008923050531974206,0.0673201137985438,0
326,1774279762.4501748,19,-0.07890400133634869,-1.499176025390625,0.0,0.1120651456839573,1.499176025390625,5.992770195007324,0.2501641105209763,0.040701634005496375,0.1933327615261078,0.07881837533335848,19,-0.027592917133990987,-0.014522111619998211,0.011897400709298941,0.06685762258681371,0
327,1774279762.5504222,19,-0.05178075087697882,-0.9838342666625977,0.0,0.04826243090490738,0.9838342666625977,6.043910980224609,0.1627810650887574,0.030526225504122283,0.1933327615261078,0.07049729804859288,19,-0.009190522882926974,-0.004836292321326924,0.020820451241273148,0.06685841106339203,0
328,1774279762.650622,23,0.0,0.0,0.0,0.0,0.0,6.043910980224609,0.0,0.02521731672079667,0.1933327615261078,0.06511083179712221,23,0.0,0.0,0.035151411186565056,0.06771144969092449,0
329,1774279762.750895,23,0.0,0.0,0.0,0.0,0.0,5.992770195007324,0.0,0.016811544480531113,0.1933327615261078,0.054475630259036005,23,0.0,0.0,0.04461525265987103,0.06771144969092449,0
330,1774279762.8505492,22,0.0,0.0,0.0,0.0,0.0,6.043910980224609,0.0,0.0,0.0,0.0,22,0.0,0.0,0.07676447884124868,0.0677114496909245,0
331,1774279762.950896,24,-0.062465667724609375,-1.499176025390625,0.0,0.08974507181847002,1.499176025390625,6.043910980224609,0.24804733727810652,0.0,0.0,0.0,24,-0.062465667724609375,-0.032861680420910463,0.08561879439013345,0.06689880213730069,0
332,1774279763.050351,22,-0.20443309437144885,-1.546025276184082,0.0,0.2648878358310739,1.546025276184082,6.043910980224609,0.2557988165680473,0.008787852796641264,0.1933327615261078,0.04027100063673795,22,-0.11854280125011096,-0.06239608899249251,0.10203673524989022,0.07370331399439076,0
333,1774279763.1502702,21,-0.21416800362723215,-1.546025276184082,0.0,0.27541663621841694,1.546025276184082,5.992770195007324,0.2579817389747568,0.018412643954867407,0.1933327615261078,0.056751580113533366,21,-0.09235995156424387,-0.04862328695571532,0.08125579832256705,0.08086493345407013,0
334,1774279763.250177,20,-0.22487640380859375,-1.546025276184082,0.0,0.2867794015060099,1.546025276184082,6.043910980224609,0.2557988165680473,0.02899991422891617,0.1933327615261078,0.06903360396656207,20,-0.22487640380859375,-0.11836123895304515,0.06841005407846891,0.08723088819203298,0
335,1774279763.350372,21,-0.2610172544206892,-1.546025276184082,0.0,0.2992464611888491,1.546025276184082,5.992770195007324,0.2579817389747568,0.07365057581946963,0.5799982845783234,0.18366554661167991,21,-0.3078665052141462,-0.16203684490904846,0.03624989278614521,0.09467620915971318,0
336,1774279763.450771,20,-0.22487640380859375,-1.546025276184082,0.0,0.2867794015060099,1.546025276184082,5.992770195007324,0.2579817389747568,0.06766646653413773,0.5799982845783234,0.16490049267421444,20,-0.22487640380859375,-0.11831884872448467,0.017575705593282528,0.09425538652556557,0
337,1774279763.5503428,19,-0.23671200400904605,-1.546025276184082,0.0,0.2990714255747536,1.546025276184082,5.992770195007324,0.2579817389747568,0.09157867651236684,0.5799982845783234,0.21149189414577863,19,-0.23671200400904605,-0.1246059610609278,0.01731338162920368,0.09596094701858845,0
338,1774279763.6502242,18,0.0,0.0,0.0,0.0,0.0,5.992770195007324,0.0,0.053703544868363276,0.3866655230522156,0.1257167753652118,18,0.0,0.0,0.013809482966150557,0.09596094701858845,0
339,1774279763.7502167,22,-0.06814436479048296,-1.499176025390625,0.0,0.0975167435066667,1.499176025390625,6.043910980224609,0.24804733727810652,0.06151496957648884,0.5799982845783234,0.1688091397114971,22,-0.06814436479048296,-0.03587306534898417,0.020504989858829613,0.0931429880236778,0
340,1774279763.8504653,21,-0.14500958578927176,-1.546025276184082,0.0,0.19981616811046662,1.546025276184082,5.992770195007324,0.2579817389747568,0.05523793186460223,0.3866655230522156,0.13530474751489924,21,-0.06255490439278738,-0.03292185997556538,0.017575705593282528,0.08956383958270674,0
341,1774279763.950132,22,-0.07027387619018555,-1.546025276184082,0.0,0.10370677117066407,1.546025276184082,5.992770195007324,0.2579817389747568,0.10545423355969516,0.5799982845783234,0.22370221096467136,22,0.13931487735949064,0.07333805503864722,0.015846947666074408,0.08986632087696954,0
342,1774279764.050077,23,-0.057033870531165085,-1.546025276184082,0.8901357650756836,0.2637556913141143,2.4361610412597656,5.992770195007324,0.4065166795965865,0.10927503912345223,0.7733310461044312,0.24070468566955566,23,0.12823362124296045,0.06749703401436831,0.02218572673250417,0.08845402597009995,0
343,1774279764.150376,22,-0.10008703578602184,-1.546025276184082,0.8432865142822266,0.23311236048922074,2.3893117904663086,5.992770195007324,0.398699051142806,0.15818135033954273,0.7733310461044312,0.29514628651347025,22,-0.0485528599132191,-0.025552884992694026,0.029999911271292586,0.08690852286274625,0
344,1774279764.2502875,21,-0.21416800362723215,-1.546025276184082,0.0,0.27541663621841694,1.546025276184082,5.992770195007324,0.2579817389747568,0.13809482966150557,0.9666638076305389,0.33826186878724807,21,-0.09088050153918734,-0.04782852758221666,0.03730983117170501,0.08876516325838844,0
345,1774279764.3500535,22,-0.20443309437144885,-1.546025276184082,0.0,0.2648878358310739,1.546025276184082,5.992770195007324,0.2579817389747568,0.1933327615261078,1.3533293306827545,0.4162882950601393,22,-0.12552909303510018,-0.06607216048671276,0.031693895332148815,0.09079737908328576,0
346,1774279764.4502475,20,-0.14757513999938965,-1.499176025390625,0.0,0.1960606688200528,1.499176025390625,5.992770195007324,0.2501641105209763,0.25133258998394015,1.3533293306827545,0.5045207240402587,20,-0.09579438912241083,-0.050422734859020074,0.023794801418597883,0.09044135142148872,0
347,1774279764.550187,18,0.0,0.0,0.0,0.0,0.0,6.043910980224609,0.0,0.15036992563141716,0.9666638076305389,0.2921788726966375,18,0.0,0.0,0.014215644229860866,0.0931814379841497,0
348,1774279764.6503685,16,-0.18446892499923706,-1.499176025390625,0.0,0.23827007916699117,1.499176025390625,6.043910980224609,0.24804733727810652,0.07249978557229042,0.5799982845783234,0.15092033859442225,16,-0.18446892499923706,-0.09711582284304106,0.005603848160177037,0.08973843065336613,0
349,1774279764.7503774,17,-0.17912948832792394,-1.546025276184082,0.7495880126953125,0.42689497500983337,2.2956132888793945,5.992770195007324,0.38306379423524495,0.13647018460666432,0.7733310461044312,0.2948092931665478,17,-0.17912948832792394,-0.09428720383529267,0.0028431288459721733,0.08503393622331981,0
350,1774279764.8507159,17,0.04409341251148897,0.0,0.7495880126953125,0.031107664430533314,0.7495880126953125,6.043910980224609,0.12402366863905326,0.13647018460666432,0.7733310461044312,0.2948092931665478,17,0.10655908023609834,0.05608904453988358,0.00865669081460184,0.08910768947955718,0
351,1774279764.9503016,17,-0.08818682502297794,-1.499176025390625,0.0,0.12443065772213326,1.499176025390625,6.043910980224609,0.24804733727810652,0.1705877307583304,0.9666638076305389,0.36851161645818475,17,0.11624626934847092,0.06118383320925236,0.018412643954867407,0.08819293456997386,0
352,1774279765.0506344,18,0.0,0.0,0.0,0.0,0.0,6.043910980224609,0.0,0.1933327615261078,0.9666638076305389,0.3645517512016866,18,0.21416800362723215,0.11269840174560648,0.04053751451353873,0.09179323522878512,0
353,1774279765.1502373,17,0.0,0.0,0.0,0.0,0.0,5.992770195007324,0.0,0.27294036921332865,1.73999485373497,0.5668032460152764,17,0.22487640380859375,0.11835223869809526,0.05704901159786787,0.09368290666171153,0
354,1774279765.2504017,16,0.0,0.0,0.0,0.0,0.0,6.043910980224609,0.0,0.0966663807630539,0.3866655230522156,0.1674310828654081,16,0.2610172544206892,0.13737535787773061,0.07733310461044311,0.09368708700210676,0
355,1774279765.3504977,18,0.0,0.0,0.0,0.0,0.0,6.043910980224609,0.0,0.04296283589469062,0.1933327615261078,0.0803761061410629,18,0.22487640380859375,0.11837303343824843,0.07122785950961866,0.08938368739619439,0
356,1774279765.450407,18,-0.1639723777770996,-1.499176025390625,0.0,0.21515649351044885,1.499176025390625,5.992770195007324,0.2501641105209763,0.16111063460508981,1.1599965691566467,0.3238283678042016,18,0.07273962623194644,0.03828271964957642,0.0688133557974282,0.08583314543285109,0
357,1774279765.5501194,18,-0.1639723777770996,-1.499176025390625,0.0,0.21515649351044885,1.499176025390625,5.992770195007324,0.2501641105209763,0.053703544868363276,0.3866655230522156,0.10794278926806719,18,-0.1639723777770996,-0.08630601231964208,0.05704901159786787,0.0809751104969519,0
358,1774279765.650151,19,-0.08136975137810958,-1.546025276184082,0.0,0.11917865590803663,1.546025276184082,6.043910980224609,0.2557988165680473,0.040701634005496375,0.1933327615261078,0.07881837533335848,19,-0.01322538658762662,-0.006960970515891484,0.07435875443311837,0.0785021663343275,0
359,1774279765.7501204,18,0.0,0.0,0.0,0.0,0.0,5.992770195007324,0.0,0.06444425384203593,0.3866655230522156,0.1441017323500443,18,0.14500958578927176,0.07633469123321127,0.09080781223195972,0.08087139986833874,0
360,1774279765.850348,22,-0.025554136796431107,-0.5621910095214844,0.0,0.013713292055625005,0.5621910095214844,6.043910980224609,0.09301775147928994,0.035151411186565056,0.1933327615261078,0.07456740365489042,22,0.04471973939375444,0.023534028225823195,0.12407923500929306,0.08083528396078996,0
361,1774279765.9506316,23,-0.07332926211149796,-0.6090402603149414,0.0,0.036038727933842975,0.6090402603149414,6.043910980224609,0.10076923076923076,0.0,0.0,0.0,23,-0.01629539158033287,-0.00857401891624924,0.13474707621516605,0.08081622905898275,0
362,1774279766.0508301,20,0.0,0.0,0.0,0.0,0.0,6.043910980224609,0.0,0.038666552305221556,0.1933327615261078,0.07733310461044311,20,0.10008703578602184,0.0526648019108892,0.16358925975286043,0.08263131043536369,0
363,1774279766.1506767,21,-0.022309167044503347,-0.4684925079345703,0.0,0.009953978684391084,0.4684925079345703,6.043910980224609,0.07751479289940828,0.027618965932301114,0.1933327615261078,0.06765237375744962,21,0.19185883658272881,0.10095765495781304,0.1933327615261078,0.08337929374928382,0
364,1774279766.2501888,25,-0.039353370666503906,-0.5153417587280273,0.0,0.01785380654837354,0.5153417587280273,6.043910980224609,0.08526627218934911,0.030933241844177246,0.1933327615261078,0.0708769611206588,25,0.16507972370494495,0.08687787946220932,0.19977718691031138,0.07729604047717756,0
365,1774279766.3503675,24,-0.02537667751312256,-0.6090402603149414,0.0,0.014811442516915463,0.6090402603149414,6.043910980224609,0.10076923076923076,0.03222212692101797,0.1933327615261078,0.07205086617502215,24,0.12219846248626709,0.06431091783974792,0.16469087092964738,0.07090423722013249,0
366,1774279766.4502063,24,-0.011712312698364258,-0.6090402603149414,1.405477523803711,0.12186002873448842,2.0145177841186523,6.043910980224609,0.33331360946745564,0.08055531730254491,0.3866655230522156,0.15703122222574728,24,-0.011712312698364258,-0.006164312913448153,0.1213068307614794,0.06841604777132497,0
367,1774279766.5559976,27,-0.11452039082845052,-1.639723777770996,1.405477523803711,0.2210026587413773,3.045201301574707,6.043910980224609,0.5038461538461538,0.10740708973672655,0.5799982845783234,0.2252990121441686,27,0.06994853417078654,0.03670626778374038,0.11599965691566468,0.06872211231207472,0
368,1774279766.6507335,25,-0.06558895111083984,-1.639723777770996,0.0,0.10324585218768334,1.639723777770996,6.043910980224609,0.27130177514792897,0.18559945106506348,1.1599965691566467,0.4252617667239529,25,0.1135405372170841,0.05974698107747324,0.14784269999055302,0.06222722433646575,0
369,1774279766.7502038,25,-0.02810955047607422,-0.7027387619018555,0.0,0.018963523871207144,0.7027387619018555,6.043910980224609,0.11627218934911243,0.12373296737670898,0.7733310461044312,0.26156429371343975,25,-0.07220296298756318,-0.038011803202772955,0.16730719747451636,0.054892731181248405,0
370,1774279766.85015,23,-0.08555080579674762,-0.7027387619018555,0.0,0.048983792538216706,0.7027387619018555,5.992770195007324,0.11726442680670765,0.11768081136371779,0.7733310461044312,0.26581385771855276,23,0.0026360192262303156,0.001387489202498364,0.21192245013438737,0.051797073887336564,0
371,1774279766.9501724,24,-0.029280781745910645,-0.7027387619018555,0.0,0.019719376131988042,0.7027387619018555,5.992770195007324,0.11726442680670765,0.07249978557229042,0.5799982845783234,0.17482545460061438,24,-0.029280781745910645,-0.015414685637686325,0.18954192306481155,0.05118151177480045,0
372,1774279767.050477,21,-0.06023475102015904,-0.7495880126953125,0.0,0.035774599391701564,0.7495880126953125,6.043910980224609,0.12402366863905326,0.14730115163893925,1.3533293306827545,0.3370067183780163,21,-0.06023475102015904,-0.03169850141996202,0.13647018460666432,0.05011782397253714,0
373,1774279767.1503315,20,0.0,0.0,0.0,0.0,0.0,5.992770195007324,0.0,0.12566629499197007,0.7733310461044312,0.27528711587595733,20,0.0,0.0,0.10038431848470981,0.05011782397253714,0
374,1774279767.2505834,16,0.0,0.0,0.0,0.0,0.0,5.992770195007324,0.0,0.07249978557229042,0.5799982845783234,0.19181640272978906,16,0.0,0.0,0.08592567178938124,0.05011782397253714,0
375,1774279767.3506465,20,-0.037479400634765625,-0.7495880126953125,0.0,0.02668940396688413,0.7495880126953125,5.992770195007324,0.12508205526048816,0.11599965691566468,0.7733310461044312,0.27613441586624826,20,0.12649297714233398,0.06656686133390681,0.08436338684775613,0.04891781660139934,0
376,1774279767.4503448,19,-0.11095875187924034,-0.7495880126953125,0.0,0.06589420838339458,0.7495880126953125,5.992770195007324,0.12508205526048816,0.12210490201648913,0.5799982845783234,0.23645512600007546,19,0.05301362589785927,0.02789859869890273,0.05272711677984758,0.04392705444160996,0
377,1774279767.5501273,18,0.0,0.0,0.0,0.0,0.0,5.992770195007324,0.0,0.04296283589469062,0.3866655230522156,0.12151725040056222,18,0.08136975137810958,0.042826720190743586,0.045875570531618795,0.03629244370313871,0
378,1774279767.6505563,18,0.0,0.0,0.0,0.0,0.0,5.992770195007324,0.0,0.06444425384203593,0.3866655230522156,0.1441017323500443,18,0.0,0.0,0.030687739924779012,0.03604692443135208,0
379,1774279767.7497923,19,0.0,0.0,0.0,0.0,0.0,5.992770195007324,0.0,0.030526225504122283,0.1933327615261078,0.07049729804859288,19,0.025554136796431107,0.013453480176262727,0.023794801418597883,0.03604692443135208,0
380,1774279767.8503106,19,-0.004931500083521793,-0.8432865142822266,0.7495880126953125,0.0669764347251776,1.592874526977539,5.992770195007324,0.2657993674285373,0.07122785950961866,0.5799982845783234,0.1563175914863114,19,0.06839776202797616,0.036004906086109074,0.02114577079191804,0.036634536638490485,0
381,1774279767.9505296,19,0.0690410011693051,-0.6558895111083984,1.9676685333251953,0.22164968267438945,2.6235580444335938,5.992770195007324,0.4377871934117085,0.061052451008244565,0.5799982845783234,0.1409945960971858,19,0.0690410011693051,0.036343117952712244,0.03222212692101797,0.04201671602260227,0
382,1774279768.0502892,20,0.0,0.0,0.0,0.0,0.0,5.992770195007324,0.0,0.05799982845783234,0.3866655230522156,0.13806720793312413,20,0.022309167044503347,0.011744062488883482,0.030380862525531224,0.04201671602260227,0
383,1774279768.1502287,18,0.0,0.0,0.0,0.0,0.0,5.992770195007324,0.0,0.04296283589469062,0.1933327615261078,0.0803761061410629,18,0.039353370666503906,0.02071186527876507,0.047671091883149865,0.04245528157972523,0
384,1774279768.2502182,21,0.1093149185180664,-0.8432865142822266,4.778623580932617,1.1733750073160212,5.621910095214844,5.992770195007324,0.9381154144536612,0.0,0.0,0.0,21,0.13469159603118896,0.07089588809809964,0.07475533445676168,0.05168818065503252,0
385,1774279768.3502793,20,0.35136938095092773,-0.8432865142822266,4.778623580932617,1.6519555835259325,5.621910095214844,5.992770195007324,0.9381154144536612,0.04833319038152695,0.1933327615261078,0.08371554143270404,20,0.363081693649292,0.19108828124882363,0.12464875414183266,0.09592940951436536,0
386,1774279768.450378,20,0.23893117904663086,0.0,4.778623580932617,1.0846740580916503,4.778623580932617,5.992770195007324,0.797398102285612,0.038666552305221556,0.3866655230522156,0.11599965691566468,20,0.35345156987508136,0.1865789905457611,0.13809482966150557,0.10916182969132311,0
387,1774279768.550185,21,0.0,0.0,0.0,0.0,0.0,5.992770195007324,0.0,0.10126954175177075,0.5799982845783234,0.21194544842165117,21,0.06558895111083984,0.034530469090962496,0.1430132756494496,0.10533246032775158,0
388,1774279768.6501243,21,0.0,0.0,0.0,0.0,0.0,5.992770195007324,0.0,0.07365057581946963,0.3866655230522156,0.15183455174561764,21,0.02810955047607422,0.014795119593255935,0.10472191249330838,0.10370842216877266,0
389,1774279768.7508655,24,0.1268833875656128,-0.8901357650756836,4.778623580932617,0.9980138206966416,5.668759346008301,5.992770195007324,0.9459330429074416,0.06444425384203593,0.3866655230522156,0.1441017323500443,24,0.2124341933623604,0.11176539045622436,0.11088202499291476,0.10555316545135462,0
390,1774279768.8501954,21,0.0,0.0,0.0,0.0,0.0,6.043910980224609,0.0,0.07365057581946963,0.3866655230522156,0.15183455174561764,21,0.029280781745910645,0.015410751343221478,0.11302530673833994,0.10254094498977638,0
391,1774279768.9503448,21,-0.04461833408900669,-0.9369850158691406,0.0,0.03981591473756434,0.9369850158691406,6.043910980224609,0.15502958579881657,0.11968218570663816,1.3533293306827545,0.3070001256671125,21,0.015616416931152344,0.008219738843210426,0.11871309918269776,0.10305716618801924,0
392,1774279769.0505252,21,-0.08700575147356306,-0.9369850158691406,0.0,0.07196726588814754,0.9369850158691406,6.043910980224609,0.15502958579881657,0.07365057581946963,0.3866655230522156,0.15183455174561764,21,-0.08700575147356306,-0.04578783303725242,0.10702349298766681,0.1044096961508493,0
393,1774279769.1504648,21,-0.21193708692278182,-0.9838342666625977,0.0,0.14478061996446834,0.9838342666625977,6.043910980224609,0.1627810650887574,0.12888850768407187,0.5799982845783234,0.23363026054602423,21,-0.21193708692278182,-0.11155280064308913,0.10545423355969516,0.11696984487081351,0
394,1774279769.2503755,21,-0.09146758488246373,-0.9838342666625977,0.0,0.07953228968828475,0.9838342666625977,6.043910980224609,0.1627810650887574,0.1933327615261078,1.3533293306827545,0.4735666163021473,21,-0.05398818424769811,-0.028418887044237996,0.09497047934615821,0.11942212440582389,0
395,1774279769.3507755,22,-0.13202970678156073,-0.9838342666625977,0.0,0.11046818600364587,0.9838342666625977,6.043910980224609,0.1627810650887574,0.10545423355969516,0.7733310461044312,0.24543137184320962,22,-0.021070954902320388,-0.011087463032245707,0.07733310461044311,0.12323089259900118,0
396,1774279769.450363,20,-0.051534175872802734,-1.0306835174560547,0.0,0.050459654374890306,1.0306835174560547,6.043910980224609,0.17053254437869822,0.11599965691566468,0.5799982845783234,0.23199931383132935,20,-0.051534175872802734,-0.027119886837990576,0.04569683454253457,0.1209588993347807,0
397,1774279769.5508196,19,-0.15534225263093648,-1.0306835174560547,0.0,0.12893085283062056,1.0306835174560547,6.043910980224609,0.17053254437869822,0.15263112752061142,1.1599965691566467,0.31723784121866794,19,-0.15534225263093648,-0.08174775140690724,0.05523793186460223,0.12644590045273027,0
398,1774279769.6504579,19,-0.05424650091873972,-1.0306835174560547,0.0,0.052968291514682915,1.0306835174560547,6.043910980224609,0.17053254437869822,0.08140326801099275,0.3866655230522156,0.15763675066671695,19,-0.05424650091873972,-0.02854079284421122,0.054268845340661835,0.1271219446671398,0
399,1774279769.7506523,20,-0.10072588920593262,-1.0306835174560547,0.0,0.09136621411443002,1.0306835174560547,6.043910980224609,0.17053254437869822,0.1643328472971916,0.9666638076305389,0.29495128948878324,20,-0.09579438912241083,-0.050409032566472535,0.06333314601717324,0.12912532615257885,0
400,1774279769.8501086,20,-0.04216432571411133,-0.8432865142822266,0.0,0.033778776895587725,0.8432865142822266,6.043910980224609,0.1395266272189349,0.08699974268674851,0.5799982845783234,0.20710081189968624,20,-0.11120532688341643,-0.05854208962313246,0.054268845340661835,0.12942345148777132,0
401,1774279769.950411,19,0.0,0.0,0.0,0.0,0.0,6.043910980224609,0.0,0.15263112752061142,0.7733310461044312,0.29805437247207,19,0.0,0.0,0.032768264665442,0.12835149480275448,0
402,1774279770.050271,18,0.062465667724609375,-1.0775327682495117,3.232598304748535,0.7001578836707267,4.310131072998047,6.043910980224609,0.7131360946745562,0.17185134357876247,0.7733310461044312,0.3215044245642516,18,0.062465667724609375,0.03287593537996488,0.0294914381988978,0.12924628994927545,0
403,1774279770.150572,19,-0.17013675288150185,-1.1243820190429688,0.0,0.15461244871652743,1.1243820190429688,6.043910980224609,0.18603550295857987,0.12210490201648913,0.5799982845783234,0.23645512600007543,19,-0.2794516713995683,-0.14705243594043943,0.028524505798933935,0.13420028225612704,0
404,1774279770.250211,18,-0.062465667724609375,-1.1243820190429688,0.0,0.06633331395278219,1.1243820190429688,6.043910980224609,0.18603550295857987,0.08592567178938124,0.3866655230522156,0.1607522122821258,18,-0.4138350486755371,-0.2178157537855644,0.06338779066429763,0.13159369962845754,0
405,1774279770.3500948,17,0.0,0.0,0.0,0.0,0.0,5.992770195007324,0.0,0.06823509230333216,0.3866655230522156,0.1474046465832739,17,-0.23893117904663086,-0.12577199519577711,0.0717202179854916,0.10045039872890155,0
406,1774279770.4504352,18,0.0,0.0,0.0,0.0,0.0,5.992770195007324,0.0,0.053703544868363276,0.5799982845783234,0.1412719698364962,18,0.0,0.0,0.07909067516977136,0.07852915477658277,0
407,1774279770.5505092,18,-0.062465667724609375,-1.1243820190429688,0.0,0.06633331395278219,1.1243820190429688,5.992770195007324,0.18762308289073223,0.053703544868363276,0.3866655230522156,0.1257167753652118,18,-0.062465667724609375,-0.03287000840067085,0.07030282237313011,0.07768763607637062,0
408,1774279770.6500056,20,0.0,0.0,0.0,0.0,0.0,5.992770195007324,0.0,0.05799982845783234,0.3866655230522156,0.13806720793312413,20,-0.1268833875656128,-0.06681096684719777,0.08494924370086554,0.07768763607637062,0
409,1774279770.7500432,19,0.0,0.0,0.0,0.0,0.0,6.043910980224609,0.0,0.050877042506870473,0.3866655230522156,0.12294992872220822,19,0.0,0.0,0.08899444578185914,0.06713431604287864,0
410,1774279770.8507168,22,0.0,0.0,0.0,0.0,0.0,6.043910980224609,0.0,0.07909067516977136,0.5799982845783234,0.17153204345381357,22,0.04461833408900669,0.02347873649125804,0.10740708973672655,0.06713431604287864,0
411,1774279770.9501467,22,0.0,0.0,0.0,0.0,0.0,6.043910980224609,0.0,0.06151496957648884,0.5799982845783234,0.15842526929759843,22,0.08700575147356306,0.045801625262917825,0.13195728167654977,0.0683449285915333,0
412,1774279771.0561388,19,-0.17753400300678454,-1.1712312698364258,0.0,0.16832875561013672,1.1712312698364258,6.043910980224609,0.1937869822485207,0.10175408501374095,0.5799982845783234,0.20197609175076997,19,0.03440308391599728,0.018052974571824445,0.1419787467457354,0.07296108892814286,0
413,1774279771.1560407,20,-0.06090402603149414,-1.2180805206298828,0.0,0.0704767073500534,1.2180805206298828,6.043910980224609,0.20153846153846153,0.05799982845783234,0.3866655230522156,0.13806720793312413,20,0.03056355885096959,0.016038262914662198,0.13809482966150557,0.06441687708967142,0
414,1774279771.2554827,20,0.12180805206298828,-1.0775327682495117,3.5136938095092773,0.660518851134384,4.591226577758789,6.043910980224609,0.7596449704142012,0.019333276152610778,0.1933327615261078,0.05799982845783234,20,0.253837758844549,0.13326865133260515,0.12360619179538039,0.07436956792349968,0
415,1774279771.3559296,21,-0.0513110842023577,-1.0775327682495117,0.0,0.05265654724042886,1.0775327682495117,6.043910980224609,0.17828402366863905,0.0,0.0,0.0,21,0.00022309167044503447,0.00011707366178280683,0.11666632161058228,0.07163716968798384,0
416,1774279771.4556026,19,-0.17753400300678454,-1.1712312698364258,0.0,0.16832875561013672,1.1712312698364258,6.043910980224609,0.1937869822485207,0.010175408501374094,0.1933327615261078,0.04317060211598919,19,-0.022191750375848057,-0.01165053985347303,0.1333329389835226,0.07764310502414011,0
417,1774279771.5560832,21,-0.1093149185180664,-1.1712312698364258,0.0,0.11357489678890229,1.1712312698364258,6.043910980224609,0.1937869822485207,0.0,0.0,0.0,21,-0.05506841759932669,-0.028897819706420542,0.11141209986250279,0.07502157976815195,0
418,1774279771.6558135,22,-0.10647556998512962,-1.2180805206298828,0.0,0.11357000206384678,1.2180805206298828,6.043910980224609,0.20153846153846153,0.0,0.0,0.0,22,-0.005749680779197006,-0.0030179498475951002,0.1343498851283122,0.07622430902658935,0
419,1774279771.755765,22,-0.10860508138483221,-1.2180805206298828,0.0,0.11800052003287638,1.2180805206298828,6.043910980224609,0.20153846153846153,0.0,0.0,0.0,22,-0.06644075567072089,-0.0348650249024356,0.13567211335165458,0.07652158872351678,0
420,1774279771.8557289,26,0.1441515409029447,-1.2180805206298828,3.6542415618896484,1.1180110073230791,4.872322082519531,6.043910980224609,0.8061538461538461,0.022307626329935513,0.1933327615261078,0.06176702039910063,26,0.1441515409029447,0.0756574793780909,0.1484519418861185,0.08717147477994114,0
421,1774279771.9556026,24,-0.24791061878204346,-1.2649297714233398,0.0,0.23438812468690173,1.2649297714233398,6.043910980224609,0.20928994082840235,0.016111063460508983,0.1933327615261078,0.05343435247211316,24,-0.31037628650665283,-0.16289882801062122,0.1265450802716342,0.09786838506235403,0
422,1774279772.0563169,25,-0.3298187255859375,-1.2649297714233398,0.0,0.28067420034858515,1.2649297714233398,6.043910980224609,0.20928994082840235,0.023199931383132935,0.1933327615261078,0.06282571118049703,25,-0.15968197270443565,-0.08378979885237314,0.09308614443849635,0.11164129602668697,0
423,1774279772.1561677,19,-0.1257532521298057,-1.2180805206298828,0.0,0.13447574285144137,1.2180805206298828,6.043910980224609,0.20153846153846153,0.050877042506870473,0.3866655230522156,0.12294992872220822,19,-0.06328758440519633,-0.0332051525126777,0.06930797111313299,0.11005715707787765,0
424,1774279772.2556422,19,-0.06410950108578331,-1.2180805206298828,0.0,0.07398050633042494,1.2180805206298828,6.043910980224609,0.20153846153846153,0.061052451008244565,0.3866655230522156,0.1262734987166934,19,-0.06410950108578331,-0.03364361429351159,0.05836460725316461,0.11005382613813526,0
425,1774279772.3563669,21,-0.1093149185180664,-1.1712312698364258,0.0,0.11357489678890229,1.1712312698364258,6.043910980224609,0.1937869822485207,0.07365057581946963,0.5799982845783234,0.15183455174561764,21,-0.1093149185180664,-0.057355107675614525,0.05523793186460223,0.10926309832501137,0
426,1774279772.4556074,21,-0.11377675192696708,-1.2180805206298828,0.0,0.12303117653907386,1.2180805206298828,6.043910980224609,0.20153846153846153,0.08285689779690333,0.3866655230522156,0.15294690765491586,21,-0.05131108420235771,-0.026933563953054827,0.054268845340661835,0.10825826678840085,0
427,1774279772.5557063,20,-0.05856156349182129,-1.1712312698364258,0.0,0.0651596776535257,1.1712312698364258,6.043910980224609,0.1937869822485207,0.04833319038152695,0.1933327615261078,0.08371554143270404,20,-0.05856156349182129,-0.030729675439579798,0.06338779066429763,0.10829131734910287,0
428,1774279772.6559696,20,-0.05856156349182129,-1.1712312698364258,0.0,0.0651596776535257,1.1712312698364258,6.043910980224609,0.1937869822485207,0.038666552305221556,0.1933327615261078,0.07733310461044311,20,-0.05856156349182129,-0.03072603509992138,0.06444425384203593,0.10690531657297836,0
429,1774279772.755746,21,0.0646965844290597,-1.1712312698364258,3.6542415618896484,0.7572190664789986,4.825472831726074,6.043910980224609,0.7984023668639053,0.018412643954867407,0.1933327615261078,0.056751580113533366,21,0.0646965844290597,0.03396094360969019,0.07978812380442543,0.11025417340569653,0
430,1774279772.8560886,21,0.12270041874476842,-1.0775327682495117,3.6542415618896484,0.6761140481585801,4.73177433013916,6.043910980224609,0.7828994082840237,0.04603160988716852,0.3866655230522156,0.10168714988122056,21,0.12270041874476842,0.06437783579675725,0.07289595926394228,0.11761630003268227,0
431,1774279772.9558308,21,0.0,0.0,0.0,0.0,0.0,6.043910980224609,0.0,0.06444425384203593,0.3866655230522156,0.12420007372017354,21,0.17753400300678454,0.09345409547116618,0.0589828763977956,0.11761630003268227,0
432,1774279773.0564125,20,-0.051534175872802734,-1.0306835174560547,0.0,0.050459654374890306,1.0306835174560547,6.043910980224609,0.17053254437869822,0.04833319038152695,0.3866655230522156,0.10366314458524724,20,0.009369850158691406,0.004930535281743708,0.025355116265719055,0.11516004778511273,0
433,1774279773.1556492,21,0.0,0.0,0.0,0.0,0.0,6.043910980224609,0.0,0.08285689779690333,0.5799982845783234,0.17467767792933472,21,-0.12180805206298828,-0.06410388317208449,0.009666638076305389,0.11605647004170229,0
434,1774279773.255987,21,0.0,0.0,0.0,0.0,0.0,6.043910980224609,0.0,0.07365057581946963,0.3866655230522156,0.15183455174561764,21,0.0513110842023577,0.02700501915124614,0.003169389533214882,0.10919355454975656,0
435,1774279773.3558543,25,0.0,0.0,0.0,0.0,0.0,6.043910980224609,0.0,0.11599965691566468,0.7733310461044312,0.24454874910106855,25,0.17753400300678454,0.0934265759793181,0.003118270347195287,0.11017858443741527,0
436,1774279773.4553688,22,-0.09156899018721147,-1.0306835174560547,0.0,0.08389868264587241,1.0306835174560547,6.043910980224609,0.17053254437869822,0.05272711677984758,0.3866655230522156,0.13269366731234514,22,0.017745928330854935,0.009343475648095139,0.0,0.10740447515728493,0
437,1774279773.5556097,21,0.0,0.0,0.0,0.0,0.0,6.043910980224609,0.0,0.11968218570663816,1.1599965691566467,0.3400112953658627,21,0.10647556998512962,0.05604578392353186,0.008285689779690334,0.10764834117532618,0
438,1774279773.6558795,24,0.0,0.0,0.0,0.0,0.0,6.043910980224609,0.0,0.23361042017738023,1.3533293306827545,0.4635256835544071,24,0.10860508138483221,0.05715712358958531,0.013425886217090819,0.10768900720392383,0
439,1774279773.7557924,22,-0.08305094458840111,-0.9369850158691406,0.0,0.0690244769770728,0.9369850158691406,6.043910980224609,0.15502958579881657,0.10545423355969516,0.7733310461044312,0.2653873346246903,22,-0.2272024854913458,-0.11957625823160231,0.020622161229451496,0.10715294451346205,0
440,1774279773.8561196,21,0.0,0.0,0.0,0.0,0.0,6.043910980224609,0.0,0.12888850768407187,0.7733310461044312,0.2690389101166608,21,0.24791061878204346,0.13044377950725008,0.028431288459721732,0.09832763858153272,0
441,1774279773.955539,19,-0.05424650091873972,-1.0306835174560547,0.0,0.052968291514682915,1.0306835174560547,6.043910980224609,0.17053254437869822,0.040701634005496375,0.3866655230522156,0.11866463496382453,19,0.2755722246671978,0.14509741620523522,0.04296283589469062,0.08808491335682749,0
442,1774279774.0555437,17,-0.05787260392132927,-0.9838342666625977,0.0,0.053587812554160896,0.9838342666625977,6.043910980224609,0.1627810650887574,0.022745030767777386,0.3866655230522156,0.09098012307110956,17,0.06788064820847643,0.035738395782295686,0.062259702864339794,0.0599849539053254,0
443,1774279774.1563642,17,0.0,0.0,0.0,0.0,0.0,6.043910980224609,0.0,0.0,0.0,0.0,17,0.06410950108578331,0.03372902517096338,0.07289595926394228,0.05653429688357678,0
444,1774279774.2560546,17,-0.05236092735739315,-0.8901357650756836,0.0,0.04386666741961925,0.8901357650756836,6.043910980224609,0.14727810650887574,0.0,0.0,0.0,17,0.056953991160673255,0.029980711645973112,0.06860194763829632,0.05621367850932062,0
445,1774279774.3560731,17,0.0,0.0,0.0,0.0,0.0,6.043910980224609,0.0,0.0,0.0,0.0,17,0.11377675192696708,0.05986782624878273,0.05704901159786787,0.053194480198657905,0
446,1774279774.455985,17,-0.05236092735739315,-0.8901357650756836,0.0,0.04386666741961924,0.8901357650756836,5.992770195007324,0.14853494062182968,0.0,0.0,0.0,17,0.006200636134428138,0.0032630138864940855,0.0348632848653637,0.04943038793528166,1
447,1774279774.555905,16,-0.061489641666412354,-0.9838342666625977,0.0,0.05671464048395691,0.9838342666625977,5.992770195007324,0.16417019752939072,0.0,0.0,0.0,16,-0.0029280781745910645,-0.0015411461069880724,0.03430097381914816,0.04955260839798263,1
448,1774279774.6561933,16,-0.061489641666412354,-0.9838342666625977,0.0,0.05671464048395691,0.9838342666625977,5.992770195007324,0.16417019752939072,0.0,0.0,0.0,16,-0.12618622609547206,-0.06639816928315162,0.04296283589469062,0.04967409665455648,1
449,1774279774.756068,16,-0.061489641666412354,-0.9838342666625977,0.0,0.05671464048395691,0.9838342666625977,5.992770195007324,0.16417019752939072,0.0,0.0,0.0,16,-0.18419006041118077,-0.0969431905273584,0.05301059590231988,0.04656842957887192,1
450,1774279774.855911,15,0.0,0.0,0.0,0.0,0.0,5.992770195007324,0.0,0.0,0.0,0.0,15,0.0,0.0,0.06548367729110102,0.032688484249695116,1
451,1774279774.9563098,16,0.0,0.0,0.0,0.0,0.0,6.043910980224609,0.0,0.0,0.0,0.0,16,0.051534175872802734,0.027124716094010765,0.06860194763829632,0.03268848424969511,1
452,1774279775.0555089,16,0.0,0.0,0.0,0.0,0.0,6.043910980224609,0.0,0.0,0.0,0.0,16,0.0,0.0,0.09233803535575297,0.03302708297146423,1
453,1774279775.1559477,15,0.0,0.0,0.0,0.0,0.0,5.992770195007324,0.0,0.0,0.0,0.0,15,0.0,0.0,0.08245073653319303,0.03302708297146423,1
454,1774279775.255834,16,0.0,0.0,0.0,0.0,0.0,6.043910980224609,0.0,0.0,0.0,0.0,16,0.0,0.0,0.0966663807630539,0.03302708297146423,1
455,1774279775.3555546,16,0.0,0.0,0.0,0.0,0.0,6.043910980224609,0.0,0.0,0.0,0.0,16,0.09156899018721147,0.04818949234207685,0.13850705303362945,0.03302708297146423,1
456,1774279775.455811,16,0.0,0.0,0.0,0.0,0.0,6.043910980224609,0.0,0.0,0.0,0.0,16,0.0,0.0,0.15582043466283313,0.030236874365128383,1
457,1774279775.5559716,16,0.0,0.0,0.0,0.0,0.0,6.043910980224609,0.0,0.0,0.0,0.0,16,0.0,0.0,0.15870599826770043,0.03023687436512838,1
458,1774279775.656259,16,0.0,0.0,0.0,0.0,0.0,6.043910980224609,0.0,0.0,0.0,0.0,16,0.08305094458840111,0.04370028974429728,0.0935481104158586,0.030236874365128383,1
459,1774279775.7555363,16,0.0,0.0,0.0,0.0,0.0,6.043910980224609,0.0,0.0,0.0,0.0,16,0.0,0.0,0.06783605667582729,0.0274460393306254,1
460,1774279775.8555593,16,0.0,0.0,0.0,0.0,0.0,6.043910980224609,0.0,0.0,0.0,0.0,16,0.05424650091873972,0.028550484002030512,0.02188672771993673,0.0274460393306254,1
461,1774279775.9559605,17,0.0,0.0,0.0,0.0,0.0,6.043910980224609,0.0,0.0,0.0,0.0,17,0.05787260392132927,0.030452584068356305,0.007581676922592462,0.026601550890744927,1
462,1774279776.0553613,16,0.0,0.0,0.0,0.0,0.0,6.043910980224609,0.0,0.0,0.0,0.0,16,0.0,0.0,0.0,0.025144279837234898,1
463,1774279776.1557152,17,0.0,0.0,0.0,0.0,0.0,6.043910980224609,0.0,0.0,0.0,0.0,17,0.05236092735739315,0.0275633066807564,0.0,0.025144279837234898,1
464,1774279776.2558742,16,0.0,0.0,0.0,0.0,0.0,6.043910980224609,0.0,0.0,0.0,0.0,16,0.0,0.0,0.0,0.023748869301668262,1
465,1774279776.3511255,15,0.0,0.0,0.0,0.0,0.0,6.043910980224609,0.0,0.0,0.0,0.0,15,0.05236092735739315,0.027629049064521544,0.0,0.023748869301668262,1
466,1774279776.4555926,16,0.0,0.0,0.0,0.0,0.0,6.043910980224609,0.0,0.0,0.0,0.0,16,0.061489641666412354,0.03236829254303567,0.0,0.021956193752871507,1
467,1774279776.5555413,16,0.0,0.0,0.0,0.0,0.0,6.043910980224609,0.0,0.0,0.0,0.0,16,0.061489641666412354,0.03237407836847637,0.0,0.018446892499923706,1
468,1774279776.6556742,16,0.0,0.0,0.0,0.0,0.0,6.043910980224609,0.0,0.0,0.0,0.0,16,0.061489641666412354,0.032369677864872985,0.0,0.01340135670492097,1
469,1774279776.7554762,16,0.0,0.0,0.0,0.0,0.0,6.043910980224609,0.0,0.0,0.0,0.0,16,0.0,0.0,0.0,0.0,1
470,1774279776.8502505,16,0.0,0.0,0.0,0.0,0.0,6.043910980224609,0.0,0.0,0.0,0.0,16,0.0,0.0,0.0,0.0,1
471,1774279776.9503124,16,0.0,0.0,0.0,0.0,0.0,6.043910980224609,0.0,0.0,0.0,0.0,16,0.0,0.0,0.0,0.0,0
472,1774279777.0501447,16,0.0,0.0,0.0,0.0,0.0,6.043910980224609,0.0,0.0,0.0,0.0,16,0.0,0.0,0.0,0.0,0
473,1774279777.1504602,15,0.0,0.0,0.0,0.0,0.0,6.043910980224609,0.0,0.0,0.0,0.0,15,0.0,0.0,0.0,0.0,0
474,1774279777.2504458,16,0.0,0.0,0.0,0.0,0.0,6.043910980224609,0.0,0.0,0.0,0.0,16,0.0,0.0,0.0,0.0,0
475,1774279777.3504398,15,0.0,0.0,0.0,0.0,0.0,6.043910980224609,0.0,0.0,0.0,0.0,15,0.0,0.0,0.0,0.0,0
476,1774279777.4498835,16,0.0,0.0,0.0,0.0,0.0,6.043910980224609,0.0,0.0,0.0,0.0,16,0.0,0.0,0.0,0.0,0
477,1774279777.5498295,16,0.0,0.0,0.0,0.0,0.0,6.043910980224609,0.0,0.0,0.0,0.0,16,0.0,0.0,0.0,0.0,0
478,1774279777.6506522,16,0.0,0.0,0.0,0.0,0.0,6.043910980224609,0.0,0.0,0.0,0.0,16,0.0,0.0,0.0,0.0,0
479,1774279777.7499897,16,0.0,0.0,0.0,0.0,0.0,6.043910980224609,0.0,0.0,0.0,0.0,16,0.0,0.0,0.0,0.0,0
480,1774279777.8501399,16,0.0,0.0,0.0,0.0,0.0,6.043910980224609,0.0,0.0,0.0,0.0,16,0.0,0.0,0.0,0.0,0
481,1774279777.9497366,16,0.0,0.0,0.0,0.0,0.0,6.043910980224609,0.0,0.0,0.0,0.0,16,0.0,0.0,0.0,0.0,0
482,1774279778.0500598,15,0.0,0.0,0.0,0.0,0.0,6.043910980224609,0.0,0.0,0.0,0.0,15,0.0,0.0,0.0,0.0,0
483,1774279778.1406538,16,0.0,0.0,0.0,0.0,0.0,6.043910980224609,0.0,0.0,0.0,0.0,16,0.0,0.0,0.0,0.0,0
484,1774279778.2457912,16,0.0,0.0,0.0,0.0,0.0,6.043910980224609,0.0,0.0,0.0,0.0,16,0.0,0.0,0.0,0.0,0
485,1774279778.3359349,15,0.0,0.0,0.0,0.0,0.0,6.043910980224609,0.0,0.0,0.0,0.0,15,0.0,0.0,0.0,0.0,0
486,1774279778.441262,15,0.0,0.0,0.0,0.0,0.0,6.043910980224609,0.0,0.0,0.0,0.0,15,0.0,0.0,0.0,0.0,0
487,1774279778.5451272,16,0.0,0.0,0.0,0.0,0.0,6.043910980224609,0.0,0.0,0.0,0.0,16,0.0,0.0,0.0,0.0,0
488,1774279778.6508408,16,0.0,0.0,0.0,0.0,0.0,6.043910980224609,0.0,0.0,0.0,0.0,16,0.0,0.0,0.0,0.0,0
489,1774279778.7406464,16,0.0,0.0,0.0,0.0,0.0,6.043910980224609,0.0,0.0,0.0,0.0,16,0.0,0.0,0.0,0.0,0
490,1774279778.8457968,16,0.0,0.0,0.0,0.0,0.0,6.043910980224609,0.0,0.0,0.0,0.0,16,0.0,0.0,0.0,0.0,0
491,1774279778.9507737,16,0.0,0.0,0.0,0.0,0.0,6.043910980224609,0.0,0.0,0.0,0.0,16,0.0,0.0,0.0,0.0,0
492,1774279779.0411236,16,0.0,0.0,0.0,0.0,0.0,6.043910980224609,0.0,0.0,0.0,0.0,16,0.0,0.0,0.0,0.0,0
493,1774279779.1455278,16,0.0,0.0,0.0,0.0,0.0,6.043910980224609,0.0,0.0,0.0,0.0,16,0.0,0.0,0.0,0.0,0
494,1774279779.2507024,16,0.0,0.0,0.0,0.0,0.0,6.043910980224609,0.0,0.0,0.0,0.0,16,0.0,0.0,0.0,0.0,0
495,1774279779.3413527,16,0.0,0.0,0.0,0.0,0.0,6.043910980224609,0.0,0.0,0.0,0.0,16,0.0,0.0,0.0,0.0,0
496,1774279779.4452717,16,0.0,0.0,0.0,0.0,0.0,6.043910980224609,0.0,0.0,0.0,0.0,16,0.0,0.0,0.0,0.0,0
497,1774279779.5507045,16,0.0,0.0,0.0,0.0,0.0,6.043910980224609,0.0,0.0,0.0,0.0,16,0.0,0.0,0.0,0.0,0
498,1774279779.6412513,16,0.0,0.0,0.0,0.0,0.0,6.043910980224609,0.0,0.0,0.0,0.0,16,0.0,0.0,0.0,0.0,0
499,1774279779.7455246,16,0.0,0.0,0.0,0.0,0.0,5.992770195007324,0.0,0.0,0.0,0.0,16,0.0,0.0,0.0,0.0,0
500,1774279779.835638,15,0.0,0.0,0.0,0.0,0.0,6.043910980224609,0.0,0.0,0.0,0.0,15,0.0,0.0,0.0,0.0,0
501,1774279779.9407942,16,0.0,0.0,0.0,0.0,0.0,5.992770195007324,0.0,0.0,0.0,0.0,16,0.0,0.0,0.0,0.0,0
502,1774279780.045744,16,-0.029280781745910645,-0.4684925079345703,0.0,0.01286046269477481,0.4684925079345703,5.992770195007324,0.07817628453780509,0.0,0.0,0.0,16,-0.029280781745910645,-0.01536976221968839,0.0,0.006381598430914747,0
503,1774279780.1506276,16,-0.029280781745910645,-0.4684925079345703,0.0,0.01286046269477481,0.4684925079345703,6.043910980224609,0.07751479289940828,0.0,0.0,0.0,16,-0.029280781745910645,-0.015371809094053005,0.0,0.008784234523773193,0
504,1774279780.240754,16,-0.029280781745910645,-0.4684925079345703,0.0,0.01286046269477481,0.4684925079345703,6.043910980224609,0.07751479289940828,0.0,0.0,0.0,16,-0.029280781745910645,-0.015371949548088152,0.0,0.010455330358510241,0
505,1774279780.345431,17,-0.027558382819680607,-0.4684925079345703,0.0,0.012151431418177077,0.4684925079345703,6.043910980224609,0.07751479289940828,0.0,0.0,0.0,17,-0.027558382819680607,-0.014472655328196811,0.0,0.011544891945752428,0
506,1774279780.4502678,18,-0.026027361551920574,-0.4684925079345703,0.0,0.011516200339024686,0.4684925079345703,6.043910980224609,0.07751479289940828,0.0,0.0,0.0,18,-0.026027361551920574,-0.013661648399061298,0.0,0.01226557239882865,0
507,1774279780.540955,17,-0.027558382819680607,-0.4684925079345703,0.0,0.012151431418177077,0.4684925079345703,6.043910980224609,0.07751479289940828,0.0,0.0,0.0,17,-0.027558382819680607,-0.014580273114559589,0.0,0.012924054360728679,0
508,1774279780.64561,17,-0.027558382819680607,-0.4684925079345703,0.0,0.012151431418177077,0.4684925079345703,6.043910980224609,0.07751479289940828,0.0,0.0,0.0,17,-0.027558382819680607,-0.014466618109383227,0.0,0.013409726829769961,0
509,1774279780.751039,17,-0.027558382819680607,-0.4684925079345703,0.0,0.012151431418177077,0.4684925079345703,6.043910980224609,0.07751479289940828,0.0,0.0,0.0,17,-0.027558382819680607,-0.014464503647980945,0.0,0.01374092587349391,0
510,1774279780.8414595,16,0.0,0.0,0.0,0.0,0.0,6.043910980224609,0.0,0.0,0.0,0.0,16,0.0,0.0,0.0,0.01374092587349391,0
511,1774279780.9459298,17,0.0,0.0,0.0,0.0,0.0,6.043910980224609,0.0,0.0,0.0,0.0,17,0.0,0.0,0.0,0.01374092587349391,0
512,1774279781.0503478,17,0.0,0.0,0.0,0.0,0.0,6.043910980224609,0.0,0.0,0.0,0.0,17,0.0,0.0,0.0,0.01374092587349391,0
513,1774279781.1407082,16,0.0,0.0,0.0,0.0,0.0,6.043910980224609,0.0,0.0,0.0,0.0,16,0.0,0.0,0.0,0.01374092587349391,0
514,1774279781.2455988,17,0.0,0.0,0.0,0.0,0.0,6.043910980224609,0.0,0.0,0.0,0.0,17,0.0,0.0,0.0,0.01374092587349391,0
515,1774279781.3510482,17,0.0,0.0,0.0,0.0,0.0,6.043910980224609,0.0,0.0,0.0,0.0,17,0.0,0.0,0.0,0.01374092587349391,0
516,1774279781.4407187,17,0.0,0.0,0.0,0.0,0.0,6.043910980224609,0.0,0.0,0.0,0.0,17,0.0,0.0,0.0,0.01374092587349391,0
517,1774279781.5457215,17,0.0,0.0,0.0,0.0,0.0,6.043910980224609,0.0,0.0,0.0,0.0,17,0.0,0.0,0.0,0.01374092587349391,0
518,1774279781.6506128,17,0.0,0.0,0.0,0.0,0.0,6.043910980224609,0.0,0.0,0.0,0.0,17,0.0,0.0,0.0,0.01374092587349391,0
519,1774279781.741099,17,0.0,0.0,0.0,0.0,0.0,6.043910980224609,0.0,0.0,0.0,0.0,17,0.0,0.0,0.0,0.01374092587349391,0
520,1774279781.8451693,17,0.0,0.0,0.0,0.0,0.0,6.043910980224609,0.0,0.0,0.0,0.0,17,0.0,0.0,0.0,0.01374092587349391,0
521,1774279781.9504955,17,0.0,0.0,0.0,0.0,0.0,6.043910980224609,0.0,0.0,0.0,0.0,17,0.029280781745910645,0.015372494072241115,0.0,0.01374092587349391,0
522,1774279782.0407798,16,0.0,0.0,0.0,0.0,0.0,6.043910980224609,0.0,0.0,0.0,0.0,16,0.029280781745910645,0.015491229488666127,0.0,0.013289507682427603,0
523,1774279782.1454983,18,-0.031232833862304688,-0.5621910095214844,0.0,0.016583328488195548,0.5621910095214844,6.043910980224609,0.09301775147928994,0.010740708973672655,0.1933327615261078,0.04428507759247181,18,-0.001952052116394043,-0.001024836786527405,0.0,0.013438982729457103,0
524,1774279782.2509956,17,0.0,0.0,0.0,0.0,0.0,6.043910980224609,0.0,0.0,0.0,0.0,17,0.027558382819680607,0.014462056858198444,0.0,0.012821980913443906,0
525,1774279782.3403947,17,0.0,0.0,0.0,0.0,0.0,6.043910980224609,0.0,0.0,0.0,0.0,17,0.026027361551920574,0.013770165882355861,0.0,0.012149509924450547,0
526,1774279782.4457045,17,0.0,0.0,0.0,0.0,0.0,6.043910980224609,0.0,0.0,0.0,0.0,17,0.027558382819680607,0.014468246014020313,0.0,0.011413001095576305,0
527,1774279782.5507002,16,0.0,0.0,0.0,0.0,0.0,6.043910980224609,0.0,0.0,0.0,0.0,16,0.027558382819680607,0.01446565855970672,0.0,0.010299529532064937,0
528,1774279782.6407123,16,0.0,0.0,0.0,0.0,0.0,6.043910980224609,0.0,0.0,0.0,0.0,16,0.027558382819680607,0.014583676340411298,0.0,0.008837799547282643,0
529,1774279782.7454958,16,0.0,0.0,0.0,0.0,0.0,6.043910980224609,0.0,0.0,0.0,0.0,16,0.0,0.0,0.0,0.006807038326309064,0
530,1774279782.8354695,15,0.0,0.0,0.0,0.0,0.0,6.043910980224609,0.0,0.0,0.0,0.0,15,0.0,0.0,0.0,0.006807038326309064,0
531,1774279782.940795,17,-0.055116765639361215,-0.9369850158691406,0.0,0.04860572567270831,0.9369850158691406,6.043910980224609,0.15502958579881657,0.0,0.0,0.0,17,-0.055116765639361215,-0.02915541222006446,0.0,0.01349172913104486,0
532,1774279783.050794,18,-0.05205472310384115,-0.9369850158691406,0.0,0.04606480135609874,0.9369850158691406,6.043910980224609,0.15502958579881657,0.02148141794734531,0.1933327615261078,0.06075862520028111,18,-0.05205472310384115,-0.02725255924415131,0.0,0.016978301059348822,0
533,1774279783.1497836,15,0.0,0.0,0.0,0.0,0.0,6.043910980224609,0.0,0.0,0.0,0.0,15,0.0,0.0,0.0,0.016978301059348822,0
534,1774279783.2501569,15,0.0,0.0,0.0,0.0,0.0,5.992770195007324,0.0,0.0,0.0,0.0,15,0.0,0.0,0.0,0.016978301059348822,0
535,1774279783.350272,18,0.0,0.0,0.0,0.0,0.0,6.043910980224609,0.0,0.0,0.0,0.0,18,0.0,0.0,0.0,0.016978301059348822,0
536,1774279783.4505377,19,0.0,0.0,0.0,0.0,0.0,5.992770195007324,0.0,0.0,0.0,0.0,19,0.0,0.0,0.0,0.016978301059348822,0
537,1774279783.5498235,16,0.0,0.0,0.0,0.0,0.0,5.992770195007324,0.0,0.0,0.0,0.0,16,0.0,0.0,0.0,0.016978301059348822,0
538,1774279783.6503808,16,0.0,0.0,0.0,0.0,0.0,5.992770195007324,0.0,0.024166595190763474,0.3866655230522156,0.09359682070836317,16,0.0,0.0,0.0,0.016978301059348822,0
539,1774279783.755782,19,-0.09123275154515316,-0.8901357650756836,0.0,0.07080678638429722,0.8901357650756836,5.992770195007324,0.14853494062182968,0.09157867651236684,0.5799982845783234,0.18145352666180922,19,-0.09123275154515316,-0.04775052375832383,0.0,0.024909634307139106,0
540,1774279783.8560476,19,0.0,0.0,0.0,0.0,0.0,6.043910980224609,0.0,0.08140326801099275,0.7733310461044312,0.2110017616348962,19,0.0,0.0,0.003790838461296231,0.024909634307139102,0
541,1774279783.950951,16,0.0,0.0,0.0,0.0,0.0,6.043910980224609,0.0,0.07249978557229042,0.5799982845783234,0.19181640272978906,16,0.0,0.0,0.003790838461296231,0.024909634307139102,0
542,1774279784.0510063,17,-0.05236092735739315,-0.8901357650756836,0.0,0.04386666741961925,0.8901357650756836,6.043910980224609,0.14727810650887574,0.022745030767777386,0.1933327615261078,0.062289832113303606,17,-0.021128093495088464,-0.011087905711364407,0.003717937721655919,0.026279250358915502,0
543,1774279784.1504974,17,0.0,0.0,0.0,0.0,0.0,6.043910980224609,0.0,0.04549006153555477,0.3866655230522156,0.1054643690043396,17,0.0,0.0,0.0,0.02614237484905271,0
544,1774279784.2559285,20,-0.236588716506958,-1.0306835174560547,0.0,0.16866891211719803,1.0306835174560547,5.992770195007324,0.17198782598317122,0.06766646653413773,0.3866655230522156,0.1404160288155753,20,-0.236588716506958,-0.12351059472157669,0.0,0.055186576301969,0
545,1774279784.3560836,20,-0.04450678825378418,-0.8901357650756836,0.0,0.03763622981267645,0.8901357650756836,5.992770195007324,0.14853494062182968,0.04833319038152695,0.3866655230522156,0.10366314458524724,20,-0.04450678825378418,-0.023297358409656858,0.0,0.05505629843924779,0
546,1774279784.4512925,19,-0.10356150175395765,-1.0775327682495117,0.0,0.09208651782385076,1.0775327682495117,5.992770195007324,0.17980545443695173,0.08140326801099275,0.5799982845783234,0.18088201807163756,19,-0.10356150175395765,-0.05448906652748593,0.0,0.05714220260633118,0
547,1774279784.5505695,17,-0.17637365004595587,-1.0775327682495117,0.0,0.14628804498557924,1.0775327682495117,5.992770195007324,0.17980545443695173,0.04549006153555477,0.3866655230522156,0.12457966422660721,17,-0.17637365004595587,-0.09234912604726045,0.0,0.06467214808763705,0
548,1774279784.6507018,18,-0.22123257319132486,-1.0775327682495117,0.0,0.17237042213322543,1.0775327682495117,6.043910980224609,0.17828402366863905,0.053703544868363276,0.5799982845783234,0.15527662835964934,18,-0.22123257319132486,-0.11612002967166574,0.0,0.07489553582313227,0
549,1774279784.750705,18,-0.049451986948649086,-0.8901357650756836,0.0,0.04157348322387912,0.8901357650756836,6.043910980224609,0.14727810650887574,0.04296283589469062,0.3866655230522156,0.12151725040056222,18,-0.049451986948649086,-0.0258203163253281,0.007733310461044311,0.07395996183903254,0
550,1774279784.8510258,20,-0.04450678825378418,-0.8901357650756836,0.0,0.03763622981267645,0.8901357650756836,6.043910980224609,0.14727810650887574,0.04833319038152695,0.3866655230522156,0.12034867350009704,20,0.010609977385577035,0.005554290596152302,0.007733310461044311,0.07296079703161105,0
551,1774279784.9505732,20,-0.11009573936462402,-1.1243820190429688,0.0,0.10914451774368672,1.1243820190429688,6.043910980224609,0.18603550295857987,0.038666552305221556,0.3866655230522156,0.11599965691566468,20,-0.058041016260782875,-0.030551451769681312,0.008055531730254492,0.07389234664319251,0
552,1774279785.051002,20,-0.1592874526977539,-1.0775327682495117,0.0,0.14385061973598567,1.0775327682495117,6.043910980224609,0.17828402366863905,0.019333276152610778,0.3866655230522156,0.08427179699679521,20,-0.1592874526977539,-0.08378177462364038,0.0,0.07701132634478539,0
553,1774279785.155515,22,-0.28748403895985,-1.1243820190429688,0.0,0.22094090682609313,1.1243820190429688,6.043910980224609,0.18603550295857987,0.043939263983206314,0.3866655230522156,0.09981082117702071,22,-0.28748403895985,-0.1508818959368289,0.0,0.08946149918940459,0
554,1774279785.2509604,19,0.0,0.0,0.0,0.0,0.0,6.043910980224609,0.0,0.040701634005496375,0.1933327615261078,0.07881837533335848,19,0.0,0.0,0.0,0.0894614991894046,0
555,1774279785.3510058,23,0.0,0.0,0.0,0.0,0.0,6.043910980224609,0.0,0.058840405681858894,0.3866655230522156,0.13290692885927638,23,0.0,0.0,0.007581676922592462,0.0894614991894046,0
556,1774279785.451282,22,-0.06388534199107777,-1.405477523803711,0.0,0.08570807534765627,1.405477523803711,6.043910980224609,0.23254437869822486,0.017575705593282528,0.1933327615261078,0.05557926115933376,22,-0.06388534199107777,-0.03359807323171688,0.041699223074258544,0.08771310452170568,0
557,1774279785.5507727,21,0.0,0.0,0.0,0.0,0.0,6.043910980224609,0.0,0.027618965932301114,0.1933327615261078,0.06765237375744962,21,0.0,0.0,0.06802449016659348,0.08771310452170568,0
558,1774279785.651276,21,0.0,0.0,0.0,0.0,0.0,6.043910980224609,0.0,0.009206321977433703,0.1933327615261078,0.04117192352858409,21,0.09123275154515316,0.048131379381382976,0.08234543546482369,0.08771310452170568,0
559,1774279785.7561817,24,-0.04684925079345703,-1.1243820190429688,0.0,0.05048160289788939,1.1243820190429688,6.043910980224609,0.18603550295857987,0.04833319038152695,0.3866655230522156,0.12787760181985938,24,-0.04684925079345703,-0.024655760413765066,0.05948700354649471,0.08801310497061621,0
560,1774279785.850763,21,0.0,0.0,0.0,0.0,0.0,6.043910980224609,0.0,0.027618965932301114,0.1933327615261078,0.06765237375744962,21,0.0,0.0,0.04639986276626587,0.08801310497061621,0
561,1774279785.95099,22,-0.20443309437144885,-1.546025276184082,0.0,0.2648878358310739,1.546025276184082,6.043910980224609,0.2557988165680473,0.08787852796641263,0.5799982845783234,0.19092103183778797,22,-0.1520721670140557,-0.08003867162511165,0.04654307221924817,0.08999946655779689,0
562,1774279786.055631,20,0.0,0.0,0.0,0.0,0.0,6.043910980224609,0.0,0.11599965691566468,0.7733310461044312,0.24758673824352911,20,0.0,0.0,0.054268845340661835,0.09180074389980203,0
563,1774279786.1553304,20,0.0,0.0,0.0,0.0,0.0,6.043910980224609,0.0,0.07733310461044311,0.3866655230522156,0.15466620922088622,20,0.236588716506958,0.12455958694907496,0.065536529330884,0.09180074389980203,0
564,1774279786.2510376,19,0.0,0.0,0.0,0.0,0.0,6.043910980224609,0.0,0.0,0.0,0.0,19,0.04450678825378418,0.023487002348888963,0.05869030260613987,0.08692996777597635,0
565,1774279786.3556812,21,-0.09146758488246373,-1.546025276184082,1.0775327682495117,0.26118244669973767,2.6235580444335938,6.043910980224609,0.4340828402366864,0.09206321977433704,0.3866655230522156,0.16468769411433634,21,0.012093916871493915,0.00635055074966644,0.06086401751747838,0.08669275364500495,0
566,1774279786.4560652,19,-0.23671200400904605,-1.546025276184082,0.0,0.2990714255747536,1.546025276184082,6.043910980224609,0.2557988165680473,0.08140326801099275,0.3866655230522156,0.15763675066671695,19,-0.060338353963090174,-0.03166543789551612,0.04742124339319625,0.09326858597987549,0
567,1774279786.5511684,17,-0.090942663304946,-1.546025276184082,0.0,0.13232908814394834,1.546025276184082,6.043910980224609,0.2557988165680473,0.04549006153555477,0.1933327615261078,0.08200837469522744,17,0.13028990988637884,0.06855679777046535,0.04833319038152695,0.09089323483290263,0
568,1774279786.6510277,17,0.0,0.0,0.0,0.0,0.0,6.043910980224609,0.0,0.06823509230333216,0.3866655230522156,0.1474046465832739,17,0.049451986948649086,0.02602294209340214,0.043333205169644846,0.08642286166860226,0
569,1774279786.7601204,22,-0.45784495093605737,-4.497528076171875,1.499176025390625,1.2281060233558851,5.9967041015625,6.043910980224609,0.9921893491124261,0.035151411186565056,0.1933327615261078,0.07456740365489042,22,-0.4133381626822732,-0.2165100507486596,0.03544433961311976,0.1207576745313755,0
570,1774279786.8604813,20,-0.15226006507873535,-1.546025276184082,0.0,0.20870301806752423,1.546025276184082,6.043910980224609,0.2557988165680473,0.038666552305221556,0.1933327615261078,0.07733310461044311,20,-0.04216432571411133,-0.022076625927583422,0.03430097381914816,0.12102570135022311,0
571,1774279786.9603488,17,0.0,0.0,0.0,0.0,0.0,6.043910980224609,0.0,0.022745030767777386,0.1933327615261078,0.062289832113303606,17,0.1592874526977539,0.08342510177775009,0.0348632848653637,0.12270887680652275,0
572,1774279787.0606446,18,-0.20561615626017252,-1.546025276184082,0.0,0.1936686185249275,1.546025276184082,6.043910980224609,0.2557988165680473,0.0,0.0,0.0,18,0.08186788269967746,0.0429723414325626,0.04833319038152695,0.12442855795524412,0
573,1774279787.1605482,20,-0.11009573936462402,-1.2180805206298828,0.0,0.08631805382464108,1.2180805206298828,6.043910980224609,0.20153846153846153,0.009666638076305389,0.1933327615261078,0.042135898498397606,20,-0.11009573936462402,-0.05765418898213497,0.039270717184990644,0.11622069597366382,0
574,1774279787.26015,21,0.01338550022670201,-0.5153417587280273,1.2649297714233398,0.09911176576048203,1.7802715301513672,6.043910980224609,0.2945562130177515,0.027618965932301114,0.1933327615261078,0.0676523737574496,21,0.01338550022670201,0.007011256920873256,0.035151411186565056,0.1167341750625303,0
575,1774279787.3600256,21,-0.11823858533586774,-1.2649297714233398,0.0,0.13286570747925225,1.2649297714233398,6.043910980224609,0.20928994082840235,0.027618965932301114,0.3866655230522156,0.09020316500993282,21,-0.05435324334478997,-0.02847592666588798,0.018124946393072605,0.11540106090587277,0
576,1774279787.4603543,21,-0.058003834315708706,-1.2180805206298828,0.0,0.06728889590648375,1.2180805206298828,6.043910980224609,0.20153846153846153,0.04603160988716852,0.3866655230522156,0.10168714988122056,21,-0.058003834315708706,-0.030375152575836128,0.02929284265547088,0.1154702424810153,0
577,1774279787.5606225,22,-0.023424625396728516,-0.5153417587280273,0.0,0.01152297457451823,0.5153417587280273,6.043910980224609,0.08526627218934911,0.043939263983206314,0.3866655230522156,0.09981082117702071,22,-0.023424625396728516,-0.012268400384147653,0.02929284265547088,0.11468832548929807,0
578,1774279787.6602175,22,-0.0553672963922674,-1.2180805206298828,0.0,0.06437628770557294,1.2180805206298828,5.992770195007324,0.20325833979829325,0.035151411186565056,0.3866655230522156,0.09464807122150211,22,-0.008518045598810371,-0.004473679312665278,0.05482570849247833,0.11316166824834543,0
579,1774279787.7609844,22,-0.10860508138483221,-1.2180805206298828,0.0,0.11800052003287638,1.2180805206298828,6.043910980224609,0.20153846153846153,0.043939263983206314,0.3866655230522156,0.1155861571389514,22,-0.10860508138483221,-0.05685471060807632,0.07671934981194753,0.11273217475223969,0
580,1774279787.8607774,21,-0.058003834315708706,-1.2180805206298828,0.0,0.06728889590648375,1.2180805206298828,5.992770195007324,0.20325833979829325,0.04603160988716852,0.3866655230522156,0.11789844678263292,21,0.14642926005574014,0.07667306779479477,0.0935481104158586,0.11098390126897272,0
581,1774279787.960313,21,0.0,0.0,0.0,0.0,0.0,5.992770195007324,0.0,0.05523793186460223,0.3866655230522156,0.13530474751489924,21,0.0,0.0,0.065536529330884,0.11011049641205906,0
582,1774279788.060159,21,0.0,0.0,0.0,0.0,0.0,6.043910980224609,0.0,0.027618965932301114,0.1933327615261078,0.06765237375744962,21,0.0,0.0,0.05799982845783234,0.11011049641205906,0
583,1774279788.1604178,22,-0.06601485339078036,-0.9369850158691406,0.0,0.047620132234166064,0.9369850158691406,5.992770195007324,0.15635256907561018,0.043939263983206314,0.3866655230522156,0.1155861571389514,22,-0.06601485339078036,-0.034573969854903755,0.0589828763977956,0.10840959077917103,0
584,1774279788.2606747,22,0.0,0.0,0.0,0.0,0.0,5.992770195007324,0.0,0.05272711677984758,0.3866655230522156,0.13269366731234514,22,0.09146758488246373,0.04801464322357746,0.07461966234341003,0.10840959077917102,0
585,1774279788.3605757,22,0.05323778499256481,0.0,1.1712312698364258,0.05951949676920573,1.1712312698364258,5.992770195007324,0.19544071134451274,0.008787852796641264,0.1933327615261078,0.04027100063673795,22,0.28994978900161084,0.15224373365175034,0.06566018315981019,0.11287132478781053,0
586,1774279788.460276,22,-0.10008703578602184,-1.1243820190429688,0.0,0.10022403033114023,1.1243820190429688,5.992770195007324,0.18762308289073223,0.035151411186565056,0.3866655230522156,0.11115852231866752,22,-0.00914437248107583,-0.004789867902418767,0.04833319038152695,0.10740767672929089,0
587,1774279788.5607848,24,0.0,0.0,0.0,0.0,0.0,5.992770195007324,0.0,0.016111063460508983,0.1933327615261078,0.05343435247211316,24,0.0,0.0,0.045875570531618795,0.10863470609393912,0
588,1774279788.660421,24,-0.1913011074066162,-1.2180805206298828,0.0,0.18343782937080277,1.2180805206298828,5.992770195007324,0.20325833979829325,0.024166595190763474,0.1933327615261078,0.06393880090992969,24,0.26654384352944116,0.14026404936477885,0.032768264665442,0.11025338915768962,0
589,1774279788.7607563,24,-0.09174644947052002,-1.1243820190429688,0.0,0.09263724698449494,1.1243820190429688,6.043910980224609,0.18603550295857987,0.024166595190763474,0.1933327615261078,0.06393880090992969,24,0.06051361560821533,0.03184466241113449,0.021090846711939032,0.06898765077366766,0
590,1774279788.86022,23,-0.04888617474099864,-1.1243820190429688,0.0,0.05257687777776401,1.1243820190429688,6.043910980224609,0.18603550295857987,0.033623088961062225,0.3866655230522156,0.10895126051807201,23,-0.04888617474099864,-0.025731311171643227,0.010545423355969516,0.06595792678882828,0
591,1774279788.960455,24,-0.08589029312133789,-1.1243820190429688,1.1712312698364258,0.19509798221406527,2.2956132888793945,5.992770195007324,0.38306379423524495,0.06444425384203593,0.5799982845783234,0.17352146390608722,24,0.11972586313883463,0.06301990374792105,0.013107305866176798,0.0647991779419383,0
592,1774279789.060512,19,0.0,0.0,0.0,0.0,0.0,5.992770195007324,0.0,0.020350817002748187,0.1933327615261078,0.05933231748191226,19,0.11009573936462402,0.05794622830945714,0.021827892430367007,0.05717716169183448,0
593,1774279789.160747,18,0.0,0.0,0.0,0.0,0.0,5.992770195007324,0.0,0.02148141794734531,0.1933327615261078,0.06075862520028111,18,-0.01338550022670201,-0.007042786847600939,0.03375651391725692,0.05665992071130378,0
594,1774279789.2607224,19,-0.056712250960500615,-1.0775327682495117,0.0,0.057893029362122435,1.0775327682495117,6.043910980224609,0.17828402366863905,0.020350817002748187,0.1933327615261078,0.05933231748191226,19,0.06152633437536713,0.03237041060397384,0.039270717184990644,0.054962057752810003,0
595,1774279789.3602798,19,0.0,0.0,0.0,0.0,0.0,6.043910980224609,0.0,0.0,0.0,0.0,19,0.058003834315708706,0.030529531405754054,0.041640902482546295,0.053697282916144416,0
596,1774279789.4600034,21,-0.05354200090680804,-1.1243820190429688,0.0,0.05733491722209266,1.1243820190429688,6.043910980224609,0.18603550295857987,0.018412643954867407,0.1933327615261078,0.056751580113533366,21,-0.030117375510079522,-0.015856416770434967,0.041009979717659226,0.05365013135747463,0
597,1774279789.5601292,20,-0.05621910095214844,-1.1243820190429688,0.0,0.06005115892548929,1.1243820190429688,6.043910980224609,0.18603550295857987,0.0,0.0,0.0,20,-0.000851804559881035,-0.0004483390390465304,0.041640902482546295,0.05348743597727755,0
598,1774279789.6610909,19,-0.05917800100226151,-1.1243820190429688,0.0,0.06303664444722595,1.1243820190429688,6.043910980224609,0.18603550295857987,0.0,0.0,0.0,19,0.0494270803825707,0.02601279570490877,0.04833319038152695,0.05352739118577915,0
599,1774279789.7606962,20,-0.05621910095214844,-1.1243820190429688,0.0,0.06005115892548929,1.1243820190429688,6.043910980224609,0.18603550295857987,0.0,0.0,0.0,20,0.0017847333635602688,0.0009393734977530962,0.04296283589469062,0.0516560242755927,0
600,1774279789.8607938,19,0.0,0.0,0.0,0.0,0.0,6.043910980224609,0.0,0.0,0.0,0.0,19,0.0,0.0,0.04229154158383608,0.0523850291923726,0
601,1774279789.9605093,19,-0.056712250960500615,-1.0775327682495117,0.0,0.057893029362122435,1.0775327682495117,6.043910980224609,0.17828402366863905,0.0,0.0,0.0,19,-0.056712250960500615,-0.02984305051429722,0.041640902482546295,0.051638691151303616,0
602,1774279790.0604866,18,0.0,0.0,0.0,0.0,0.0,5.992770195007324,0.0,0.0,0.0,0.0,18,0.06601485339078036,0.03474340233540913,0.035151411186565056,0.051638691151303616,0
603,1774279790.1605916,19,0.0,0.0,0.0,0.0,0.0,5.992770195007324,0.0,0.0,0.0,0.0,19,0.0,0.0,0.03222212692101797,0.05219851924885482,0
604,1774279790.260545,18,0.0,0.0,0.0,0.0,0.0,5.992770195007324,0.0,0.0,0.0,0.0,18,-0.05323778499256481,-0.02802033900725853,0.019901901921805215,0.05219851924885482,0
605,1774279790.3607879,18,0.0,0.0,0.0,0.0,0.0,5.992770195007324,0.0,0.0,0.0,0.0,18,0.10008703578602184,0.052663196463003895,0.024857069339071003,0.04860111957276861,0
606,1774279790.4604075,20,-0.04919171333312988,-0.5153417587280273,0.0,0.02183329325333716,0.5153417587280273,5.992770195007324,0.08599391299158561,0.0,0.0,0.0,20,-0.04919171333312988,-0.02589551803273133,0.02148141794734531,0.0468366428940189,0
607,1774279790.565314,20,-0.04919171333312988,-0.5153417587280273,0.0,0.02183329325333716,0.5153417587280273,6.043910980224609,0.08526627218934911,0.019333276152610778,0.1933327615261078,0.05799982845783234,20,0.14210939407348633,0.07460229112453645,0.027229966412127857,0.045939840557144195,0
608,1774279790.665313,21,-0.07138933454241071,-0.5153417587280273,0.0,0.030648300369240163,0.5153417587280273,6.043910980224609,0.08526627218934911,0.0,0.0,0.0,21,0.020357114928109307,0.010688636563197953,0.04084494961819179,0.03181249837179525,0
609,1774279790.7653248,19,-0.02712325045936986,-0.5153417587280273,0.0,0.013242072878670729,0.5153417587280273,6.043910980224609,0.08526627218934911,0.0,0.0,0.0,19,0.021762924281628782,0.011423478340098926,0.041009979717659226,0.02923967518050445,0
610,1774279790.8652184,20,-0.04919171333312988,-0.5153417587280273,0.0,0.02183329325333716,0.5153417587280273,6.043910980224609,0.08526627218934911,0.0,0.0,0.0,20,0.03669857978820801,0.01926673865590575,0.03803267439857858,0.02924778207215936,0
611,1774279790.964975,19,-0.02712325045936986,-0.5153417587280273,0.0,0.013242072878670729,0.5153417587280273,6.043910980224609,0.08526627218934911,0.0,0.0,0.0,19,-0.02712325045936986,-0.014241941013352681,0.020714224449225833,0.02667882323800558,0
612,1774279791.0648978,19,-0.02712325045936986,-0.5153417587280273,0.0,0.013242072878670729,0.5153417587280273,6.043910980224609,0.08526627218934911,0.0,0.0,0.0,19,-0.02712325045936986,-0.014244277047847453,0.013809482966150557,0.02576305110284069,0
613,1774279791.1648395,20,-0.025767087936401367,-0.5153417587280273,0.0,0.012614913593722576,0.5153417587280273,6.043910980224609,0.08526627218934911,0.0,0.0,0.0,20,0.030945163024099248,0.016251712094795555,0.013107305866176798,0.024757967248987343,0
614,1774279791.2649963,18,0.0,0.0,0.0,0.0,0.0,6.043910980224609,0.0,0.0,0.0,0.0,18,0.0,0.0,0.006444425384203593,0.02515116116546862,0
615,1774279791.3650627,18,0.0,0.0,0.0,0.0,0.0,6.043910980224609,0.0,0.0,0.0,0.0,18,0.05354200090680804,0.028105161791869265,0.006444425384203593,0.02515116116546862,0
616,1774279791.4649696,18,0.0,0.0,0.0,0.0,0.0,5.992770195007324,0.0,0.0,0.0,0.0,18,0.05621910095214844,0.02951381066101924,0.0,0.025393638478956444,0
617,1774279791.5655272,18,0.0,0.0,0.0,0.0,0.0,5.992770195007324,0.0,0.0,0.0,0.0,18,0.05917800100226151,0.031073761539123734,0.0,0.025194319930084575,0
618,1774279791.6648188,18,0.0,0.0,0.0,0.0,0.0,6.043910980224609,0.0,0.0,0.0,0.0,18,0.05621910095214844,0.02952493774157265,0.0,0.024460425870972444,0
619,1774279791.765304,18,0.0,0.0,0.0,0.0,0.0,6.043910980224609,0.0,0.0,0.0,0.0,18,0.0,0.0,0.0,0.023575235072148395,0
620,1774279791.8649933,18,0.0,0.0,0.0,0.0,0.0,6.043910980224609,0.0,0.0,0.0,0.0,18,0.056712250960500615,0.02977827587966572,0.0,0.023575235072148395,0
621,1774279791.965125,18,0.0,0.0,0.0,0.0,0.0,6.043910980224609,0.0,0.0,0.0,0.0,18,0.0,0.0,0.0,0.022259562765900708,0
622,1774279792.065436,18,0.0,0.0,0.0,0.0,0.0,6.043910980224609,0.0,0.0,0.0,0.0,18,0.0,0.0,0.0,0.022259562765900708,0
623,1774279792.165219,18,0.0,0.0,0.0,0.0,0.0,5.992770195007324,0.0,0.0,0.0,0.0,18,0.0,0.0,0.0,0.022259562765900708,0
624,1774279792.2653732,18,0.0,0.0,0.0,0.0,0.0,6.043910980224609,0.0,0.0,0.0,0.0,18,0.0,0.0,0.006666646949176131,0.022259562765900708,0
625,1774279792.3651054,18,0.0,0.0,0.0,0.0,0.0,6.043910980224609,0.0,0.0,0.0,0.0,18,0.04919171333312988,0.025826517402560208,0.006338779066429764,0.022259562765900708,0
626,1774279792.4652898,18,0.0,0.0,0.0,0.0,0.0,6.043910980224609,0.0,0.0,0.0,0.0,18,0.04919171333312988,0.02589070552219605,0.006444425384203593,0.021181471893824872,0
627,1774279792.5649495,18,0.0,0.0,0.0,0.0,0.0,6.043910980224609,0.0,0.0,0.0,0.0,18,0.07138933454241071,0.037580523578094,0.0,0.019741384078768864,0
628,1774279792.6607447,18,0.0,0.0,0.0,0.0,0.0,5.992770195007324,0.0,0.0,0.0,0.0,18,0.02712325045936986,0.014309890581273714,0.0,0.014263325014124301,0
629,1774279792.7604132,18,0.0,0.0,0.0,0.0,0.0,5.992770195007324,0.0,0.0,0.0,0.0,18,0.04919171333312988,0.025956020003967784,0.0,0.013638930322163031,0
630,1774279792.8602939,18,0.0,0.0,0.0,0.0,0.0,6.043910980224609,0.0,0.0,0.0,0.0,18,0.02712325045936986,0.014310653819312234,0.0,0.009526740081506573,0
631,1774279792.9510436,18,0.0,0.0,0.0,0.0,0.0,5.992770195007324,0.0,0.0,0.0,0.0,18,0.02712325045936986,0.014380250999547196,0.0,0.007936448013510164,0
632,1774279793.0507412,18,0.0,0.0,0.0,0.0,0.0,5.992770195007324,0.0,0.0,0.0,0.0,18,0.025767087936401367,0.013663006974043764,0.0,0.005615806619204977,0
633,1774279793.1503706,18,0.0,0.0,0.0,0.0,0.0,5.992770195007324,0.0,0.0,0.0,0.0,18,0.0,0.0,0.0,0.0,0
634,1774279793.2508943,18,0.0,0.0,0.0,0.0,0.0,5.992770195007324,0.0,0.0,0.0,0.0,18,0.0,0.0,0.0,0.0,0
635,1774279793.3505094,18,0.0,0.0,0.0,0.0,0.0,6.043910980224609,0.0,0.0,0.0,0.0,18,0.0,0.0,0.0,0.0,0
636,1774279793.4502861,18,0.0,0.0,0.0,0.0,0.0,5.992770195007324,0.0,0.0,0.0,0.0,18,0.0,0.0,0.0,0.0,0
637,1774279793.550429,18,0.0,0.0,0.0,0.0,0.0,5.992770195007324,0.0,0.0,0.0,0.0,18,0.0,0.0,0.0,0.0,0
638,1774279793.6506705,18,0.0,0.0,0.0,0.0,0.0,6.043910980224609,0.0,0.0,0.0,0.0,18,0.0,0.0,0.0,0.0,0
639,1774279793.7504015,17,0.0,0.0,0.0,0.0,0.0,5.992770195007324,0.0,0.0,0.0,0.0,17,0.0,0.0,0.0,0.0,0
640,1774279793.851067,18,0.0,0.0,0.0,0.0,0.0,6.043910980224609,0.0,0.0,0.0,0.0,18,0.0,0.0,0.0,0.0,0
641,1774279793.9504511,18,0.0,0.0,0.0,0.0,0.0,5.992770195007324,0.0,0.0,0.0,0.0,18,0.0,0.0,0.0,0.0,0
642,1774279794.0507703,18,0.0,0.0,0.0,0.0,0.0,5.992770195007324,0.0,0.0,0.0,0.0,18,0.0,0.0,0.0,0.0,0
643,1774279794.1507099,18,0.0,0.0,0.0,0.0,0.0,5.992770195007324,0.0,0.0,0.0,0.0,18,0.0,0.0,0.0,0.0,0
644,1774279794.2505295,18,0.0,0.0,0.0,0.0,0.0,6.043910980224609,0.0,0.0,0.0,0.0,18,0.0,0.0,0.0,0.0,0
645,1774279794.3508534,17,0.0,0.0,0.0,0.0,0.0,5.992770195007324,0.0,0.0,0.0,0.0,17,0.0,0.0,0.0,0.0,0
646,1774279794.4506273,16,0.0,0.0,0.0,0.0,0.0,6.043910980224609,0.0,0.0,0.0,0.0,16,0.0,0.0,0.0,0.0,0
647,1774279794.5507824,17,0.0,0.0,0.0,0.0,0.0,6.043910980224609,0.0,0.022745030767777386,0.3866655230522156,0.09098012307110956,17,0.0,0.0,0.0,0.0,0
648,1774279794.65136,20,0.0,0.0,0.0,0.0,0.0,5.992770195007324,0.0,0.15466620922088622,0.7733310461044312,0.28413996978128836,20,0.0,0.0,0.0,0.0,0
649,1774279794.751119,19,-0.05424650091873972,-1.0306835174560547,0.0,0.052968291514682915,1.0306835174560547,6.043910980224609,0.17053254437869822,0.12210490201648913,0.7733310461044312,0.2819891921943715,19,-0.05424650091873972,-0.028689328714504046,0.0,0.011822750777273636,0
650,1774279794.850557,18,-0.05205472310384115,-0.9369850158691406,0.0,0.04606480135609874,0.9369850158691406,6.043910980224609,0.15502958579881657,0.10740708973672655,1.5466620922088623,0.35428062073977445,18,-0.05205472310384115,-0.0274042398584753,0.0,0.01594894910003392,0
651,1774279794.9508252,19,-0.04931500083521793,-0.9369850158691406,0.0,0.04377544753279581,0.9369850158691406,6.043910980224609,0.15502958579881657,0.15263112752061142,1.3533293306827545,0.4140778690165036,19,-0.04931500083521793,-0.02595411589681674,0.0,0.018538508428096765,0
652,1774279795.0504272,18,0.0,0.0,0.0,0.0,0.0,6.043910980224609,0.0,0.12888850768407187,0.9666638076305389,0.30906378407200275,18,0.0,0.0,0.0,0.018538508428096765,0
653,1774279795.1505253,19,-0.05178075087697882,-0.9838342666625977,0.0,0.04826243090490738,0.9838342666625977,6.043910980224609,0.1627810650887574,0.09157867651236684,0.5799982845783234,0.18145352666180922,19,-0.05178075087697882,-0.027258320294280203,0.0,0.02075441790427895,0
654,1774279795.2504156,18,-0.0546574592590332,-0.9838342666625977,0.0,0.050786443495098865,0.9838342666625977,5.992770195007324,0.16417019752939072,0.02148141794734531,0.3866655230522156,0.08857015518494361,18,-0.0546574592590332,-0.028768504705360316,0.0,0.02271497747716503,0
655,1774279795.3507636,18,0.0,0.0,0.0,0.0,0.0,6.043910980224609,0.0,0.04296283589469062,0.3866655230522156,0.12151725040056222,18,0.0,0.0,0.0,0.02271497747716503,0
656,1774279795.4508033,19,-0.15287650258917557,-0.9838342666625977,0.0,0.12472354592885739,0.9838342666625977,5.992770195007324,0.16417019752939072,0.020350817002748187,0.1933327615261078,0.05933231748191226,19,-0.15287650258917557,-0.08044547472348444,0.0,0.03775968172302434,0
657,1774279795.5505908,18,-0.05205472310384115,-0.9369850158691406,0.0,0.04606480135609874,0.9369850158691406,5.992770195007324,0.15635256907561018,0.0,0.0,0.0,18,-0.05205472310384115,-0.02739837305532727,0.0,0.03803299176880429,0
658,1774279795.6498697,19,-0.04931500083521793,-0.9369850158691406,0.0,0.04377544753279581,0.9369850158691406,6.043910980224609,0.15502958579881657,0.0,0.0,0.0,19,-0.04931500083521793,-0.02596253059837826,0.0,0.03803787604155022,0
659,1774279795.7503965,19,-0.15534225263093648,-1.0306835174560547,0.0,0.12893085283062056,1.0306835174560547,5.992770195007324,0.17198782598317122,0.0,0.0,0.0,19,-0.15534225263093648,-0.08178794614343524,0.0,0.04681982709029909,1
660,1774279795.8499484,18,-0.15616416931152344,-0.9838342666625977,0.0,0.12218011136155837,0.9838342666625977,6.043910980224609,0.1627810650887574,0.0,0.0,0.0,18,-0.15616416931152344,-0.08221342127198848,0.0,0.05316067803694908,1
661,1774279795.9501045,17,-0.11298936956069049,-0.9838342666625977,0.0,0.09581403673232625,0.9838342666625977,6.043910980224609,0.1627810650887574,0.0,0.0,0.0,17,-0.11298936956069049,-0.05948893565976065,0.0,0.05445001445874305,1
662,1774279796.049799,16,0.0,0.0,0.0,0.0,0.0,6.043910980224609,0.0,0.0,0.0,0.0,16,0.0,0.0,0.0,0.054450014458743055,1
663,1774279796.1498594,16,0.0,0.0,0.0,0.0,0.0,6.043910980224609,0.0,0.0,0.0,0.0,16,0.0,0.0,0.0,0.054450014458743055,1
664,1774279796.250072,16,0.0,0.0,0.0,0.0,0.0,6.043910980224609,0.0,0.0,0.0,0.0,16,0.0,0.0,0.007733310461044311,0.054450014458743055,1
665,1774279796.3500292,16,0.0,0.0,0.0,0.0,0.0,6.043910980224609,0.0,0.0,0.0,0.0,16,0.0,0.0,0.06566018315981019,0.054450014458743055,1
666,1774279796.4498312,16,0.0,0.0,0.0,0.0,0.0,6.043910980224609,0.0,0.0,0.0,0.0,16,0.0,0.0,0.10357112224612917,0.054450014458743055,1
667,1774279796.549901,16,0.0,0.0,0.0,0.0,0.0,6.043910980224609,0.0,0.0,0.0,0.0,16,0.0,0.0,0.12888850768407187,0.054450014458743055,1
668,1774279796.6506379,16,0.0,0.0,0.0,0.0,0.0,6.043910980224609,0.0,0.0,0.0,0.0,16,0.05424650091873972,0.02855802014638512,0.12773771743689263,0.054450014458743055,1
669,1774279796.7499764,16,0.0,0.0,0.0,0.0,0.0,6.043910980224609,0.0,0.0,0.0,0.0,16,0.05205472310384115,0.02740559859141081,0.1300602213902907,0.055366847504378106,1
670,1774279796.849664,16,0.0,0.0,0.0,0.0,0.0,6.043910980224609,0.0,0.0,0.0,0.0,16,0.04931500083521793,0.02597113663036318,0.124285346695355,0.056160256575106246,1
671,1774279796.9496806,16,0.0,0.0,0.0,0.0,0.0,6.043910980224609,0.0,0.0,0.0,0.0,16,0.0,0.0,0.08084824572909963,0.056851224213034235,1
672,1774279797.0502143,16,0.0,0.0,0.0,0.0,0.0,6.043910980224609,0.0,0.0,0.0,0.0,16,0.05178075087697882,0.02725748898436456,0.05272711677984758,0.056851224213034235,1
673,1774279797.1502733,16,0.0,0.0,0.0,0.0,0.0,6.043910980224609,0.0,0.0,0.0,0.0,16,0.0546574592590332,0.028769237584458263,0.02812112894925204,0.057398452766510795,1
674,1774279797.2501032,16,0.0,0.0,0.0,0.0,0.0,6.043910980224609,0.0,0.0,0.0,0.0,16,0.0,0.0,0.021090846711939032,0.05777690414844049,1
675,1774279797.3497908,16,0.0,0.0,0.0,0.0,0.0,6.043910980224609,0.0,0.0,0.0,0.0,16,0.15287650258917557,0.0805042160837036,0.006904741483075278,0.05777690414844049,1
676,1774279797.4500365,16,0.0,0.0,0.0,0.0,0.0,6.043910980224609,0.0,0.0,0.0,0.0,16,0.05205472310384115,0.027405216756645735,0.0,0.05128352432856201,1
677,1774279797.5503595,16,0.0,0.0,0.0,0.0,0.0,6.043910980224609,0.0,0.0,0.0,0.0,16,0.04931500083521793,0.025948574230828796,0.0,0.05123094612804651,1
678,1774279797.6496215,16,0.0,0.0,0.0,0.0,0.0,6.043910980224609,0.0,0.0,0.0,0.0,16,0.15534225263093648,0.08179244318695708,0.0,0.051124958196921706,1
679,1774279797.75014,16,0.0,0.0,0.0,0.0,0.0,6.043910980224609,0.0,0.0,0.0,0.0,16,0.15616416931152344,0.0821833828713017,0.0,0.04094610117954372,1
680,1774279797.8497372,16,0.0,0.0,0.0,0.0,0.0,6.043910980224609,0.0,0.0,0.0,0.0,16,0.11298936956069049,0.05947958782583623,0.0,0.024625462180471024,1
681,1774279797.9498973,16,0.0,0.0,0.0,0.0,0.0,5.992770195007324,0.0,0.0,0.0,0.0,16,0.0,0.0,0.0,0.0,1
682,1774279798.0497866,16,0.0,0.0,0.0,0.0,0.0,5.992770195007324,0.0,0.0,0.0,0.0,16,0.0,0.0,0.0,0.0,1
683,1774279798.1500092,16,0.0,0.0,0.0,0.0,0.0,5.992770195007324,0.0,0.0,0.0,0.0,16,0.0,0.0,0.0,0.0,1
684,1774279798.2501974,16,0.0,0.0,0.0,0.0,0.0,6.043910980224609,0.0,0.0,0.0,0.0,16,0.0,0.0,0.0,0.0,0
685,1774279798.3498192,16,0.0,0.0,0.0,0.0,0.0,5.992770195007324,0.0,0.0,0.0,0.0,16,0.0,0.0,0.0,0.0,0
686,1774279798.4496386,16,0.0,0.0,0.0,0.0,0.0,5.992770195007324,0.0,0.0,0.0,0.0,16,0.0,0.0,0.0,0.0,0
687,1774279798.550359,16,0.0,0.0,0.0,0.0,0.0,5.992770195007324,0.0,0.0,0.0,0.0,16,0.0,0.0,0.0,0.0,0
688,1774279798.6502824,16,0.0,0.0,0.0,0.0,0.0,5.992770195007324,0.0,0.0,0.0,0.0,16,0.0,0.0,0.0,0.0,0
689,1774279798.7496715,16,0.0,0.0,0.0,0.0,0.0,5.992770195007324,0.0,0.0,0.0,0.0,16,0.0,0.0,0.0,0.0,0
690,1774279798.8505142,16,0.0,0.0,0.0,0.0,0.0,5.992770195007324,0.0,0.0,0.0,0.0,16,0.0,0.0,0.0,0.0,0
691,1774279798.9502738,16,0.0,0.0,0.0,0.0,0.0,6.043910980224609,0.0,0.0,0.0,0.0,16,0.0,0.0,0.0,0.0,0
692,1774279799.0500894,16,0.0,0.0,0.0,0.0,0.0,6.043910980224609,0.0,0.0,0.0,0.0,16,0.0,0.0,0.0,0.0,0
693,1774279799.1502242,16,0.0,0.0,0.0,0.0,0.0,5.992770195007324,0.0,0.0,0.0,0.0,16,0.0,0.0,0.0,0.0,0
694,1774279799.2502577,16,0.0,0.0,0.0,0.0,0.0,5.992770195007324,0.0,0.0,0.0,0.0,16,0.0,0.0,0.0,0.0,0
695,1774279799.3497553,16,0.0,0.0,0.0,0.0,0.0,5.992770195007324,0.0,0.0,0.0,0.0,16,0.0,0.0,0.0,0.0,0
696,1774279799.4498181,16,0.0,0.0,0.0,0.0,0.0,5.992770195007324,0.0,0.0,0.0,0.0,16,0.0,0.0,0.0,0.0,0
697,1774279799.5497117,16,0.0,0.0,0.0,0.0,0.0,5.992770195007324,0.0,0.0,0.0,0.0,16,0.0,0.0,0.0,0.0,0
698,1774279799.6506207,16,0.0,0.0,0.0,0.0,0.0,6.043910980224609,0.0,0.0,0.0,0.0,16,0.0,0.0,0.0,0.0,0
699,1774279799.7500405,16,0.0,0.0,0.0,0.0,0.0,6.043910980224609,0.0,0.0,0.0,0.0,16,0.0,0.0,0.0,0.0,0
700,1774279799.849827,16,0.0,0.0,0.0,0.0,0.0,5.992770195007324,0.0,0.0,0.0,0.0,16,0.0,0.0,0.0,0.0,0
701,1774279799.9495885,16,0.0,0.0,0.0,0.0,0.0,6.043910980224609,0.0,0.0,0.0,0.0,16,0.0,0.0,0.0,0.0,0
702,1774279800.0499635,16,0.0,0.0,0.0,0.0,0.0,6.043910980224609,0.0,0.0,0.0,0.0,16,0.0,0.0,0.0,0.0,0
703,1774279800.1499088,16,0.0,0.0,0.0,0.0,0.0,6.043910980224609,0.0,0.0,0.0,0.0,16,0.0,0.0,0.0,0.0,0
704,1774279800.2498307,16,0.0,0.0,0.0,0.0,0.0,6.043910980224609,0.0,0.0,0.0,0.0,16,0.0,0.0,0.0,0.0,0
705,1774279800.3497195,16,0.0,0.0,0.0,0.0,0.0,6.043910980224609,0.0,0.0,0.0,0.0,16,0.0,0.0,0.0,0.0,0
706,1774279800.4497142,16,0.0,0.0,0.0,0.0,0.0,6.043910980224609,0.0,0.0,0.0,0.0,16,0.0,0.0,0.0,0.0,0
707,1774279800.5411592,16,0.0,0.0,0.0,0.0,0.0,6.043910980224609,0.0,0.0,0.0,0.0,16,0.0,0.0,0.0,0.0,0
708,1774279800.6460354,16,0.0,0.0,0.0,0.0,0.0,6.043910980224609,0.0,0.0,0.0,0.0,16,0.0,0.0,0.0,0.0,0
709,1774279800.7353039,15,0.0,0.0,0.0,0.0,0.0,6.043910980224609,0.0,0.0,0.0,0.0,15,0.0,0.0,0.0,0.0,0
710,1774279800.840383,15,0.0,0.0,0.0,0.0,0.0,6.043910980224609,0.0,0.0,0.0,0.0,15,0.0,0.0,0.0,0.0,0
711,1774279800.9455714,15,0.0,0.0,0.0,0.0,0.0,6.043910980224609,0.0,0.0,0.0,0.0,15,0.0,0.0,0.0,0.0,0
712,1774279801.0350428,17,0.0,0.0,0.0,0.0,0.0,6.043910980224609,0.0,0.0,0.0,0.0,17,0.0,0.0,0.0,0.0,0
713,1774279801.140931,17,0.0,0.0,0.0,0.0,0.0,6.043910980224609,0.0,0.0,0.0,0.0,17,0.0,0.0,0.0,0.0,0
714,1774279801.2460294,16,0.0,0.0,0.0,0.0,0.0,6.043910980224609,0.0,0.0,0.0,0.0,16,0.0,0.0,0.0,0.0,0
715,1774279801.335322,16,0.0,0.0,0.0,0.0,0.0,5.992770195007324,0.0,0.0,0.0,0.0,16,0.0,0.0,0.0,0.0,0
716,1774279801.4406734,16,0.0,0.0,0.0,0.0,0.0,5.992770195007324,0.0,0.0,0.0,0.0,16,0.0,0.0,0.0,0.0,0
717,1774279801.5454187,17,0.0,0.0,0.0,0.0,0.0,6.043910980224609,0.0,0.0,0.0,0.0,17,0.0,0.0,0.0,0.0,0
718,1774279801.6352293,16,0.0,0.0,0.0,0.0,0.0,5.992770195007324,0.0,0.0,0.0,0.0,16,0.0,0.0,0.0,0.0,0
719,1774279801.7405257,16,0.0,0.0,0.0,0.0,0.0,5.992770195007324,0.0,0.0,0.0,0.0,16,0.0,0.0,0.0,0.0,0
720,1774279801.8450267,16,0.0,0.0,0.0,0.0,0.0,5.992770195007324,0.0,0.0,0.0,0.0,16,0.0,0.0,0.0,0.0,0
721,1774279801.9352796,16,0.0,0.0,0.0,0.0,0.0,5.992770195007324,0.0,0.0,0.0,0.0,16,0.0,0.0,0.0,0.0,0
722,1774279802.040784,16,0.0,0.0,0.0,0.0,0.0,6.043910980224609,0.0,0.0,0.0,0.0,16,0.0,0.0,0.0,0.0,0
723,1774279802.1454403,16,0.0,0.0,0.0,0.0,0.0,6.043910980224609,0.0,0.0,0.0,0.0,16,0.0,0.0,0.0,0.0,0
724,1774279802.2354624,16,0.0,0.0,0.0,0.0,0.0,6.043910980224609,0.0,0.0,0.0,0.0,16,0.0,0.0,0.0,0.0,0
725,1774279802.3400915,16,0.0,0.0,0.0,0.0,0.0,5.992770195007324,0.0,0.0,0.0,0.0,16,0.0,0.0,0.0,0.0,0
726,1774279802.4456882,16,0.0,0.0,0.0,0.0,0.0,5.992770195007324,0.0,0.0,0.0,0.0,16,0.0,0.0,0.0,0.0,0
727,1774279802.535681,16,0.0,0.0,0.0,0.0,0.0,5.992770195007324,0.0,0.0,0.0,0.0,16,0.0,0.0,0.0,0.0,0
728,1774279802.6408281,17,0.0,0.0,0.0,0.0,0.0,5.992770195007324,0.0,0.0,0.0,0.0,17,0.0,0.0,0.0,0.0,0
729,1774279802.7457175,17,0.0,0.0,0.0,0.0,0.0,5.992770195007324,0.0,0.0,0.0,0.0,17,0.0,0.0,0.0,0.0,0
730,1774279802.835705,17,0.0,0.0,0.0,0.0,0.0,5.992770195007324,0.0,0.0,0.0,0.0,17,0.0,0.0,0.0,0.0,0
731,1774279802.9410164,17,0.0,0.0,0.0,0.0,0.0,5.992770195007324,0.0,0.0,0.0,0.0,17,0.0,0.0,0.0,0.0,0
732,1774279803.0455935,16,0.0,0.0,0.0,0.0,0.0,5.992770195007324,0.0,0.0,0.0,0.0,16,0.0,0.0,0.0,0.0,0
733,1774279803.1350446,17,0.0,0.0,0.0,0.0,0.0,5.992770195007324,0.0,0.0,0.0,0.0,17,0.0,0.0,0.0,0.0,0
734,1774279803.2403235,17,0.0,0.0,0.0,0.0,0.0,5.992770195007324,0.0,0.0,0.0,0.0,17,0.0,0.0,0.0,0.0,0
735,1774279803.346544,18,0.0,0.0,0.0,0.0,0.0,5.992770195007324,0.0,0.0,0.0,0.0,18,0.0,0.0,0.0,0.0,0
736,1774279803.4354804,18,0.0,0.0,0.0,0.0,0.0,5.992770195007324,0.0,0.0,0.0,0.0,18,0.0,0.0,0.0,0.0,0
737,1774279803.5405602,16,0.0,0.0,0.0,0.0,0.0,6.043910980224609,0.0,0.0,0.0,0.0,16,0.0,0.0,0.0,0.0,0
738,1774279803.6457021,17,0.0,0.0,0.0,0.0,0.0,6.043910980224609,0.0,0.0,0.0,0.0,17,0.0,0.0,0.0,0.0,0
739,1774279803.7354326,17,-0.0633842804852654,-1.0775327682495117,0.0,0.06428107220215672,1.0775327682495117,6.043910980224609,0.17828402366863905,0.011372515383888693,0.1933327615261078,0.04549006153555478,17,-0.0633842804852654,-0.03352945561006104,0.0,0.013814283662215454,0
740,1774279803.840836,16,0.0,0.0,0.0,0.0,0.0,6.043910980224609,0.0,0.0,0.0,0.0,16,0.0,0.0,0.0,0.013814283662215454,0
741,1774279803.945859,20,-0.10541081428527832,-1.0775327682495117,0.0,0.10005782922206663,1.0775327682495117,6.043910980224609,0.17828402366863905,0.019333276152610778,0.3866655230522156,0.08427179699679521,20,-0.10541081428527832,-0.05533158024365043,0.0,0.026176723992881908,0
742,1774279804.050637,19,-0.056712250960500615,-1.0775327682495117,0.0,0.057893029362122435,1.0775327682495117,6.043910980224609,0.17828402366863905,0.010175408501374094,0.1933327615261078,0.04317060211598919,19,-0.056712250960500615,-0.02976713740435541,0.0,0.02810925829775129,0
743,1774279804.1403959,19,0.0,0.0,0.0,0.0,0.0,6.043910980224609,0.0,0.0,0.0,0.0,19,0.0,0.0,0.0,0.02810925829775129,0
744,1774279804.245866,19,0.0,0.0,0.0,0.0,0.0,6.043910980224609,0.0,0.0,0.0,0.0,19,0.0,0.0,0.0,0.02810925829775129,0
745,1774279804.3505635,21,-0.18962791987827846,-1.0775327682495117,0.0,0.15353016722804808,1.0775327682495117,5.992770195007324,0.17980545443695173,0.018412643954867407,0.1933327615261078,0.056751580113533366,21,-0.18962791987827846,-0.09954873267624077,0.0,0.04779496299280065,0
746,1774279804.440606,24,-0.25571882724761963,-1.0775327682495117,0.0,0.19680127905097322,1.0775327682495117,5.992770195007324,0.17980545443695173,0.0,0.0,0.0,24,-0.25571882724761963,-0.13424088232109924,0.0,0.06971150984630953,0
747,1774279804.5457196,24,-0.1678764820098877,-1.0775327682495117,0.0,0.14136982695589495,1.0775327682495117,5.992770195007324,0.17980545443695173,0.0,0.0,0.0,24,-0.1678764820098877,-0.0881291573870038,0.0,0.07506837454860127,0
748,1774279804.649879,23,-0.10795696921970534,-1.405477523803711,0.0,0.12471242047380289,1.405477523803711,5.992770195007324,0.2345288536134153,0.016811544480531113,0.1933327615261078,0.054475630259036005,23,-0.10795696921970534,-0.05669528129330198,0.0,0.07573721275069425,0
749,1774279804.750187,23,-0.27294780897057574,-1.1243820190429688,0.0,0.2117845761748884,1.1243820190429688,5.992770195007324,0.18762308289073223,0.033623088961062225,0.1933327615261078,0.07327982347547411,23,-0.27294780897057574,-0.14257006664158403,0.0,0.08934717676340113,0
750,1774279804.8502183,23,-0.1833231552787449,-1.1243820190429688,0.0,0.16011219329576323,1.1243820190429688,5.992770195007324,0.18762308289073223,0.04202886120132778,0.5799982845783234,0.1391402885785782,23,-0.1833231552787449,-0.09602083419176104,0.0,0.09198549616349921,0
751,1774279804.9500709,24,-0.35136938095092773,-1.1243820190429688,0.0,0.2478354055313048,1.1243820190429688,5.992770195007324,0.18762308289073223,0.0,0.0,0.0,24,-0.35136938095092773,-0.1844964863982117,0.0,0.10890784719382442,0
752,1774279805.0501742,21,-0.04908016749790737,-1.0306835174560547,0.0,0.04817725683245284,1.0306835174560547,5.992770195007324,0.17198782598317122,0.027618965932301114,0.1933327615261078,0.06765237375744962,21,-0.04908016749790737,-0.025627595083001754,0.0,0.10744685491957526,0
753,1774279805.150239,20,-0.16162991523742676,-1.1243820190429688,0.0,0.14825678572805145,1.1243820190429688,5.992770195007324,0.18762308289073223,0.0,0.0,0.0,20,-0.16162991523742676,-0.08462673856657403,0.0,0.10643450604272557,0
754,1774279805.2498586,20,0.0,0.0,0.0,0.0,0.0,5.992770195007324,0.0,0.019333276152610778,0.1933327615261078,0.05799982845783234,20,0.0,0.0,0.0,0.10643450604272557,0
755,1774279805.3499672,20,0.0,0.0,0.0,0.0,0.0,6.043910980224609,0.0,0.0,0.0,0.0,20,0.0,0.0,0.0,0.10643450604272557,0
756,1774279805.4501307,22,0.0,0.0,0.0,0.0,0.0,6.043910980224609,0.0,0.02636355838992379,0.1933327615261078,0.06634683365617257,22,0.0,0.0,0.0038666552305221557,0.10643450604272557,0
757,1774279805.5503156,20,0.0,0.0,0.0,0.0,0.0,6.043910980224609,0.0,0.0,0.0,0.0,20,0.0,0.0,0.0038666552305221557,0.10643450604272559,0
758,1774279805.6498222,21,-0.04908016749790737,-1.0306835174560547,0.0,0.04817725683245284,1.0306835174560547,6.043910980224609,0.17053254437869822,0.0,0.0,0.0,21,0.01430411298735803,0.00747189229949239,0.010943363859968365,0.10469242139478431,0
759,1774279805.7502403,21,-0.0513110842023577,-1.0775327682495117,0.0,0.05265654724042886,1.0775327682495117,6.043910980224609,0.17828402366863905,0.04603160988716852,0.1933327615261078,0.08234384705716817,21,-0.0513110842023577,-0.026872823528727628,0.010545423355969516,0.1049403922614079,0
760,1774279805.849819,22,-0.10008703578602184,-1.1243820190429688,0.0,0.10022403033114023,1.1243820190429688,6.043910980224609,0.18603550295857987,0.035151411186565056,0.1933327615261078,0.07456740365489042,22,0.005323778499256485,0.002796160911197039,0.009999970423764196,0.10240321971683174,0
761,1774279805.9499059,21,0.0,0.0,0.0,0.0,0.0,6.043910980224609,0.0,0.11047586372920445,0.7733310461044312,0.2706094950297985,21,0.056712250960500615,0.02986004350838591,0.0033918028337913647,0.10493334093012809,0
762,1774279806.0497105,22,0.0,0.0,0.0,0.0,0.0,6.043910980224609,0.0,0.008787852796641264,0.1933327615261078,0.04027100063673795,22,0.0,0.0,0.006553652933088399,0.10680985033576922,0
763,1774279806.1501484,22,-0.04684925079345703,-1.0306835174560547,0.0,0.04609189829807292,1.0306835174560547,6.043910980224609,0.17053254437869822,0.035151411186565056,0.1933327615261078,0.07456740365489042,22,-0.04684925079345703,-0.02460205087203315,0.006041648797690868,0.10515778521954317,0
764,1774279806.2498026,23,0.0,0.0,0.0,0.0,0.0,6.043910980224609,0.0,0.04202886120132778,0.3866655230522156,0.09802730714402895,23,0.18962791987827846,0.0998441552442024,0.005603848160177037,0.10515778521954317,0
765,1774279806.3497212,22,0.0,0.0,0.0,0.0,0.0,6.043910980224609,0.0,0.043939263983206314,0.3866655230522156,0.1155861571389514,22,0.25571882724761963,0.13394626151855113,0.005445993282425571,0.10513869138724201,0
766,1774279806.4501748,22,-0.09582801298661665,-1.0775327682495117,0.0,0.0918799637364478,1.0775327682495117,6.043910980224609,0.17828402366863905,0.02636355838992379,0.1933327615261078,0.06634683365617257,22,0.07204846902327104,0.037831538170677644,0.016571379559380667,0.09806415886961108,0
767,1774279806.5551972,23,-0.04481232684591542,-1.0306835174560547,0.0,0.04417918202159336,1.0306835174560547,6.043910980224609,0.17053254437869822,0.016811544480531113,0.1933327615261078,0.054475630259036005,23,0.06314464237378992,0.03314125712908348,0.030821164880973705,0.09631971671972878,0
768,1774279806.6503847,21,0.0,0.0,0.0,0.0,0.0,6.043910980224609,0.0,0.009206321977433703,0.1933327615261078,0.04117192352858409,21,0.27294780897057574,0.14364179190263218,0.024857069339071003,0.09738068877974176,0
769,1774279806.75089,24,0.0,0.0,0.0,0.0,0.0,6.043910980224609,0.0,0.0,0.0,0.0,24,0.1833231552787449,0.09645177191885605,0.022745030767777386,0.0865504446079008,0
770,1774279806.850643,22,0.0,0.0,0.0,0.0,0.0,5.992770195007324,0.0,0.0,0.0,0.0,22,0.35136938095092773,0.18487558986132857,0.008923050531974206,0.08225240013959723,0
771,1774279806.9506588,23,0.0,0.0,0.0,0.0,0.0,5.992770195007324,0.0,0.05043463344159334,0.3866655230522156,0.13022166359424442,23,0.04908016749790737,0.02582508086691266,0.015846947666074408,0.04419130980596798,0
772,1774279807.0504758,21,0.0,0.0,0.0,0.0,0.0,6.043910980224609,0.0,0.0,0.0,0.0,21,0.16162991523742676,0.08505777354086883,0.006444425384203593,0.04442209626031154,0
773,1774279807.150848,22,0.0,0.0,0.0,0.0,0.0,6.043910980224609,0.0,0.008787852796641264,0.1933327615261078,0.04027100063673795,22,0.0,0.0,0.015591351735976434,0.03234127102012687,0
774,1774279807.2505262,21,-0.0513110842023577,-1.0775327682495117,0.0,0.05265654724042886,1.0775327682495117,6.043910980224609,0.17828402366863905,0.018412643954867407,0.1933327615261078,0.056751580113533366,21,-0.0513110842023577,-0.02699789145840477,0.00935481104158586,0.03273349734729199,0
775,1774279807.3507168,22,-0.04897876219315962,-1.0775327682495117,0.0,0.050377302065455744,1.0775327682495117,6.043910980224609,0.17828402366863905,0.02636355838992379,0.1933327615261078,0.06634683365617257,22,-0.04897876219315962,-0.025770346034592922,0.009206321977433703,0.03283068395359147,0
776,1774279807.4505932,21,0.0,0.0,0.0,0.0,0.0,6.043910980224609,0.0,0.04603160988716852,0.3866655230522156,0.11789844678263292,21,0.0,0.0,0.015591351735976434,0.03283068395359147,0
777,1774279807.550724,22,-0.05110827359286221,-1.1243820190429688,0.0,0.05485316822250002,1.1243820190429688,6.043910980224609,0.18603550295857987,0.035151411186565056,0.3866655230522156,0.11115852231866752,22,-0.0020281060949548443,-0.0010669178707147012,0.027187419589608908,0.03282006100586623,0
778,1774279807.6502542,18,-0.19780794779459634,-1.452326774597168,0.0,0.20157415134589327,1.452326774597168,6.043910980224609,0.2402958579881657,0.010740708973672655,0.1933327615261078,0.04428507759247181,18,-0.14649686359223865,-0.07710304738777732,0.06343731237575412,0.04956530089667663,0
779,1774279807.7509289,18,-0.08068482081095378,-1.452326774597168,0.0,0.1106706852580272,1.452326774597168,6.043910980224609,0.2402958579881657,0.010740708973672655,0.1933327615261078,0.04428507759247181,18,0.019402214975068055,0.010205730152460912,0.0505639530145205,0.05047141004858732,0
780,1774279807.8504033,19,-0.056712250960500615,-1.0775327682495117,0.0,0.057893029362122435,1.0775327682495117,6.043910980224609,0.17828402366863905,0.0,0.0,0.0,19,-0.056712250960500615,-0.02984074057171254,0.0505639530145205,0.048561332679799174,0
781,1774279807.9502716,20,-0.10541081428527832,-1.0775327682495117,0.0,0.10005782922206663,1.0775327682495117,6.043910980224609,0.17828402366863905,0.019333276152610778,0.1933327615261078,0.05799982845783234,20,-0.10541081428527832,-0.05546299700772662,0.028855636048672806,0.0503061934822261,0
782,1774279808.0503864,19,-0.24410925413432874,-1.405477523803711,0.0,0.22793632333396038,1.405477523803711,6.043910980224609,0.23254437869822486,0.0,0.0,0.0,19,-0.1972600033408717,-0.10380804903839408,0.04039789046814193,0.06640621986165228,0
783,1774279808.1505244,20,0.0,0.0,0.0,0.0,0.0,6.043910980224609,0.0,0.019333276152610778,0.1933327615261078,0.05799982845783234,20,0.0,0.0,0.037512326863274645,0.06733746174421741,0
784,1774279808.250288,20,-0.07027387619018555,-1.405477523803711,0.0,0.09382993582107702,1.405477523803711,6.043910980224609,0.23254437869822486,0.0,0.0,0.0,20,-0.07027387619018555,-0.03697522001667178,0.028855636048672806,0.06652596328185267,0
785,1774279808.3506866,24,-0.048801302909851074,-1.1712312698364258,0.0,0.054776044811077895,1.1712312698364258,6.043910980224609,0.1937869822485207,0.0,0.0,0.0,24,0.04702671007676558,0.02474423548482262,0.017575705593282528,0.06544726333863804,0
786,1774279808.4507709,22,0.0,0.0,0.0,0.0,0.0,6.043910980224609,0.0,0.07030282237313011,0.3866655230522156,0.14913480730978085,22,0.04481232684591542,0.023640509905291623,0.00852938653791652,0.0657745892685974,0
787,1774279808.5506206,20,-0.07027387619018555,-1.405477523803711,0.0,0.09382993582107702,1.405477523803711,6.043910980224609,0.23254437869822486,0.04833319038152695,0.5799982845783234,0.13498725451376528,20,-0.07027387619018555,-0.03698165922997598,0.0028855636048672802,0.06590812095941757,0
788,1774279808.651114,21,-0.06692750113351005,-1.405477523803711,0.0,0.08958580815951979,1.405477523803711,6.043910980224609,0.23254437869822486,0.05523793186460223,0.3866655230522156,0.12143972742590917,21,-0.06692750113351005,-0.03522084879234342,0.016811544480531113,0.0649113643553274,0
789,1774279808.7505863,23,0.0,0.0,0.0,0.0,0.0,6.043910980224609,0.0,0.0,0.0,0.0,23,0.0,0.0,0.017575705593282528,0.0649113643553274,0
790,1774279808.8509982,23,0.0,0.0,0.0,0.0,0.0,6.043910980224609,0.0,0.06724617792212445,0.5799982845783234,0.14655964695094822,23,0.0,0.0,0.020504989858829613,0.06491136435532739,0
791,1774279808.9504435,24,-0.05075335502624512,-1.2180805206298828,0.0,0.05924577006766185,1.2180805206298828,6.043910980224609,0.20153846153846153,0.03222212692101797,0.3866655230522156,0.10686870494422632,24,-0.05075335502624512,-0.026712746651354077,0.009062473196536303,0.06370734535208392,0
792,1774279809.055426,25,-0.09557247161865234,-1.2180805206298828,0.0,0.1050860163559264,1.2180805206298828,6.043910980224609,0.20153846153846153,0.030933241844177246,0.1933327615261078,0.0708769611206588,25,-0.09557247161865234,-0.05018039329380842,0.017846101063948412,0.0628189909958503,0
793,1774279809.150378,23,0.0,0.0,0.0,0.0,0.0,6.043910980224609,0.0,0.06724617792212445,0.7733310461044312,0.21790252103614402,23,0.0513110842023577,0.027007940424122728,0.030208243988454342,0.0628189909958503,0
794,1774279809.2502606,23,0.0,0.0,0.0,0.0,0.0,6.043910980224609,0.0,0.0,0.0,0.0,23,0.04897876219315962,0.025784487395148218,0.035692202127896824,0.06423242139884362,0
795,1774279809.3504617,25,0.0,0.0,0.0,0.0,0.0,6.043910980224609,0.0,0.038666552305221556,0.5799982845783234,0.13394486629232646,25,0.0,0.0,0.031693895332148815,0.06550306227476071,0
796,1774279809.4507613,25,-0.09744644165039062,-1.2180805206298828,0.0,0.10920180338871432,1.2180805206298828,6.043910980224609,0.20153846153846153,0.05413317322731018,0.7733310461044312,0.15961372946152935,25,-0.04633816805752841,-0.024388030873892807,0.019999940847528392,0.06470718300617123,0
797,1774279809.5508292,24,-0.09955465793609619,-1.2180805206298828,0.0,0.10906815517408575,1.2180805206298828,6.043910980224609,0.20153846153846153,0.05638872211178144,0.7733310461044312,0.1625142385240589,24,0.09825328985850015,0.051696614899070514,0.00703028223731301,0.06516698166678568,0
798,1774279809.650749,24,-0.1093149185180664,-1.405477523803711,0.0,0.13217888295002922,1.405477523803711,6.043910980224609,0.23254437869822486,0.024166595190763474,0.1933327615261078,0.06393880090992969,24,-0.028630097707112626,-0.015069899443507619,0.010175408501374094,0.05862181290262113,0
799,1774279809.750322,22,-0.11712312698364258,-1.405477523803711,0.0,0.13842534391466704,1.405477523803711,6.043910980224609,0.23254437869822486,0.017575705593282528,0.1933327615261078,0.05557926115933376,22,-0.06041087602314196,-0.03179655688118209,0.006666646949176131,0.05979728917695644,0
800,1774279809.8506355,23,-0.10795696921970534,-1.2649297714233398,0.0,0.12242213981302902,1.2649297714233398,6.043910980224609,0.20928994082840235,0.06724617792212445,1.1599965691566467,0.23923247194669753,23,-0.002546154934427017,-0.0013398249171073188,0.013107305866176798,0.06062453710394569,0
801,1774279809.9507477,19,-0.06410950108578331,-1.2180805206298828,0.0,0.07398050633042492,1.2180805206298828,6.043910980224609,0.20153846153846153,0.12210490201648913,0.5799982845783234,0.23645512600007546,19,0.17999975304854543,0.09471870064629591,0.006553652933088399,0.0598836741722097,0
802,1774279810.0507598,17,-0.1460594289443072,-1.2649297714233398,0.0,0.16006473035593755,1.2649297714233398,6.043910980224609,0.20928994082840235,0.06823509230333216,0.3866655230522156,0.1474046465832739,17,-0.1460594289443072,-0.07686386004039107,0.006041648797690868,0.04752070470453359,0
803,1774279810.150442,21,-0.05577291761125837,-1.1712312698364258,0.0,0.062212366777444274,1.1712312698364258,6.043910980224609,0.1937869822485207,0.09206321977433704,0.7733310461044312,0.23579689356526584,21,0.014500958578927178,0.007631465412899205,0.0234342741243767,0.045682644060964075,0
804,1774279810.2508662,19,-0.0665752511275442,-1.2649297714233398,0.0,0.07978075312852036,1.2649297714233398,6.043910980224609,0.20928994082840235,0.040701634005496375,0.1933327615261078,0.07881837533335848,19,-0.017773948217693125,-0.009353825284718668,0.03808069545211214,0.04564814054697345,0
805,1774279810.3507082,19,-0.45123225764224406,-4.356980323791504,0.0,1.1094887177187096,4.356980323791504,6.043910980224609,0.720887573964497,0.061052451008244565,0.3866655230522156,0.14099459609718576,19,-0.45123225764224406,-0.2374984879570048,0.05830670585708013,0.09660901471073247,0
806,1774279810.450329,20,0.0,0.0,0.0,0.0,0.0,6.043910980224609,0.0,0.02899991422891617,0.3866655230522156,0.09221385006897403,20,0.07027387619018555,0.03699192578271338,0.033229068387299776,0.09660901471073247,0
807,1774279810.5506387,18,-0.13794501622517905,-1.2649297714233398,0.0,0.15229158813036114,1.2649297714233398,6.043910980224609,0.20928994082840235,0.03222212692101797,0.3866655230522156,0.09666638076305391,18,-0.071017515091669,-0.03738699239518601,0.04039789046814193,0.0973932941455852,0
808,1774279810.650955,21,0.0,0.0,0.0,0.0,0.0,6.043910980224609,0.0,0.036825287909734813,0.1933327615261078,0.07591727587280882,21,0.0,0.0,0.033142759118761335,0.09903490362419237,0
809,1774279810.7505507,25,0.0,0.0,0.0,0.0,0.0,6.043910980224609,0.0,0.030933241844177246,0.1933327615261078,0.0708769611206588,25,0.0,0.0,0.04296283589469062,0.09903490362419237,0
810,1774279810.8504822,23,0.0,0.0,0.0,0.0,0.0,6.043910980224609,0.0,0.008405772240265556,0.1933327615261078,0.03942656658922785,23,0.05075335502624512,0.02671174777334133,0.04296283589469062,0.09903490362419237,0
811,1774279810.95055,23,0.0,0.0,0.0,0.0,0.0,6.043910980224609,0.0,0.0,0.0,0.0,23,0.09557247161865234,0.05043071676760316,0.032675959694553426,0.10039201136498759,0
812,1774279811.0504918,23,0.0,0.0,0.0,0.0,0.0,6.043910980224609,0.0,0.016811544480531113,0.1933327615261078,0.054475630259036005,23,0.0,0.0,0.035398956335766216,0.10168118591600507,0
813,1774279811.1502824,22,0.0,0.0,0.0,0.0,0.0,6.043910980224609,0.0,0.008787852796641264,0.1933327615261078,0.04027100063673795,22,0.0,0.0,0.03178072792209991,0.10168118591600507,0
814,1774279811.2506893,24,0.0,0.0,0.0,0.0,0.0,6.043910980224609,0.0,0.040277658651272454,0.3866655230522156,0.11132966346986391,24,0.0,0.0,0.049639492824270916,0.10168118591600507,0
815,1774279811.350896,26,0.0,0.0,0.0,0.0,0.0,6.043910980224609,0.0,0.08923050531974205,0.5799982845783234,0.20926408420436327,26,0.09744644165039062,0.05128396879095961,0.04502269788964154,0.10168118591600507,0
816,1774279811.4508271,23,-0.16499083975087042,-1.3117790222167969,0.0,0.1816707047330471,1.3117790222167969,6.043910980224609,0.2170414201183432,0.07565195016239,0.5799982845783234,0.19533249539136668,23,-0.06543618181477423,-0.03444013285832372,0.033142759118761335,0.10355300939101729,0
817,1774279811.5508096,23,0.0,0.0,0.0,0.0,0.0,6.043910980224609,0.0,0.05043463344159334,0.3866655230522156,0.11707885953199446,23,0.1093149185180664,0.05753233103689196,0.03642501304115074,0.10468917261320354,0
818,1774279811.6503246,22,-0.061755830591375176,-1.358628273010254,0.0,0.08008943485264321,1.358628273010254,6.043910980224609,0.22479289940828404,0.035151411186565056,0.3866655230522156,0.11115852231866752,22,0.0553672963922674,0.029140644282362613,0.06645813677459955,0.10433262266787285,0
819,1774279811.7508316,21,0.0,0.0,0.0,0.0,0.0,6.043910980224609,0.0,0.0,0.0,0.0,21,0.10795696921970534,0.056813594457476406,0.0851974881301492,0.10473521707546583,0
820,1774279811.8509028,21,0.0,0.0,0.0,0.0,0.0,6.043910980224609,0.0,0.027618965932301114,0.3866655230522156,0.0902031650099328,21,0.06410950108578331,0.03373908907972735,0.09497047934615821,0.10505131210667912,0
821,1774279811.95033,19,0.0,0.0,0.0,0.0,0.0,6.043910980224609,0.0,0.040701634005496375,0.3866655230522156,0.11866463496382453,19,0.1460594289443072,0.07689077607854827,0.06783605667582729,0.10577396470775213,0
822,1774279812.050554,20,0.0,0.0,0.0,0.0,0.0,6.043910980224609,0.0,0.009666638076305389,0.1933327615261078,0.042135898498397606,20,0.05577291761125837,0.02935243456531222,0.065536529330884,0.10421139384845061,0
823,1774279812.1506667,18,0.0,0.0,0.0,0.0,0.0,6.043910980224609,0.0,0.010740708973672655,0.1933327615261078,0.04428507759247181,18,0.0665752511275442,0.035043284681875835,0.043333205169644846,0.10468217618729647,0
824,1774279812.2503326,21,0.0,0.0,0.0,0.0,0.0,6.043910980224609,0.0,0.036825287909734813,0.3866655230522156,0.11350316022706673,21,0.45123225764224406,0.23753762589520597,0.040701634005496375,0.10497345938742715,0
825,1774279812.3504202,22,-0.057496807791969994,-1.2649297714233398,0.0,0.06942354103160155,1.2649297714233398,6.043910980224609,0.20928994082840235,0.0,0.0,0.0,22,-0.057496807791969994,-0.030260025761659478,0.032768264665442,0.047147806938863585,0
826,1774279812.4502223,21,0.0,0.0,0.0,0.0,0.0,6.043910980224609,0.0,0.0,0.0,0.0,21,0.13794501622517905,0.07261855588499397,0.033229068387299776,0.047147806938863585,0
827,1774279812.5501268,21,0.0,0.0,0.0,0.0,0.0,6.043910980224609,0.0,0.009206321977433703,0.1933327615261078,0.04117192352858409,21,0.0,0.0,0.02521731672079667,0.03892423729304337,0
828,1774279812.6508856,21,0.0,0.0,0.0,0.0,0.0,6.043910980224609,0.0,0.0,0.0,0.0,21,0.0,0.0,0.013614983206063929,0.03892423729304337,0
829,1774279812.7504332,21,0.0,0.0,0.0,0.0,0.0,6.043910980224609,0.0,0.018412643954867407,0.3866655230522156,0.08234384705716818,21,0.0,0.0,0.008405772240265556,0.03892423729304337,0
830,1774279812.8507502,21,0.0,0.0,0.0,0.0,0.0,6.043910980224609,0.0,0.009206321977433703,0.1933327615261078,0.04117192352858409,21,0.0,0.0,0.00852938653791652,0.03892423729304337,0
831,1774279812.950074,21,0.0,0.0,0.0,0.0,0.0,6.043910980224609,0.0,0.009206321977433703,0.1933327615261078,0.04117192352858409,21,0.0,0.0,0.02241539264070815,0.03892423729304337,0
832,1774279813.0512972,21,0.0,0.0,0.0,0.0,0.0,6.043910980224609,0.0,0.0,0.0,0.0,21,0.0,0.0,0.04833319038152695,0.03892423729304337,0
833,1774279813.1500418,21,0.0,0.0,0.0,0.0,0.0,6.043910980224609,0.0,0.0,0.0,0.0,21,0.0,0.0,0.06885824383121647,0.03892423729304337,0
834,1774279813.2504363,20,-0.06324648857116699,-1.2649297714233398,0.0,0.07600224801507238,1.2649297714233398,6.043910980224609,0.20928994082840235,0.019333276152610778,0.1933327615261078,0.05799982845783234,20,-0.06324648857116699,-0.03329567918667043,0.07249978557229042,0.040189735747160706,0
835,1774279813.3506212,20,0.0,0.0,0.0,0.0,0.0,6.043910980224609,0.0,0.019333276152610778,0.3866655230522156,0.08427179699679521,20,0.16499083975087042,0.08684669544026939,0.054019448073471296,0.040189735747160706,0
836,1774279813.450114,22,-0.1128641041842374,-1.2649297714233398,0.0,0.12743294313992004,1.2649297714233398,6.043910980224609,0.20928994082840235,0.05272711677984758,0.3866655230522156,0.13269366731234514,22,-0.1128641041842374,-0.059423915819514256,0.02929284265547088,0.031221881695979187,0
837,1774279813.5502217,21,0.0,0.0,0.0,0.0,0.0,6.043910980224609,0.0,0.018412643954867407,0.1933327615261078,0.056751580113533366,21,0.061755830591375176,0.03250482915037413,0.02114577079191804,0.031221881695979187,0
838,1774279813.650396,22,0.0,0.0,0.0,0.0,0.0,6.043910980224609,0.0,0.02636355838992379,0.3866655230522156,0.08831682758296405,22,0.0,0.0,0.02218572673250417,0.029424213121708807,0
839,1774279813.7505198,22,0.0,0.0,0.0,0.0,0.0,6.043910980224609,0.0,0.017575705593282528,0.3866655230522156,0.0805420012734759,22,0.0,0.0,0.02577770153681437,0.029424213121708807,0
840,1774279813.8506134,24,-0.1542121171951294,-1.2649297714233398,0.0,0.16653060774807216,1.2649297714233398,6.043910980224609,0.20928994082840235,0.008055531730254492,0.1933327615261078,0.03863297300900034,24,-0.1542121171951294,-0.08115217042730534,0.020350817002748187,0.042606035610499374,0
841,1774279813.9505396,23,0.0,0.0,0.0,0.0,0.0,6.043910980224609,0.0,0.05043463344159334,0.3866655230522156,0.13022166359424442,23,0.0,0.0,0.0196609587992652,0.042606035610499374,0
842,1774279814.0509117,24,-0.10736286640167236,-1.3117790222167969,0.0,0.12684036199139825,1.3117790222167969,6.043910980224609,0.2170414201183432,0.016111063460508983,0.1933327615261078,0.05343435247211316,24,-0.10736286640167236,-0.05649948777979989,0.015846947666074408,0.04641777123560116,0
843,1774279814.1502967,23,0.0,0.0,0.0,0.0,0.0,6.043910980224609,0.0,0.04202886120132778,0.3866655230522156,0.1134000673097237,23,0.0,0.0,0.012083297595381737,0.04641777123560116,0
844,1774279814.250428,23,0.0,0.0,0.0,0.0,0.0,6.043910980224609,0.0,0.02521731672079667,0.1933327615261078,0.06511083179712221,23,0.057496807791969994,0.030261354752740974,0.003020824398845434,0.04641777123560117,0
845,1774279814.350298,22,0.0,0.0,0.0,0.0,0.0,6.043910980224609,0.0,0.02636355838992379,0.3866655230522156,0.08831682758296405,22,0.0,0.0,0.0030687739924779014,0.046080447759512214,0
846,1774279814.4503195,23,0.0,0.0,0.0,0.0,0.0,6.043910980224609,0.0,0.033623088961062225,0.5799982845783234,0.12296584683731038,23,0.0,0.0,0.009206321977433703,0.046080447759512214,0
847,1774279814.550376,23,0.0,0.0,0.0,0.0,0.0,6.043910980224609,0.0,0.033623088961062225,0.3866655230522156,0.09284478902198401,23,0.0,0.0,0.009206321977433703,0.046080447759512214,0
848,1774279814.6506867,21,0.0,0.0,0.0,0.0,0.0,6.043910980224609,0.0,0.036825287909734813,0.3866655230522156,0.11350316022706673,21,0.0,0.0,0.012275095969911606,0.046080447759512214,0
849,1774279814.7503235,22,0.0,0.0,0.0,0.0,0.0,6.043910980224609,0.0,0.05272711677984758,0.3866655230522156,0.13269366731234514,22,0.0,0.0,0.006137547984955803,0.046080447759512214,0
850,1774279814.8510096,24,0.0,0.0,0.0,0.0,0.0,6.043910980224609,0.0,0.024166595190763474,0.1933327615261078,0.06393880090992969,24,0.0,0.0,0.0030687739924779014,0.046080447759512214,0
851,1774279814.9502835,23,0.0,0.0,0.0,0.0,0.0,6.043910980224609,0.0,0.016811544480531113,0.3866655230522156,0.0788531331784557,23,0.0,0.0,0.006236540694390574,0.046080447759512214,0
852,1774279815.0508893,23,0.0,0.0,0.0,0.0,0.0,6.043910980224609,0.0,0.033623088961062225,0.1933327615261078,0.07327982347547411,23,0.0,0.0,0.012677558132859527,0.046080447759512214,0
853,1774279815.1506407,24,0.0,0.0,0.0,0.0,0.0,6.043910980224609,0.0,0.03222212692101797,0.1933327615261078,0.07205086617502215,24,0.06324648857116699,0.03328404454936522,0.031182703471952868,0.046080447759512214,0
854,1774279815.2502851,24,0.0,0.0,0.0,0.0,0.0,6.043910980224609,0.0,0.04833319038152695,0.5799982845783234,0.13952590238784007,24,0.0,0.0,0.030687739924779012,0.04529692962121341,0
855,1774279815.3509486,22,0.0,0.0,0.0,0.0,0.0,6.043910980224609,0.0,0.0,0.0,0.0,22,0.1128641041842374,0.05937607961043499,0.032717851950572086,0.04529692962121341,0
856,1774279815.4503887,25,-0.050597190856933594,-1.2649297714233398,0.0,0.06144181734271115,1.2649297714233398,6.043910980224609,0.20928994082840235,0.030933241844177246,0.1933327615261078,0.0708769611206588,25,-0.050597190856933594,-0.026627760173995135,0.020820451241273148,0.0406175236623566,0
857,1774279815.5506654,22,-0.05110827359286221,-1.1243820190429688,0.0,0.05485316822250002,1.1243820190429688,6.043910980224609,0.18603550295857987,0.07030282237313011,0.3866655230522156,0.14913480730978085,22,-0.05110827359286221,-0.026895279738112517,0.01705877307583304,0.04115923913740186,0
858,1774279815.650285,20,0.0,0.0,0.0,0.0,0.0,6.043910980224609,0.0,0.0966663807630539,0.5799982845783234,0.19810712888050344,20,0.0,0.0,0.02521731672079667,0.04115923913740186,0
859,1774279815.7507932,20,-0.06090402603149414,-1.2180805206298828,0.0,0.0704767073500534,1.2180805206298828,6.043910980224609,0.20153846153846153,0.11599965691566468,0.5799982845783234,0.23199931383132935,20,0.09330809116363525,0.049104873165793636,0.02450696977091507,0.04194816474438604,0
860,1774279815.8503697,19,0.0,0.0,0.0,0.0,0.0,6.043910980224609,0.0,0.09157867651236684,0.5799982845783234,0.21149189414577863,19,0.0,0.0,0.035904655711991446,0.028951652066019483,0
861,1774279815.960291,20,0.10541081428527832,0.0,1.0775327682495117,0.10005782922206663,1.0775327682495117,6.043910980224609,0.17828402366863905,0.13533293306827546,1.1599965691566467,0.30013315644416755,20,0.21277368068695068,0.11143604989538013,0.027618965932301114,0.038836600986867434,0
862,1774279816.0602467,19,0.0,0.0,0.0,0.0,0.0,6.043910980224609,0.0,0.1628065360219855,1.1599965691566467,0.38289833696229086,19,0.0,0.0,0.031274417305693906,0.03148752695866838,0
863,1774279816.1604726,21,0.0,0.0,0.0,0.0,0.0,6.043910980224609,0.0,0.15650747361637296,0.9666638076305389,0.3247105130021362,21,0.0,0.0,0.028431288459721732,0.03148752695866838,0
864,1774279816.2599444,21,0.0,0.0,0.0,0.0,0.0,6.043910980224609,0.0,0.2209517274584089,1.3533293306827545,0.46325275448691805,21,0.0,0.0,0.031274417305693906,0.03148752695866838,0
865,1774279816.3605394,19,0.08136975137810958,0.0,1.546025276184082,0.11917865590803663,1.546025276184082,6.043910980224609,0.2557988165680473,0.2645606210357265,1.9333276152610779,0.5990542209989445,19,0.08136975137810958,0.042597059661837876,0.03462676325840736,0.03645867242711164,0
866,1774279816.460637,24,0.0,0.0,0.0,0.0,0.0,6.043910980224609,0.0,0.21749935671687126,2.5133258998394012,0.6657886010166457,24,0.0,0.0,0.041009979717659226,0.036458672427111635,0
867,1774279816.559984,22,-0.04259022799405185,-0.9369850158691406,0.0,0.03809247793229166,0.9369850158691406,6.043910980224609,0.15502958579881657,0.32515055347572674,1.9333276152610779,0.6906715614544049,22,-0.04259022799405185,-0.022306756314625528,0.037512326863274645,0.03769009963358505,0
868,1774279816.6599383,18,0.0,0.0,0.0,0.0,0.0,6.043910980224609,0.0,0.0,0.0,0.0,18,0.0,0.0,0.030821164880973705,0.03769009963358505,0
869,1774279816.7602568,18,0.0,0.0,0.0,0.0,0.0,6.043910980224609,0.0,0.0,0.0,0.0,18,0.0,0.0,0.024857069339071003,0.03769009963358505,0
870,1774279816.8600266,18,-0.08068482081095378,-0.7495880126953125,0.0,0.05214129059380765,0.7495880126953125,6.043910980224609,0.12402366863905326,0.04296283589469062,0.3866655230522156,0.12151725040056222,18,-0.08068482081095378,-0.04224904493854361,0.027618965932301114,0.041501081851687965,0
871,1774279816.96012,16,0.0,0.0,0.0,0.0,0.0,6.043910980224609,0.0,0.0,0.0,0.0,16,0.0,0.0,0.038121952976979,0.041501081851687965,0
872,1774279817.059979,16,0.0,0.0,0.0,0.0,0.0,5.992770195007324,0.0,0.0,0.0,0.0,16,0.0,0.0,0.027618965932301114,0.04150108185168796,0
873,1774279817.1598876,16,0.0,0.0,0.0,0.0,0.0,6.043910980224609,0.0,0.0,0.0,0.0,16,0.0,0.0,0.027229966412127857,0.04150108185168796,0
874,1774279817.2603555,16,0.0,0.0,0.0,0.0,0.0,6.043910980224609,0.0,0.0,0.0,0.0,16,0.0,0.0,0.033623088961062225,0.04150108185168796,0
875,1774279817.3602326,16,-0.04684925079345703,-0.7495880126953125,0.0,0.032922784498623514,0.7495880126953125,6.043910980224609,0.12402366863905326,0.0,0.0,0.0,16,0.0037479400634765625,0.001962432647488923,0.06348239930708018,0.04246622828238583,0
876,1774279817.459674,15,0.0,0.0,0.0,0.0,0.0,6.043910980224609,0.0,0.0,0.0,0.0,15,0.05110827359286221,0.026772156076628858,0.0935481104158586,0.041302550585338244,0
877,1774279817.560554,15,0.0,0.0,0.0,0.0,0.0,6.043910980224609,0.0,0.0,0.0,0.0,15,0.0,0.0,0.1015816204628702,0.03991409745387714,0
878,1774279817.6596482,17,0.0,0.0,0.0,0.0,0.0,6.043910980224609,0.0,0.0,0.0,0.0,17,0.06090402603149414,0.031906052195278777,0.114688926329047,0.03991409745387714,0
879,1774279817.76003,17,0.0,0.0,0.0,0.0,0.0,6.043910980224609,0.0,0.0,0.0,0.0,17,0.0,0.0,0.12999961550893455,0.037574875101222094,0
880,1774279817.8602176,17,0.0,0.0,0.0,0.0,0.0,5.992770195007324,0.0,0.0,0.0,0.0,17,-0.10541081428527832,-0.05548151745479597,0.15144399652878443,0.037574875101222094,0
881,1774279817.9604468,17,0.0,0.0,0.0,0.0,0.0,5.992770195007324,0.0,0.0,0.0,0.0,17,0.0,0.0,0.18065520339324825,0.02893612627636489,0
882,1774279818.0599506,17,0.0,0.0,0.0,0.0,0.0,5.992770195007324,0.0,0.0,0.0,0.0,17,0.0,0.0,0.2123490987253971,0.02893612627636489,0
883,1774279818.1600802,17,0.0,0.0,0.0,0.0,0.0,5.992770195007324,0.0,0.0,0.0,0.0,17,0.0,0.0,0.23260347871109843,0.02893612627636489,0
884,1774279818.2507281,18,-0.041643778483072914,-0.7495880126953125,0.0,0.029481472867903202,0.7495880126953125,5.992770195007324,0.12508205526048816,0.0,0.0,0.0,18,-0.1230135298611825,-0.06508002627020612,0.2676915159592262,0.030019888969747385,0
885,1774279818.3506105,16,0.0,0.0,0.0,0.0,0.0,5.992770195007324,0.0,0.0,0.0,0.0,16,0.0,0.0,0.1933327615261078,0.022372682529615388,0
886,1774279818.4506316,17,0.0,0.0,0.0,0.0,0.0,5.992770195007324,0.0,0.0,0.0,0.0,17,0.04259022799405185,0.022526792868753368,0.12333296855975842,0.022372682529615388,0
887,1774279818.5501773,17,0.0,0.0,0.0,0.0,0.0,6.043910980224609,0.0,0.0,0.0,0.0,17,0.0,0.0,0.014320945298230206,0.02122267613608148,0
888,1774279818.6503046,17,0.0,0.0,0.0,0.0,0.0,5.992770195007324,0.0,0.0,0.0,0.0,17,0.0,0.0,0.014871750886623677,0.02122267613608148,0
889,1774279818.7505512,16,0.0,0.0,0.0,0.0,0.0,5.992770195007324,0.0,0.0,0.0,0.0,16,0.08068482081095378,0.042678534683324436,0.015466620922088623,0.02122267613608148,0
890,1774279818.8506887,17,0.0,0.0,0.0,0.0,0.0,5.992770195007324,0.0,0.0,0.0,0.0,17,0.0,0.0,0.0,0.013299446933479305,0
891,1774279818.9506164,16,0.0,0.0,0.0,0.0,0.0,5.992770195007324,0.0,0.0,0.0,0.0,16,0.0,0.0,0.0,0.013299446933479305,0
892,1774279819.0504165,17,0.0,0.0,0.0,0.0,0.0,5.992770195007324,0.0,0.0,0.0,0.0,17,0.0,0.0,0.0,0.013299446933479304,0
893,1774279819.1502504,17,0.0,0.0,0.0,0.0,0.0,5.992770195007324,0.0,0.0,0.0,0.0,17,0.0,0.0,0.0,0.013299446933479304,0
894,1774279819.2501438,17,0.0,0.0,0.0,0.0,0.0,5.992770195007324,0.0,0.0,0.0,0.0,17,0.04684925079345703,0.024789128409198998,0.0,0.013299446933479304,0
895,1774279819.350099,17,0.0,0.0,0.0,0.0,0.0,6.043910980224609,0.0,0.0,0.0,0.0,17,0.0,0.0,0.0,0.009076051101745416,0
896,1774279819.450333,17,0.0,0.0,0.0,0.0,0.0,6.043910980224609,0.0,0.0,0.0,0.0,17,0.0,0.0,0.0,0.009076051101745416,0
897,1774279819.550066,17,0.0,0.0,0.0,0.0,0.0,5.992770195007324,0.0,0.0,0.0,0.0,17,0.0,0.0,0.0,0.009076051101745416,0
898,1774279819.6505744,18,0.0,0.0,0.0,0.0,0.0,5.992770195007324,0.0,0.0,0.0,0.0,18,0.0,0.0,0.0,0.009076051101745416,0
899,1774279819.7501693,17,0.0,0.0,0.0,0.0,0.0,5.992770195007324,0.0,0.0,0.0,0.0,17,0.0,0.0,0.0,0.009076051101745416,1
900,1774279819.85023,18,0.0,0.0,0.0,0.0,0.0,5.992770195007324,0.0,0.0,0.0,0.0,18,0.0,0.0,0.0,0.009076051101745418,1
901,1774279819.9500184,18,0.0,0.0,0.0,0.0,0.0,5.992770195007324,0.0,0.0,0.0,0.0,18,0.0,0.0,0.0,0.009076051101745418,1
902,1774279820.0504596,18,0.0,0.0,0.0,0.0,0.0,5.992770195007324,0.0,0.0,0.0,0.0,18,0.0,0.0,0.0,0.009076051101745418,1
903,1774279820.150069,18,0.0,0.0,0.0,0.0,0.0,5.992770195007324,0.0,0.0,0.0,0.0,18,0.041643778483072914,0.021925384318722447,0.0,0.009076051101745418,1
904,1774279820.2501779,17,0.0,0.0,0.0,0.0,0.0,5.992770195007324,0.0,0.0,0.0,0.0,17,0.0,0.0,0.0,0.0,1
905,1774279820.350086,17,0.0,0.0,0.0,0.0,0.0,5.992770195007324,0.0,0.0,0.0,0.0,17,0.0,0.0,0.0,0.0,1
906,1774279820.4506366,17,0.0,0.0,0.0,0.0,0.0,5.992770195007324,0.0,0.0,0.0,0.0,17,0.0,0.0,0.0,0.0,1
907,1774279820.5504286,17,0.0,0.0,0.0,0.0,0.0,5.992770195007324,0.0,0.0,0.0,0.0,17,0.0,0.0,0.0,0.0,1
908,1774279820.650223,16,0.0,0.0,0.0,0.0,0.0,5.992770195007324,0.0,0.0,0.0,0.0,16,0.0,0.0,0.0,0.0,1
909,1774279820.7503722,16,0.0,0.0,0.0,0.0,0.0,5.992770195007324,0.0,0.0,0.0,0.0,16,0.0,0.0,0.0,0.0,1
910,1774279820.850302,16,0.0,0.0,0.0,0.0,0.0,5.992770195007324,0.0,0.0,0.0,0.0,16,0.0,0.0,0.0,0.0,1
911,1774279820.949843,16,0.0,0.0,0.0,0.0,0.0,5.992770195007324,0.0,0.0,0.0,0.0,16,0.0,0.0,0.0,0.0,1
912,1774279821.0405822,16,0.0,0.0,0.0,0.0,0.0,5.992770195007324,0.0,0.0,0.0,0.0,16,0.0,0.0,0.0,0.0,1
913,1774279821.145308,16,0.0,0.0,0.0,0.0,0.0,5.992770195007324,0.0,0.0,0.0,0.0,16,0.0,0.0,0.0,0.0,1
914,1774279821.2354565,16,0.0,0.0,0.0,0.0,0.0,5.992770195007324,0.0,0.0,0.0,0.0,16,0.0,0.0,0.0,0.0,1
915,1774279821.3402965,16,0.0,0.0,0.0,0.0,0.0,5.992770195007324,0.0,0.0,0.0,0.0,16,0.0,0.0,0.0,0.0,1
916,1774279821.4456418,16,0.0,0.0,0.0,0.0,0.0,5.992770195007324,0.0,0.0,0.0,0.0,16,0.0,0.0,0.0,0.0,1
917,1774279821.5350084,16,0.0,0.0,0.0,0.0,0.0,5.992770195007324,0.0,0.0,0.0,0.0,16,0.0,0.0,0.0,0.0,1
918,1774279821.6405177,16,0.0,0.0,0.0,0.0,0.0,5.992770195007324,0.0,0.0,0.0,0.0,16,0.0,0.0,0.0,0.0,1
919,1774279821.7449422,18,-0.041643778483072914,-0.7495880126953125,0.0,0.029481472867903202,0.7495880126953125,5.992770195007324,0.12508205526048816,0.0,0.0,0.0,18,-0.041643778483072914,-0.021978946601939508,0.0,0.009076051101745416,1
920,1774279821.8354485,17,-0.04409341251148897,-0.7495880126953125,0.0,0.031107664430533314,0.7495880126953125,5.992770195007324,0.12508205526048816,0.0,0.0,0.0,17,-0.04409341251148897,-0.023386394737245932,0.0,0.012866409789202423,1
921,1774279821.9404342,18,-0.041643778483072914,-0.7495880126953125,0.0,0.029481472867903202,0.7495880126953125,5.992770195007324,0.12508205526048816,0.0,0.0,0.0,18,-0.041643778483072914,-0.022034041416597115,0.0,0.015167962998289715,1
922,1774279822.045168,18,-0.041643778483072914,-0.7495880126953125,0.0,0.029481472867903202,0.7495880126953125,5.992770195007324,0.12508205526048816,0.0,0.0,0.0,18,-0.041643778483072914,-0.02197446156593284,0.0,0.016909130100024414,1
923,1774279822.1352732,18,-0.041643778483072914,-0.7495880126953125,0.0,0.029481472867903202,0.7495880126953125,5.992770195007324,0.12508205526048816,0.0,0.0,0.0,18,-0.041643778483072914,-0.022091072639198947,0.0,0.018251006507310253,1
924,1774279822.2405963,17,0.0,0.0,0.0,0.0,0.0,5.992770195007324,0.0,0.0,0.0,0.0,17,0.0,0.0,0.0,0.018251006507310253,1
925,1774279822.3453023,17,0.0,0.0,0.0,0.0,0.0,5.992770195007324,0.0,0.0,0.0,0.0,17,0.0,0.0,0.0,0.018251006507310253,0
926,1774279822.4356136,17,0.0,0.0,0.0,0.0,0.0,5.992770195007324,0.0,0.0,0.0,0.0,17,0.0,0.0,0.0,0.018251006507310253,0
927,1774279822.5401905,17,0.0,0.0,0.0,0.0,0.0,5.992770195007324,0.0,0.0,0.0,0.0,17,0.0,0.0,0.0,0.018251006507310253,0
928,1774279822.6450727,17,0.0,0.0,0.0,0.0,0.0,5.992770195007324,0.0,0.0,0.0,0.0,17,0.0,0.0,0.0,0.018251006507310253,0
929,1774279822.735499,18,0.0,0.0,0.0,0.0,0.0,5.992770195007324,0.0,0.0,0.0,0.0,18,0.0,0.0,0.0,0.018251006507310253,0
930,1774279822.8404603,18,0.0,0.0,0.0,0.0,0.0,5.992770195007324,0.0,0.0,0.0,0.0,18,0.0,0.0,0.0,0.018251006507310253,0
931,1774279822.9449673,18,0.0,0.0,0.0,0.0,0.0,5.992770195007324,0.0,0.0,0.0,0.0,18,0.0,0.0,0.0,0.018251006507310253,0
932,1774279823.0353367,18,0.0,0.0,0.0,0.0,0.0,5.992770195007324,0.0,0.0,0.0,0.0,18,0.0,0.0,0.0,0.018251006507310253,0
933,1774279823.1408198,17,0.0,0.0,0.0,0.0,0.0,5.992770195007324,0.0,0.0,0.0,0.0,17,0.0,0.0,0.0,0.018251006507310253,0
934,1774279823.2453706,18,0.0,0.0,0.0,0.0,0.0,5.992770195007324,0.0,0.0,0.0,0.0,18,0.0,0.0,0.0,0.018251006507310253,0
935,1774279823.3355305,18,0.0,0.0,0.0,0.0,0.0,5.992770195007324,0.0,0.0,0.0,0.0,18,0.0,0.0,0.0,0.018251006507310253,0
936,1774279823.4407542,18,0.0,0.0,0.0,0.0,0.0,5.992770195007324,0.0,0.0,0.0,0.0,18,0.0,0.0,0.0,0.018251006507310253,0
937,1774279823.545169,17,0.0,0.0,0.0,0.0,0.0,5.992770195007324,0.0,0.0,0.0,0.0,17,0.0,0.0,0.0,0.018251006507310253,0
938,1774279823.6353931,17,0.0,0.0,0.0,0.0,0.0,5.992770195007324,0.0,0.0,0.0,0.0,17,0.041643778483072914,0.02202848922651332,0.0,0.018251006507310253,0
939,1774279823.7403364,17,0.0,0.0,0.0,0.0,0.0,5.992770195007324,0.0,0.0,0.0,0.0,17,0.04409341251148897,0.023147510240472517,0.0,0.016909130100024414,0
940,1774279823.8457515,18,-0.026027361551920574,-0.4684925079345703,0.0,0.011516200339024686,0.4684925079345703,5.992770195007324,0.07817628453780509,0.0,0.0,0.0,18,0.01561641693115234,0.008196228983867817,0.0,0.015395794877793812,0
941,1774279823.93521,18,-0.026027361551920574,-0.4684925079345703,0.0,0.011516200339024686,0.4684925079345703,5.992770195007324,0.07817628453780509,0.0,0.0,0.0,18,0.01561641693115234,0.008262470559429804,0.0,0.013977444388507043,0
942,1774279824.0402002,18,-0.026027361551920574,-0.4684925079345703,0.0,0.011516200339024686,0.4684925079345703,5.992770195007324,0.07817628453780509,0.0,0.0,0.0,18,0.01561641693115234,0.00819790826928639,0.0,0.012348604818345835,0
943,1774279824.1450229,19,-0.04931500083521793,-0.4684925079345703,0.0,0.02067173911270913,0.4684925079345703,5.992770195007324,0.07817628453780509,0.010175408501374094,0.1933327615261078,0.04317060211598919,19,-0.04931500083521793,-0.02589493419708467,0.0,0.013514324041292127,0
944,1774279824.234932,18,-0.026027361551920574,-0.4684925079345703,0.0,0.011516200339024686,0.4684925079345703,5.992770195007324,0.07817628453780509,0.0,0.0,0.0,18,-0.026027361551920574,-0.013773790121841475,0.0,0.014079613732759387,0
945,1774279824.3401551,17,-0.027558382819680607,-0.4684925079345703,0.0,0.012151431418177077,0.4684925079345703,5.992770195007324,0.07817628453780509,0.0,0.0,0.0,17,-0.027558382819680607,-0.014469825377263695,0.0,0.014600323169672975,0
946,1774279824.4453902,18,-0.026027361551920574,-0.4684925079345703,0.0,0.011516200339024686,0.4684925079345703,5.992770195007324,0.07817628453780509,0.0,0.0,0.0,18,-0.026027361551920574,-0.013661224410284572,0.0,0.014892767624441323,0
947,1774279824.5359764,19,-0.024657500417608964,-0.4684925079345703,0.0,0.010943861883198952,0.4684925079345703,5.992770195007324,0.07817628453780509,0.0,0.0,0.0,19,-0.024657500417608964,-0.0130400613579681,0.0,0.015005078927964828,0
948,1774279824.639877,19,-0.024657500417608964,-0.4684925079345703,0.0,0.010943861883198952,0.4684925079345703,5.992770195007324,0.07817628453780509,0.0,0.0,0.0,19,-0.024657500417608964,-0.012947796152981117,0.0,0.015015668420655761,0
949,1774279824.7455504,19,-0.024657500417608964,-0.4684925079345703,0.0,0.010943861883198952,0.4684925079345703,5.992770195007324,0.07817628453780509,0.0,0.0,0.0,19,-0.024657500417608964,-0.012942957658684959,0.0,0.014924752626743308,0
950,1774279824.8355653,19,-0.024657500417608964,-0.4684925079345703,0.0,0.010943861883198952,0.4684925079345703,5.992770195007324,0.07817628453780509,0.0,0.0,0.0,19,-0.024657500417608964,-0.013042169542137614,0.0,0.014730452205742426,0
951,1774279824.9405797,19,-0.024657500417608964,-0.4684925079345703,0.0,0.010943861883198952,0.4684925079345703,5.992770195007324,0.07817628453780509,0.0,0.0,0.0,19,-0.024657500417608964,-0.012941919458029033,0.0,0.014428591122061105,0
952,1774279825.0458174,20,-0.023424625396728516,-0.4684925079345703,0.0,0.010425548424564113,0.4684925079345703,5.992770195007324,0.07817628453780509,0.0,0.0,0.0,20,-0.023424625396728516,-0.012296406858503963,0.0,0.013984370351593521,0
953,1774279825.1353936,19,-0.024657500417608964,-0.4684925079345703,0.0,0.010943861883198952,0.4684925079345703,5.992770195007324,0.07817628453780509,0.0,0.0,0.0,19,-0.024657500417608964,-0.013046137802443085,0.0,0.013447405271120292,0
954,1774279825.2406383,19,-0.024657500417608964,-0.4684925079345703,0.0,0.010943861883198952,0.4684925079345703,5.992770195007324,0.07817628453780509,0.0,0.0,0.0,19,-0.024657500417608964,-0.012942837795502359,0.0,0.01276960615237439,0
955,1774279825.3455267,19,-0.024657500417608964,-0.4684925079345703,0.0,0.010943861883198952,0.4684925079345703,5.992770195007324,0.07817628453780509,0.0,0.0,0.0,19,-0.024657500417608964,-0.01294511557567176,0.0,0.01192698672815309,0
956,1774279825.4355378,19,-0.024657500417608964,-0.4684925079345703,0.0,0.010943861883198952,0.4684925079345703,5.992770195007324,0.07817628453780509,0.0,0.0,0.0,19,-0.024657500417608964,-0.013043751950215164,0.0,0.010881324455510925,0
957,1774279825.5405078,19,-0.024657500417608964,-0.4684925079345703,0.0,0.010943861883198952,0.4684925079345703,5.992770195007324,0.07817628453780509,0.0,0.0,0.0,19,-0.024657500417608964,-0.012942790822698454,0.0,0.00956626728481064,0
958,1774279825.6450179,19,-0.024657500417608964,-0.4684925079345703,0.0,0.010943861883198952,0.4684925079345703,5.992770195007324,0.07817628453780509,0.0,0.0,0.0,19,-0.024657500417608964,-0.01294573457052743,0.0,0.007847531840556919,0
959,1774279825.7356062,17,0.0,0.0,0.0,0.0,0.0,5.992770195007324,0.0,0.0,0.0,0.0,17,0.026027361551920574,0.013772149769500471,0.0,0.007847531840556917,0
960,1774279825.8405335,17,0.0,0.0,0.0,0.0,0.0,5.992770195007324,0.0,0.0,0.0,0.0,17,0.026027361551920574,0.01366033719635156,0.003515141118656505,0.009555333767713042,0
961,1774279825.9452317,16,0.0,0.0,0.0,0.0,0.0,5.992770195007324,0.0,0.0,0.0,0.0,16,0.026027361551920574,0.013662431479777328,0.003515141118656505,0.010846102207220232,0
962,1774279826.035281,16,0.0,0.0,0.0,0.0,0.0,5.992770195007324,0.0,0.0,0.0,0.0,16,0.04931500083521793,0.026089030655958623,0.0035802363245575515,0.01185682693724447,0
963,1774279826.1402342,16,0.0,0.0,0.0,0.0,0.0,5.992770195007324,0.0,0.0,0.0,0.0,16,0.026027361551920574,0.013660489330824142,0.0,0.010832889176152442,0
964,1774279826.2452762,16,0.0,0.0,0.0,0.0,0.0,5.992770195007324,0.0,0.0,0.0,0.0,16,0.027558382819680607,0.014465423217905317,0.0,0.011423357006719601,0
965,1774279826.3350966,14,0.0,0.0,0.0,0.0,0.0,5.992770195007324,0.0,0.0,0.0,0.0,14,0.026027361551920574,0.013773230550968334,0.0,0.011773115696006297,0
966,1774279826.439849,17,0.0,0.0,0.0,0.0,0.0,5.992770195007324,0.0,0.0,0.0,0.0,17,0.024657500417608964,0.012951235205108678,0.0,0.012032222275115129,0
967,1774279826.5452077,14,0.0,0.0,0.0,0.0,0.0,5.992770195007324,0.0,0.0,0.0,0.0,14,0.024657500417608964,0.012941323499209532,0.0,0.012214021338093302,0
968,1774279826.6357007,17,0.024802544537712547,0.0,0.4216432571411133,0.009842659448723432,0.4216432571411133,5.992770195007324,0.07035865608402458,0.0,0.0,0.0,17,0.04946004495532151,0.02616725491620819,0.0,0.014498146110725418,0
969,1774279826.740498,17,0.024802544537712547,0.0,0.4216432571411133,0.009842659448723432,0.4216432571411133,5.992770195007324,0.07035865608402458,0.0,0.0,0.0,17,0.04946004495532151,0.025964194947961566,0.0,0.016092814664115614,0
970,1774279826.8457186,17,0.024802544537712547,0.0,0.4216432571411133,0.009842659448723432,0.4216432571411133,5.992770195007324,0.07035865608402458,0.0,0.0,0.0,17,0.04946004495532151,0.02596138431326252,0.0,0.017190975735667077,0
971,1774279826.9349267,16,0.02635270357131958,0.0,0.4216432571411133,0.010416974782767596,0.4216432571411133,5.992770195007324,0.07035865608402458,0.0,0.0,0.0,16,0.049777328968048096,0.02634962786011584,0.0,0.018010201375071345,0
972,1774279827.0407422,16,0.02635270357131958,0.0,0.4216432571411133,0.010416974782767596,0.4216432571411133,5.992770195007324,0.07035865608402458,0.0,0.0,0.0,16,0.05101020398892854,0.02677211173461508,0.0,0.018521182531388517,0
973,1774279827.1452878,16,0.02635270357131958,0.0,0.4216432571411133,0.010416974782767596,0.4216432571411133,5.992770195007324,0.07035865608402458,0.0,0.0,0.0,16,0.05101020398892854,0.026781937618419634,0.0,0.01860553536206248,0
974,1774279827.2348013,17,0.0,0.0,0.0,0.0,0.0,5.992770195007324,0.0,0.0,0.0,0.0,17,0.024657500417608964,0.013051305752255743,0.0,0.017621740800686143,0
975,1774279827.3401318,17,0.0,0.0,0.0,0.0,0.0,5.992770195007324,0.0,0.0,0.0,0.0,17,0.024657500417608964,0.012946329315060645,0.0,0.016487740595665427,0
976,1774279827.4461563,19,0.11095875187924034,0.0,1.2649297714233398,0.09061517639288733,1.2649297714233398,5.992770195007324,0.21107596825207375,0.0,0.0,0.0,19,0.13561625229684932,0.07116540875043545,0.0,0.027516466093537414,0
977,1774279827.5357473,16,0.0,0.0,0.0,0.0,0.0,5.992770195007324,0.0,0.0,0.0,0.0,16,0.024657500417608964,0.013041263366979704,0.0,0.02643323659255028,0
978,1774279827.6402326,16,0.02635270357131958,0.0,0.4216432571411133,0.010416974782767596,0.4216432571411133,5.992770195007324,0.07035865608402458,0.0,0.0,0.0,16,0.02635270357131958,0.01383615390065471,0.0,0.025206779060184457,0
979,1774279827.745571,17,0.024802544537712547,0.0,0.4216432571411133,0.009842659448723432,0.4216432571411133,5.992770195007324,0.07035865608402458,0.0,0.0,0.0,17,0.024802544537712547,0.013019452792509559,0.0,0.025070740587130012,0
980,1774279827.835225,15,0.02810955047607422,0.0,0.4216432571411133,0.0110620555915375,0.4216432571411133,5.992770195007324,0.07035865608402458,0.0,0.0,0.0,15,0.02810955047607422,0.014872829736879584,0.0,0.024934313388487395,0
981,1774279827.9406998,16,0.02635270357131958,0.0,0.4216432571411133,0.010416974782767596,0.4216432571411133,5.992770195007324,0.07035865608402458,0.0,0.0,0.0,16,0.02635270357131958,0.013830399156346434,0.0,0.02468646107557795,0
982,1774279828.0456204,17,0.024802544537712547,0.0,0.4216432571411133,0.009842659448723432,0.4216432571411133,5.992770195007324,0.07035865608402458,0.0,0.0,0.0,17,0.024802544537712547,0.013017069407875264,0.0,0.024346495434627545,0
983,1774279828.135104,16,0.02635270357131958,0.0,0.4216432571411133,0.010416974782767596,0.4216432571411133,5.992770195007324,0.07035865608402458,0.0,0.0,0.0,16,0.02635270357131958,0.013944500430958788,0.0,0.023952303037106687,0
984,1774279828.240821,16,0.05270540714263916,0.0,0.4216432571411133,0.019445019594499513,0.4216432571411133,5.992770195007324,0.07035865608402458,0.0,0.0,0.0,16,0.05270540714263916,0.02765636535214302,0.0,0.024385739812778025,0
985,1774279828.345721,16,0.02635270357131958,0.0,0.4216432571411133,0.010416974782767596,0.4216432571411133,5.992770195007324,0.07035865608402458,0.0,0.0,0.0,16,0.02635270357131958,0.01382711016165389,0.0,0.023774110125655397,0
986,1774279828.4353862,15,0.0,0.0,0.0,0.0,0.0,5.992770195007324,0.0,0.0,0.0,0.0,15,0.0,0.0,0.0,0.023774110125655393,0
987,1774279828.5405953,17,0.024802544537712547,0.0,0.4216432571411133,0.009842659448723432,0.4216432571411133,5.992770195007324,0.07035865608402458,0.0,0.0,0.0,17,0.0,0.0,0.0,0.023073592668265665,0
988,1774279828.644726,17,0.024802544537712547,0.0,0.4216432571411133,0.009842659448723432,0.4216432571411133,5.992770195007324,0.07035865608402458,0.0,0.0,0.0,17,0.0,0.0,0.0,0.023073592668265665,0
989,1774279828.7351825,16,0.02635270357131958,0.0,0.4216432571411133,0.010416974782767596,0.4216432571411133,5.992770195007324,0.07035865608402458,0.0,0.0,0.0,16,0.0015501590336070327,0.0008204226777554069,0.0,0.023071194017421026,0
990,1774279828.840339,17,0.024802544537712547,0.0,0.4216432571411133,0.009842659448723432,0.4216432571411133,5.992770195007324,0.07035865608402458,0.0,0.0,0.0,17,-0.0015501590336070327,-0.0008135557418787063,0.0,0.023071194017421026,0
991,1774279828.9455607,15,0.0,0.0,0.0,0.0,0.0,5.992770195007324,0.0,0.0,0.0,0.0,15,-0.02635270357131958,-0.01383475805656203,0.0,0.023774110125655393,0
992,1774279829.0352337,17,0.024802544537712547,0.0,0.4216432571411133,0.009842659448723432,0.4216432571411133,5.992770195007324,0.07035865608402458,0.0,0.0,0.0,17,-0.0015501590336070327,-0.0008202134065329708,0.0,0.023772142164534615,0
993,1774279829.140338,18,0.0,0.0,0.0,0.0,0.0,5.992770195007324,0.0,0.0,0.0,0.0,18,0.0,0.0,0.0,0.024379632536875046,0
994,1774279829.2457607,18,0.0,0.0,0.0,0.0,0.0,5.992770195007324,0.0,0.0,0.0,0.0,18,0.0,0.0,0.0,0.024379632536875046,0
995,1774279829.3354108,16,0.0,0.0,0.0,0.0,0.0,5.992770195007324,0.0,0.0,0.0,0.0,16,-0.11095875187924034,-0.05873149846545571,0.0,0.024379632536875043,0
996,1774279829.4405253,16,0.0,0.0,0.0,0.0,0.0,5.992770195007324,0.0,0.0,0.0,0.0,16,0.0,0.0,0.0,0.014493200350001689,0
997,1774279829.5453398,16,0.0,0.0,0.0,0.0,0.0,5.992770195007324,0.0,0.0,0.0,0.0,16,-0.02635270357131958,-0.013832661356176177,0.0,0.01449320035000169,0
998,1774279829.6354203,16,0.0,0.0,0.0,0.0,0.0,5.992770195007324,0.0,0.0,0.0,0.0,16,-0.024802544537712547,-0.013124085029199253,0.0,0.01487319587430105,0
999,1774279829.740173,17,-0.08543098674100988,-0.7495880126953125,0.0,0.0548029556959786,0.7495880126953125,5.992770195007324,0.12508205526048816,0.0,0.0,0.0,17,-0.1135405372170841,-0.059602958950679887,0.0,0.02663947306728987,0
1000,1774279829.845393,16,0.0,0.0,0.0,0.0,0.0,5.992770195007324,0.0,0.0,0.0,0.0,16,-0.02635270357131958,-0.013835668960109713,0.0,0.026453260796759328,0
1001,1774279829.9354398,16,0.0,0.0,0.0,0.0,0.0,6.043910980224609,0.0,0.0,0.0,0.0,16,-0.024802544537712547,-0.013124293650849663,0.0,0.026253251415028128,0
1002,1774279830.0406284,18,0.0,0.0,0.0,0.0,0.0,6.043910980224609,0.0,0.0,0.0,0.0,18,-0.02635270357131958,-0.013829632564844202,0.0,0.026039622928642408,0
1003,1774279830.1460102,17,-0.090942663304946,-0.7964372634887695,0.0,0.06209381454688485,0.7964372634887695,5.992770195007324,0.13289968371426866,0.0,0.0,0.0,17,-0.14364807044758515,-0.07539831988171962,0.0,0.03328406575391736,0
1004,1774279830.2348213,14,0.0,0.0,0.0,0.0,0.0,5.992770195007324,0.0,0.0,0.0,0.0,14,-0.02635270357131958,-0.013949869886404438,0.0,0.03113575636722523,0
1005,1774279830.349878,17,0.0,0.0,0.0,0.0,0.0,5.992770195007324,0.0,0.022745030767777386,0.1933327615261078,0.062289832113303606,17,0.0,0.0,0.0,0.03049185517753504,0
1006,1774279830.4495506,17,0.0,0.0,0.0,0.0,0.0,6.043910980224609,0.0,0.0,0.0,0.0,17,-0.024802544537712547,-0.01299273171820711,0.0,0.030491855177535044,0
1007,1774279830.549872,16,0.0,0.0,0.0,0.0,0.0,6.043910980224609,0.0,0.012083297595381737,0.1933327615261078,0.046798410354181585,16,-0.024802544537712547,-0.013018711454979806,0.0,0.02985223315147321,0
1008,1774279830.6498876,16,0.0,0.0,0.0,0.0,0.0,5.992770195007324,0.0,0.0,0.0,0.0,16,-0.02635270357131958,-0.013763322834243676,0.0,0.029145884529626746,0
1009,1774279830.7496698,18,-0.08068482081095378,-0.7495880126953125,0.0,0.05214129059380765,0.7495880126953125,5.992770195007324,0.12508205526048816,0.0,0.0,0.0,18,-0.10548736534866633,-0.05524834296349676,0.0,0.03252502802788708,0
1010,1774279830.8498535,19,0.0,0.0,0.0,0.0,0.0,5.992770195007324,0.0,0.010175408501374094,0.1933327615261078,0.04317060211598919,19,0.0,0.0,0.0,0.03162047379773183,0
1011,1774279830.9497426,18,0.0,0.0,0.0,0.0,0.0,5.992770195007324,0.0,0.06444425384203593,0.3866655230522156,0.1441017323500443,18,-0.024802544537712547,-0.012955043238271765,0.0,0.03162047379773182,0
1012,1774279831.049838,17,0.0,0.0,0.0,0.0,0.0,5.992770195007324,0.0,0.04549006153555477,0.3866655230522156,0.12457966422660721,17,0.0,0.0,0.0,0.030639116291001665,0
1013,1774279831.1501741,19,-0.044383500751696135,-0.8432865142822266,0.0,0.03545811250156461,0.8432865142822266,6.043910980224609,0.1395266272189349,0.22385898703023008,1.5466620922088623,0.47465853985529793,19,-0.044383500751696135,-0.02330560124922767,0.0,0.03122946832756422,0
1014,1774279831.2500749,18,0.0,0.0,0.0,0.0,0.0,6.043910980224609,0.0,0.06444425384203593,0.5799982845783234,0.18227587560084332,18,0.0,0.0,0.0,0.03122946832756422,0
1015,1774279831.3505788,18,0.0,0.0,0.0,0.0,0.0,6.043910980224609,0.0,0.08592567178938124,0.5799982845783234,0.17318872829042425,18,0.0,0.0,0.0,0.03122946832756422,0
1016,1774279831.449533,17,0.0,0.0,0.0,0.0,0.0,6.043910980224609,0.0,0.07960760768722086,0.5799982845783234,0.17618225074515423,17,0.0,0.0,0.0,0.03122946832756422,0
1017,1774279831.5500107,20,0.0,0.0,0.0,0.0,0.0,6.043910980224609,0.0,0.07733310461044311,0.3866655230522156,0.15466620922088622,20,0.0,0.0,0.0,0.031229468327564222,0
1018,1774279831.6496882,20,-0.037479400634765625,-0.7495880126953125,0.0,0.02668940396688413,0.7495880126953125,6.043910980224609,0.12402366863905326,0.08699974268674851,0.5799982845783234,0.20710081189968624,20,0.047951586106244254,0.02511191717754654,0.0,0.03139289537187171,0
1019,1774279831.7496233,21,0.0,0.0,0.0,0.0,0.0,6.043910980224609,0.0,0.10126954175177075,0.7733310461044312,0.250439033739975,21,0.0,0.0,0.0,0.02733344119581614,0
1020,1774279831.8495502,19,0.0,0.0,0.0,0.0,0.0,6.043910980224609,0.0,0.09157867651236684,0.5799982845783234,0.21149189414577863,19,0.0,0.0,0.0,0.02733344119581614,0
1021,1774279831.9495618,22,-0.12990019538185812,-1.452326774597168,0.0,0.16879049060926524,1.452326774597168,6.043910980224609,0.2402958579881657,0.07030282237313011,0.3866655230522156,0.14913480730978085,22,-0.12990019538185812,-0.06804857377762615,0.0,0.03720205156568487,0
1022,1774279832.0500329,21,-0.13831683567592076,-1.499176025390625,0.0,0.18195873035066898,1.499176025390625,6.043910980224609,0.24804733727810652,0.06444425384203593,0.5799982845783234,0.1615702949816924,21,-0.04737417237097476,-0.024881096496048596,0.008055531730254492,0.04502881593833073,0
1023,1774279832.149632,19,-0.0739725012528269,-1.405477523803711,0.0,0.09849475694879054,1.405477523803711,6.043910980224609,0.23254437869822486,0.22385898703023008,1.3533293306827545,0.44025548520595786,19,-0.0739725012528269,-0.038631757643003264,0.008055531730254492,0.043945531541353604,0
1024,1774279832.2499437,19,-0.15041075254741468,-1.405477523803711,0.0,0.13690771215881886,1.405477523803711,5.992770195007324,0.2345288536134153,0.23403439553160416,1.3533293306827545,0.4922205961938373,19,-0.15041075254741468,-0.0791608183212363,0.011599965691566468,0.05124676993621208,0
1025,1774279832.3500063,21,-0.07585116795131139,-1.405477523803711,1.8271207809448242,0.3590101492099332,3.232598304748535,6.043910980224609,0.5348520710059171,0.3038086252553122,1.73999485373497,0.5551343448072028,21,-0.07585116795131139,-0.03991209446323547,0.0039455665617573014,0.05148834048689434,0
1026,1774279832.4498348,19,-0.0739725012528269,-1.405477523803711,0.0,0.09849475694879054,1.405477523803711,6.043910980224609,0.23254437869822486,0.12210490201648913,0.5799982845783234,0.23645512600007546,19,-0.0739725012528269,-0.038933655584679885,0.0038666552305221557,0.051386736993852086,0
1027,1774279832.5497932,19,-0.029589000501130756,-0.5621910095214844,0.0,0.01575916111180649,0.5621910095214844,6.043910980224609,0.09301775147928994,0.10175408501374095,0.9666638076305389,0.2966615874095612,19,-0.029589000501130756,-0.015573931268027502,0.0036477879533227883,0.05062698763871183,0
1028,1774279832.649929,20,0.0,0.0,0.0,0.0,0.0,6.043910980224609,0.0,0.0,0.0,0.0,20,0.08068482081095378,0.04245990147964549,0.024605987830595536,0.05062698763871183,0
1029,1774279832.7496734,18,0.02863009770711263,0.0,0.5153417587280273,0.01393460241021987,0.5153417587280273,6.043910980224609,0.08526627218934911,0.08592567178938124,0.3866655230522156,0.1607522122821258,18,0.02863009770711263,0.0150699013347101,0.03938259957013307,0.052008165416666065,0
1030,1774279832.8502705,19,0.0,0.0,0.0,0.0,0.0,6.043910980224609,0.0,0.08140326801099275,0.5799982845783234,0.1914491684811454,19,0.0,0.0,0.11456756238584165,0.05200816541666608,0
1031,1774279832.9496534,18,0.0,0.0,0.0,0.0,0.0,6.043910980224609,0.0,0.03222212692101797,0.1933327615261078,0.07205086617502215,18,0.0,0.0,0.11456756238584165,0.052008165416666065,0
1032,1774279833.049983,20,0.0,0.0,0.0,0.0,0.0,6.043910980224609,0.0,0.038666552305221556,0.3866655230522156,0.0985807523638404,20,0.044383500751696135,0.023362087172698942,0.1265450802716342,0.05200816541666608,0
1033,1774279833.1498926,23,0.0,0.0,0.0,0.0,0.0,6.043910980224609,0.0,0.033623088961062225,0.3866655230522156,0.10895126051807201,23,0.0,0.0,0.07660354701977856,0.05255829623847889,0
1034,1774279833.2495468,22,-0.029813159595836292,-0.6558895111083984,0.0,0.01866531418682292,0.6558895111083984,6.043910980224609,0.1085207100591716,0.0,0.0,0.0,22,-0.029813159595836292,-0.015699664180131294,0.08084824572909963,0.051991349192019747,0
1035,1774279833.3500628,23,0.0,0.0,0.0,0.0,0.0,6.043910980224609,0.0,0.0,0.0,0.0,23,0.0,0.0,0.08140326801099275,0.051991349192019747,0
1036,1774279833.4499433,27,0.0,0.0,0.0,0.0,0.0,6.043910980224609,0.0,0.0,0.0,0.0,27,0.0,0.0,0.08874290693001669,0.051991349192019747,0
1037,1774279833.5502653,25,0.0,0.0,0.0,0.0,0.0,6.043910980224609,0.0,0.030933241844177246,0.5799982845783234,0.1182969028366085,25,0.037479400634765625,0.01972001096894249,0.0934441680709521,0.051991349192019747,0
1038,1774279833.6497493,25,0.0,0.0,0.0,0.0,0.0,6.043910980224609,0.0,0.0,0.0,0.0,25,0.0,0.0,0.08731156972146803,0.05255979258826074,0
1039,1774279833.7504365,23,0.0203692394754161,0.0,0.4684925079345703,0.00912793016975069,0.4684925079345703,6.043910980224609,0.07751479289940828,0.05043463344159334,0.5799982845783234,0.163426890777108,23,0.0203692394754161,0.010715653800620182,0.07483848833268689,0.05339290479393633,0
1040,1774279833.8496974,22,-0.20443309437144885,-1.546025276184082,0.0,0.2648878358310739,1.546025276184082,6.043910980224609,0.2557988165680473,0.017575705593282528,0.1933327615261078,0.05557926115933376,22,-0.07453289898959073,-0.03922504385505339,0.11537600284622561,0.06456521950968333,0
1041,1774279833.9502115,23,-0.02648001131804093,-1.592874526977539,0.5153417587280273,0.13070366191249377,2.1082162857055664,6.043910980224609,0.3488165680473373,0.033623088961062225,0.3866655230522156,0.10895126051807201,23,0.11183682435787984,0.05885595184893824,0.1703949762602984,0.06145384133265176,0
1042,1774279834.0495412,24,0.0,0.0,0.0,0.0,0.0,6.043910980224609,0.0,0.06444425384203593,0.5799982845783234,0.17352146390608725,24,0.0739725012528269,0.038934754881412695,0.2555924643904476,0.05738912785668255,0
1043,1774279834.1500475,20,0.0,0.0,0.0,0.0,0.0,6.043910980224609,0.0,0.0,0.0,0.0,20,0.15041075254741468,0.07915922906829122,0.22282419972500558,0.05686734077021168,0
1044,1774279834.2497754,21,-0.05577291761125837,-0.6090402603149414,0.0,0.029603132607379075,0.6090402603149414,6.043910980224609,0.10076923076923076,0.036825287909734813,0.3866655230522156,0.11350316022706673,21,0.02007825034005302,0.010568784743759324,0.18022545565993098,0.049921143846613725,0
1045,1774279834.3495505,24,-0.11907517910003662,-0.6090402603149414,0.0,0.054135879556937994,0.6090402603149414,6.043910980224609,0.10076923076923076,0.0,0.0,0.0,24,-0.04510267784720973,-0.023741804497029444,0.07333311644093744,0.05302959539036929,0
1046,1774279834.4498975,23,0.0,0.0,0.0,0.0,0.0,6.043910980224609,0.0,0.016811544480531113,0.1933327615261078,0.054475630259036005,23,0.029589000501130756,0.015572303449777026,0.061052451008244565,0.0520206183831023,0
1047,1774279834.5499218,25,-0.026235580444335938,-0.6558895111083984,0.0,0.016519336350029334,0.6558895111083984,6.043910980224609,0.1085207100591716,0.07733310461044311,0.5799982845783234,0.18942664652085892,25,-0.026235580444335938,-0.01380825325470844,0.054268845340661835,0.05199744535909409,0
1048,1774279834.6494937,22,0.0,0.0,0.0,0.0,0.0,6.043910980224609,0.0,0.02636355838992379,0.3866655230522156,0.08831682758296405,22,-0.02863009770711263,-0.015069897552305617,0.0667876812544736,0.051997445359094084,0
1049,1774279834.7495966,24,0.01952052116394043,0.0,0.4684925079345703,0.008764167169772463,0.4684925079345703,6.043910980224609,0.07751479289940828,0.08055531730254491,0.7733310461044312,0.19266029770941992,24,0.01952052116394043,0.010277603886647725,0.050877042506870473,0.05160225408320321,0
1050,1774279834.8500338,20,0.0,0.0,0.0,0.0,0.0,6.043910980224609,0.0,0.05799982845783234,0.7733310461044312,0.17399948537349702,20,0.0,0.0,0.0348632848653637,0.05160225408320321,0
1051,1774279834.9494493,18,0.0,0.0,0.0,0.0,0.0,5.992770195007324,0.0,0.0,0.0,0.0,18,0.0,0.0,0.023794801418597883,0.05160225408320321,0
1052,1774279835.0497377,19,0.0,0.0,0.0,0.0,0.0,6.043910980224609,0.0,0.0,0.0,0.0,19,0.0,0.0,0.011372515383888693,0.05160225408320321,0
1053,1774279835.1499238,23,0.0,0.0,0.0,0.0,0.0,6.043910980224609,0.0,0.033623088961062225,0.1933327615261078,0.07327982347547411,23,0.029813159595836292,0.01568802350509588,0.0,0.05160225408320321,0
1054,1774279835.24929,22,0.0851804559881037,0.0,1.2180805206298828,0.07974025380493054,1.2180805206298828,6.043910980224609,0.20153846153846153,0.017575705593282528,0.1933327615261078,0.05557926115933376,22,0.0851804559881037,0.04485006247510993,0.010311080614725748,0.05648600457842202,0
1055,1774279835.3497057,21,0.0,0.0,0.0,0.0,0.0,6.043910980224609,0.0,0.027618965932301114,0.1933327615261078,0.06765237375744962,21,0.0,0.0,0.010043260339018586,0.056486004578422025,0
1056,1774279835.4497342,20,0.0,0.0,0.0,0.0,0.0,6.043910980224609,0.0,0.02899991422891617,0.1933327615261078,0.06903360396656207,20,0.0,0.0,0.02648393993508326,0.056486004578422025,0
1057,1774279835.5501864,22,0.0,0.0,0.0,0.0,0.0,6.043910980224609,0.0,0.02636355838992379,0.1933327615261078,0.06634683365617257,22,0.0,0.0,0.02209517274584089,0.05648600457842203,0
1058,1774279835.6499717,23,0.0,0.0,0.0,0.0,0.0,6.043910980224609,0.0,0.02521731672079667,0.1933327615261078,0.06511083179712221,23,-0.0203692394754161,-0.010723275725094806,0.03411754615166608,0.05648600457842203,0
1059,1774279835.7497666,23,0.0,0.0,0.0,0.0,0.0,5.992770195007324,0.0,0.02521731672079667,0.1933327615261078,0.06511083179712221,23,0.20443309437144885,0.10759244474719586,0.03922693712123926,0.0560145235537881,0
1060,1774279835.849981,23,-0.054996946583623474,-0.6558895111083984,0.0,0.0318066875824131,0.6558895111083984,6.043910980224609,0.1085207100591716,0.02521731672079667,0.1933327615261078,0.06511083179712221,23,-0.028516935265582542,-0.015010733984350304,0.03462676325840736,0.03725502339557661,0
1061,1774279835.949899,19,-0.0739725012528269,-0.7495880126953125,0.0,0.04674245008779641,0.7495880126953125,6.043910980224609,0.12402366863905326,0.061052451008244565,0.3866655230522156,0.14099459609718576,19,-0.0739725012528269,-0.03892556667007962,0.035692202127896824,0.03973159868102331,0
1062,1774279836.0498164,19,-0.03698625062641345,-0.7027387619018555,0.0,0.024623689237197634,0.7027387619018555,6.043910980224609,0.11627218934911243,0.09157867651236684,0.5799982845783234,0.21149189414577863,19,-0.03698625062641345,-0.019468816444973377,0.011897400709298941,0.040023798652618243,0
1063,1774279836.1494966,19,-0.15534225263093648,-1.499176025390625,0.0,0.2051730906169066,1.499176025390625,6.043910980224609,0.24804733727810652,0.12210490201648913,0.7733310461044312,0.2819891921943715,19,-0.09956933501967812,-0.05241260552830469,0.01705877307583304,0.050441808093386414,0
1064,1774279836.2498147,18,0.0,0.0,0.0,0.0,0.0,6.043910980224609,0.0,0.12888850768407187,1.1599965691566467,0.36455175120168665,18,0.11907517910003662,0.06266243143596102,0.03222212692101797,0.04997544280590807,0
1065,1774279836.3493087,20,0.0,0.0,0.0,0.0,0.0,6.043910980224609,0.0,0.24166595190763474,1.9333276152610779,0.6017433675004852,20,0.0,0.0,0.04142844889845167,0.04436917696982647,0
1066,1774279836.4498136,20,-0.11243820190429688,-0.7964372634887695,0.0,0.07185946429899559,0.7964372634887695,6.043910980224609,0.13177514792899409,0.15466620922088622,0.7733310461044312,0.30933241844177245,20,-0.08620262145996094,-0.04537238333263895,0.06262892274789407,0.049321569068103206,0
1067,1774279836.5498197,18,0.0,0.0,0.0,0.0,0.0,6.043910980224609,0.0,0.0,0.0,0.0,18,0.0,0.0,0.05565640104539467,0.04942757124930243,0
1068,1774279836.649926,17,0.0,0.0,0.0,0.0,0.0,6.043910980224609,0.0,0.13647018460666432,1.1599965691566467,0.37373899267982164,17,-0.01952052116394043,-0.010272177898689415,0.04989232555512459,0.04942757124930243,0
1069,1774279836.7494948,18,0.0,0.0,0.0,0.0,0.0,5.992770195007324,0.0,0.06444425384203593,0.5799982845783234,0.18227587560084332,18,0.0,0.0,0.020350817002748187,0.048897494259359325,0
1070,1774279836.850011,15,0.0,0.0,0.0,0.0,0.0,5.992770195007324,0.0,0.0,0.0,0.0,15,0.0,0.0,0.012888850768407185,0.048897494259359325,0
1071,1774279836.9500434,15,0.0,0.0,0.0,0.0,0.0,5.992770195007324,0.0,0.0,0.0,0.0,15,0.0,0.0,0.018124946393072605,0.048897494259359325,0
1072,1774279837.0494103,15,0.0,0.0,0.0,0.0,0.0,6.043910980224609,0.0,0.0,0.0,0.0,15,0.0,0.0,0.02636355838992379,0.048897494259359325,0
1073,1774279837.1498878,15,-0.05309581756591797,-0.7964372634887695,0.0,0.039468321801905404,0.7964372634887695,5.992770195007324,0.13289968371426866,0.0,0.0,0.0,15,-0.13827627355402167,-0.0727540949338474,0.02455019193982321,0.04931876999567444,0
1074,1774279837.2499313,18,0.0,0.0,0.0,0.0,0.0,5.992770195007324,0.0,0.04296283589469062,0.3866655230522156,0.12151725040056222,18,0.0,0.0,0.027618965932301114,0.04336302571043535,1
1075,1774279837.349851,19,0.0,0.0,0.0,0.0,0.0,6.043910980224609,0.0,0.020350817002748187,0.1933327615261078,0.05933231748191226,19,0.0,0.0,0.026769151595922618,0.04336302571043535,1
1076,1774279837.4501877,18,0.0,0.0,0.0,0.0,0.0,5.992770195007324,0.0,0.0,0.0,0.0,18,0.0,0.0,0.02558815961374956,0.04336302571043535,1
1077,1774279837.5493693,18,0.0,0.0,0.0,0.0,0.0,6.043910980224609,0.0,0.0,0.0,0.0,18,0.0,0.0,0.02521731672079667,0.04336302571043535,1
1078,1774279837.6494296,18,0.0,0.0,0.0,0.0,0.0,6.043910980224609,0.0,0.0,0.0,0.0,18,0.0,0.0,0.035692202127896824,0.04336302571043535,1
1079,1774279837.7499516,18,0.0,0.0,0.0,0.0,0.0,6.043910980224609,0.0,0.0,0.0,0.0,18,0.054996946583623474,0.028946210308460486,0.05704901159786787,0.04336302571043535,1
1080,1774279837.8500178,18,-0.05205472310384115,-0.9369850158691406,0.0,0.04606480135609874,0.9369850158691406,6.043910980224609,0.15502958579881657,0.0,0.0,0.0,18,0.021917778148985746,0.011534951303089801,0.09157867651236684,0.04326365336554065,1
1081,1774279837.9496686,20,-0.09604096412658691,-0.9838342666625977,0.0,0.0830696724207769,0.9838342666625977,6.043910980224609,0.1627810650887574,0.0,0.0,0.0,20,-0.05905471350017347,-0.031083844913048456,0.11392823447074209,0.04477420504872496,1
1082,1774279838.0494533,17,0.0,0.0,0.0,0.0,0.0,6.043910980224609,0.0,0.0,0.0,0.0,17,0.15534225263093648,0.08176094348384005,0.16619833885577687,0.045016417337864226,1
1083,1774279838.1498828,16,0.0,0.0,0.0,0.0,0.0,6.043910980224609,0.0,0.0,0.0,0.0,16,0.0,0.0,0.17666614415316745,0.03352379485678048,1
1084,1774279838.2499468,17,-0.05787260392132927,-0.9838342666625977,0.0,0.053587812554160896,0.9838342666625977,6.043910980224609,0.1627810650887574,0.0,0.0,0.0,17,-0.05787260392132927,-0.030449039096507168,0.13666626245811067,0.03452797128634148,1
1085,1774279838.34993,18,-0.10671218236287434,-0.9838342666625977,0.0,0.09116088703662069,0.9838342666625977,6.043910980224609,0.1627810650887574,0.0,0.0,0.0,18,0.005726019541422531,0.0030135098091521885,0.09842395132238214,0.03917738452378573,1
1086,1774279838.4502442,17,-0.11298936956069049,-0.9838342666625977,0.0,0.09581403673232625,0.9838342666625977,5.992770195007324,0.16417019752939072,0.0,0.0,0.0,17,-0.11298936956069049,-0.059454806399165866,0.06566018315981019,0.039239791489837014,1
1087,1774279838.549974,17,-0.055116765639361215,-0.9369850158691406,0.0,0.04860572567270831,0.9369850158691406,6.043910980224609,0.15502958579881657,0.0,0.0,0.0,17,-0.055116765639361215,-0.029008090917527613,0.0695997941493988,0.03939694671783655,1
1088,1774279838.6494615,16,0.0,0.0,0.0,0.0,0.0,6.043910980224609,0.0,0.0,0.0,0.0,16,0.0,0.0,0.024166595190763474,0.03939694671783655,1
1089,1774279838.7499967,16,0.0,0.0,0.0,0.0,0.0,6.043910980224609,0.0,0.0,0.0,0.0,16,0.0,0.0,0.0,0.03939694671783655,1
1090,1774279838.8499515,16,0.0,0.0,0.0,0.0,0.0,5.992770195007324,0.0,0.0,0.0,0.0,16,0.0,0.0,0.0,0.039396946717836556,1
1091,1774279838.9494913,17,-0.055116765639361215,-0.9369850158691406,0.0,0.04860572567270831,0.9369850158691406,5.992770195007324,0.15635256907561018,0.0,0.0,0.0,17,-0.055116765639361215,-0.02900758861399446,0.016111063460508983,0.03936099968163281,1
1092,1774279839.0498483,18,-0.05205472310384115,-0.9369850158691406,0.0,0.04606480135609874,0.9369850158691406,6.043910980224609,0.15502958579881657,0.0,0.0,0.0,18,0.0010410944620768206,0.0005479558402806592,0.022307626329935513,0.039047379183447556,1
1093,1774279839.1495018,17,-0.055116765639361215,-0.9369850158691406,0.0,0.04860572567270831,0.9369850158691406,5.992770195007324,0.15635256907561018,0.0,0.0,0.0,17,-0.055116765639361215,-0.02901538355767762,0.021090846711939032,0.03910427761413057,1
1094,1774279839.2496266,18,-0.10671218236287434,-0.9838342666625977,0.0,0.09116088703662069,0.9838342666625977,6.043910980224609,0.1627810650887574,0.0,0.0,0.0,18,-0.10671218236287434,-0.05617093634806963,0.00703028223731301,0.04155635554250003,1
1095,1774279839.349302,18,-0.10671218236287434,-0.9838342666625977,0.0,0.09116088703662069,0.9838342666625977,5.992770195007324,0.16417019752939072,0.0,0.0,0.0,18,-0.10671218236287434,-0.05619049807064992,0.0,0.04321781339798574,1
1096,1774279839.4495392,18,-0.10671218236287434,-0.9838342666625977,0.0,0.09116088703662069,0.9838342666625977,5.992770195007324,0.16417019752939072,0.0,0.0,0.0,18,-0.10671218236287434,-0.05615928618002674,0.0,0.044177943076928364,1
1097,1774279839.5497434,18,-0.10671218236287434,-0.9838342666625977,0.0,0.09116088703662069,0.9838342666625977,5.992770195007324,0.16417019752939072,0.0,0.0,0.0,18,-0.10671218236287434,-0.05615503045775247,0.0,0.04448218143021194,1
1098,1774279839.6496933,18,-0.10671218236287434,-0.9838342666625977,0.0,0.09116088703662069,0.9838342666625977,5.992770195007324,0.16417019752939072,0.0,0.0,0.0,18,-0.10671218236287434,-0.05617194442401575,0.0,0.04414409162899407,1
1099,1774279839.749776,17,0.0,0.0,0.0,0.0,0.0,5.992770195007324,0.0,0.0,0.0,0.0,17,0.05205472310384115,0.027400711222063775,0.0,0.044144091628994075,0
1100,1774279839.8495595,17,0.0,0.0,0.0,0.0,0.0,5.992770195007324,0.0,0.0,0.0,0.0,17,0.09604096412658691,0.05055077854410746,0.0,0.04596399816889401,0
1101,1774279839.9492974,17,0.0,0.0,0.0,0.0,0.0,6.043910980224609,0.0,0.0,0.0,0.0,17,0.0,0.0,0.0,0.04656678390705668,0
1102,1774279840.0496578,15,0.0,0.0,0.0,0.0,0.0,6.043910980224609,0.0,0.0,0.0,0.0,15,0.0,0.0,0.0,0.04656678390705668,0
1103,1774279840.149614,16,0.0,0.0,0.0,0.0,0.0,5.992770195007324,0.0,0.0,0.0,0.0,16,0.05787260392132927,0.030464600326370255,0.0,0.04656678390705667,0
1104,1774279840.2495582,16,0.0,0.0,0.0,0.0,0.0,5.992770195007324,0.0,0.0,0.0,0.0,16,0.10671218236287434,0.05617530023820586,0.0,0.047856575504951114,0
1105,1774279840.3501241,17,-0.055116765639361215,-0.9369850158691406,0.0,0.04860572567270831,0.9369850158691406,6.043910980224609,0.15502958579881657,0.0,0.0,0.0,17,0.05787260392132927,0.03046119017011451,0.0,0.046005705815817234,0
1106,1774279840.4500709,16,0.0,0.0,0.0,0.0,0.0,5.992770195007324,0.0,0.0,0.0,0.0,16,0.055116765639361215,0.029007344748262307,0.0,0.044334021462275316,0
1107,1774279840.549876,16,0.0,0.0,0.0,0.0,0.0,6.043910980224609,0.0,0.0,0.0,0.0,16,0.0,0.0,0.0,0.045035111604918486,0
1108,1774279840.6501887,17,-0.055116765639361215,-0.9369850158691406,0.0,0.04860572567270831,0.9369850158691406,5.992770195007324,0.15635256907561018,0.0,0.0,0.0,17,-0.055116765639361215,-0.02900589255814414,0.0,0.04433402146227532,0
1109,1774279840.750171,18,-0.09890397389729817,-0.9369850158691406,0.0,0.0784998408991871,0.9369850158691406,5.992770195007324,0.15635256907561018,0.0,0.0,0.0,18,-0.09890397389729817,-0.052048711738968995,0.0,0.04507245679091263,0
1110,1774279840.849692,18,-0.10150671005249023,-0.9369850158691406,0.0,0.08248986560488447,0.9369850158691406,5.992770195007324,0.15635256907561018,0.0,0.0,0.0,18,-0.04638994441312902,-0.024413179566897536,0.0,0.04540525125716613,0
1111,1774279840.9494572,18,-0.10150671005249023,-0.9369850158691406,0.0,0.08248986560488447,0.9369850158691406,5.992770195007324,0.15635256907561018,0.0,0.0,0.0,18,-0.049451986948649086,-0.026032720860495115,0.0,0.046755626729239906,0
1112,1774279841.050194,21,-0.2253225871494838,-0.9838342666625977,0.0,0.1627575054684786,0.9838342666625977,5.992770195007324,0.16417019752939072,0.0,0.0,0.0,21,-0.1702058215101226,-0.0895493859110555,0.0,0.060015903962166654,0
1113,1774279841.1500053,22,-0.2555413679643111,-0.9838342666625977,0.0,0.17453610603071923,0.9838342666625977,5.992770195007324,0.16417019752939072,0.0,0.0,0.0,22,-0.14882918560143676,-0.07831554062493475,0.0,0.07338873208174086,0
1114,1774279841.2502093,21,-0.1293931688581194,-0.9369850158691406,0.0,0.10052523073366558,0.9369850158691406,5.992770195007324,0.15635256907561018,0.0,0.0,0.0,21,-0.022680986495245067,-0.01193166376762027,0.0,0.07409854459725758,0
1115,1774279841.3495224,19,-0.1479450025056538,-0.9838342666625977,0.0,0.11696556383832303,0.9838342666625977,6.043910980224609,0.1627810650887574,0.0,0.0,0.0,19,-0.041232820142779444,-0.02170167654370062,0.0,0.07558155146854204,0
1116,1774279841.4494574,19,-0.1479450025056538,-0.9838342666625977,0.0,0.11696556383832303,0.9838342666625977,5.992770195007324,0.16417019752939072,0.0,0.0,0.0,19,-0.041232820142779444,-0.021704751501088533,0.0,0.07698082102749573,0
1117,1774279841.5498476,19,-0.09616425162867497,-0.9369850158691406,0.0,0.0786620472471267,0.9369850158691406,5.992770195007324,0.15635256907561018,0.0,0.0,0.0,19,0.010547930734199379,0.005551091532144732,0.0,0.07680855968048625,0
1118,1774279841.649985,19,-0.1479450025056538,-0.9838342666625977,0.0,0.11696556383832303,0.9838342666625977,5.992770195007324,0.16417019752939072,0.0,0.0,0.0,19,-0.1479450025056538,-0.07785721877571405,0.0,0.07814540678271406,0
1119,1774279841.7495534,18,-0.049451986948649086,-0.8901357650756836,0.0,0.041573483223879125,0.8901357650756836,5.992770195007324,0.14853494062182968,0.0,0.0,0.0,18,-0.049451986948649086,-0.026027445161877532,0.0,0.07639728447559116,0
1120,1774279841.8500798,19,-0.1479450025056538,-0.9838342666625977,0.0,0.11696556383832303,0.9838342666625977,5.992770195007324,0.16417019752939072,0.0,0.0,0.0,19,-0.1479450025056538,-0.07783374185925242,0.0,0.07539150692686669,0
1121,1774279841.949617,18,-0.049451986948649086,-0.8901357650756836,0.0,0.041573483223879125,0.8901357650756836,6.043910980224609,0.14727810650887574,0.0,0.0,0.0,18,-0.049451986948649086,-0.026027922010181278,0.0,0.07324555566026755,0
1122,1774279842.049654,17,0.0,0.0,0.0,0.0,0.0,5.992770195007324,0.0,0.0,0.0,0.0,17,0.0,0.0,0.0,0.07324555566026755,0
1123,1774279842.149966,17,0.0,0.0,0.0,0.0,0.0,5.992770195007324,0.0,0.0,0.0,0.0,17,0.0,0.0,0.0,0.07324555566026755,0
1124,1774279842.2494867,16,0.0,0.0,0.0,0.0,0.0,6.043910980224609,0.0,0.0,0.0,0.0,16,0.055116765639361215,0.029018559532291117,0.0,0.07324555566026757,0
1125,1774279842.3494039,16,0.0,0.0,0.0,0.0,0.0,6.043910980224609,0.0,0.0,0.0,0.0,16,0.0,0.0,0.0,0.07552500023020528,0
1126,1774279842.4494853,17,0.0,0.0,0.0,0.0,0.0,6.043910980224609,0.0,0.0,0.0,0.0,17,0.0,0.0,0.0,0.07552500023020528,0
1127,1774279842.549804,17,0.0,0.0,0.0,0.0,0.0,6.043910980224609,0.0,0.0,0.0,0.0,17,0.055116765639361215,0.029014698920301778,0.0,0.07552500023020528,0
1128,1774279842.6499958,17,-0.055116765639361215,-0.9369850158691406,0.0,0.04860572567270831,0.9369850158691406,5.992770195007324,0.15635256907561018,0.0,0.0,0.0,17,0.04378720825793696,0.023048023653441208,0.0,0.07552500023020528,0
1129,1774279842.7497497,17,-0.055116765639361215,-0.9369850158691406,0.0,0.04860572567270831,0.9369850158691406,5.992770195007324,0.15635256907561018,0.0,0.0,0.0,17,0.04638994441312902,0.024415020644762774,0.0,0.07580283512536612,0
1130,1774279842.8498247,17,-0.055116765639361215,-0.9369850158691406,0.0,0.04860572567270831,0.9369850158691406,5.992770195007324,0.15635256907561018,0.0,0.0,0.0,17,0.04638994441312902,0.02441103862923341,0.0,0.07598761591390119,0
1131,1774279842.949647,17,-0.055116765639361215,-0.9369850158691406,0.0,0.04860572567270831,0.9369850158691406,5.992770195007324,0.15635256907561018,0.0,0.0,0.0,17,0.1702058215101226,0.08960781248867257,0.0,0.07610128511924376,0
1132,1774279843.049767,16,0.0,0.0,0.0,0.0,0.0,5.992770195007324,0.0,0.0,0.0,0.0,16,0.2555413679643111,0.13451232914452738,0.0,0.07034447048159188,0
1133,1774279843.1495376,16,0.0,0.0,0.0,0.0,0.0,6.043910980224609,0.0,0.0,0.0,0.0,16,0.1293931688581194,0.06812575451200871,0.0,0.05743612669964638,0
1134,1774279843.2499232,17,0.0,0.0,0.0,0.0,0.0,5.992770195007324,0.0,0.0,0.0,0.0,17,0.1479450025056538,0.07784936551875697,0.0,0.05617236077978574,0
1135,1774279843.3497896,16,0.0,0.0,0.0,0.0,0.0,5.992770195007324,0.0,0.0,0.0,0.0,16,0.1479450025056538,0.07785217844361135,0.0,0.0524534549801052,0
1136,1774279843.4498537,16,0.0,0.0,0.0,0.0,0.0,5.992770195007324,0.0,0.0,0.0,0.0,16,0.09616425162867497,0.050612602698558176,0.0,0.04730705173960269,0
1137,1774279843.5494838,17,0.0,0.0,0.0,0.0,0.0,6.043910980224609,0.0,0.0,0.0,0.0,17,0.1479450025056538,0.07788634044357229,0.0,0.04576601879124791,0
1138,1774279843.6498644,17,0.0,0.0,0.0,0.0,0.0,5.992770195007324,0.0,0.0,0.0,0.0,17,0.049451986948649086,0.026023102074211654,0.0,0.037423882212720756,0
1139,1774279843.749685,17,0.0,0.0,0.0,0.0,0.0,6.043910980224609,0.0,0.0,0.0,0.0,17,0.1479450025056538,0.07788197080465843,0.0,0.03725193679499129,0
1140,1774279843.8500388,17,0.0,0.0,0.0,0.0,0.0,6.043910980224609,0.0,0.0,0.0,0.0,17,0.049451986948649086,0.02602158396821189,0.0,0.023403114928394444,0
1141,1774279843.9500055,16,0.0,0.0,0.0,0.0,0.0,5.992770195007324,0.0,0.0,0.0,0.0,16,0.0,0.0,0.0,0.022046706255744487,0
1142,1774279844.049474,16,0.0,0.0,0.0,0.0,0.0,6.043910980224609,0.0,0.0,0.0,0.0,16,0.0,0.0,0.0,0.022046706255744487,0
1143,1774279844.149583,16,0.0,0.0,0.0,0.0,0.0,5.992770195007324,0.0,0.0,0.0,0.0,16,0.0,0.0,0.0,0.022046706255744487,0
1144,1774279844.2497497,16,0.0,0.0,0.0,0.0,0.0,5.992770195007324,0.0,0.0,0.0,0.0,16,0.0,0.0,0.0,0.022046706255744487,0
1145,1774279844.3500197,17,0.0,0.0,0.0,0.0,0.0,6.043910980224609,0.0,0.0,0.0,0.0,17,0.0,0.0,0.0,0.022046706255744487,0
1146,1774279844.4498003,15,0.0,0.0,0.0,0.0,0.0,5.992770195007324,0.0,0.0,0.0,0.0,15,0.0,0.0,0.0,0.022046706255744487,0
1147,1774279844.5498428,16,0.0,0.0,0.0,0.0,0.0,5.992770195007324,0.0,0.0,0.0,0.0,16,0.055116765639361215,0.029011159714687276,0.0,0.022046706255744487,0
1148,1774279844.649911,17,0.0,0.0,0.0,0.0,0.0,6.043910980224609,0.0,0.0,0.0,0.0,17,0.055116765639361215,0.029006362047314205,0.0,0.019680621851313397,0
1149,1774279844.74997,17,0.0,0.0,0.0,0.0,0.0,6.043910980224609,0.0,0.0,0.0,0.0,17,0.055116765639361215,0.02900660589652337,0.0,0.016535029691808364,0
1150,1774279844.849781,17,0.0,0.0,0.0,0.0,0.0,6.043910980224609,0.0,0.0,0.0,0.0,17,0.055116765639361215,0.029006776957370667,0.0,0.012012420575839525,0
1151,1774279844.9495862,18,0.0,0.0,0.0,0.0,0.0,5.992770195007324,0.0,0.0,0.0,0.0,18,0.0,0.0,0.0,0.0,0
1152,1774279845.0496097,16,0.0,0.0,0.0,0.0,0.0,5.992770195007324,0.0,0.0,0.0,0.0,16,0.0,0.0,0.0,0.0,0
1153,1774279845.1493983,16,0.0,0.0,0.0,0.0,0.0,5.992770195007324,0.0,0.0,0.0,0.0,16,0.0,0.0,0.0,0.0,0
1154,1774279845.2497623,17,0.0,0.0,0.0,0.0,0.0,5.992770195007324,0.0,0.0,0.0,0.0,17,0.0,0.0,0.0,0.0,0
1155,1774279845.349893,19,0.0,0.0,0.0,0.0,0.0,6.043910980224609,0.0,0.0,0.0,0.0,19,0.0,0.0,0.0,0.0,0
1156,1774279845.449856,18,0.0,0.0,0.0,0.0,0.0,5.992770195007324,0.0,0.0,0.0,0.0,18,0.0,0.0,0.0,0.0,0
1157,1774279845.54989,18,0.0,0.0,0.0,0.0,0.0,6.043910980224609,0.0,0.0,0.0,0.0,18,0.0,0.0,0.0,0.0,0
1158,1774279845.6496155,16,0.0,0.0,0.0,0.0,0.0,5.992770195007324,0.0,0.0,0.0,0.0,16,0.0,0.0,0.0,0.0,0
1159,1774279845.7498152,16,0.0,0.0,0.0,0.0,0.0,6.043910980224609,0.0,0.0,0.0,0.0,16,0.0,0.0,0.0,0.0,0
1160,1774279845.8494427,16,0.0,0.0,0.0,0.0,0.0,6.043910980224609,0.0,0.0,0.0,0.0,16,0.0,0.0,0.0,0.0,0
1161,1774279845.949312,16,0.0,0.0,0.0,0.0,0.0,5.992770195007324,0.0,0.0,0.0,0.0,16,0.0,0.0,0.0,0.0,0
1162,1774279846.04939,16,0.0,0.0,0.0,0.0,0.0,5.992770195007324,0.0,0.0,0.0,0.0,16,0.0,0.0,0.0,0.0,0
1163,1774279846.1493638,17,0.0,0.0,0.0,0.0,0.0,5.992770195007324,0.0,0.0,0.0,0.0,17,0.0,0.0,0.0,0.0,0
1164,1774279846.249656,17,0.0,0.0,0.0,0.0,0.0,5.992770195007324,0.0,0.0,0.0,0.0,17,0.0,0.0,0.0,0.0,0
1165,1774279846.3497968,17,-0.055116765639361215,-0.9369850158691406,0.0,0.04860572567270831,0.9369850158691406,5.992770195007324,0.15635256907561018,0.0,0.0,0.0,17,-0.055116765639361215,-0.029008877166678017,0.0,0.012012420575839526,0
1166,1774279846.4495869,17,-0.055116765639361215,-0.9369850158691406,0.0,0.04860572567270831,0.9369850158691406,6.043910980224609,0.15502958579881657,0.0,0.0,0.0,17,-0.055116765639361215,-0.0290127325883592,0.0,0.016535029691808364,0
1167,1774279846.549783,17,-0.055116765639361215,-0.9369850158691406,0.0,0.04860572567270831,0.9369850158691406,5.992770195007324,0.15635256907561018,0.0,0.0,0.0,17,-0.055116765639361215,-0.029010777444765715,0.0,0.019680621851313394,0
1168,1774279846.6498845,17,-0.055116765639361215,-0.9369850158691406,0.0,0.04860572567270831,0.9369850158691406,5.992770195007324,0.15635256907561018,0.0,0.0,0.0,17,-0.055116765639361215,-0.02901012942924608,0.0,0.022046706255744487,0
1169,1774279846.7500238,17,-0.055116765639361215,-0.9369850158691406,0.0,0.04860572567270831,0.9369850158691406,5.992770195007324,0.15635256907561018,0.0,0.0,0.0,17,-0.055116765639361215,-0.029005117388359748,0.0,0.023866259609060036,0
1170,1774279846.8496354,17,0.0,0.0,0.0,0.0,0.0,6.043910980224609,0.0,0.0,0.0,0.0,17,0.0,0.0,0.0,0.023866259609060036,0
1171,1774279846.9500115,17,-0.055116765639361215,-0.9369850158691406,0.0,0.04860572567270831,0.9369850158691406,5.992770195007324,0.15635256907561018,0.0,0.0,0.0,17,-0.055116765639361215,-0.029002690246744338,0.0,0.025257675060351387,0
1172,1774279847.0494416,16,0.0,0.0,0.0,0.0,0.0,6.043910980224609,0.0,0.0,0.0,0.0,16,0.0,0.0,0.0,0.025257675060351387,0
1173,1774279847.1500561,17,0.0,0.0,0.0,0.0,0.0,6.043910980224609,0.0,0.0,0.0,0.0,17,0.0,0.0,0.0,0.025257675060351387,0
1174,1774279847.2499874,18,-0.05205472310384115,-0.9369850158691406,0.0,0.04606480135609874,0.9369850158691406,5.992770195007324,0.15635256907561018,0.0,0.0,0.0,18,-0.05205472310384115,-0.027395863408658575,0.0,0.026088081275163637,0
1175,1774279847.3493273,16,0.0,0.0,0.0,0.0,0.0,5.992770195007324,0.0,0.0,0.0,0.0,16,0.0,0.0,0.0,0.026088081275163637,0
1176,1774279847.4496028,16,0.0,0.0,0.0,0.0,0.0,6.043910980224609,0.0,0.0,0.0,0.0,16,0.0,0.0,0.0,0.026088081275163637,0
1177,1774279847.5494075,16,0.0,0.0,0.0,0.0,0.0,6.043910980224609,0.0,0.0,0.0,0.0,16,0.0,0.0,0.0,0.026088081275163637,0
1178,1774279847.6494794,16,0.0,0.0,0.0,0.0,0.0,5.992770195007324,0.0,0.0,0.0,0.0,16,0.0,0.0,0.0,0.026088081275163637,0
1179,1774279847.7498894,16,0.0,0.0,0.0,0.0,0.0,5.992770195007324,0.0,0.0,0.0,0.0,16,0.0,0.0,0.0,0.026088081275163637,0
1180,1774279847.8493056,17,-0.05787260392132927,-0.9838342666625977,0.0,0.053587812554160896,0.9838342666625977,5.992770195007324,0.16417019752939072,0.0,0.0,0.0,17,-0.05787260392132927,-0.03045936689085789,0.0,0.026998547532403463,0
1181,1774279847.9495084,17,0.0,0.0,0.0,0.0,0.0,5.992770195007324,0.0,0.0,0.0,0.0,17,0.0,0.0,0.0,0.026998547532403463,0
1182,1774279848.0495694,17,0.0,0.0,0.0,0.0,0.0,6.043910980224609,0.0,0.0,0.0,0.0,17,0.0,0.0,0.0,0.026998547532403463,0
1183,1774279848.1497188,17,0.0,0.0,0.0,0.0,0.0,5.992770195007324,0.0,0.0,0.0,0.0,17,0.0,0.0,0.0,0.026998547532403463,0
1184,1774279848.2497234,19,-0.04931500083521793,-0.9369850158691406,0.0,0.04377544753279581,0.9369850158691406,6.043910980224609,0.15502958579881657,0.0,0.0,0.0,19,0.005801764804143288,0.003053678291285641,0.0,0.027125491323354792,0
1185,1774279848.3496435,19,-0.04931500083521793,-0.9369850158691406,0.0,0.04377544753279581,0.9369850158691406,6.043910980224609,0.15502958579881657,0.0,0.0,0.0,19,0.005801764804143288,0.0030534694610680215,0.0,0.026825852623610022,0
1186,1774279848.4498227,18,0.0,0.0,0.0,0.0,0.0,6.043910980224609,0.0,0.0,0.0,0.0,18,0.055116765639361215,0.02900821831611677,0.0,0.026335533125876002,0
1187,1774279848.5498252,18,-0.05205472310384115,-0.9369850158691406,0.0,0.04606480135609874,0.9369850158691406,6.043910980224609,0.15502958579881657,0.0,0.0,0.0,18,0.0030620425355200667,0.0016116516102605454,0.0,0.02614760288402201,0
1188,1774279848.6494474,18,0.0,0.0,0.0,0.0,0.0,6.043910980224609,0.0,0.0,0.0,0.0,18,0.055116765639361215,0.02901762706398025,0.0,0.025329783535281588,0
1189,1774279848.7495372,16,0.0,0.0,0.0,0.0,0.0,6.043910980224609,0.0,0.0,0.0,0.0,16,0.0,0.0,0.0,0.02417249350057223,0
1190,1774279848.8498309,18,0.0,0.0,0.0,0.0,0.0,6.043910980224609,0.0,0.0,0.0,0.0,18,0.055116765639361215,0.02901158204364671,0.0,0.02417249350057223,0
1191,1774279848.949897,18,0.0,0.0,0.0,0.0,0.0,6.043910980224609,0.0,0.0,0.0,0.0,18,0.0,0.0,0.0,0.022623696887411438,0
1192,1774279849.049932,18,0.0,0.0,0.0,0.0,0.0,6.043910980224609,0.0,0.0,0.0,0.0,18,0.0,0.0,0.0,0.022623696887411438,0
1193,1774279849.149361,20,-0.04919171333312988,-0.9838342666625977,0.0,0.04597666855232774,0.9838342666625977,6.043910980224609,0.1627810650887574,0.009666638076305389,0.1933327615261078,0.042135898498397606,20,0.0028630097707112653,0.001507344249811191,0.0,0.023720741251442867,0
1194,1774279849.2492979,20,-0.1405477523803711,-0.9838342666625977,0.0,0.11215695252531077,0.9838342666625977,6.043910980224609,0.1627810650887574,0.04833319038152695,0.5799982845783234,0.13498725451376528,20,-0.1405477523803711,-0.07397364856606568,0.0,0.03547136143059787,0
1195,1774279849.3495407,21,-0.08923666817801339,-0.9838342666625977,0.0,0.07585927155374446,0.9838342666625977,6.043910980224609,0.1627810650887574,0.027618965932301114,0.1933327615261078,0.06765237375744962,21,-0.08923666817801339,-0.046968203368878636,0.0,0.03819365493575743,0
1196,1774279849.4496777,20,-0.08667111396789551,-0.8901357650756836,0.0,0.06766180927542109,0.8901357650756836,6.043910980224609,0.14727810650887574,0.0,0.0,0.0,20,-0.08667111396789551,-0.04560988899931257,0.0,0.04005364316372681,0
1197,1774279849.5498655,22,-0.16610188917680221,-0.9838342666625977,0.0,0.12465309921462303,0.9838342666625977,5.992770195007324,0.16417019752939072,0.017575705593282528,0.3866655230522156,0.0805420012734759,22,-0.16610188917680221,-0.08740428569211062,0.0,0.049375391557164056,0
1198,1774279849.6498148,23,-0.12017851290495499,-1.0306835174560547,0.0,0.09711287888781121,1.0306835174560547,6.043910980224609,0.17053254437869822,0.05043463344159334,0.3866655230522156,0.11707885953199446,23,-0.12017851290495499,-0.06325433011994862,0.0,0.0517602279891386,0
1199,1774279849.7499259,16,-0.055633485317230225,-0.8901357650756836,0.0,0.046426270328137065,0.8901357650756836,6.043910980224609,0.14727810650887574,0.0,0.0,0.0,16,0.002239118604099047,0.0011780989058586607,0.0,0.05086038568542264,0
