frame_idx,t,numPts,centroid_z,centroid_z_min,centroid_z_max,z_variance,bbox_height,bbox_width,aspect_ratio,doppler_mean,doppler_max,doppler_std,point_count,delta_z,delta_z_rate,doppler_post,window_z_std,label
0,1774281001.9446921,27,-0.10757976108127171,-4.919171333312988,1.546025276184082,1.1765733066893538,6.46519660949707,5.992770195007324,1.0788327266217104,0.035802363245575515,0.3866655230522156,0.10572311169182522,27,nan,nan,nan,nan,0
1,1774281002.2425268,23,0.03055385921312415,-0.9369850158691406,1.546025276184082,0.2524287597852873,2.4830102920532227,5.992770195007324,0.41433430805036703,0.016811544480531113,0.3866655230522156,0.0788531331784557,23,0.13813362029439585,0.4637930051218537,0.02706658661365509,0.06906681014719793,0
2,1774281002.2472928,25,0.12742996215820312,-0.9369850158691406,1.546025276184082,0.22624888683822064,2.4830102920532227,5.992770195007324,0.41433430805036703,0.04639986276626587,0.5799982845783234,0.12565142236099403,25,0.23500972323947483,0.7766333114210003,0.033511011997858685,0.09643388431375978,0
3,1774281002.252246,26,0.04865114505474384,-0.9369850158691406,1.405477523803711,0.1386945350520415,2.3424625396728516,5.992770195007324,0.3908814226890255,0.022307626329935513,0.1933327615261078,0.061767020399100626,26,0.15623090613601553,0.507979164331928,0.033511011997858685,0.08464527312765703,0
4,1774281002.3447213,24,0.08784234523773193,-0.4684925079345703,1.405477523803711,0.20052033433692884,1.8739700317382812,5.992770195007324,0.31270513815122036,0.040277658651272454,0.3866655230522156,0.09633014885470996,24,0.19542210631900364,0.48851962531810006,0.033511011997858685,0.07980277089426485,0
5,1774281002.445072,26,0.09369850158691406,-0.4684925079345703,1.405477523803711,0.17913371463097205,1.8739700317382812,5.992770195007324,0.31270513815122036,0.05948700354649471,0.3866655230522156,0.1395093894695755,26,0.20127826266818577,0.40225097485507877,0.033511011997858685,0.07581292972275301,0
6,1774281002.5446076,26,0.12973638681265023,-0.4684925079345703,1.405477523803711,0.15757481038335272,1.8739700317382812,5.992770195007324,0.31270513815122036,0.0966663807630539,0.7733310461044312,0.2093961536931834,26,0.23731614789392194,0.39558262143814804,0.033511011997858685,0.07595698501047367,0
7,1774281002.6444972,25,0.2492380142211914,-0.5153417587280273,1.6865730285644531,0.33111015031863644,2.2019147872924805,5.992770195007324,0.36742853732768394,0.16239951968193053,0.9666638076305389,0.3220252990854602,25,0.3568177753024631,0.5098817019728578,0.033511011997858685,0.09498679464020991,0
8,1774281002.7444835,24,0.10736286640167236,-0.5153417587280273,1.2649297714233398,0.11495157870022865,1.7802715301513672,6.043910980224609,0.2945562130177515,0.04833319038152695,0.3866655230522156,0.12787760181985938,24,0.21494262748294407,0.26874838197413864,0.033511011997858685,0.08989610208884745,0
9,1774281002.8445702,24,0.09760260581970215,0.0,0.7495880126953125,0.05028345650970323,0.7495880126953125,6.043910980224609,0.12402366863905326,0.040277658651272454,0.3866655230522156,0.09633014885470996,24,0.20518236690097386,0.22801130951991946,0.033511011997858685,0.08536386483771213,0
10,1774281002.944451,22,0.06388534199107777,0.0,0.7495880126953125,0.041012901240434024,0.7495880126953125,6.043910980224609,0.12402366863905326,0.035151411186565056,0.3866655230522156,0.11115852231866752,22,0.17146510307234947,0.17150644318838862,0.033511011997858685,0.08164942675060202,0
11,1774281003.0442045,21,0.04684925079345703,-0.4216432571411133,0.7495880126953125,0.053512589407286475,1.1712312698364258,6.043910980224609,0.1937869822485207,0.027618965932301114,0.1933327615261078,0.06765237375744962,21,0.15442901187472874,0.1404522772941155,0.033511011997858685,0.07885937100792591,0
12,1774281003.1444201,19,-0.15287650258917557,-1.452326774597168,0.0,0.12518562009725911,1.452326774597168,6.043910980224609,0.2402958579881657,0.061052451008244565,0.5799982845783234,0.1409945960971858,19,-0.04529674150790386,-0.037755842200587114,0.033511011997858685,0.09814981211199826,0
13,1774281003.2442002,18,0.0,0.0,0.0,0.0,0.0,6.043910980224609,0.0,0.03222212692101797,0.1933327615261078,0.07205086617502215,18,0.10757976108127171,0.08278498726770565,0.033511011997858685,0.09597251186174371,0
14,1774281003.3446004,19,-0.07890400133634869,-1.499176025390625,0.0,0.1120651456839573,1.499176025390625,6.043910980224609,0.24804733727810652,0.061052451008244565,0.3866655230522156,0.1262734987166934,19,0.02867575974492302,0.020484027174203875,0.033511011997858685,0.09887148553259777,0
15,1774281003.4450793,20,-0.037479400634765625,-1.499176025390625,0.7495880126953125,0.13906584172218572,2.2487640380859375,6.043910980224609,0.37207100591715975,0.038666552305221556,0.3866655230522156,0.0985807523638404,20,0.07010036044650608,0.04672151350725277,0.033511011997858685,0.09802324511872619,0
16,1774281003.5444212,21,-0.062465667724609375,-1.405477523803711,0.5621910095214844,0.1156652323126244,1.9676685333251953,6.043910980224609,0.3255621301775148,0.027618965932301114,0.1933327615261078,0.0676523737574496,21,0.04511409335666233,0.028201083829087856,0.033511011997858685,0.09834820528485526,0
17,1774281003.6444557,20,-0.0773012638092041,-1.546025276184082,0.0,0.11353422234350319,1.546025276184082,6.043910980224609,0.2557988165680473,0.02899991422891617,0.1933327615261078,0.06903360396656207,20,0.030278497272067606,0.01781335851882503,0.033511011997858685,0.09915046177907633,0
18,1774281003.7443683,18,-0.08068482081095378,-1.452326774597168,0.0,0.1106706852580272,1.452326774597168,6.043910980224609,0.2402958579881657,0.12888850768407187,0.5799982845783234,0.2411283184231887,18,0.026894940270317927,0.0149443219679796,0.033511011997858685,0.0997018625183578,0
19,1774281003.8448,21,0.0,0.0,0.0,0.0,0.0,6.043910980224609,0.0,0.036825287909734813,0.1933327615261078,0.07591727587280882,21,0.10757976108127171,0.05661771276988044,0.033511011997858685,0.09733683962143502,0
20,1774281003.9446075,20,-0.0773012638092041,-0.5621910095214844,0.0,0.03408056908682511,0.5621910095214844,6.043910980224609,0.09301775147928994,0.009666638076305389,0.1933327615261078,0.042135898498397606,20,-0.10785512302232825,-0.06336663199064797,0.028738653740367374,0.09549221138563621,0
21,1774281004.0443225,19,-0.1306847522133275,-1.405477523803711,0.0,0.11796267125434783,1.405477523803711,6.043910980224609,0.23254437869822486,0.040701634005496375,0.1933327615261078,0.07881837533335848,19,-0.25811471437153066,-0.14363408102666206,0.03608878215154012,0.101374950137043,0
22,1774281004.144424,18,0.0,0.0,0.0,0.0,0.0,5.992770195007324,0.0,0.08592567178938124,0.3866655230522156,0.1607522122821258,18,-0.04865114505474384,-0.025711716100395056,0.040701634005496375,0.0982359266715594,0
23,1774281004.2442532,16,0.0,0.0,0.0,0.0,0.0,5.992770195007324,0.0,0.1933327615261078,0.7733310461044312,0.3348621657308162,16,-0.08784234523773193,-0.04624420782471765,0.06614015525893162,0.09788408126977509,0
24,1774281004.344694,18,0.05986293156941732,0.0,0.5621910095214844,0.02872953272811982,0.5621910095214844,6.043910980224609,0.09301775147928994,0.11814779871039921,0.5799982845783234,0.22452963364635595,18,-0.03383557001749674,-0.01781173868675337,0.10545423355969516,0.09694160608062095,0
25,1774281004.4444675,21,0.0,0.0,0.0,0.0,0.0,5.992770195007324,0.0,0.07365057581946963,0.3866655230522156,0.15183455174561764,21,-0.12973638681265023,-0.0682873439534279,0.10311080614725748,0.09490670175321712,0
26,1774281004.5444334,19,0.02712325045936986,0.0,0.5153417587280273,0.013242072878670729,0.5153417587280273,5.992770195007324,0.08599391299158561,0.050877042506870473,0.3866655230522156,0.1057459470728893,19,-0.22211476376182154,-0.11690643288796876,0.08474860779226642,0.09058326524807239,0
27,1774281004.644567,19,0.06164375104402241,0.0,0.6090402603149414,0.03235735163465823,0.6090402603149414,5.992770195007324,0.10162916989914662,0.050877042506870473,0.3866655230522156,0.12294992872220822,19,-0.045719115357649956,-0.024061634317747882,0.04142844889845167,0.07182223188104513,0
28,1774281004.74433,19,-0.03698625062641345,-0.7027387619018555,0.0,0.024623689237197637,0.7027387619018555,5.992770195007324,0.11726442680670765,0.061052451008244565,0.3866655230522156,0.14099459609718576,19,-0.1345888564461156,-0.07084519769876502,0.03462676325840736,0.06655801316927822,0
29,1774281004.844471,21,0.0,0.0,0.0,0.0,0.0,5.992770195007324,0.0,0.07365057581946963,0.3866655230522156,0.15183455174561764,21,-0.06388534199107777,-0.033623512324987906,0.04053751451353873,0.06120056614525531,0
30,1774281004.94474,21,-0.033463750566755025,-0.7027387619018555,0.0,0.022396452039879947,0.7027387619018555,5.992770195007324,0.11726442680670765,0.036825287909734813,0.1933327615261078,0.07591727587280882,21,-0.08031300136021205,-0.04225808875015842,0.039999881695056784,0.057813336746589124,0
31,1774281005.0443318,22,-0.01916560259732333,-0.7027387619018555,1.546025276184082,0.16713981656553265,2.2487640380859375,6.043910980224609,0.37207100591715975,0.02636355838992379,0.1933327615261078,0.06634683365617257,22,0.13371089999185223,0.07037743073454104,0.05178556112306459,0.05523664791265092,0
32,1774281005.1444836,22,-0.03194267099553889,-0.7027387619018555,0.0,0.02142701883691407,0.7027387619018555,6.043910980224609,0.11627218934911243,0.02636355838992379,0.1933327615261078,0.06634683365617257,22,-0.03194267099553889,-0.016809425404965436,0.04409343683928774,0.04778255301360748,0
33,1774281005.2443535,22,0.0,0.0,0.0,0.0,0.0,6.043910980224609,0.0,0.05272711677984758,0.3866655230522156,0.13269366731234514,22,0.07890400133634869,0.041533819103757516,0.04188876499732335,0.04778255301360748,0
34,1774281005.3450854,22,-0.03194267099553889,-0.7027387619018555,0.0,0.02142701883691407,0.7027387619018555,6.043910980224609,0.11627218934911243,0.05272711677984758,0.3866655230522156,0.13269366731234514,22,0.005536729639226738,0.0029140589432503183,0.031693895332148815,0.046248833776087246,0
35,1774281005.444392,22,-0.08943947878750888,-0.7027387619018555,0.0,0.050862527677212284,0.7027387619018555,6.043910980224609,0.11627218934911243,0.02636355838992379,0.1933327615261078,0.06634683365617257,22,-0.026973811062899505,-0.014196961074602152,0.0589828763977956,0.048369719788940654,0
36,1774281005.5442011,19,-0.07643825129458778,-0.7495880126953125,0.0,0.049721612489333905,0.7495880126953125,6.043910980224609,0.12402366863905326,0.020350817002748187,0.1933327615261078,0.05933231748191226,19,0.0008630125146163181,0.0004542779708243588,0.062259702864339794,0.04898635852797416,0
37,1774281005.6447885,18,0.0,0.0,0.0,0.0,0.0,6.043910980224609,0.0,0.02148141794734531,0.3866655230522156,0.08857015518494361,18,0.08068482081095378,0.042456305864385716,0.055706049931251396,0.04788941779339924,0
38,1774281005.7442331,17,0.0,0.0,0.0,0.0,0.0,6.043910980224609,0.0,0.0,0.0,0.0,17,0.0,0.0,0.02899991422891617,0.046227266333278755,0
39,1774281005.8447273,18,0.0,0.0,0.0,0.0,0.0,6.043910980224609,0.0,0.0,0.0,0.0,18,0.0773012638092041,0.04068231095853284,0.04409343683928774,0.046227266333278755,0
40,1774281005.9443395,19,0.0,0.0,0.0,0.0,0.0,6.043910980224609,0.0,0.0,0.0,0.0,19,0.1306847522133275,0.06878083229014031,0.10213806269303807,0.04438051990885611,0
41,1774281006.0445373,21,0.0,0.0,0.0,0.0,0.0,6.043910980224609,0.0,0.0,0.0,0.0,21,0.0,0.0,0.13012782025795716,0.03563667873402181,0
42,1774281006.1449459,21,0.0,0.0,0.0,0.0,0.0,6.043910980224609,0.0,0.0,0.0,0.0,21,0.0,0.0,0.12302993915297768,0.03563667873402181,0
43,1774281006.2444017,22,-0.10008703578602184,-0.7495880126953125,0.0,0.06351013731449344,0.7495880126953125,5.860805511474609,0.1278984622894801,0.0,0.0,0.0,22,-0.15994996735543915,-0.0841971422366485,0.07999976339011357,0.04074740965180226,0
44,1774281006.3447366,21,0.0,0.0,0.0,0.0,0.0,6.043910980224609,0.0,0.027618965932301114,0.1933327615261078,0.0676523737574496,21,0.0,0.0,0.0589828763977956,0.03729810745453248,0
45,1774281006.4446166,20,0.0,0.0,0.0,0.0,0.0,6.043910980224609,0.0,0.019333276152610778,0.1933327615261078,0.05799982845783234,20,-0.02712325045936986,-0.014274018656429648,0.054268845340661835,0.03729810745453248,0
46,1774281006.5446296,19,0.0,0.0,0.0,0.0,0.0,6.043910980224609,0.0,0.030526225504122283,0.1933327615261078,0.07049729804859288,19,-0.06164375104402241,-0.03244301125034474,0.062259702864339794,0.036161830531896734,0
47,1774281006.6447346,23,-0.02648001131804093,-0.6090402603149414,0.0,0.01542620198687867,0.6090402603149414,6.043910980224609,0.10076923076923076,0.0,0.0,0.0,23,0.010506239308372516,0.005528422106238534,0.05704901159786787,0.031235594349957662,0
48,1774281006.7444208,20,0.0,0.0,0.0,0.0,0.0,5.992770195007324,0.0,0.019333276152610778,0.1933327615261078,0.05799982845783234,20,0.0,0.0,0.04531236598268151,0.03140561354541448,0
49,1774281006.844881,21,0.006692750113351005,-0.6090402603149414,0.7495880126953125,0.044374836975015465,1.358628273010254,6.043910980224609,0.22479289940828404,0.04603160988716852,0.3866655230522156,0.11789844678263292,21,0.04015650068010603,0.02113343202652065,0.029743501773247354,0.031656366545800105,0
50,1774281006.944612,23,-0.08555080579674762,-0.7027387619018555,0.0,0.048983792538216664,0.7027387619018555,5.992770195007324,0.11726442680670765,0.033623088961062225,0.1933327615261078,0.07327982347547411,23,-0.06638520319942429,-0.03493442803852704,0.035151411186565056,0.034648727728594626,0
51,1774281007.044402,20,-0.22487640380859375,-1.546025276184082,0.0,0.2867794015060099,1.546025276184082,5.992770195007324,0.2579817389747568,0.0966663807630539,0.7733310461044312,0.23280347330957232,20,-0.19293373281305487,-0.10154843553326519,0.043939263983206314,0.056013555807946765,0
52,1774281007.1451888,23,0.0,0.0,0.0,0.0,0.0,6.043910980224609,0.0,0.15970967256504556,1.3533293306827545,0.3634949834678046,23,0.0,0.0,0.043939263983206314,0.056474525367805284,0
53,1774281007.2444406,23,0.0,0.0,0.0,0.0,0.0,6.043910980224609,0.0,0.16811544480531113,0.9666638076305389,0.3663991173773705,23,0.03194267099553889,0.016817639716757055,0.03375651391725692,0.05647452536780528,0
54,1774281007.345226,23,-0.032590783160665764,-0.7495880126953125,0.0,0.023367501234561775,0.7495880126953125,6.043910980224609,0.12402366863905326,0.29420202840929444,1.9333276152610779,0.664534644296382,23,0.05684869562684312,0.029907237101125216,0.022937785265809398,0.05647500990688289,0
55,1774281007.444528,23,-0.09573542553445567,-0.7964372634887695,0.0,0.06154714369912805,0.7964372634887695,6.043910980224609,0.13177514792899409,0.3278251173703567,2.1266603767871857,0.638506797247777,23,-0.01929717423986789,-0.010154659999326878,0.014320945298230206,0.056813965718281914,0
56,1774281007.5445485,22,-0.11499361558393999,-0.9838342666625977,0.0,0.0855448218708036,0.9838342666625977,6.043910980224609,0.1627810650887574,0.2636355838992379,1.1599965691566467,0.43444357051194205,22,-0.11499361558393999,-0.06053060129083347,0.007295575906645577,0.05891282271379128,0
57,1774281007.6449199,22,-0.14693628657947888,-0.8901357650756836,0.0,0.09802917803123203,0.8901357650756836,6.043910980224609,0.14727810650887574,0.17575705593282526,0.7733310461044312,0.3240799981711191,22,-0.14693628657947888,-0.07730694565260998,0.0,0.06325631613058845,1
58,1774281007.7444568,21,-0.09146758488246373,-0.9838342666625977,0.0,0.07953228968828475,0.9838342666625977,6.043910980224609,0.1627810650887574,0.11968218570663816,0.9666638076305389,0.2951771375869748,21,-0.09146758488246373,-0.04814768910545,0.0,0.06343098272363831,1
59,1774281007.84483,19,0.0,0.0,0.0,0.0,0.0,6.043910980224609,0.0,0.13228031051786324,0.9666638076305389,0.31395711353253974,19,0.0,0.0,0.0,0.06343098272363831,1
60,1774281007.9443972,21,0.0,0.0,0.0,0.0,0.0,6.043910980224609,0.0,0.09206321977433704,0.5799982845783234,0.1944256631750854,21,0.0,0.0,0.0,0.06343098272363831,1
61,1774281008.044626,19,0.0,0.0,0.0,0.0,0.0,6.043910980224609,0.0,0.010175408501374094,0.1933327615261078,0.04317060211598919,19,0.0,0.0,0.009062473196536303,0.06343098272363831,1
62,1774281008.1446037,19,0.0,0.0,0.0,0.0,0.0,5.992770195007324,0.0,0.0,0.0,0.0,19,0.10008703578602184,0.05267178641791645,0.015343869962389506,0.06343098272363831,1
63,1774281008.2444742,21,0.0,0.0,0.0,0.0,0.0,5.992770195007324,0.0,0.0,0.0,0.0,21,0.0,0.0,0.02577770153681437,0.06288071875506922,1
64,1774281008.3442552,19,-0.04191775070993524,-0.7964372634887695,0.0,0.03162776084244497,0.7964372634887695,5.992770195007324,0.13289968371426866,0.0,0.0,0.0,19,-0.04191775070993524,-0.022066170662571306,0.015591351735976434,0.06218740893086668,1
65,1774281008.4444036,20,0.0,0.0,0.0,0.0,0.0,5.992770195007324,0.0,0.0,0.0,0.0,20,0.0,0.0,0.015591351735976434,0.06218740893086668,1
66,1774281008.544936,21,0.0,0.0,0.0,0.0,0.0,5.992770195007324,0.0,0.0,0.0,0.0,21,0.02648001131804093,0.013935371494746733,0.02114577079191804,0.06218740893086668,1
67,1774281008.645123,20,0.0,0.0,0.0,0.0,0.0,5.992770195007324,0.0,0.0,0.0,0.0,20,0.0,0.0,0.033229068387299776,0.06279738747616323,1
68,1774281008.744153,18,0.0,0.0,0.0,0.0,0.0,6.043910980224609,0.0,0.0,0.0,0.0,18,-0.006692750113351005,-0.0035238503155899372,0.05739566357806325,0.06279738747616323,1
69,1774281008.8446817,16,0.0,0.0,0.0,0.0,0.0,6.043910980224609,0.0,0.0,0.0,0.0,16,0.08555080579674762,0.0450250878611152,0.0966663807630539,0.06255775847507468,1
70,1774281008.9444735,17,0.0,0.0,0.0,0.0,0.0,5.992770195007324,0.0,0.0,0.0,0.0,17,0.22487640380859375,0.11835154071571563,0.1435349290118073,0.06233782963777357,1
71,1774281009.0443246,17,0.0,0.0,0.0,0.0,0.0,6.043910980224609,0.0,0.0,0.0,0.0,17,0.0,0.0,0.20734238192655038,0.04552726297224112,1
72,1774281009.1450374,18,0.0,0.0,0.0,0.0,0.0,5.992770195007324,0.0,0.0,0.0,0.0,18,0.0,0.0,0.26338086352832074,0.04552726297224112,1
73,1774281009.244513,20,0.0,0.0,0.0,0.0,0.0,6.043910980224609,0.0,0.0,0.0,0.0,20,0.032590783160665764,0.017159483222514493,0.29568539998110605,0.04552726297224112,1
74,1774281009.3445747,19,0.0,0.0,0.0,0.0,0.0,6.043910980224609,0.0,0.0,0.0,0.0,19,0.09573542553445567,0.05038583063697352,0.25681516083318795,0.04585082052374697,1
75,1774281009.444638,20,0.0,0.0,0.0,0.0,0.0,5.992770195007324,0.0,0.0,0.0,0.0,20,0.11499361558393999,0.060520104680674286,0.1873840611714583,0.043083357568525084,1
76,1774281009.5443416,20,0.0,0.0,0.0,0.0,0.0,5.992770195007324,0.0,0.0,0.0,0.0,20,0.14693628657947888,0.07735843346767347,0.1434404359709832,0.03727242856973776,1
77,1774281009.644656,20,0.0,0.0,0.0,0.0,0.0,6.043910980224609,0.0,0.0,0.0,0.0,20,0.09146758488246373,0.04813578812768024,0.11409802319573574,0.021487012962783054,1
78,1774281009.7443178,20,0.0,0.0,0.0,0.0,0.0,6.043910980224609,0.0,0.0,0.0,0.0,20,0.0,0.0,0.0786438351970608,0.009135761964256901,1
79,1774281009.8447797,21,0.0,0.0,0.0,0.0,0.0,6.043910980224609,0.0,0.0,0.0,0.0,21,0.0,0.0,0.0360450911319862,0.009135761964256901,1
80,1774281009.9446702,20,0.0,0.0,0.0,0.0,0.0,5.992770195007324,0.0,0.0,0.0,0.0,20,0.0,0.0,0.0032768264665441996,0.009135761964256903,1
81,1774281010.0443149,20,0.0,0.0,0.0,0.0,0.0,5.992770195007324,0.0,0.0,0.0,0.0,20,0.0,0.0,0.0,0.009135761964256903,1
82,1774281010.1445415,20,0.0,0.0,0.0,0.0,0.0,5.992770195007324,0.0,0.0,0.0,0.0,20,0.0,0.0,0.0,0.009135761964256903,0
83,1774281010.244415,20,0.0,0.0,0.0,0.0,0.0,5.992770195007324,0.0,0.0,0.0,0.0,20,0.04191775070993524,0.022060118269970043,0.0,0.009135761964256903,0
84,1774281010.3443322,21,0.0,0.0,0.0,0.0,0.0,5.992770195007324,0.0,0.0,0.0,0.0,21,0.0,0.0,0.0,0.0,0
85,1774281010.4444776,20,0.0,0.0,0.0,0.0,0.0,6.043910980224609,0.0,0.0,0.0,0.0,20,0.0,0.0,0.0,0.0,0
86,1774281010.5446467,19,0.0,0.0,0.0,0.0,0.0,5.992770195007324,0.0,0.0,0.0,0.0,19,0.0,0.0,0.0,0.0,0
87,1774281010.6449962,18,0.0,0.0,0.0,0.0,0.0,6.043910980224609,0.0,0.0,0.0,0.0,18,0.0,0.0,0.0,0.0,0
88,1774281010.7442658,16,0.0,0.0,0.0,0.0,0.0,6.043910980224609,0.0,0.0,0.0,0.0,16,0.0,0.0,0.0,0.0,0
89,1774281010.8446922,19,0.0,0.0,0.0,0.0,0.0,6.043910980224609,0.0,0.0,0.0,0.0,19,0.0,0.0,0.0,0.0,0
90,1774281010.9443138,19,0.0,0.0,0.0,0.0,0.0,6.043910980224609,0.0,0.0,0.0,0.0,19,0.0,0.0,0.0,0.0,0
91,1774281011.0447795,20,0.0,0.0,0.0,0.0,0.0,6.043910980224609,0.0,0.0,0.0,0.0,20,0.0,0.0,0.0,0.0,0
92,1774281011.144464,20,0.0,0.0,0.0,0.0,0.0,5.992770195007324,0.0,0.0,0.0,0.0,20,0.0,0.0,0.0,0.0,0
93,1774281011.2442062,20,0.0,0.0,0.0,0.0,0.0,5.992770195007324,0.0,0.0,0.0,0.0,20,0.0,0.0,0.0,0.0,0
94,1774281011.3444452,21,0.0,0.0,0.0,0.0,0.0,5.992770195007324,0.0,0.0,0.0,0.0,21,0.0,0.0,0.0,0.0,0
95,1774281011.4443152,20,0.0,0.0,0.0,0.0,0.0,5.992770195007324,0.0,0.0,0.0,0.0,20,0.0,0.0,0.0,0.0,0
96,1774281011.5446956,21,0.0,0.0,0.0,0.0,0.0,5.992770195007324,0.0,0.0,0.0,0.0,21,0.0,0.0,0.0,0.0,0
97,1774281011.6446807,19,0.0,0.0,0.0,0.0,0.0,5.992770195007324,0.0,0.0,0.0,0.0,19,0.0,0.0,0.0,0.0,0
98,1774281011.7442532,19,-0.056712250960500615,-1.0775327682495117,0.0,0.057893029362122435,1.0775327682495117,5.992770195007324,0.17980545443695173,0.0,0.0,0.0,19,-0.056712250960500615,-0.02985682774121897,0.0,0.012360148539876985,0
99,1774281011.8450408,20,-0.053876638412475586,-1.0775327682495117,0.0,0.05515115116594416,1.0775327682495117,5.992770195007324,0.17980545443695173,0.0,0.0,0.0,20,-0.053876638412475586,-0.028350595654200894,0.0,0.016594391300975796,0
100,1774281011.9442797,19,-0.11095875187924034,-1.0775327682495117,0.0,0.10470843852914018,1.0775327682495117,6.043910980224609,0.17828402366863905,0.0,0.0,0.0,19,-0.11095875187924034,-0.05840042474957495,0.0,0.028263623553087827,0
101,1774281012.044518,19,-0.056712250960500615,-1.0775327682495117,0.0,0.057893029362122435,1.0775327682495117,5.992770195007324,0.17980545443695173,0.0,0.0,0.0,19,-0.056712250960500615,-0.0298489224479556,0.0,0.02981246989309123,0
102,1774281012.144505,19,0.0,0.0,0.0,0.0,0.0,5.992770195007324,0.0,0.0,0.0,0.0,19,0.0,0.0,0.0,0.02981246989309123,0
103,1774281012.2442436,19,-0.05424650091873972,-1.0306835174560547,0.0,0.052968291514682915,1.0306835174560547,5.992770195007324,0.17198782598317122,0.0,0.0,0.0,19,-0.05424650091873972,-0.028552121332791097,0.0,0.0308721179962627,0
104,1774281012.344845,18,0.0,0.0,0.0,0.0,0.0,5.992770195007324,0.0,0.0,0.0,0.0,18,0.0,0.0,0.0,0.0308721179962627,0
105,1774281012.444579,19,0.0,0.0,0.0,0.0,0.0,5.992770195007324,0.0,0.0,0.0,0.0,19,0.0,0.0,0.0,0.0308721179962627,0
106,1774281012.5445356,19,0.0,0.0,0.0,0.0,0.0,5.992770195007324,0.0,0.0,0.0,0.0,19,0.0,0.0,0.0,0.0308721179962627,0
107,1774281012.6443434,18,0.0,0.0,0.0,0.0,0.0,5.992770195007324,0.0,0.0,0.0,0.0,18,0.0,0.0,0.0,0.0308721179962627,0
108,1774281012.7446046,19,0.0,0.0,0.0,0.0,0.0,5.992770195007324,0.0,0.0,0.0,0.0,19,0.0,0.0,0.0,0.0308721179962627,0
109,1774281012.844587,19,0.0,0.0,0.0,0.0,0.0,5.992770195007324,0.0,0.0,0.0,0.0,19,0.0,0.0,0.0,0.0308721179962627,0
110,1774281012.9444957,19,0.0,0.0,0.0,0.0,0.0,5.992770195007324,0.0,0.0,0.0,0.0,19,0.0,0.0,0.0,0.0308721179962627,0
111,1774281013.0443432,19,0.0,0.0,0.0,0.0,0.0,5.992770195007324,0.0,0.0,0.0,0.0,19,0.0,0.0,0.0,0.0308721179962627,0
112,1774281013.1443398,18,0.0,0.0,0.0,0.0,0.0,5.992770195007324,0.0,0.0,0.0,0.0,18,0.0,0.0,0.0,0.0308721179962627,0
113,1774281013.2442598,19,0.0,0.0,0.0,0.0,0.0,5.992770195007324,0.0,0.0,0.0,0.0,19,0.0,0.0,0.0,0.0308721179962627,0
114,1774281013.3445778,20,0.0,0.0,0.0,0.0,0.0,5.992770195007324,0.0,0.0,0.0,0.0,20,0.0,0.0,0.0,0.030872117996262702,0
115,1774281013.4443707,23,-0.09166157763937245,-1.0775327682495117,0.0,0.08826708474148917,1.0775327682495117,5.992770195007324,0.17980545443695173,0.0,0.0,0.0,23,-0.09166157763937245,-0.04825118576913877,0.0,0.03463791268907124,0
116,1774281013.5445094,22,0.0,0.0,0.0,0.0,0.0,5.992770195007324,0.0,0.0,0.0,0.0,22,0.0,0.0,0.0,0.03463791268907124,0
117,1774281013.6444187,20,-0.04919171333312988,-0.9838342666625977,0.0,0.04597666855232774,0.9838342666625977,5.992770195007324,0.16417019752939072,0.009666638076305389,0.1933327615261078,0.042135898498397606,20,0.0075205376273707325,0.00395783283001679,0.0,0.03479078787150804,0
118,1774281013.7448754,19,0.0,0.0,0.0,0.0,0.0,5.992770195007324,0.0,0.010175408501374094,0.1933327615261078,0.04317060211598919,19,0.053876638412475586,0.028358593679801578,0.0,0.0342895132328362,0
119,1774281013.8449483,18,-0.0546574592590332,-0.9838342666625977,0.0,0.050786443495098865,0.9838342666625977,5.992770195007324,0.16417019752939072,0.0,0.0,0.0,18,0.05630129262020714,0.029621835177513607,0.0,0.03432753767510509,0
120,1774281013.94447,16,0.0,0.0,0.0,0.0,0.0,5.992770195007324,0.0,0.0,0.0,0.0,16,0.056712250960500615,0.029849308248968445,0.0,0.027633215351613265,0
121,1774281014.0441408,17,0.0,0.0,0.0,0.0,0.0,5.992770195007324,0.0,0.011372515383888693,0.1933327615261078,0.04549006153555478,17,0.0,0.0,0.0,0.02610828983815308,0
122,1774281014.1442096,18,0.0,0.0,0.0,0.0,0.0,5.992770195007324,0.0,0.0,0.0,0.0,18,0.05424650091873972,0.028551300852546597,0.0,0.02610828983815308,0
123,1774281014.2442021,18,-0.0546574592590332,-0.9838342666625977,0.0,0.050786443495098865,0.9838342666625977,6.043910980224609,0.1627810650887574,0.0,0.0,0.0,18,-0.0546574592590332,-0.028776821284077624,0.0,0.02614128777366125,0
124,1774281014.3443553,18,0.0,0.0,0.0,0.0,0.0,6.043910980224609,0.0,0.0,0.0,0.0,18,0.0,0.0,0.0,0.02614128777366125,0
125,1774281014.444119,18,0.0,0.0,0.0,0.0,0.0,5.992770195007324,0.0,0.0,0.0,0.0,18,0.0,0.0,0.0,0.02614128777366125,0
126,1774281014.5443828,19,-0.05424650091873972,-1.0306835174560547,0.0,0.052968291514682915,1.0306835174560547,6.043910980224609,0.17053254437869822,0.0,0.0,0.0,19,-0.05424650091873972,-0.028550197398891437,0.0,0.027482551052932618,0
127,1774281014.6451983,16,0.0,0.0,0.0,0.0,0.0,6.043910980224609,0.0,0.0,0.0,0.0,16,0.0,0.0,0.0,0.027482551052932618,0
128,1774281014.7441585,16,0.0,0.0,0.0,0.0,0.0,5.992770195007324,0.0,0.0,0.0,0.0,16,0.0,0.0,0.0,0.027482551052932618,0
129,1774281014.8444138,17,0.0,0.0,0.0,0.0,0.0,6.043910980224609,0.0,0.0,0.0,0.0,17,0.0,0.0,0.0,0.027482551052932618,0
130,1774281014.9444737,17,0.0,0.0,0.0,0.0,0.0,5.992770195007324,0.0,0.0,0.0,0.0,17,0.0,0.0,0.0,0.027482551052932618,0
131,1774281015.044914,19,0.0,0.0,0.0,0.0,0.0,5.992770195007324,0.0,0.0,0.0,0.0,19,0.0,0.0,0.0,0.02748255105293262,0
132,1774281015.1442635,16,0.0,0.0,0.0,0.0,0.0,5.992770195007324,0.0,0.0,0.0,0.0,16,0.0,0.0,0.0,0.02748255105293262,0
133,1774281015.2441516,16,0.0,0.0,0.0,0.0,0.0,5.992770195007324,0.0,0.0,0.0,0.0,16,0.0,0.0,0.0,0.027482551052932618,0
134,1774281015.344387,16,0.0,0.0,0.0,0.0,0.0,5.992770195007324,0.0,0.0,0.0,0.0,16,0.09166157763937245,0.04824252153078603,0.0029743501773247354,0.027482551052932618,0
135,1774281015.444296,17,0.0,0.0,0.0,0.0,0.0,5.992770195007324,0.0,0.0,0.0,0.0,17,0.0,0.0,0.006338779066429764,0.021300455925531626,0
136,1774281015.5441842,19,0.0,0.0,0.0,0.0,0.0,5.992770195007324,0.0,0.0,0.0,0.0,19,0.04919171333312988,0.025893571366359804,0.006783605667582729,0.021300455925531623,0
137,1774281015.6447556,19,0.0,0.0,0.0,0.0,0.0,5.992770195007324,0.0,0.0,0.0,0.0,19,0.0,0.0,0.0036477879533227883,0.019467847429574022,0
138,1774281015.7442415,19,0.0,0.0,0.0,0.0,0.0,5.992770195007324,0.0,0.0,0.0,0.0,19,0.0546574592590332,0.028777789396291564,0.003790838461296231,0.019467847429574022,0
139,1774281015.844792,23,-0.0407384789508322,-0.9369850158691406,0.0,0.03651172067900276,0.9369850158691406,5.992770195007324,0.15635256907561018,0.008405772240265556,0.1933327615261078,0.03942656658922785,23,-0.0407384789508322,-0.02143767203595437,0.003790838461296231,0.017986246693500546,0
140,1774281015.9443707,19,0.0,0.0,0.0,0.0,0.0,5.992770195007324,0.0,0.0,0.0,0.0,19,0.0,0.0,0.0036477879533227883,0.017986246693500546,0
141,1774281016.0448756,18,0.0,0.0,0.0,0.0,0.0,6.043910980224609,0.0,0.0,0.0,0.0,18,0.0,0.0,0.0,0.017986246693500546,0
142,1774281016.1444242,20,0.0,0.0,0.0,0.0,0.0,5.992770195007324,0.0,0.05799982845783234,0.5799982845783234,0.17399948537349702,20,0.0546574592590332,0.028763722051981973,0.0,0.017986246693500546,0
143,1774281016.2443752,21,0.0,0.0,0.0,0.0,0.0,5.992770195007324,0.0,0.05523793186460223,0.5799982845783234,0.17025474034060006,21,0.0,0.0,0.0,0.014406941398355652,0
144,1774281016.3447242,21,-0.04684925079345703,-0.9838342666625977,0.0,0.043897045998164685,0.9838342666625977,5.992770195007324,0.16417019752939072,0.04603160988716852,0.5799982845783234,0.13213557831465694,21,-0.04684925079345703,-0.024649648833450666,0.0,0.017016626251513248,0
145,1774281016.444339,18,0.0,0.0,0.0,0.0,0.0,6.043910980224609,0.0,0.02148141794734531,0.3866655230522156,0.08857015518494361,18,0.05424650091873972,0.02855144774729077,0.0,0.017016626251513248,0
146,1774281016.544803,21,0.0,0.0,0.0,0.0,0.0,6.043910980224609,0.0,0.06444425384203593,0.5799982845783234,0.17223451315942054,21,0.0,0.0,0.0,0.013173639297945917,0
147,1774281016.6444483,23,0.0,0.0,0.0,0.0,0.0,5.992770195007324,0.0,0.033623088961062225,0.3866655230522156,0.10895126051807201,23,0.0,0.0,0.0,0.013173639297945917,0
148,1774281016.74427,21,0.0,0.0,0.0,0.0,0.0,5.992770195007324,0.0,0.04603160988716852,0.3866655230522156,0.11789844678263292,21,0.0,0.0,0.0,0.013173639297945917,0
149,1774281016.8446133,22,-0.04471973939375444,-0.9838342666625977,0.0,0.04199695692035156,0.9838342666625977,5.992770195007324,0.16417019752939072,0.05272711677984758,0.3866655230522156,0.13269366731234514,22,-0.04471973939375444,-0.023534976111357617,0.0,0.015778256778071566,0
150,1774281016.9444938,22,0.0,0.0,0.0,0.0,0.0,5.992770195007324,0.0,0.05272711677984758,0.3866655230522156,0.13269366731234514,22,0.0,0.0,0.0,0.015778256778071566,0
151,1774281017.0443015,21,0.0,0.0,0.0,0.0,0.0,6.043910980224609,0.0,0.027618965932301114,0.1933327615261078,0.06765237375744962,21,0.0,0.0,0.0,0.015778256778071566,0
152,1774281017.1447182,21,0.0,0.0,0.0,0.0,0.0,6.043910980224609,0.0,0.027618965932301114,0.1933327615261078,0.06765237375744962,21,0.0,0.0,0.0,0.015778256778071566,0
153,1774281017.2443535,21,-0.12046950204031807,-0.8901357650756836,0.0,0.0872864390834254,0.8901357650756836,6.043910980224609,0.14727810650887574,0.11968218570663816,0.7733310461044312,0.26998235746595334,21,-0.12046950204031807,-0.06340611974642786,0.0,0.02930223722049037,0
154,1774281017.344568,21,-0.0825439180646624,-0.8901357650756836,0.0,0.06478049327801716,0.8901357650756836,6.043910980224609,0.14727810650887574,0.05523793186460223,0.5799982845783234,0.17025474034060006,21,-0.0825439180646624,-0.04343794592340479,0.0,0.032831939823708425,0
155,1774281017.4441526,21,-0.04238741738455636,-0.8901357650756836,0.0,0.035933863050651826,0.8901357650756836,6.043910980224609,0.14727810650887574,0.0,0.0,0.0,21,-0.04238741738455636,-0.022309538255300892,0.0,0.033048634841433104,0
156,1774281017.544471,21,0.0,0.0,0.0,0.0,0.0,6.043910980224609,0.0,0.027618965932301114,0.1933327615261078,0.06765237375744962,21,0.0,0.0,0.003169389533214882,0.033048634841433104,0
157,1774281017.6440868,21,-0.04461833408900669,-0.9369850158691406,0.0,0.03981591473756434,0.9369850158691406,6.043910980224609,0.15502958579881657,0.027618965932301114,0.1933327615261078,0.06765237375744962,21,-0.04461833408900669,-0.023485245161667497,0.003169389533214882,0.03320408838257104,0
158,1774281017.7443428,20,-0.08667111396789551,-0.8901357650756836,0.0,0.06766180927542109,0.8901357650756836,6.043910980224609,0.14727810650887574,0.06766646653413773,1.3533293306827545,0.29495128948878324,20,-0.04593263501706331,-0.024180786448022216,0.0032222126921017964,0.03572545700340539,0
159,1774281017.844229,20,0.0,0.0,0.0,0.0,0.0,6.043910980224609,0.0,0.0,0.0,0.0,20,0.0,0.0,0.020350817002748187,0.03595632082331146,0
160,1774281017.944301,22,-0.04259022799405185,-0.9369850158691406,0.0,0.03809247793229166,0.9369850158691406,6.043910980224609,0.15502958579881657,0.043939263983206314,0.3866655230522156,0.09981082117702071,22,-0.04259022799405185,-0.02242269212045032,0.0393219175985304,0.03576733450800571,0
161,1774281018.0444987,22,-0.04046071659434925,-0.8901357650756836,0.0,0.034378461333893225,0.8901357650756836,6.043910980224609,0.14727810650887574,0.017575705593282528,0.1933327615261078,0.05557926115933376,22,-0.04046071659434925,-0.021294279239266935,0.05301059590231988,0.03540785701284695,0
162,1774281018.1444683,19,0.0,0.0,0.0,0.0,0.0,6.043910980224609,0.0,0.040701634005496375,0.1933327615261078,0.07881837533335848,19,0.0,0.0,0.04188876499732335,0.03540785701284695,0
163,1774281018.24432,20,0.0,0.0,0.0,0.0,0.0,6.043910980224609,0.0,0.038666552305221556,0.1933327615261078,0.07733310461044311,20,0.04684925079345703,0.024662747904545,0.04511097768942515,0.03540785701284695,0
164,1774281018.344807,19,-0.09863000167043585,-0.9838342666625977,0.0,0.08291799353503738,0.9838342666625977,5.992770195007324,0.16417019752939072,0.0,0.0,0.0,19,-0.09863000167043585,-0.051897747439678114,0.04053751451353873,0.03848282972244519,0
165,1774281018.444077,21,-0.09369850158691406,-0.9838342666625977,0.0,0.0834043873965129,0.9838342666625977,6.043910980224609,0.1627810650887574,0.018412643954867407,0.1933327615261078,0.056751580113533366,21,-0.09369850158691406,-0.04933384868166273,0.047589602837195766,0.040192120108542985,0
166,1774281018.544616,19,-0.05178075087697882,-0.9838342666625977,0.0,0.04826243090490738,0.9838342666625977,6.043910980224609,0.1627810650887574,0.020350817002748187,0.1933327615261078,0.05933231748191226,19,-0.05178075087697882,-0.027250621499407053,0.043939263983206314,0.03952675424272933,0
167,1774281018.6442902,17,0.0,0.0,0.0,0.0,0.0,6.043910980224609,0.0,0.022745030767777386,0.1933327615261078,0.062289832113303606,17,0.0,0.0,0.0505639530145205,0.03952675424272933,0
168,1774281018.7443357,18,-0.049451986948649086,-0.8901357650756836,0.0,0.041573483223879125,0.8901357650756836,6.043910980224609,0.14727810650887574,0.010740708973672655,0.1933327615261078,0.04428507759247181,18,-0.004732247554894646,-0.0024910206407149226,0.04461525265987103,0.03864497482774488,0
169,1774281018.8446186,19,0.0,0.0,0.0,0.0,0.0,6.043910980224609,0.0,0.030526225504122283,0.3866655230522156,0.09436285647756704,19,0.0,0.0,0.03624989278614521,0.039583815045811876,0
170,1774281018.9442089,18,-0.15616416931152344,-0.9838342666625977,0.0,0.12218011136155837,0.9838342666625977,6.043910980224609,0.1627810650887574,0.03222212692101797,0.1933327615261078,0.07205086617502215,18,-0.15616416931152344,-0.08219567615606337,0.05830670585708013,0.0462285453987773,0
171,1774281019.0445008,16,0.0,0.0,0.0,0.0,0.0,6.043910980224609,0.0,0.024166595190763474,0.1933327615261078,0.06393880090992969,16,0.0,0.0,0.06751302783451384,0.0462285453987773,0
172,1774281019.1440647,16,-0.05856156349182129,-0.9369850158691406,0.0,0.05144185077909924,0.9369850158691406,6.043910980224609,0.15502958579881657,0.024166595190763474,0.1933327615261078,0.06393880090992969,16,0.061907938548496785,0.03258808010547664,0.05830670585708013,0.04509632647739021,0
173,1774281019.2443511,20,-0.051534175872802734,-1.0306835174560547,0.0,0.050459654374890306,1.0306835174560547,6.043910980224609,0.17053254437869822,0.009666638076305389,0.1933327615261078,0.042135898498397606,20,0.03100974219185966,0.016322780021239967,0.027618965932301114,0.041983314325347326,0
174,1774281019.3444138,18,-0.0546574592590332,-0.9838342666625977,0.0,0.050786443495098865,0.9838342666625977,6.043910980224609,0.1627810650887574,0.0,0.0,0.0,18,-0.01227004187447684,-0.006457029227767444,0.018412643954867407,0.04116690539671375,0
175,1774281019.4442194,18,0.0,0.0,0.0,0.0,0.0,6.043910980224609,0.0,0.02148141794734531,0.1933327615261078,0.06075862520028111,18,0.0,0.0,0.04053751451353873,0.042249599524675774,0
176,1774281019.5442545,17,0.0,0.0,0.0,0.0,0.0,6.043910980224609,0.0,0.0,0.0,0.0,17,0.04461833408900669,0.023481261155951654,0.031693895332148815,0.042249599524675774,0
177,1774281019.6442568,20,0.0,0.0,0.0,0.0,0.0,6.043910980224609,0.0,0.009666638076305389,0.1933327615261078,0.042135898498397606,20,0.08667111396789551,0.045618439976724275,0.03741924416634344,0.04319044453796538,0
178,1774281019.7442799,20,0.0,0.0,0.0,0.0,0.0,6.043910980224609,0.0,0.038666552305221556,0.1933327615261078,0.07733310461044311,20,0.0,0.0,0.02114577079191804,0.042554417182466546,0
179,1774281019.8444607,19,0.0,0.0,0.0,0.0,0.0,6.043910980224609,0.0,0.030526225504122283,0.1933327615261078,0.07049729804859288,19,0.04259022799405185,0.02241402391066475,0.03375651391725692,0.042554417182466546,0
180,1774281019.9442294,17,-0.05787260392132927,-0.9838342666625977,0.0,0.053587812554160896,0.9838342666625977,6.043910980224609,0.1627810650887574,0.022745030767777386,0.1933327615261078,0.062289832113303606,17,-0.01741188732698002,-0.00916545039175236,0.031693895332148815,0.04282243031536074,0
181,1774281020.0445254,20,-0.09135603904724121,-0.9369850158691406,0.0,0.07516820414110725,0.9369850158691406,6.043910980224609,0.15502958579881657,0.02899991422891617,0.1933327615261078,0.06903360396656207,20,-0.09135603904724121,-0.04808068143504098,0.026666587796704524,0.04451217308376602,0
182,1774281020.1442075,19,0.0,0.0,0.0,0.0,0.0,6.043910980224609,0.0,0.020350817002748187,0.1933327615261078,0.05933231748191226,19,0.0,0.0,0.019333276152610778,0.044512173083766024,0
183,1774281020.2442656,21,-0.04908016749790737,-1.0306835174560547,0.0,0.04817725683245285,1.0306835174560547,5.992770195007324,0.17198782598317122,0.009206321977433703,0.1933327615261078,0.04117192352858409,21,0.049549834172528485,0.02608629266905876,0.013107305866176798,0.043684552628839454,0
184,1774281020.344458,22,-0.04684925079345703,-1.0306835174560547,0.0,0.04609189829807292,1.0306835174560547,6.043910980224609,0.17053254437869822,0.008787852796641264,0.1933327615261078,0.04027100063673795,22,0.04684925079345703,0.02465255578628731,0.020350817002748187,0.04165836639763578,0
185,1774281020.4443293,22,-0.13202970678156073,-1.0306835174560547,0.0,0.11086725005817462,1.0306835174560547,6.043910980224609,0.17053254437869822,0.05272711677984758,0.3866655230522156,0.11920423501990257,22,-0.0802489559045819,-0.042242667270719535,0.017901181622787758,0.044927903217328195,0
186,1774281020.544331,22,-0.08943947878750888,-0.9838342666625977,0.0,0.0799942036578125,0.9838342666625977,6.043910980224609,0.1627810650887574,0.035151411186565056,0.1933327615261078,0.07456740365489042,22,-0.08943947878750888,-0.04707239746136901,0.02148141794734531,0.04615592606334937,0
187,1774281020.6443486,21,0.0,0.0,0.0,0.0,0.0,5.992770195007324,0.0,0.05523793186460223,0.7733310461044312,0.1702547403406001,21,0.049451986948649086,0.0260271838825456,0.024605987830595536,0.04615592606334937,0
188,1774281020.744497,23,-0.13036313264266305,-1.0306835174560547,0.0,0.11336059458996743,1.0306835174560547,5.992770195007324,0.17198782598317122,0.02521731672079667,0.1933327615261078,0.06511083179712221,23,-0.13036313264266305,-0.06861656285537962,0.029182303626582307,0.05002842765918823,0
189,1774281020.8440835,22,-0.04684925079345703,-1.0306835174560547,0.0,0.04609189829807292,1.0306835174560547,5.992770195007324,0.17198782598317122,0.05272711677984758,0.3866655230522156,0.11920423501990257,22,0.1093149185180664,0.05753796250608007,0.02706658661365509,0.048908921547900316,0
190,1774281020.9441774,18,-0.05726019541422526,-1.0306835174560547,0.0,0.05573840964087948,1.0306835174560547,5.992770195007324,0.17198782598317122,0.053703544868363276,0.3866655230522156,0.10794278926806719,18,-0.05726019541422526,-0.03014207606655153,0.018589688608279593,0.04230003820079863,0
191,1774281021.044384,18,-0.11452039082845052,-1.0306835174560547,0.0,0.10491935932400841,1.0306835174560547,5.992770195007324,0.17198782598317122,0.02148141794734531,0.1933327615261078,0.06075862520028111,18,-0.05595882733662923,-0.02944706514437311,0.010740708973672655,0.04377742333737154,0
192,1774281021.1443772,20,-0.051534175872802734,-1.0306835174560547,0.0,0.050459654374890306,1.0306835174560547,5.992770195007324,0.17198782598317122,0.009666638076305389,0.1933327615261078,0.042135898498397606,20,0.0,0.0,0.010357112224612917,0.0437275929114471,0
193,1774281021.2443209,17,-0.181885326609892,-1.0775327682495117,0.0,0.15464215408557602,1.0775327682495117,5.992770195007324,0.17980545443695173,0.011372515383888693,0.1933327615261078,0.04549006153555478,17,-0.1272278673508588,-0.06696530927177087,0.007295575906645577,0.05250299981410426,0
194,1774281021.344136,17,-0.14330359066233916,-1.405477523803711,0.0,0.15815087990757462,1.405477523803711,6.043910980224609,0.23254437869822486,0.011372515383888693,0.1933327615261078,0.04549006153555478,17,-0.14330359066233916,-0.0754262513294818,0.010545423355969516,0.05590305255250729,0
195,1774281021.4440036,15,-0.13742446899414062,-1.0306835174560547,0.0,0.12275565040908987,1.0306835174560547,6.043910980224609,0.17053254437869822,0.0,0.0,0.0,15,-0.13742446899414062,-0.07233822260569456,0.016959014168956822,0.05659439968733549,0
196,1774281021.5446563,19,-0.2120545035914371,-1.0306835174560547,0.0,0.16874219039239094,1.0306835174560547,6.043910980224609,0.17053254437869822,0.040701634005496375,0.3866655230522156,0.10073140493730813,19,-0.2120545035914371,-0.1115841745709749,0.026214611732353597,0.06268131849636327,0
197,1774281021.644265,21,-0.10039125170026507,-1.0775327682495117,0.0,0.09579709085857982,1.0775327682495117,6.043910980224609,0.17828402366863905,0.07365057581946963,0.5799982845783234,0.17370453566149519,21,-0.10039125170026507,-0.05283791595069573,0.03107133667383875,0.06028054832803529,0
198,1774281021.7444725,21,-0.11600766863141741,-1.405477523803711,0.0,0.1311934390602745,1.405477523803711,5.992770195007324,0.2345288536134153,0.11968218570663816,0.7733310461044312,0.26998235746595334,21,-0.11600766863141741,-0.06105628921994926,0.027618965932301114,0.05762327828668079,0
199,1774281021.8447275,20,-0.07027387619018555,-1.405477523803711,0.0,0.09382993582107702,1.405477523803711,5.992770195007324,0.2345288536134153,0.05799982845783234,0.3866655230522156,0.13806720793312413,20,-0.012401272268856275,-0.0065252745745880735,0.024166595190763474,0.05419623551996118,0
200,1774281021.9445748,20,0.0,0.0,0.0,0.0,0.0,5.992770195007324,0.0,0.038666552305221556,0.1933327615261078,0.07733310461044311,20,0.09135603904724121,0.048080874496589134,0.019333276152610778,0.057362843303986666,0
201,1774281022.0448837,21,0.0,0.0,0.0,0.0,0.0,6.043910980224609,0.0,0.009206321977433703,0.1933327615261078,0.04117192352858409,21,0.0,0.0,0.012473081388781148,0.06050718935356543,0
202,1774281022.1442413,21,0.0,0.0,0.0,0.0,0.0,6.043910980224609,0.0,0.11047586372920445,1.1599965691566467,0.28967015847107386,21,0.04908016749790737,0.02583199643937928,0.023794801418597883,0.06050718935356543,0
203,1774281022.2446907,21,-0.1338550022670201,-1.405477523803711,0.0,0.17021303550308756,1.405477523803711,6.043910980224609,0.23254437869822486,0.08285689779690333,0.5799982845783234,0.20295712127234886,21,-0.08700575147356307,-0.04578689661648547,0.03222212692101797,0.06088325137769144,0
204,1774281022.3442786,18,0.0,0.0,0.0,0.0,0.0,6.043910980224609,0.0,0.10740708973672655,0.5799982845783234,0.21588557853613438,18,0.13202970678156073,0.06949117322923708,0.047589602837195766,0.06328317795470252,0
205,1774281022.4442203,18,-0.21082162857055664,-1.405477523803711,0.0,0.2239359027100818,1.405477523803711,6.043910980224609,0.23254437869822486,0.07518496281570858,0.5799982845783234,0.1838513230094898,18,-0.12138214978304776,-0.0638890666991817,0.03808069545211214,0.06828932330989516,0
206,1774281022.545007,22,-0.05323778499256481,-1.1712312698364258,0.0,0.05951949676920574,1.1712312698364258,6.043910980224609,0.1937869822485207,0.05272711677984758,0.5799982845783234,0.13269366731234516,22,-0.05323778499256481,-0.02801018102941512,0.043939263983206314,0.06875307734465635,0
207,1774281022.6444843,18,0.0,0.0,0.0,0.0,0.0,6.043910980224609,0.0,0.02148141794734531,0.3866655230522156,0.08857015518494361,18,0.13036313264266305,0.06861263655775117,0.04296283589469062,0.06875307734465635,0
208,1774281022.744434,21,-0.13608591897147043,-1.452326774597168,0.0,0.1759863431400344,1.452326774597168,6.043910980224609,0.2402958579881657,0.04603160988716852,0.3866655230522156,0.10168714988122056,21,-0.0892366681780134,-0.046958003199453084,0.043333205169644846,0.06894048904091923,0
209,1774281022.845186,23,-0.32998167950174084,-2.99835205078125,0.0,0.5115872935411815,2.99835205078125,6.043910980224609,0.49609467455621303,0.058840405681858894,0.3866655230522156,0.13290692885927638,23,-0.27272148408751556,-0.14346146736680263,0.027618965932301114,0.08595158685612622,0
210,1774281022.9447594,18,-0.062465667724609375,-1.1243820190429688,0.0,0.06633331395278219,1.1243820190429688,6.043910980224609,0.18603550295857987,0.0966663807630539,0.7733310461044312,0.2432717234059661,18,0.05205472310384114,0.027391811128151186,0.01406056447462602,0.08582219058069138,0
211,1774281023.0448477,21,-0.1293931688581194,-1.546025276184082,0.0,0.16239916223584056,1.546025276184082,6.043910980224609,0.2557988165680473,0.06444425384203593,0.9666638076305389,0.20953232861405574,21,-0.07785899298531668,-0.04096827242568679,0.010740708973672655,0.08598573869210265,0
212,1774281023.1448379,21,-0.13162408556256974,-1.499176025390625,0.0,0.16589300875406185,1.499176025390625,6.043910980224609,0.24804733727810652,0.036825287909734813,0.1933327615261078,0.07591727587280882,21,0.05026124104732227,0.026446088824866966,0.007891133123514603,0.08533786634320435,0
213,1774281023.2450614,22,-0.161842866377397,-1.2649297714233398,0.0,0.16675435696740828,1.2649297714233398,6.043910980224609,0.20928994082840235,0.0,0.0,0.0,22,-0.01853927571505784,-0.009752763436062616,0.018954192306481155,0.08457201668257604,0
214,1774281023.344703,20,-0.11478066444396973,-1.2180805206298828,0.0,0.11906525013927194,1.2180805206298828,6.043910980224609,0.20153846153846153,0.009666638076305389,0.1933327615261078,0.042135898498397606,20,0.0226438045501709,0.011913406624669425,0.042181693423878064,0.08417790076526788,0
215,1774281023.4494693,24,0.10150671005249023,-1.0775327682495117,1.2180805206298828,0.20973033088012016,2.2956132888793945,6.043910980224609,0.3798224852071006,0.024166595190763474,0.1933327615261078,0.06393880090992969,24,0.3135612136439273,0.1646152169329576,0.07923473833037205,0.09499036509882414,0
216,1774281023.5494254,21,0.0,0.0,0.0,0.0,0.0,6.043910980224609,0.0,0.027618965932301114,0.1933327615261078,0.06765237375744962,21,0.10039125170026507,0.05269438220140914,0.08419329937427275,0.09292949422339776,0
217,1774281023.6497245,23,0.0,0.0,0.0,0.0,0.0,6.043910980224609,0.0,0.016811544480531113,0.3866655230522156,0.0788531331784557,23,0.11600766863141741,0.06088836010126989,0.07289595926394228,0.09452316309924066,0
218,1774281023.7495515,22,0.0,0.0,0.0,0.0,0.0,6.043910980224609,0.0,0.035151411186565056,0.1933327615261078,0.07456740365489042,22,0.07027387619018555,0.03689258194377533,0.0348632848653637,0.0955326910474062,0
219,1774281023.8506272,23,0.0,0.0,0.0,0.0,0.0,6.043910980224609,0.0,0.033623088961062225,0.3866655230522156,0.09284478902198401,23,0.0,0.0,0.05301059590231988,0.09680232294596562,0
220,1774281023.9496682,23,0.0,0.0,0.0,0.0,0.0,6.043910980224609,0.0,0.008405772240265556,0.1933327615261078,0.03942656658922785,23,0.0,0.0,0.06751302783451384,0.09680232294596562,0
221,1774281024.0498624,24,-0.05270540714263916,-1.2649297714233398,0.0,0.06389077866764126,1.2649297714233398,6.043910980224609,0.20928994082840235,0.016111063460508983,0.1933327615261078,0.05343435247211316,24,-0.05270540714263916,-0.027657863609964726,0.09988859345515569,0.09562196893803745,0
222,1774281024.1496327,25,0.0,0.0,0.0,0.0,0.0,6.043910980224609,0.0,0.015466620922088623,0.1933327615261078,0.05244986340875713,25,0.1338550022670201,0.07026723110742122,0.08818687367857549,0.09562196893803747,0
223,1774281024.249628,25,0.0,0.0,0.0,0.0,0.0,6.043910980224609,0.0,0.030933241844177246,0.1933327615261078,0.0708769611206588,25,0.0,0.0,0.0766664399155255,0.09565629247928029,0
224,1774281024.349614,25,0.0,0.0,0.0,0.0,0.0,6.043910980224609,0.0,0.0,0.0,0.0,25,0.21082162857055664,0.11064466077729673,0.04999985211882098,0.09565629247928029,0
225,1774281024.4494596,26,-0.04865114505474384,-1.2649297714233398,0.0,0.05917334787844316,1.2649297714233398,6.043910980224609,0.20928994082840235,0.0,0.0,0.0,26,0.00458663993782097,0.002408377099298428,0.041202063931793466,0.08955160096429782,0
226,1774281024.5497978,23,0.0,0.0,0.0,0.0,0.0,6.043910980224609,0.0,0.04202886120132778,0.3866655230522156,0.1134000673097237,23,0.0,0.0,0.043655784860734015,0.09038044897165759,0
227,1774281024.649549,26,-0.04324546227088341,-1.1243820190429688,0.0,0.04675425017556004,1.1243820190429688,6.043910980224609,0.18603550295857987,0.05205112810318287,0.3866655230522156,0.12640988253630123,26,0.09284045670058702,0.04873220887075112,0.06548367729110102,0.08959327626168473,0
228,1774281024.7494953,24,-0.10345876216888428,-1.2649297714233398,0.0,0.11778659625427679,1.2649297714233398,6.043910980224609,0.20928994082840235,0.0,0.0,0.0,24,0.22652291733285657,0.11895279856712541,0.0717202179854916,0.08839950370510825,0
229,1774281024.8496366,25,-0.09557247161865234,-1.2649297714233398,0.0,0.10543719272391172,1.2649297714233398,6.043910980224609,0.20928994082840235,0.04639986276626587,0.3866655230522156,0.11312857909032555,25,-0.03310680389404297,-0.017380020161123777,0.06444425384203593,0.06285926117090154,0
230,1774281024.9495122,23,0.0,0.0,0.0,0.0,0.0,6.043910980224609,0.0,0.05043463344159334,0.3866655230522156,0.13022166359424442,23,0.1293931688581194,0.06793488708413487,0.033229068387299776,0.0633205106145906,0
231,1774281025.049735,24,-0.048801302909851074,-1.1712312698364258,0.0,0.054776044811077895,1.1712312698364258,6.043910980224609,0.1937869822485207,0.040277658651272454,0.3866655230522156,0.11132966346986391,24,0.08282278265271867,0.04347887229204191,0.015343869962389506,0.05991170763120785,0
232,1774281025.149634,23,-0.10388312132462212,-1.2649297714233398,0.0,0.11374230803342968,1.2649297714233398,6.043910980224609,0.20928994082840235,0.05043463344159334,0.3866655230522156,0.13022166359424442,23,0.05795974505277489,0.03043189243366644,0.01171713706218835,0.057946595802995736,0
233,1774281025.2495492,21,-0.11377675192696708,-1.2649297714233398,0.0,0.12344924364381826,1.2649297714233398,6.043910980224609,0.20928994082840235,0.036825287909734813,0.3866655230522156,0.11350316022706673,21,0.0010039125170026447,0.0005270307500583591,0.020820451241273148,0.05339475739100792,0
234,1774281025.349679,23,-0.20165547080661939,-1.2649297714233398,0.0,0.19437512390567294,1.2649297714233398,6.043910980224609,0.20928994082840235,0.05043463344159334,0.5799982845783234,0.13022166359424442,23,-0.3031621808591096,-0.1595414371347767,0.022745030767777386,0.06273653958967772,0
235,1774281025.449881,19,0.0,0.0,0.0,0.0,0.0,6.043910980224609,0.0,0.0,0.0,0.0,19,0.0,0.0,0.02636355838992379,0.055085946616348934,0
236,1774281025.5496392,16,-0.14347583055496216,-1.1712312698364258,0.0,0.14416578680842562,1.1712312698364258,6.043910980224609,0.1937869822485207,0.04833319038152695,0.3866655230522156,0.12787760181985938,16,-0.14347583055496216,-0.07551698369394716,0.028431288459721732,0.05856561683536448,0
237,1774281025.649409,20,-0.44272541999816895,-4.497528076171875,0.0,1.7645460193804752,4.497528076171875,6.043910980224609,0.7441420118343195,0.07733310461044311,0.3866655230522156,0.15466620922088622,20,-0.44272541999816895,-0.23303085367781964,0.02558815961374956,0.10308100360377107,0
238,1774281025.7493656,19,-0.22931475388376335,-4.356980323791504,0.0,0.9465346142778772,4.356980323791504,6.043910980224609,0.720887573964497,0.050877042506870473,0.1933327615261078,0.08513357546754707,19,-0.22931475388376335,-0.12077216945015086,0.019333276152610778,0.10733423901929151,0
239,1774281025.8494341,18,0.0,0.0,0.0,0.0,0.0,6.043910980224609,0.0,0.08592567178938124,0.5799982845783234,0.1957050313951277,18,0.0,0.0,0.013425886217090819,0.10733423901929151,0
240,1774281025.9498043,19,0.0,0.0,0.0,0.0,0.0,6.043910980224609,0.0,0.030526225504122283,0.1933327615261078,0.07049729804859288,19,0.05270540714263916,0.02774053593617415,0.020900839083903545,0.10733423901929152,0
241,1774281026.0494726,18,0.0,0.0,0.0,0.0,0.0,5.860805511474609,0.0,0.0,0.0,0.0,18,0.0,0.0,0.015466620922088623,0.10864451103367544,0
242,1774281026.149569,19,-0.0739725012528269,-1.405477523803711,0.0,0.09849475694879054,1.405477523803711,6.043910980224609,0.23254437869822486,0.061052451008244565,0.5799982845783234,0.14099459609718576,19,-0.0739725012528269,-0.03893410506739761,0.010175408501374094,0.10715024781793629,0
243,1774281026.249395,22,-0.10434605858542702,-1.1712312698364258,0.0,0.10893088242994983,1.1712312698364258,6.043910980224609,0.1937869822485207,0.05272711677984758,0.3866655230522156,0.11920423501990257,22,-0.10434605858542702,-0.054925309394322004,0.013063024427439715,0.10553800620139117,0
244,1774281026.3497226,19,-0.0739725012528269,-1.405477523803711,0.0,0.09849475694879054,1.405477523803711,6.043910980224609,0.23254437869822486,0.050877042506870473,0.3866655230522156,0.1057459470728893,19,-0.025321356198083053,-0.013325184593497337,0.030933241844177246,0.10368154721650534,0
245,1774281026.4496367,21,0.0,0.0,0.0,0.0,0.0,6.043910980224609,0.0,0.05523793186460223,0.3866655230522156,0.12143972742590917,21,0.0,0.0,0.03178072792209991,0.10521402616716234,0
246,1774281026.5495343,22,-0.05110827359286221,-1.1243820190429688,0.0,0.05485316822250002,1.1243820190429688,6.043910980224609,0.18603550295857987,0.07909067516977136,0.5799982845783234,0.17153204345381357,22,-0.007862811321978802,-0.00413835373697923,0.033511011997858685,0.10363233172999467,0
247,1774281026.649554,22,-0.04897876219315962,-1.0775327682495117,0.0,0.050377302065455744,1.0775327682495117,6.043910980224609,0.17828402366863905,0.07030282237313011,0.5799982845783234,0.18009738989136673,22,0.054479999975724655,0.028672797659928976,0.03222212692101797,0.10350640358594906,0
248,1774281026.7496605,24,-0.0956505537033081,-1.1712312698364258,0.0,0.10068503875082513,1.1712312698364258,5.992770195007324,0.19544071134451274,0.07249978557229042,0.7733310461044312,0.21479739646006965,24,-7.808208465576172e-05,-4.1095316288376436e-05,0.04564801313810878,0.10347623283829852,0
249,1774281026.8502047,23,0.0,0.0,0.0,0.0,0.0,5.992770195007324,0.0,0.05043463344159334,0.3866655230522156,0.13022166359424442,23,0.0,0.0,0.04695224208491189,0.10536107864080872,0
250,1774281026.9494102,23,-0.04684925079345703,-1.0775327682495117,0.0,0.048286750597981154,1.0775327682495117,6.043910980224609,0.17828402366863905,0.06724617792212445,0.3866655230522156,0.1350166945027411,23,0.001952052116394043,0.0010275715487872146,0.0426469326895826,0.10392101425347108,0
251,1774281027.0500777,20,0.0,0.0,0.0,0.0,0.0,5.992770195007324,0.0,0.038666552305221556,0.3866655230522156,0.11599965691566468,20,0.10388312132462212,0.05466255921020432,0.046169017677876484,0.1053969311144474,0
252,1774281027.1495996,19,-0.056712250960500615,-1.0775327682495117,0.0,0.057893029362122435,1.0775327682495117,5.992770195007324,0.17980545443695173,0.061052451008244565,0.3866655230522156,0.14099459609718576,19,0.057064500966466467,0.03003315118155911,0.030687739924779012,0.10550895052281245,0
253,1774281027.2494113,17,-0.06614011876723346,-1.1243820190429688,0.0,0.06999224496869995,1.1243820190429688,5.992770195007324,0.18762308289073223,0.04549006153555477,0.3866655230522156,0.12457966422660721,17,0.13551535203938592,0.07133391814190596,0.03333323474588065,0.10535030202975776,0
254,1774281027.3500566,17,0.0,0.0,0.0,0.0,0.0,5.992770195007324,0.0,0.011372515383888693,0.1933327615261078,0.04549006153555478,17,0.0,0.0,0.042181693423878064,0.103015589971094,0
255,1774281027.4494338,15,0.0,0.0,0.0,0.0,0.0,6.043910980224609,0.0,0.0,0.0,0.0,15,0.14347583055496216,0.07552176018119763,0.05975739901716059,0.10301558997109399,0
256,1774281027.5498242,16,-0.06734579801559448,-1.0775327682495117,0.0,0.06803184765535875,1.0775327682495117,6.043910980224609,0.17828402366863905,0.012083297595381737,0.1933327615261078,0.046798410354181585,16,0.37537962198257446,0.19752505953203137,0.07122785950961866,0.10168969897817018,0
257,1774281027.6491365,16,-0.06734579801559448,-1.0775327682495117,0.0,0.06803184765535875,1.0775327682495117,6.043910980224609,0.17828402366863905,0.0,0.0,0.0,16,0.16196895586816887,0.08525709571836261,0.05523793186460223,0.05442584026065783,0
258,1774281027.7499778,15,0.0,0.0,0.0,0.0,0.0,6.043910980224609,0.0,0.0,0.0,0.0,15,0.0,0.0,0.038666552305221556,0.03642910358358562,0
259,1774281027.8498929,16,0.0,0.0,0.0,0.0,0.0,6.043910980224609,0.0,0.0,0.0,0.0,16,0.0,0.0,0.03107133667383875,0.03642910358358562,0
260,1774281027.9495797,15,0.0,0.0,0.0,0.0,0.0,6.043910980224609,0.0,0.0,0.0,0.0,15,0.0,0.0,0.0393219175985304,0.03642910358358562,0
261,1774281028.0496948,16,0.0,0.0,0.0,0.0,0.0,6.043910980224609,0.0,0.0,0.0,0.0,16,0.0739725012528269,0.03893031898856192,0.05477761576573054,0.03642910358358562,0
262,1774281028.1496587,14,0.0,0.0,0.0,0.0,0.0,6.043910980224609,0.0,0.0,0.0,0.0,14,0.10434605858542702,0.05491135459026189,0.05301059590231988,0.03630558980398627,0
263,1774281028.249328,15,0.0,0.0,0.0,0.0,0.0,6.043910980224609,0.0,0.0,0.0,0.0,15,0.0739725012528269,0.038940985402329216,0.062365406943905737,0.03317285321525181,0
264,1774281028.3494549,15,0.0,0.0,0.0,0.0,0.0,6.043910980224609,0.0,0.0,0.0,0.0,15,0.0,0.0,0.06841005407846891,0.03202344616210373,0
265,1774281028.4493642,14,0.0,0.0,0.0,0.0,0.0,6.043910980224609,0.0,0.0,0.0,0.0,14,0.05110827359286221,0.026901500259477403,0.07392134999527651,0.03202344616210373,0
266,1774281028.5449874,14,0.0,0.0,0.0,0.0,0.0,6.043910980224609,0.0,0.0,0.0,0.0,14,0.04897876219315962,0.025840402265680983,0.06444425384203593,0.03187745745629501,0
267,1774281028.645045,15,-0.09369850158691406,-1.405477523803711,0.0,0.12291172879486112,1.405477523803711,6.043910980224609,0.23254437869822486,0.0,0.0,0.0,15,0.001952052116394043,0.0010298976618209799,0.06352362164429255,0.035068451714711436,0
268,1774281028.7451274,14,0.0,0.0,0.0,0.0,0.0,6.043910980224609,0.0,0.0,0.0,0.0,14,0.0,0.0,0.05272711677984758,0.031394361306810704,0
269,1774281028.8450053,15,0.0,0.0,0.0,0.0,0.0,6.043910980224609,0.0,0.02577770153681437,0.1933327615261078,0.06572050157589361,15,0.04684925079345703,0.0247147987687125,0.056128866249515165,0.031394361306810704,0
270,1774281028.945124,15,0.0,0.0,0.0,0.0,0.0,6.043910980224609,0.0,0.07733310461044311,0.5799982845783234,0.19716150472768074,15,0.0,0.0,0.04833319038152695,0.031042352839740106,0
271,1774281029.0452452,15,0.0,0.0,0.0,0.0,0.0,6.043910980224609,0.0,0.07733310461044311,0.7733310461044312,0.2094190372683233,15,0.056712250960500615,0.029917116579632426,0.04012566748655067,0.031042352839740106,0
272,1774281029.1444924,14,0.0,0.0,0.0,0.0,0.0,6.043910980224609,0.0,0.0,0.0,0.0,14,0.06614011876723346,0.03490094473956398,0.01972783280878651,0.02990604881348548,0
273,1774281029.2451203,15,-0.1093149185180664,-0.8432865142822266,0.0,0.07774654591230501,0.8432865142822266,6.043910980224609,0.1395266272189349,0.12888850768407187,0.9666638076305389,0.32860250787946793,15,-0.1093149185180664,-0.05768403566320223,0.008055531730254492,0.03471155408130153,0
274,1774281029.3447533,15,0.0,0.0,0.0,0.0,0.0,5.860805511474609,0.0,0.0,0.0,0.0,15,0.0,0.0,0.004113463011193782,0.03471155408130153,0
275,1774281029.4448578,15,0.0,0.0,0.0,0.0,0.0,5.992770195007324,0.0,0.0,0.0,0.0,15,0.06734579801559448,0.03553804960956033,0.004113463011193782,0.03471155408130153,0
276,1774281029.5446806,15,0.0,0.0,0.0,0.0,0.0,5.992770195007324,0.0,0.0,0.0,0.0,15,0.06734579801559448,0.03552847950968544,0.0,0.032870892731612304,0
277,1774281029.6447294,14,-0.05688837596348354,-0.7964372634887695,0.0,0.04207173515691447,0.7964372634887695,5.860805511474609,0.1358921161825726,0.0,0.0,0.0,14,-0.05688837596348354,-0.03002418760417463,0.0,0.03208426464018336,0
278,1774281029.7449965,19,0.0,0.0,0.0,0.0,0.0,6.043910980224609,0.0,0.040701634005496375,0.3866655230522156,0.11866463496382453,19,0.0,0.0,0.0,0.03208426464018336,0
279,1774281029.8446772,19,0.0,0.0,0.0,0.0,0.0,5.992770195007324,0.0,0.030526225504122283,0.5799982845783234,0.1295118063479676,19,0.0,0.0,0.0,0.03208426464018336,0
280,1774281029.944662,20,0.0,0.0,0.0,0.0,0.0,5.860805511474609,0.0,0.0966663807630539,1.1599965691566467,0.26997450902753056,20,0.0,0.0,0.0,0.03208426464018336,0
281,1774281030.0449443,16,0.0,0.0,0.0,0.0,0.0,5.860805511474609,0.0,0.1329162735491991,1.3533293306827545,0.33983938838198174,16,0.0,0.0,0.0,0.03208426464018336,0
282,1774281030.144469,17,-0.03858173594755285,-0.6558895111083984,0.0,0.023816805579627065,0.6558895111083984,5.860805511474609,0.1119111545032951,0.07960760768722086,0.5799982845783234,0.1882486257239587,17,-0.03858173594755285,-0.02035823899560219,0.0,0.03240322309161232,0
283,1774281030.244864,17,0.0,0.0,0.0,0.0,0.0,5.860805511474609,0.0,0.056862576919443464,0.3866655230522156,0.12866532395353644,17,0.0,0.0,0.0,0.03240322309161232,0
284,1774281030.3444498,18,0.0,0.0,0.0,0.0,0.0,6.043910980224609,0.0,0.06444425384203593,0.3866655230522156,0.1441017323500443,18,0.0,0.0,0.0,0.03240322309161232,0
285,1774281030.4445825,17,-0.04409341251148897,-0.7495880126953125,0.0,0.031107664430533314,0.7495880126953125,5.860805511474609,0.1278984622894801,0.06823509230333216,0.3866655230522156,0.1474046465832739,17,-0.04409341251148897,-0.023212006767835625,0.0,0.03281027214116946,0
286,1774281030.544809,17,0.0,0.0,0.0,0.0,0.0,5.860805511474609,0.0,0.06823509230333216,0.5799982845783234,0.18686949633991082,17,0.09369850158691406,0.049321125455373295,0.008787852796641264,0.03281027214116946,0
287,1774281030.6445956,16,0.0,0.0,0.0,0.0,0.0,6.043910980224609,0.0,0.0,0.0,0.0,16,0.0,0.0,0.035151411186565056,0.02785838665283984,0
288,1774281030.744615,22,0.0,0.0,0.0,0.0,0.0,5.992770195007324,0.0,0.11424208635633643,0.7733310461044312,0.2517992035583764,22,0.0,0.0,0.060147970252566865,0.027858386652839844,0
289,1774281030.8447804,20,0.0,0.0,0.0,0.0,0.0,5.992770195007324,0.0,0.15466620922088622,0.7733310461044312,0.30933241844177245,20,0.0,0.0,0.05272711677984758,0.027858386652839844,0
290,1774281030.9447646,22,-0.059626319191672585,-0.7495880126953125,0.0,0.036351107512529755,0.7495880126953125,5.992770195007324,0.12508205526048816,0.10545423355969516,0.7733310461044312,0.2653873346246903,22,-0.059626319191672585,-0.03139021261158102,0.07030282237313011,0.029508775502756927,0
291,1774281031.0452025,22,-0.04046071659434925,-0.7495880126953125,0.5153417587280273,0.05552885622391803,1.2649297714233398,5.992770195007324,0.21107596825207375,0.08787852796641263,0.5799982845783234,0.19092103183778797,22,-0.04046071659434925,-0.021287158135709517,0.043939263983206314,0.029767717721165588,0
292,1774281031.144613,20,0.0,0.0,0.0,0.0,0.0,6.043910980224609,0.0,0.13533293306827546,1.1599965691566467,0.3517381307286984,20,0.1093149185180664,0.05754953213548302,0.04296283589469062,0.029767717721165588,0
293,1774281031.2450142,21,0.0,0.0,0.0,0.0,0.0,5.992770195007324,0.0,0.12888850768407187,0.9666638076305389,0.3175847502306949,21,0.0,0.0,0.0,0.021201196514182428,0
294,1774281031.344728,21,0.022309167044503347,0.0,0.4684925079345703,0.009953978684391084,0.4684925079345703,5.992770195007324,0.07817628453780509,0.09206321977433704,0.7733310461044312,0.22812366758457525,21,0.022309167044503347,0.01174246932584655,0.0,0.02235762632544914,0
295,1774281031.4452405,21,0.0,0.0,0.0,0.0,0.0,5.992770195007324,0.0,0.05523793186460223,0.3866655230522156,0.13530474751489924,21,0.0,0.0,0.016111063460508983,0.02235762632544914,0
296,1774281031.544941,21,0.0,0.0,0.0,0.0,0.0,6.043910980224609,0.0,0.05523793186460223,0.3866655230522156,0.13530474751489924,21,0.05688837596348354,0.02993791679956724,0.026025564051591434,0.02235762632544914,0
297,1774281031.6447723,19,0.0,0.0,0.0,0.0,0.0,6.043910980224609,0.0,0.07122785950961866,0.7733310461044312,0.1797335492026708,19,0.0,0.0,0.05666649906799711,0.019793417215190363,0
298,1774281031.744548,19,-0.15534225263093648,-1.499176025390625,0.0,0.2051730906169066,1.499176025390625,6.043910980224609,0.24804733727810652,0.040701634005496375,0.3866655230522156,0.11866463496382453,19,-0.15534225263093648,-0.0817646372075406,0.08436338684775613,0.03759503203056645,0
299,1774281031.8445935,20,-0.22956132888793945,-1.546025276184082,0.4684925079345703,0.31142759283397936,2.0145177841186523,5.992770195007324,0.3361580235125619,0.06766646653413773,0.5799982845783234,0.16490049267421444,20,-0.22956132888793945,-0.12082611254515999,0.10213806269303807,0.05961617818278812,0
300,1774281031.94551,18,-0.22123257319132486,-1.546025276184082,0.5153417587280273,0.3406424317928567,2.0613670349121094,5.992770195007324,0.34397565196634244,0.04296283589469062,0.3866655230522156,0.12151725040056222,18,-0.22123257319132486,-0.11640354343467288,0.08893307030200959,0.07263379672270136,0
301,1774281032.0446653,20,-0.22487640380859375,-1.546025276184082,0.0,0.2867794015060099,1.546025276184082,6.043910980224609,0.2557988165680473,0.02899991422891617,0.1933327615261078,0.06903360396656207,20,-0.1862946678610409,-0.09803969542641655,0.06692287898980655,0.08255771134476038,0
302,1774281032.14475,22,0.0,0.0,0.0,0.0,0.0,5.992770195007324,0.0,0.008787852796641264,0.1933327615261078,0.04027100063673795,22,0.0,0.0,0.06320494126815063,0.083239949089329,0
303,1774281032.2443967,22,0.023424625396728516,0.0,0.5153417587280273,0.01152297457451823,0.5153417587280273,6.043910980224609,0.08526627218934911,0.043939263983206314,0.5799982845783234,0.1294531553121419,22,0.023424625396728516,0.012329094592703812,0.06692287898980655,0.08406282014316287,0
304,1774281032.3442316,21,0.0,0.0,0.0,0.0,0.0,6.043910980224609,0.0,0.027618965932301114,0.5799982845783234,0.12351577058575229,21,0.04409341251148897,0.023211345457599494,0.04639986276626587,0.08406282014316288,0
305,1774281032.4444375,19,-0.024657500417608964,-0.4684925079345703,0.0,0.010943861883198952,0.4684925079345703,6.043910980224609,0.07751479289940828,0.0,0.0,0.0,19,-0.024657500417608964,-0.012980170441329956,0.0667876812544736,0.08419694737131776,0
306,1774281032.5443125,20,0.0,0.0,0.0,0.0,0.0,6.043910980224609,0.0,0.0,0.0,0.0,20,0.0,0.0,0.0966663807630539,0.08419694737131775,0
307,1774281032.6444533,23,0.0,0.0,0.0,0.0,0.0,6.043910980224609,0.0,0.008405772240265556,0.1933327615261078,0.03942656658922785,23,0.0,0.0,0.1238538003526628,0.08419694737131776,0
308,1774281032.7448642,22,-0.021295113997025925,-0.4684925079345703,0.0,0.009523119483072915,0.4684925079345703,6.043910980224609,0.07751479289940828,0.017575705593282528,0.1933327615261078,0.05557926115933376,22,-0.021295113997025925,-0.011207460543550544,0.1147913271561265,0.08374826019772152,0
309,1774281032.844177,23,-0.14869544817053754,-1.546025276184082,0.5153417587280273,0.20834915518372768,2.0613670349121094,5.992770195007324,0.34397565196634244,0.033623088961062225,0.3866655230522156,0.09284478902198401,23,-0.08906912897886496,-0.04689299136953587,0.10874967835843563,0.08585801077488749,0
310,1774281032.9440641,25,0.020613670349121094,0.0,0.5153417587280273,0.01019816172629362,0.5153417587280273,6.043910980224609,0.08526627218934911,0.0,0.0,0.0,25,0.061074386943470345,0.03216368451653507,0.11661341171416026,0.08736294783029637,0
311,1774281033.0447998,25,0.03373146057128906,0.0,0.5153417587280273,0.013787184207103564,0.5153417587280273,6.043910980224609,0.08526627218934911,0.07733310461044311,0.9666638076305389,0.2622493170437856,25,0.03373146057128906,0.017751655246493678,0.1184942731934209,0.08924369753785748,0
312,1774281033.144401,24,0.003904104232788086,-0.4216432571411133,0.5153417587280273,0.01845809816103383,0.9369850158691406,6.043910980224609,0.15502958579881657,0.0,0.0,0.0,24,0.003904104232788086,0.002055454982962632,0.09206321977433704,0.08934891932064257,0
313,1774281033.2445133,24,-0.017568469047546387,-0.4216432571411133,0.0,0.007098975407515695,0.4216432571411133,6.043910980224609,0.06976331360946746,0.06444425384203593,0.7733310461044312,0.18227587560084332,24,-0.03987763609204974,-0.020990601678559692,0.06751302783451384,0.08897712059777949,0
314,1774281033.3441947,24,-0.0409930944442749,-0.5621910095214844,0.0,0.018896306519522454,0.5621910095214844,6.043910980224609,0.09301775147928994,0.024166595190763474,0.1933327615261078,0.06393880090992969,24,-0.0409930944442749,-0.02158719544555532,0.060218401131082754,0.08757148390156025,0
315,1774281033.4441013,26,-0.03783977948702299,-0.5621910095214844,0.0,0.01756206522219473,0.5621910095214844,6.043910980224609,0.09301775147928994,0.05948700354649471,0.7733310461044312,0.20606902506511762,26,-0.03783977948702299,-0.019924478092141873,0.055706049931251396,0.08687402706498983,0
316,1774281033.544266,27,0.08155239952935113,-0.4216432571411133,1.546025276184082,0.11000154132983163,1.9676685333251953,6.043910980224609,0.3255621301775148,0.05012330854380572,0.9666638076305389,0.19399463529207317,27,0.08155239952935113,0.042933756386683904,0.05999982254258517,0.09103427936052624,0
317,1774281033.6441686,23,-0.02648001131804093,-0.6090402603149414,0.0,0.015426201986878673,0.6090402603149414,6.043910980224609,0.10076923076923076,0.14289812808451446,1.1599965691566467,0.370426656042779,23,0.12886224131289556,0.06783578039667762,0.050877042506870473,0.0905184881098399,0
318,1774281033.744729,21,0.0,0.0,0.0,0.0,0.0,6.043910980224609,0.0,0.16571379559380667,1.1599965691566467,0.4059142425446977,21,0.22956132888793945,0.12081313507356445,0.046666528644232916,0.08770412585671775,0
319,1774281033.8440459,19,0.029589000501130756,0.0,0.5621910095214844,0.01575916111180649,0.5621910095214844,6.043910980224609,0.09301775147928994,0.061052451008244565,0.5799982845783234,0.17799695244573677,19,0.2508215736924556,0.1321131535398569,0.02577770153681437,0.07751394198420125,0
320,1774281033.9443562,20,0.0,0.0,0.0,0.0,0.0,6.043910980224609,0.0,0.05799982845783234,0.3866655230522156,0.13806720793312413,20,0.22487640380859375,0.11837526187953862,0.027187419589608908,0.0637987645207369,0
321,1774281034.0441425,18,0.031232833862304688,0.0,0.5621910095214844,0.016583328488195548,0.5621910095214844,6.043910980224609,0.09301775147928994,0.03222212692101797,0.1933327615261078,0.07205086617502215,18,0.031232833862304688,0.016443592390206697,0.026769151595922618,0.04329288631651427,0
322,1774281034.1443155,23,0.02444308737049932,0.0,0.5621910095214844,0.013144219444441002,0.5621910095214844,6.043910980224609,0.09301775147928994,0.02521731672079667,0.1933327615261078,0.06511083179712221,23,0.0010184619737708053,0.0005360555286091037,0.024946162777562297,0.0437501820680062,0
323,1774281034.2440789,23,0.0203692394754161,0.0,0.4684925079345703,0.009127930169750692,0.4684925079345703,6.043910980224609,0.07751479289940828,0.05043463344159334,0.7733310461044312,0.163426890777108,23,0.0203692394754161,0.010721514201251201,0.009666638076305389,0.04366131058912516,0
324,1774281034.3441513,21,0.0,0.0,0.0,0.0,0.0,6.043910980224609,0.0,0.018412643954867407,0.1933327615261078,0.056751580113533366,21,0.024657500417608964,0.012979587244237646,0.003118270347195287,0.04366131058912515,0
325,1774281034.444844,20,0.0,0.0,0.0,0.0,0.0,6.043910980224609,0.0,0.019333276152610778,0.1933327615261078,0.05799982845783234,20,0.0,0.0,0.008923050531974206,0.04339675895327993,0
326,1774281034.5440686,23,-0.00611077184262483,-0.7027387619018555,1.8271207809448242,0.201411928254717,2.5298595428466797,6.043910980224609,0.4185798816568047,0.06724617792212445,0.3866655230522156,0.14655964695094822,23,-0.00611077184262483,-0.003216847054207371,0.019901901921805215,0.04340049600976745,0
327,1774281034.6440587,19,0.0,0.0,0.0,0.0,0.0,6.043910980224609,0.0,0.061052451008244565,0.3866655230522156,0.14099459609718576,19,0.021295113997025925,0.011212708457517172,0.016571379559380667,0.04340049600976744,0
328,1774281034.7446668,21,0.0,0.0,0.0,0.0,0.0,6.043910980224609,0.0,0.05523793186460223,0.3866655230522156,0.13530474751489924,21,0.14869544817053754,0.07824059230034683,0.037077515909116565,0.04319139603065633,0
329,1774281034.8441923,20,0.0,0.0,0.0,0.0,0.0,6.043910980224609,0.0,0.06766646653413773,0.5799982845783234,0.16490049267421444,20,-0.020613670349121094,-0.0108485686125539,0.02612604885487943,0.0269941196968797,0
330,1774281034.9441469,21,0.0,0.0,0.0,0.0,0.0,5.992770195007324,0.0,0.05523793186460223,0.3866655230522156,0.13530474751489924,21,-0.03373146057128906,-0.01775950333643426,0.047671091883149865,0.026802531159310118,0
331,1774281035.044472,21,0.0,0.0,0.0,0.0,0.0,6.043910980224609,0.0,0.036825287909734813,0.3866655230522156,0.09655671949035795,21,-0.003904104232788086,-0.002054715022005841,0.029536949677599802,0.02597697067757473,0
332,1774281035.143889,21,0.0,0.0,0.0,0.0,0.0,6.043910980224609,0.0,0.027618965932301114,0.1933327615261078,0.06765237375744962,21,0.017568469047546387,0.00924960199252902,0.049639492824270916,0.02598489936207993,0
333,1774281035.2445874,19,0.0,0.0,0.0,0.0,0.0,5.992770195007324,0.0,0.040701634005496375,0.3866655230522156,0.11866463496382453,19,0.0409930944442749,0.02157085370711313,0.04519467152558364,0.025571446502828676,0
334,1774281035.343925,21,-0.037925583975655694,-0.7964372634887695,0.0,0.028766998397890247,0.7964372634887695,5.992770195007324,0.13289968371426866,0.07365057581946963,0.3866655230522156,0.15183455174561764,21,-8.580448863270557e-05,-4.516444877780457e-05,0.08140326801099275,0.025310257625799817,0
335,1774281035.4446528,18,-0.08068482081095378,-0.7495880126953125,0.0,0.05214129059380765,0.7495880126953125,5.992770195007324,0.12508205526048816,0.04296283589469062,0.5799982845783234,0.13754818791307175,18,-0.1622372203403049,-0.08537063057939256,0.114365858930937,0.0301134011497285,0
336,1774281035.5443096,17,-0.2645604750689338,-1.546025276184082,0.0,0.32688869443823604,1.546025276184082,5.992770195007324,0.2579817389747568,0.1705877307583304,0.9666638076305389,0.36851161645818475,17,-0.2380804637508929,-0.12529620889039883,0.12581973369159397,0.06194093301674313,0
337,1774281035.6441717,21,-0.033463750566755025,-0.7027387619018555,0.0,0.022396452039879947,0.7027387619018555,5.992770195007324,0.11726442680670765,0.23015804943584262,1.1599965691566467,0.4368882380210146,21,-0.033463750566755025,-0.017617668091381634,0.0966663807630539,0.0620214445457946,0
338,1774281035.7446117,20,0.0,0.0,0.0,0.0,0.0,6.043910980224609,0.0,0.2996657803654671,1.5466620922088623,0.6004997735750212,20,-0.029589000501130756,-0.01556852150326765,0.050877042506870473,0.062021444545794606,0
339,1774281035.8441482,21,-0.037925583975655694,-0.7964372634887695,0.0,0.028766998397890247,0.7964372634887695,6.043910980224609,0.13177514792899409,0.3130149472327459,1.9333276152610779,0.6575917965765817,21,-0.037925583975655694,-0.01996301955954605,0.03803267439857858,0.061289133750220326,0
340,1774281035.9446456,20,0.0,0.0,0.0,0.0,0.0,6.043910980224609,0.0,0.33833233267068863,2.1266603767871857,0.6940484577496148,20,-0.031232833862304688,-0.01643398155981819,0.03624989278614521,0.061289133750220326,0
341,1774281036.0440986,21,-0.08923666817801339,-0.9838342666625977,0.0,0.07585927155374446,0.9838342666625977,6.043910980224609,0.1627810650887574,0.2209517274584089,1.1599965691566467,0.4188623571162849,21,-0.1136797555485127,-0.05983828021549338,0.03174119965354009,0.06194983379316906,0
342,1774281036.1441858,21,-0.09146758488246373,-0.9838342666625977,0.0,0.07953228968828477,0.9838342666625977,6.043910980224609,0.1627810650887574,0.23015804943584262,1.1599965691566467,0.4286628021131805,21,-0.11183682435787984,-0.05885817474390302,0.030208243988454342,0.062449233225824956,0
343,1774281036.2445118,19,-0.04931500083521793,-0.9369850158691406,0.0,0.04377544753279581,0.9369850158691406,6.043910980224609,0.15502958579881657,0.10175408501374095,0.9666638076305389,0.2966615874095612,19,-0.04931500083521793,-0.02595033871134844,0.03624989278614521,0.061418633247751965,0
344,1774281036.3442852,22,0.0,0.0,0.0,0.0,0.0,6.043910980224609,0.0,0.05272711677984758,0.5799982845783234,0.16673778347800128,22,0.0,0.0,0.04989232555512459,0.061418633247751965,0
345,1774281036.4441526,19,0.0,0.0,0.0,0.0,0.0,5.992770195007324,0.0,0.040701634005496375,0.3866655230522156,0.10073140493730813,19,0.00611077184262483,0.003216053491562074,0.061375479849558025,0.061418633247751965,0
346,1774281036.5440063,17,-0.08267514845904182,-1.405477523803711,0.0,0.10936288276359368,1.405477523803711,6.043910980224609,0.23254437869822486,0.0,0.0,0.0,17,-0.08267514845904182,-0.043514435122176946,0.06122204114993413,0.06191182313791466,0
347,1774281036.6438825,18,0.0,0.0,0.0,0.0,0.0,6.043910980224609,0.0,0.0,0.0,0.0,18,0.0,0.0,0.05924713659671045,0.061911823137914664,0
348,1774281036.7443254,21,0.0,0.0,0.0,0.0,0.0,6.043910980224609,0.0,0.018412643954867407,0.3866655230522156,0.08234384705716818,21,0.0,0.0,0.05301059590231988,0.061911823137914664,0
349,1774281036.844138,19,0.0,0.0,0.0,0.0,0.0,5.992770195007324,0.0,0.0,0.0,0.0,19,0.0,0.0,0.039894061902212716,0.061911823137914664,0
350,1774281036.9444175,20,0.0,0.0,0.0,0.0,0.0,5.992770195007324,0.0,0.0,0.0,0.0,20,0.0,0.0,0.0348632848653637,0.06191182313791466,0
351,1774281037.0442495,20,0.0,0.0,0.0,0.0,0.0,5.992770195007324,0.0,0.0,0.0,0.0,20,0.0,0.0,0.047540842998223226,0.061911823137914664,1
352,1774281037.1439924,17,0.0,0.0,0.0,0.0,0.0,5.992770195007324,0.0,0.0,0.0,0.0,17,0.0,0.0,0.05333317559340905,0.06191182313791466,1
353,1774281037.244375,16,0.0,0.0,0.0,0.0,0.0,5.992770195007324,0.0,0.0,0.0,0.0,16,0.037925583975655694,0.01995610731708104,0.09321401002151626,0.06191182313791466,1
354,1774281037.3438592,18,0.0,0.0,0.0,0.0,0.0,5.992770195007324,0.0,0.0,0.0,0.0,18,0.08068482081095378,0.04248343982752707,0.1519043126276561,0.06247442172967895,1
355,1774281037.4440613,17,0.0,0.0,0.0,0.0,0.0,5.992770195007324,0.0,0.0,0.0,0.0,17,0.2645604750689338,0.1392605571520779,0.23666596669575263,0.06209271427332649,1
356,1774281037.544029,20,0.0,0.0,0.0,0.0,0.0,5.992770195007324,0.0,0.0,0.0,0.0,20,0.033463750566755025,0.01761382335007821,0.2806443312475758,0.032232598550450735,1
357,1774281037.6441338,20,0.0,0.0,0.0,0.0,0.0,5.992770195007324,0.0,0.0,0.0,0.0,20,0.0,0.0,0.3169389533214882,0.03231739677868872,1
358,1774281037.744425,18,0.0,0.0,0.0,0.0,0.0,5.992770195007324,0.0,0.0,0.0,0.0,18,0.037925583975655694,0.01995792507337876,0.2899991422891617,0.03231739677868872,1
359,1774281037.8440974,20,0.0,0.0,0.0,0.0,0.0,5.992770195007324,0.0,0.0,0.0,0.0,20,0.0,0.0,0.2619347091644041,0.03217744710868656,1
360,1774281037.944575,19,0.0,0.0,0.0,0.0,0.0,5.992770195007324,0.0,0.0,0.0,0.0,19,0.08923666817801339,0.04695489276434422,0.18699398245967802,0.03217744710868656,1
361,1774281038.044314,19,0.0,0.0,0.0,0.0,0.0,5.992770195007324,0.0,0.0,0.0,0.0,19,0.09146758488246373,0.04813758799942748,0.12784908423500677,0.02751072574121146,1
362,1774281038.1442566,18,0.0,0.0,0.0,0.0,0.0,5.992770195007324,0.0,0.0,0.0,0.0,18,0.04931500083521793,0.02595875096345442,0.06444425384203593,0.020489118459033447,1
363,1774281038.2441788,19,0.0,0.0,0.0,0.0,0.0,5.992770195007324,0.0,0.0,0.0,0.0,19,0.0,0.0,0.03333323474588065,0.018018630863759287,1
364,1774281038.3439784,19,0.0,0.0,0.0,0.0,0.0,5.992770195007324,0.0,0.0,0.0,0.0,19,0.0,0.0,0.014320945298230206,0.018018630863759287,1
365,1774281038.4441142,19,0.0,0.0,0.0,0.0,0.0,5.992770195007324,0.0,0.0,0.0,0.0,19,0.08267514845904182,0.04351076598064815,0.006904741483075278,0.018018630863759287,1
366,1774281038.544057,19,0.0,0.0,0.0,0.0,0.0,5.992770195007324,0.0,0.0,0.0,0.0,19,0.0,0.0,0.006666646949176131,0.0,1
367,1774281038.6446235,19,0.0,0.0,0.0,0.0,0.0,5.992770195007324,0.0,0.0,0.0,0.0,19,0.0,0.0,0.006444425384203593,0.0,1
368,1774281038.744123,20,-0.053876638412475586,-1.0775327682495117,0.0,0.05515115116594416,1.0775327682495117,5.992770195007324,0.17980545443695173,0.0,0.0,0.0,20,-0.053876638412475586,-0.028356348226873374,0.0,0.011742141112883134,1
369,1774281038.8441257,18,0.0,0.0,0.0,0.0,0.0,5.992770195007324,0.0,0.0,0.0,0.0,18,0.0,0.0,0.0,0.011742141112883134,1
370,1774281038.9446323,19,0.0,0.0,0.0,0.0,0.0,5.992770195007324,0.0,0.0,0.0,0.0,19,0.0,0.0,0.0,0.011742141112883134,1
371,1774281039.0441,19,-0.056712250960500615,-1.0775327682495117,0.0,0.057893029362122435,1.0775327682495117,5.992770195007324,0.17980545443695173,0.0,0.0,0.0,19,-0.056712250960500615,-0.029846862514256507,0.0,0.016594391300975796,1
372,1774281039.144356,19,0.0,0.0,0.0,0.0,0.0,5.992770195007324,0.0,0.0,0.0,0.0,19,0.0,0.0,0.0,0.016594391300975796,1
373,1774281039.2439773,19,-0.056712250960500615,-1.0775327682495117,0.0,0.057893029362122435,1.0775327682495117,5.992770195007324,0.17980545443695173,0.0,0.0,0.0,19,-0.056712250960500615,-0.029846697731843147,0.0,0.01991954744315011,1
374,1774281039.344561,18,0.0,0.0,0.0,0.0,0.0,5.992770195007324,0.0,0.0,0.0,0.0,18,0.0,0.0,0.0,0.01991954744315011,1
375,1774281039.4444544,19,0.0,0.0,0.0,0.0,0.0,5.992770195007324,0.0,0.0,0.0,0.0,19,0.0,0.0,0.0,0.01991954744315011,1
376,1774281039.544378,19,0.0,0.0,0.0,0.0,0.0,5.992770195007324,0.0,0.0,0.0,0.0,19,0.0,0.0,0.0,0.01991954744315011,0
377,1774281039.6445174,18,0.0,0.0,0.0,0.0,0.0,5.992770195007324,0.0,0.0,0.0,0.0,18,0.0,0.0,0.0,0.01991954744315011,0
378,1774281039.7442238,18,0.0,0.0,0.0,0.0,0.0,5.992770195007324,0.0,0.0,0.0,0.0,18,0.0,0.0,0.0,0.01991954744315011,0
379,1774281039.8439617,18,0.0,0.0,0.0,0.0,0.0,5.992770195007324,0.0,0.0,0.0,0.0,18,0.0,0.0,0.0,0.01991954744315011,0
380,1774281039.9446115,17,0.0,0.0,0.0,0.0,0.0,6.043910980224609,0.0,0.0,0.0,0.0,17,0.0,0.0,0.0,0.01991954744315011,0
381,1774281040.0444512,17,0.0,0.0,0.0,0.0,0.0,6.043910980224609,0.0,0.0,0.0,0.0,17,0.0,0.0,0.0,0.01991954744315011,0
382,1774281040.1442182,19,0.0,0.0,0.0,0.0,0.0,6.043910980224609,0.0,0.0,0.0,0.0,19,0.0,0.0,0.0,0.01991954744315011,0
383,1774281040.2456284,19,0.0,0.0,0.0,0.0,0.0,5.992770195007324,0.0,0.0,0.0,0.0,19,0.0,0.0,0.0,0.01991954744315011,0
384,1774281040.344475,17,0.0,0.0,0.0,0.0,0.0,5.992770195007324,0.0,0.0,0.0,0.0,17,0.0,0.0,0.0,0.01991954744315011,0
385,1774281040.4445763,20,0.0,0.0,0.0,0.0,0.0,6.043910980224609,0.0,0.0,0.0,0.0,20,0.0,0.0,0.0,0.019919547443150106,0
386,1774281040.5440805,19,0.0,0.0,0.0,0.0,0.0,6.043910980224609,0.0,0.0,0.0,0.0,19,0.0,0.0,0.0,0.01991954744315011,0
387,1774281040.6445708,17,0.0,0.0,0.0,0.0,0.0,6.043910980224609,0.0,0.0,0.0,0.0,17,0.053876638412475586,0.028349443285808053,0.0,0.01991954744315011,0
388,1774281040.744356,18,0.0,0.0,0.0,0.0,0.0,6.043910980224609,0.0,0.0,0.0,0.0,18,0.0,0.0,0.0,0.017013675288150183,0
389,1774281040.844077,17,0.0,0.0,0.0,0.0,0.0,6.043910980224609,0.0,0.0,0.0,0.0,17,0.0,0.0,0.0,0.017013675288150183,0
390,1774281040.944693,18,0.0,0.0,0.0,0.0,0.0,6.043910980224609,0.0,0.0,0.0,0.0,18,0.056712250960500615,0.029839239487940296,0.0,0.017013675288150187,0
391,1774281041.0443542,18,0.0,0.0,0.0,0.0,0.0,6.043910980224609,0.0,0.0,0.0,0.0,18,0.0,0.0,0.0,0.012360148539876985,0
392,1774281041.1440163,18,0.0,0.0,0.0,0.0,0.0,6.043910980224609,0.0,0.0,0.0,0.0,18,0.056712250960500615,0.02984794113498614,0.0,0.012360148539876985,0
393,1774281041.244203,18,0.0,0.0,0.0,0.0,0.0,6.043910980224609,0.0,0.0,0.0,0.0,18,0.0,0.0,0.0,0.0,0
394,1774281041.3440814,18,0.0,0.0,0.0,0.0,0.0,6.043910980224609,0.0,0.0,0.0,0.0,18,0.0,0.0,0.0,0.0,0
395,1774281041.4445267,18,0.0,0.0,0.0,0.0,0.0,5.992770195007324,0.0,0.0,0.0,0.0,18,0.0,0.0,0.0,0.0,0
396,1774281041.543992,18,0.0,0.0,0.0,0.0,0.0,5.992770195007324,0.0,0.0,0.0,0.0,18,0.0,0.0,0.0,0.0,0
397,1774281041.6446009,18,0.0,0.0,0.0,0.0,0.0,5.992770195007324,0.0,0.0,0.0,0.0,18,0.0,0.0,0.0,0.0,0
398,1774281041.744366,18,0.0,0.0,0.0,0.0,0.0,6.043910980224609,0.0,0.0,0.0,0.0,18,0.0,0.0,0.0,0.0,0
399,1774281041.8440633,17,0.0,0.0,0.0,0.0,0.0,5.992770195007324,0.0,0.0,0.0,0.0,17,0.0,0.0,0.0,0.0,0
400,1774281041.9445105,16,0.0,0.0,0.0,0.0,0.0,6.043910980224609,0.0,0.0,0.0,0.0,16,0.0,0.0,0.0,0.0,0
401,1774281042.044381,16,0.0,0.0,0.0,0.0,0.0,6.043910980224609,0.0,0.0,0.0,0.0,16,0.0,0.0,0.0,0.0,0
402,1774281042.1444066,16,0.0,0.0,0.0,0.0,0.0,6.043910980224609,0.0,0.0,0.0,0.0,16,0.0,0.0,0.0,0.0,0
403,1774281042.2442174,16,0.0,0.0,0.0,0.0,0.0,5.992770195007324,0.0,0.0,0.0,0.0,16,0.0,0.0,0.0,0.0,0
404,1774281042.3442402,22,-0.04897876219315962,-1.0775327682495117,0.0,0.050377302065455744,1.0775327682495117,5.992770195007324,0.17980545443695173,0.0,0.0,0.0,22,-0.04897876219315962,-0.025782856401167575,0.0,0.010674673738984666,0
405,1774281042.4442053,22,-0.14480677517977628,-1.0775327682495117,0.0,0.13287019088287452,1.0775327682495117,5.992770195007324,0.17980545443695173,0.0,0.0,0.0,22,-0.14480677517977628,-0.07620908693608912,0.0,0.032779780016951365,0
406,1774281042.5442114,21,-0.10039125170026507,-1.0775327682495117,0.0,0.09579709085857982,1.0775327682495117,5.992770195007324,0.17980545443695173,0.018412643954867407,0.3866655230522156,0.08234384705716818,21,-0.10039125170026507,-0.05284749852484209,0.0,0.03815712616302189,0
407,1774281042.6444926,21,-0.10039125170026507,-1.0775327682495117,0.0,0.09579709085857982,1.0775327682495117,5.992770195007324,0.17980545443695173,0.018412643954867407,0.1933327615261078,0.056751580113533366,21,-0.10039125170026507,-0.0528336993930461,0.0,0.042273236911692554,0
408,1774281042.7445142,21,-0.10039125170026507,-1.0775327682495117,0.0,0.09579709085857982,1.0775327682495117,5.992770195007324,0.17980545443695173,0.09206321977433704,0.7733310461044312,0.22812366758457525,21,-0.10039125170026507,-0.05282534782243163,0.0,0.045471912472136826,0
409,1774281042.8441367,22,-0.18739700317382812,-1.0775327682495117,0.0,0.15862796167518603,1.0775327682495117,5.992770195007324,0.17980545443695173,0.043939263983206314,0.3866655230522156,0.09981082117702071,22,-0.18739700317382812,-0.09865889177696965,0.0,0.05720151336538967,0
410,1774281042.9441466,20,-0.20613670349121094,-1.0775327682495117,0.0,0.17018884733488449,1.0775327682495117,5.992770195007324,0.17980545443695173,0.038666552305221556,0.5799982845783234,0.13112465852189278,20,-0.20613670349121094,-0.10850485554836178,0.0,0.0677281767016517,0
411,1774281043.0439932,22,-0.09582801298661665,-1.0775327682495117,0.0,0.0918799637364478,1.0775327682495117,6.043910980224609,0.17828402366863905,0.06151496957648884,0.7733310461044312,0.1688091397114971,22,-0.09582801298661665,-0.05043640768387449,0.0,0.06780550279657223,0
412,1774281043.1444967,23,-0.09166157763937245,-1.0775327682495117,0.0,0.08826708474148917,1.0775327682495117,6.043910980224609,0.17828402366863905,0.04202886120132778,0.3866655230522156,0.1134000673097237,23,-0.09166157763937245,-0.04823548223674976,0.0,0.06742070715922201,0
413,1774281043.244552,22,-0.09582801298661665,-1.0775327682495117,0.0,0.0918799637364478,1.0775327682495117,6.043910980224609,0.17828402366863905,0.05272711677984758,0.3866655230522156,0.13269366731234514,22,-0.09582801298661665,-0.05042331003161503,0.0,0.06682962119740442,0
414,1774281043.3439898,22,-0.04897876219315962,-1.0775327682495117,0.0,0.050377302065455744,1.0775327682495117,6.043910980224609,0.17828402366863905,0.02636355838992379,0.1933327615261078,0.06634683365617257,22,-0.04897876219315962,-0.025785581312267512,0.0,0.06552234553634677,0
415,1774281043.444069,21,-0.0513110842023577,-1.0775327682495117,0.0,0.05265654724042886,1.0775327682495117,6.043910980224609,0.17828402366863905,0.027618965932301114,0.1933327615261078,0.06765237375744962,21,-0.0513110842023577,-0.027004741290455575,0.0,0.0640705621544745,0
416,1774281043.5439913,20,0.0,0.0,0.0,0.0,0.0,6.043910980224609,0.0,0.0,0.0,0.0,20,0.0,0.0,0.0,0.0640705621544745,0
417,1774281043.644199,21,-0.04684925079345703,-0.9838342666625977,0.0,0.043897045998164685,0.9838342666625977,6.043910980224609,0.1627810650887574,0.027618965932301114,0.1933327615261078,0.06765237375744962,21,-0.04684925079345703,-0.02465966834063774,0.0,0.06254044814480675,0
418,1774281043.7441404,21,-0.1405477523803711,-1.0306835174560547,0.0,0.11873105774741687,1.0306835174560547,6.043910980224609,0.17053254437869822,0.0,0.0,0.0,21,-0.1405477523803711,-0.07396949947054401,0.0,0.06263170070513116,0
419,1774281043.8447485,25,0.0,0.0,0.0,0.0,0.0,6.043910980224609,0.0,0.030933241844177246,0.1933327615261078,0.0708769611206588,25,0.0,0.0,0.0,0.06263170070513116,0
420,1774281043.9441416,24,-0.0409930944442749,-0.9838342666625977,0.0,0.03864997721869656,0.9838342666625977,6.043910980224609,0.1627810650887574,0.016111063460508983,0.3866655230522156,0.07726594601800069,24,-0.0409930944442749,-0.021578030299037144,0.0,0.060855599198610194,0
421,1774281044.044341,26,0.0,0.0,0.0,0.0,0.0,6.043910980224609,0.0,0.029743501773247354,0.1933327615261078,0.06975469473478775,26,0.0,0.0,0.0,0.060855599198610194,0
422,1774281044.1443853,24,-0.08003413677215576,-0.9838342666625977,0.0,0.07050581962708691,0.9838342666625977,6.043910980224609,0.1627810650887574,0.0,0.0,0.0,24,-0.08003413677215576,-0.042119506913653175,0.0,0.05837132104396259,0
423,1774281044.244226,26,0.0,0.0,0.0,0.0,0.0,6.043910980224609,0.0,0.05948700354649471,0.3866655230522156,0.1395093894695755,26,0.04897876219315962,0.025778488683668402,0.005948700354649471,0.05837132104396258,0
424,1774281044.344093,26,-0.0414435680095966,-1.0775327682495117,0.0,0.04293923323415148,1.0775327682495117,6.043910980224609,0.17828402366863905,0.04461525265987103,0.3866655230522156,0.11128999311839477,26,0.10336320717017967,0.054404900730659726,0.012083297595381737,0.05858796364203421,0
425,1774281044.444134,24,-0.08003413677215576,-0.9838342666625977,0.0,0.07050581962708691,0.9838342666625977,6.043910980224609,0.1627810650887574,0.016111063460508983,0.3866655230522156,0.07726594601800069,24,0.020357114928109307,0.01071470744552931,0.04296283589469062,0.056597854991279874,0
426,1774281044.5442011,23,-0.12832620869512143,-1.0306835174560547,0.0,0.10997496230882349,1.0306835174560547,6.043910980224609,0.17053254437869822,0.033623088961062225,0.7733310461044312,0.1577062663569114,23,-0.02793495699485636,-0.014704864907414012,0.05135401478037238,0.05753405114985047,0
427,1774281044.6443791,21,0.0,0.0,0.0,0.0,0.0,6.043910980224609,0.0,0.0,0.0,0.0,21,0.10039125170026507,0.052841257851767215,0.05830670585708013,0.05959976406224667,0
428,1774281044.7441604,21,0.0,0.0,0.0,0.0,0.0,6.043910980224609,0.0,0.0,0.0,0.0,21,0.18739700317382812,0.0986287714682273,0.04833319038152695,0.061185821018824284,0
429,1774281044.844158,20,-0.07027387619018555,-1.405477523803711,0.0,0.09382993582107702,1.405477523803711,6.043910980224609,0.23254437869822486,0.0,0.0,0.0,20,0.1358628273010254,0.0715063258974367,0.047589602837195766,0.05461192464566031,0
430,1774281044.944298,21,0.0,0.0,0.0,0.0,0.0,6.043910980224609,0.0,0.08285689779690333,0.5799982845783234,0.17467767792933472,21,0.09582801298661665,0.050427706793917206,0.05194014488761105,0.04480223980213526,0
431,1774281045.0439649,18,-0.11191765467325847,-1.0775327682495117,0.0,0.10075320449547892,1.0775327682495117,6.043910980224609,0.17828402366863905,0.0,0.0,0.0,18,-0.020256077033886016,-0.01066407808757059,0.04039789046814193,0.04574165250258409,0
432,1774281045.1447866,18,-0.1093149185180664,-1.0306835174560547,0.0,0.09584188376265956,1.0306835174560547,5.992770195007324,0.17198782598317122,0.010740708973672655,0.1933327615261078,0.04428507759247181,18,-0.013486905531449753,-0.0070974946077861185,0.035692202127896824,0.0466707537427095,0
433,1774281045.244069,20,0.0,0.0,0.0,0.0,0.0,5.992770195007324,0.0,0.0,0.0,0.0,20,0.04897876219315962,0.025777220705139735,0.018412643954867407,0.04687388553408563,0
434,1774281045.3440568,20,0.0,0.0,0.0,0.0,0.0,6.043910980224609,0.0,0.0,0.0,0.0,20,0.0513110842023577,0.027006005264351506,0.01870962208317172,0.04799867702774321,0
435,1774281045.4443755,20,-0.051534175872802734,-1.0306835174560547,0.0,0.050459654374890306,1.0306835174560547,6.043910980224609,0.17053254437869822,0.0,0.0,0.0,20,-0.051534175872802734,-0.02711776713697979,0.00935481104158586,0.048000156136216214,0
436,1774281045.5440793,20,-0.051534175872802734,-1.0306835174560547,0.0,0.050459654374890306,1.0306835174560547,5.992770195007324,0.17198782598317122,0.009666638076305389,0.1933327615261078,0.042135898498397606,20,-0.004684925079345703,-0.002465905252014262,0.020198945234070963,0.04688212247461533,0
437,1774281045.6444597,21,-0.16285691942487443,-1.405477523803711,0.0,0.1642207403350841,1.405477523803711,5.992770195007324,0.2345288536134153,0.06444425384203593,0.3866655230522156,0.13778761052753638,21,-0.022309167044503336,-0.01173969374526502,0.016571379559380667,0.05317897057215727,0
438,1774281045.7437823,21,-0.0959294182913644,-1.0306835174560547,0.0,0.08747556467842885,1.0306835174560547,6.043910980224609,0.17053254437869822,0.018412643954867407,0.1933327615261078,0.056751580113533366,21,-0.0959294182913644,-0.050514856057769696,0.02577770153681437,0.05033793596856097,0
439,1774281045.8438249,20,0.0,0.0,0.0,0.0,0.0,6.043910980224609,0.0,0.02899991422891617,0.1933327615261078,0.06903360396656207,20,0.0409930944442749,0.02157891044370946,0.01567562931292766,0.05033793596856097,0
440,1774281045.9441895,21,0.0,0.0,0.0,0.0,0.0,6.043910980224609,0.0,0.09206321977433704,0.7733310461044312,0.22812366758457525,21,0.0,0.0,0.030526225504122283,0.05153260209352298,0
441,1774281046.0447638,21,-0.10039125170026507,-1.0775327682495117,0.0,0.09579709085857982,1.0775327682495117,6.043910980224609,0.17828402366863905,0.10126954175177075,0.9666638076305389,0.23579689356526587,21,-0.020357114928109307,-0.010712137237947497,0.03561392975480933,0.05138881448879174,0
442,1774281046.1446903,17,0.0,0.0,0.0,0.0,0.0,5.992770195007324,0.0,0.056862576919443464,0.5799982845783234,0.14474848944772847,17,0.0,0.0,0.040701634005496375,0.05232728324894273,0
443,1774281046.244538,22,0.0,0.0,0.0,0.0,0.0,6.043910980224609,0.0,0.008787852796641264,0.1933327615261078,0.04027100063673795,22,0.0414435680095966,0.021807296895729477,0.03178072792209991,0.05232728324894273,0
444,1774281046.3450234,19,-0.214520253633198,-1.499176025390625,0.0,0.24982404710035822,1.499176025390625,5.992770195007324,0.2501641105209763,0.030526225504122283,0.1933327615261078,0.07049729804859288,19,-0.13448611686104223,-0.07074904889091117,0.01705877307583304,0.06332348082852474,0
445,1774281046.4444466,21,0.0,0.0,0.0,0.0,0.0,6.043910980224609,0.0,0.009206321977433703,0.1933327615261078,0.04117192352858409,21,0.12832620869512143,0.0675313866295797,0.011897400709298941,0.06437725096875607,0
446,1774281046.5445812,24,-0.09369850158691406,-1.1243820190429688,0.0,0.09657350119596231,1.1243820190429688,6.043910980224609,0.18603550295857987,0.0,0.0,0.0,24,-0.09369850158691406,-0.04930975749762391,0.0,0.0628242463909115,0
447,1774281046.644576,21,0.0,0.0,0.0,0.0,0.0,6.043910980224609,0.0,0.08285689779690333,0.5799982845783234,0.20295712127234886,21,0.0,0.0,0.028064433124757582,0.0628242463909115,0
448,1774281046.7445266,20,-0.05621910095214844,-1.1243820190429688,0.0,0.06005115892548929,1.1243820190429688,6.043910980224609,0.18603550295857987,0.05799982845783234,0.5799982845783234,0.13806720793312413,20,0.01405477523803711,0.007395814984937379,0.0294914381988978,0.06163196018820007,0
449,1774281046.8446233,22,-0.10221654718572443,-1.1243820190429688,0.0,0.10448222518571428,1.1243820190429688,5.992770195007324,0.18762308289073223,0.07909067516977136,1.1599965691566467,0.2517992035583765,22,-0.10221654718572443,-0.05378897353872205,0.033918028337913644,0.06239269193941404,0
450,1774281046.9447217,22,0.0,0.0,0.0,0.0,0.0,5.992770195007324,0.0,0.02636355838992379,0.5799982845783234,0.12081300191021387,22,0.11191765467325847,0.05888057459914799,0.003452370741537639,0.06239269193941404,0
451,1774281047.0447056,21,-0.15839508601597377,-1.1712312698364258,0.0,0.15102176459958155,1.1712312698364258,5.992770195007324,0.19544071134451274,0.05523793186460223,1.1599965691566467,0.24703154117150458,21,-0.04908016749790736,-0.025832767946486406,0.0033333234745880655,0.06517931882214391,0
452,1774281047.144946,24,-0.048801302909851074,-1.1712312698364258,0.0,0.054776044811077895,1.1712312698364258,5.992770195007324,0.19544071134451274,0.08055531730254491,0.7733310461044312,0.19266029770941992,24,-0.048801302909851074,-0.025673046145571924,0.0,0.06420931193499495,0
453,1774281047.2444484,19,0.06164375104402241,0.0,1.1712312698364258,0.06839913676999344,1.1712312698364258,5.992770195007324,0.19544071134451274,0.07122785950961866,0.5799982845783234,0.1684329809109104,19,0.06164375104402241,0.03243739434323537,0.0032222126921017964,0.06821656530630774,0
454,1774281047.3449607,20,-0.1686573028564453,-1.1712312698364258,0.0,0.16140943813525155,1.1712312698364258,5.992770195007324,0.19544071134451274,0.06766646653413773,0.5799982845783234,0.1758690653643492,20,-0.11712312698364258,-0.06162477143952456,0.025355116265719055,0.07140433563673441,0
455,1774281047.4451082,20,0.0,0.0,0.0,0.0,0.0,6.043910980224609,0.0,0.02899991422891617,0.3866655230522156,0.09221385006897403,20,0.051534175872802734,0.027108570860976487,0.031182703471952868,0.07265992344973064,0
456,1774281047.5444822,18,-0.06506840387980144,-1.1712312698364258,0.0,0.0719762521189043,1.1712312698364258,5.992770195007324,0.19544071134451274,0.03222212692101797,0.3866655230522156,0.09666638076305391,18,0.097788515545073,0.05146703010071207,0.03741924416634344,0.07264487262477352,0
457,1774281047.6452527,24,-0.048801302909851074,-1.1712312698364258,0.0,0.054776044811077895,1.1712312698364258,5.992770195007324,0.19544071134451274,0.024166595190763474,0.1933327615261078,0.06393880090992969,24,0.04712811538151332,0.024785089906097207,0.0467740552079293,0.06873836898035647,0
458,1774281047.7444675,21,-0.12270041874476842,-1.405477523803711,0.0,0.14433269092367076,1.405477523803711,6.043910980224609,0.23254437869822486,0.036825287909734813,0.1933327615261078,0.07591727587280882,21,-0.12270041874476842,-0.06455733265480486,0.07483848833268689,0.0697837767328556,0
459,1774281047.8448114,24,-0.10150671005249023,-1.2180805206298828,0.0,0.11333973404248354,1.2180805206298828,6.043910980224609,0.20153846153846153,0.008055531730254492,0.1933327615261078,0.03863297300900034,24,-0.10150671005249023,-0.053407103502276655,0.0851974881301492,0.06922328377792467,0
460,1774281047.9450495,21,-0.1293931688581194,-1.499176025390625,0.0,0.16093592736923507,1.499176025390625,5.992770195007324,0.2501641105209763,0.018412643954867407,0.3866655230522156,0.08234384705716818,21,-0.029001917157854343,-0.015261871854333735,0.05477761576573054,0.06926954387064808,0
461,1774281048.0445783,24,-0.09955465793609619,-1.2180805206298828,0.0,0.10906815517408575,1.2180805206298828,6.043910980224609,0.20153846153846153,0.0,0.0,0.0,24,-0.09955465793609619,-0.05240027618027916,0.029999911271292586,0.06924988058040148,0
462,1774281048.1446123,20,-0.12883543968200684,-1.405477523803711,0.0,0.15075891734994684,1.405477523803711,6.043910980224609,0.23254437869822486,0.02899991422891617,0.1933327615261078,0.06903360396656207,20,-0.12883543968200684,-0.06780547661211403,0.015591351735976434,0.06867094506446855,0
463,1774281048.244732,21,0.0,0.0,0.0,0.0,0.0,6.043910980224609,0.0,0.009206321977433703,0.1933327615261078,0.04117192352858409,21,0.214520253633198,0.11292272081038822,0.012083297595381737,0.06867094506446855,0
464,1774281048.3449872,21,-0.2498626708984375,-1.499176025390625,0.0,0.2705590946204341,1.499176025390625,6.043910980224609,0.24804733727810652,0.11047586372920445,0.7733310461044312,0.2706094950297985,21,-0.2498626708984375,-0.13146926310098106,0.02929284265547088,0.07261020366707854,0
465,1774281048.444893,22,-0.06814436479048296,-1.499176025390625,0.0,0.0975167435066667,1.499176025390625,6.043910980224609,0.24804733727810652,0.0,0.0,0.0,22,0.025554136796431107,0.013447339551083551,0.04461525265987103,0.07055225781953234,0
466,1774281048.5450933,20,0.0,0.0,0.0,0.0,0.0,6.043910980224609,0.0,0.02899991422891617,0.3866655230522156,0.09221385006897403,20,0.0,0.0,0.07365057581946963,0.07250530478403554,0
467,1774281048.645104,26,0.0,0.0,0.0,0.0,0.0,6.043910980224609,0.0,0.029743501773247354,0.3866655230522156,0.0879824647596481,26,0.05621910095214844,0.029580012742738315,0.054374839179217815,0.07250530478403554,0
468,1774281048.7445133,22,0.0,0.0,0.0,0.0,0.0,6.043910980224609,0.0,0.0,0.0,0.0,22,0.10221654718572443,0.05380129907092594,0.053538303191845237,0.07422223678371354,0
469,1774281048.8445265,24,-0.0956505537033081,-1.1712312698364258,0.0,0.10068503875082513,1.1712312698364258,6.043910980224609,0.1937869822485207,0.07249978557229042,0.5799982845783234,0.16567782949558735,24,-0.0956505537033081,-0.05034756842657315,0.05482570849247833,0.07410013117991872,0
470,1774281048.9446368,24,-0.10345876216888428,-1.2649297714233398,0.0,0.11778659625427679,1.2649297714233398,6.043910980224609,0.20928994082840235,0.05638872211178144,0.5799982845783234,0.15263053866481685,24,0.05493632384708949,0.028914901795864246,0.06947896117344499,0.07254495456764253,0
471,1774281049.0445938,25,-0.14429569244384766,-1.2180805206298828,0.0,0.1527476730188937,1.2180805206298828,6.043910980224609,0.20153846153846153,0.015466620922088623,0.1933327615261078,0.05244986340875713,25,-0.09549438953399658,-0.050269525710054344,0.07365057581946963,0.07180910555303009,0
472,1774281049.1447382,24,-0.09760260581970215,-1.2180805206298828,0.0,0.1049718596490834,1.2180805206298828,6.043910980224609,0.20153846153846153,0.024166595190763474,0.3866655230522156,0.08487029310508004,24,-0.15924635686372457,-0.08380109131117468,0.055706049931251396,0.07168420824696456,0
473,1774281049.2445757,25,-0.09369850158691406,-1.2180805206298828,0.0,0.10113879397977144,1.2180805206298828,6.043910980224609,0.20153846153846153,0.023199931383132935,0.1933327615261078,0.06282571118049703,25,0.07495880126953125,0.03945999548419008,0.043333205169644846,0.06414151770836345,0
474,1774281049.3445563,25,-0.14804363250732422,-1.2649297714233398,0.0,0.16078258831839776,1.2649297714233398,6.043910980224609,0.20928994082840235,0.015466620922088623,0.1933327615261078,0.05244986340875713,25,-0.14804363250732422,-0.0779403386251276,0.028064433124757582,0.06295749101088,0
475,1774281049.444697,24,-0.10150671005249023,-1.2180805206298828,0.0,0.11333973404248354,1.2180805206298828,6.043910980224609,0.20153846153846153,0.0,0.0,0.0,24,-0.0364383061726888,-0.01917588928657076,0.030687739924779012,0.05993310655745424,0
476,1774281049.5447965,28,-0.17568469047546387,-1.2649297714233398,0.0,0.18524945349136196,1.2649297714233398,6.043910980224609,0.20928994082840235,0.013809482966150557,0.1933327615261078,0.04979079892210237,28,-0.1268833875656128,-0.06679676988235861,0.02241539264070815,0.0624374826807541,0
477,1774281049.645098,25,-0.0993204116821289,-1.2649297714233398,0.0,0.1134861550781352,1.2649297714233398,6.043910980224609,0.20928994082840235,0.0,0.0,0.0,25,0.023380007062639513,0.01230118499169414,0.020504989858829613,0.06151478240585051,0
478,1774281049.7445693,25,-0.1986408233642578,-1.2649297714233398,0.0,0.20724322180285526,1.2649297714233398,6.043910980224609,0.20928994082840235,0.007733310461044311,0.1933327615261078,0.03788532930417179,25,-0.09713411331176758,-0.05112973355712396,0.008405772240265556,0.0651602308646291,0
479,1774281049.845087,23,-0.10795696921970534,-1.2649297714233398,0.0,0.12242213981302907,1.2649297714233398,6.043910980224609,0.20928994082840235,0.033623088961062225,0.3866655230522156,0.09284478902198401,23,0.021436199638414075,0.011281987504377556,0.014871750886623677,0.06517414061411284,0
480,1774281049.9445145,20,-0.06324648857116699,-1.2649297714233398,0.0,0.07600224801507238,1.2649297714233398,6.043910980224609,0.20928994082840235,0.0,0.0,0.0,20,0.0363081693649292,0.019110204532363898,0.011897400709298941,0.06538232322253747,0
481,1774281050.0447328,22,-0.057496807791969994,-1.2649297714233398,0.0,0.06942354103160155,1.2649297714233398,6.043910980224609,0.20928994082840235,0.0,0.0,0.0,22,0.07133863189003684,0.037544267330445774,0.04989232555512459,0.06599689934339903,0
482,1774281050.1450415,24,-0.05270540714263916,-1.2649297714233398,0.0,0.06389077866764126,1.2649297714233398,6.043910980224609,0.20928994082840235,0.016111063460508983,0.3866655230522156,0.07726594601800069,24,-0.05270540714263916,-0.02773516914171751,0.039270717184990644,0.0662271239056323,0
483,1774281050.2448623,20,-0.06324648857116699,-1.2649297714233398,0.0,0.07600224801507238,1.2649297714233398,6.043910980224609,0.20928994082840235,0.038666552305221556,0.1933327615261078,0.07733310461044311,20,0.1866161823272705,0.09822549705383117,0.04603160988716852,0.06315611033054773,0
484,1774281050.3452277,18,-0.062465667724609375,-1.1243820190429688,0.0,0.06633331395278219,1.1243820190429688,6.043910980224609,0.18603550295857987,0.0,0.0,0.0,18,0.005678697065873581,0.002988261311179262,0.019901901921805215,0.05266847130998854,0
485,1774281050.444448,19,-0.1257532521298057,-1.2649297714233398,0.0,0.13493781701984311,1.2649297714233398,6.043910980224609,0.20928994082840235,0.030526225504122283,0.1933327615261078,0.07049729804859288,19,-0.1257532521298057,-0.06620840876983705,0.019901901921805215,0.053150294395649014,0
486,1774281050.5444314,18,0.0,0.0,0.0,0.0,0.0,6.043910980224609,0.0,0.0,0.0,0.0,18,0.0,0.0,0.03490730416443613,0.053150294395649014,0
487,1774281050.64483,22,0.17249042337590997,0.0,3.7947893142700195,0.624811869284414,3.7947893142700195,6.043910980224609,0.6278698224852071,0.0,0.0,0.0,22,0.17249042337590997,0.09076930281807362,0.04419034549168178,0.07604390246742793,0
488,1774281050.744659,25,0.28671741485595703,0.0,3.6542415618896484,0.9457741472033376,3.6542415618896484,6.043910980224609,0.6046153846153847,0.0,0.0,0.0,25,0.38236796855926514,0.20123227465713092,0.047671091883149865,0.10957851688419652,0
489,1774281050.8451943,23,0.0,0.0,0.0,0.0,0.0,6.043910980224609,0.0,0.033623088961062225,0.1933327615261078,0.07327982347547411,23,0.10345876216888428,0.05443600690257663,0.03178072792209991,0.11029030926484558,0
490,1774281050.9449594,24,0.0,0.0,0.0,0.0,0.0,6.043910980224609,0.0,0.03222212692101797,0.3866655230522156,0.09113793780042166,24,0.14429569244384766,0.07593049101893169,0.020900839083903545,0.11064058239899266,0
491,1774281051.0445955,22,0.0,0.0,0.0,0.0,0.0,6.043910980224609,0.0,0.02636355838992379,0.1933327615261078,0.06634683365617257,22,0.09760260581970215,0.05137365143772811,0.020900839083903545,0.10938585763815481,0
492,1774281051.1445365,21,-0.058003834315708706,-1.2180805206298828,0.0,0.06728889590648375,1.2180805206298828,5.860805511474609,0.20783500122040519,0.027618965932301114,0.1933327615261078,0.06765237375744962,21,0.035694667271205356,0.01878705502353751,0.013063024427439715,0.10885267214812563,0
493,1774281051.244767,21,-0.11377675192696708,-1.2180805206298828,0.0,0.12303117653907385,1.2180805206298828,5.992770195007324,0.20325833979829325,0.027618965932301114,0.1933327615261078,0.06765237375744962,21,0.03426688058035714,0.018033201287382148,0.010043260339018586,0.10936615603691416,0
494,1774281051.344675,20,-0.11478066444396973,-1.1712312698364258,0.0,0.11862627967929029,1.1712312698364258,6.043910980224609,0.1937869822485207,0.04833319038152695,0.3866655230522156,0.12034867350009704,20,-0.013273954391479492,-0.006986372088342377,0.005021630169509293,0.10808410353511266,0
495,1774281051.4446454,22,0.004259022799405185,-1.1243820190429688,1.2180805206298828,0.12488890979229912,2.3424625396728516,6.043910980224609,0.3875739644970414,0.05272711677984758,0.3866655230522156,0.11920423501990257,22,0.17994371327486905,0.09471474793433234,0.007435875443311838,0.10786374763401374,0
496,1774281051.5446136,24,-0.14640390872955322,-1.2180805206298828,0.0,0.15022163579736514,1.2180805206298828,6.043910980224609,0.20153846153846153,0.03222212692101797,0.3866655230522156,0.10686870494422632,24,-0.047083497047424316,-0.024787106951472963,0.01324196996754163,0.10621841975639493,0
497,1774281051.6447468,21,-0.2253225871494838,-1.2180805206298828,0.0,0.21606106132339298,1.2180805206298828,6.043910980224609,0.20153846153846153,0.06444425384203593,0.3866655230522156,0.13778761052753638,21,-0.026681763785225993,-0.01404172193547547,0.014215644229860866,0.11306516058224293,0
498,1774281051.7444053,21,-0.16731875283377512,-1.2180805206298828,0.0,0.1681824238514717,1.2180805206298828,6.043910980224609,0.20153846153846153,0.11968218570663816,0.5799982845783234,0.2190253460751363,21,-0.05936178361406978,-0.03125425905162552,0.011897400709298941,0.11114504298126279,0
499,1774281051.8454049,21,0.0,0.0,0.0,0.0,0.0,6.043910980224609,0.0,0.11047586372920445,0.5799982845783234,0.22775182761842647,21,0.06324648857116699,0.033272034107487955,0.005858568531094175,0.11056428751923471,0
500,1774281051.9450786,19,0.0,0.0,0.0,0.0,0.0,6.043910980224609,0.0,0.09157867651236684,0.5799982845783234,0.21149189414577863,19,0.057496807791969994,0.030255971161756753,0.017575705593282528,0.110739999065972,0
501,1774281052.044426,21,0.0,0.0,0.0,0.0,0.0,6.043910980224609,0.0,0.07365057581946963,0.5799982845783234,0.15183455174561764,21,0.05270540714263916,0.027748677101236213,0.01870962208317172,0.11089576897060868,0
502,1774281052.1446424,20,-0.05621910095214844,-1.1243820190429688,0.0,0.06005115892548929,1.1243820190429688,6.043910980224609,0.18603550295857987,0.08699974268674851,0.3866655230522156,0.15556981696284722,20,0.007027387619018555,0.0036990533058994723,0.023742619836539552,0.11092912613185023,0
503,1774281052.244403,21,-0.1539332526070731,-1.1243820190429688,0.0,0.1423817111015301,1.1243820190429688,6.043910980224609,0.18603550295857987,0.10126954175177075,0.7733310461044312,0.2281236675845753,21,-0.09146758488246373,-0.04816174224882894,0.010545423355969516,0.11386727482629616,0
504,1774281052.3449104,20,-0.053876638412475586,-1.0775327682495117,0.0,0.05515115116594416,1.0775327682495117,6.043910980224609,0.17828402366863905,0.009666638076305389,0.1933327615261078,0.042135898498397606,20,0.07187661371733012,0.03782059257454791,0.0098304793996326,0.11379045973406897,0
505,1774281052.4450192,21,0.0,0.0,0.0,0.0,0.0,6.043910980224609,0.0,0.036825287909734813,0.1933327615261078,0.07591727587280882,21,0.0,0.0,0.0,0.1122088370616024,0
506,1774281052.5448065,23,0.0,0.0,0.0,0.0,0.0,6.043910980224609,0.0,0.0,0.0,0.0,23,-0.17249042337590997,-0.09078555661542227,0.011047586372920444,0.1122088370616024,0
507,1774281052.644863,24,0.0,0.0,0.0,0.0,0.0,6.043910980224609,0.0,0.016111063460508983,0.1933327615261078,0.05343435247211316,24,-0.28671741485595703,-0.15088770648753902,0.02148141794734531,0.10241461312110689,0
508,1774281052.744559,24,-0.09174644947052002,-1.1243820190429688,0.0,0.09263724698449494,1.1243820190429688,6.043910980224609,0.18603550295857987,0.016111063460508983,0.1933327615261078,0.05343435247211316,24,-0.09174644947052002,-0.04830375598458196,0.030821164880973705,0.07021306524386205,0
509,1774281052.8445408,25,-0.09182453155517578,-1.1712312698364258,0.0,0.0970089598922641,1.1712312698364258,6.043910980224609,0.1937869822485207,0.030933241844177246,0.3866655230522156,0.08951954061569044,25,-0.09182453155517578,-0.04833934991770236,0.028855636048672806,0.06920938228706004,0
510,1774281052.9449546,23,-0.04888617474099864,-1.1243820190429688,0.0,0.05257687777776399,1.1243820190429688,6.043910980224609,0.18603550295857987,0.05043463344159334,0.3866655230522156,0.11707885953199446,23,-0.04888617474099864,-0.025724702956593133,0.027187419589608908,0.06777379229174023,0
511,1774281053.0444913,22,-0.04471973939375444,-0.9838342666625977,0.0,0.04199695692035156,0.9838342666625977,6.043910980224609,0.1627810650887574,0.035151411186565056,0.3866655230522156,0.11115852231866752,22,0.013284094921954266,0.006991795252738801,0.03430097381914816,0.0662843432284268,0
512,1774281053.1452196,23,0.0,0.0,0.0,0.0,0.0,6.043910980224609,0.0,0.05043463344159334,0.5799982845783234,0.163426890777108,23,0.11377675192696708,0.059868239333596335,0.04296283589469062,0.06791279263327742,0
513,1774281053.244532,23,-0.04888617474099864,-1.1243820190429688,0.0,0.05257687777776401,1.1243820190429688,6.043910980224609,0.18603550295857987,0.08405772240265556,0.7733310461044312,0.2268001346194474,23,0.06589448970297108,0.034683919984108885,0.043939263983206314,0.06706057512038768,0
514,1774281053.3446407,24,0.0,0.0,0.0,0.0,0.0,6.043910980224609,0.0,0.10472191249330838,0.7733310461044312,0.2556283094599205,24,-0.004259022799405185,-0.0022415964602077614,0.049054581282743766,0.06720787586099099,0
515,1774281053.4446652,25,0.0,0.0,0.0,0.0,0.0,6.043910980224609,0.0,0.12373296737670898,0.7733310461044312,0.26156429371343975,25,0.14640390872955322,0.07705259647094873,0.07030282237313011,0.06702232355287956,0
516,1774281053.5445304,18,-0.16917785008748373,-1.546025276184082,0.0,0.22903012780122683,1.546025276184082,6.043910980224609,0.2557988165680473,0.0,0.0,0.0,18,0.05614473706200007,0.02955322739290902,0.09820076775929285,0.06871297339207019,0
517,1774281053.644913,23,0.0,0.0,0.0,0.0,0.0,6.043910980224609,0.0,0.18492698928584222,1.3533293306827545,0.4207926561024786,23,0.16731875283377512,0.08803897708189062,0.10775924412930599,0.057911930937986834,0
518,1774281053.744405,23,-0.0611077184262483,-1.405477523803711,0.0,0.0821513715277562,1.405477523803711,6.043910980224609,0.23254437869822486,0.2437673949677011,1.73999485373497,0.48448176137522214,23,-0.0611077184262483,-0.032178890481900146,0.09191229646323157,0.05103517314805999,0
519,1774281053.8446333,22,-0.11499361558393999,-0.8901357650756836,0.0,0.08394856565268852,0.8901357650756836,6.043910980224609,0.14727810650887574,0.13181779194961896,0.9666638076305389,0.33173416828086283,22,-0.11499361558393999,-0.06053714262632957,0.0837775299946467,0.0525453680273655,0
520,1774281053.9448297,20,-0.0819861888885498,-0.8432865142822266,0.0,0.06055048782371841,0.8432865142822266,6.043910980224609,0.1395266272189349,0.05799982845783234,0.5799982845783234,0.17399948537349702,20,-0.0819861888885498,-0.04314145844287281,0.08731156972146803,0.05193130561971413,0
521,1774281054.0444345,17,0.0,0.0,0.0,0.0,0.0,6.043910980224609,0.0,0.0,0.0,0.0,17,0.05621910095214844,0.02959223704511348,0.06655718019751251,0.051931305619714124,0
522,1774281054.1446948,17,-0.04684925079345703,-0.7964372634887695,0.0,0.03511763679853175,0.7964372634887695,6.043910980224609,0.13177514792899409,0.04549006153555477,0.3866655230522156,0.12457966422660721,17,0.10708400181361608,0.05635134302421097,0.04989232555512459,0.051923180768829014,0
523,1774281054.2447293,18,-0.091095765431722,-0.8432865142822266,0.0,0.06644847595617241,0.8432865142822266,6.043910980224609,0.1395266272189349,0.053703544868363276,0.3866655230522156,0.1257167753652118,18,-0.037219127019246415,-0.01959088156938219,0.015104121994227171,0.04725454446261058,0
524,1774281054.344853,23,-0.1812862313312033,-0.9369850158691406,0.0,0.11934353791032218,0.9369850158691406,6.043910980224609,0.15502958579881657,0.04202886120132778,0.3866655230522156,0.1134000673097237,23,-0.1812862313312033,-0.0954221589584703,0.01705877307583304,0.05557340452741454,0
525,1774281054.444842,19,-0.08136975137810958,-0.7964372634887695,0.0,0.05633656900540083,0.7964372634887695,6.043910980224609,0.13177514792899409,0.0,0.0,0.0,19,-0.08136975137810958,-0.04282538207858838,0.010891986564851143,0.05446588790140133,0
526,1774281054.5444832,18,-0.09369850158691406,-0.9369850158691406,0.0,0.07121076350813382,0.9369850158691406,6.043910980224609,0.15502958579881657,0.0,0.0,0.0,18,-0.09369850158691406,-0.049324858159655656,0.021187151948066606,0.05331929841710013,0
527,1774281054.64475,20,-0.0773012638092041,-0.7964372634887695,0.0,0.053834239785999216,0.7964372634887695,6.043910980224609,0.13177514792899409,0.0,0.0,0.0,20,0.014445185661315918,0.007601964823244829,0.03222212692101797,0.051425354209811105,0
528,1774281054.7444363,21,-0.07362025124686104,-0.7964372634887695,0.0,0.051541701627777034,0.7964372634887695,6.043910980224609,0.13177514792899409,0.0,0.0,0.0,21,0.018204280308314738,0.009581727512255797,0.038666552305221556,0.05112682099760761,0
529,1774281054.8447523,19,-0.08136975137810958,-0.7964372634887695,0.0,0.05633656900540083,0.7964372634887695,6.043910980224609,0.13177514792899409,0.0,0.0,0.0,19,-0.032483576637110934,-0.01709844001463054,0.04549006153555477,0.05090633410902091,0
530,1774281054.944647,18,-0.17178058624267578,-0.7964372634887695,0.0,0.10340193057345459,0.7964372634887695,6.043910980224609,0.13177514792899409,0.0,0.0,0.0,18,-0.12706084684892133,-0.06686864730027753,0.056862576919443464,0.0557948302669524,0
531,1774281055.0446897,16,-0.09662657976150513,-0.7964372634887695,0.0,0.06542546054921772,0.7964372634887695,6.043910980224609,0.13177514792899409,0.0,0.0,0.0,16,-0.09662657976150513,-0.05087028230986619,0.08009500120367323,0.055720977375696694,1
532,1774281055.1450338,17,-0.090942663304946,-0.7964372634887695,0.0,0.06209381454688485,0.7964372634887695,6.043910980224609,0.13177514792899409,0.0,0.0,0.0,17,-0.042056488563947364,-0.022129150393841127,0.10472191249330838,0.0531857879575309,1
533,1774281055.2443845,18,-0.041643778483072914,-0.7495880126953125,0.0,0.029481472867903195,0.7495880126953125,6.043910980224609,0.12402366863905326,0.0,0.0,0.0,18,-0.041643778483072914,-0.021920734040042737,0.08368134454115113,0.05340768363889646,1
534,1774281055.3448393,17,-0.090942663304946,-0.7964372634887695,0.0,0.06209381454688485,0.7964372634887695,6.043910980224609,0.13177514792899409,0.0,0.0,0.0,17,-0.090942663304946,-0.04786017309993895,0.11131280209078934,0.050380767824736716,1
535,1774281055.4444888,18,-0.08589029312133789,-0.7964372634887695,0.0,0.05907810773919664,0.7964372634887695,6.043910980224609,0.13177514792899409,0.0,0.0,0.0,18,0.08328755696614584,0.043836516730302824,0.15406204434111714,0.04671025658350933,1
536,1774281055.544427,18,-0.1275340716044108,-0.7964372634887695,0.0,0.08140598792591744,0.7964372634887695,6.043910980224609,0.13177514792899409,0.0,0.0,0.0,18,-0.1275340716044108,-0.06714037079893631,0.18764650383416345,0.043820900687289624,1
537,1774281055.6446161,20,-0.1546025276184082,-0.7964372634887695,0.0,0.0957175087989981,0.7964372634887695,6.043910980224609,0.13177514792899409,0.0,0.0,0.0,20,-0.09349480919215991,-0.04920232778259257,0.14871750886623675,0.04182334410427208,1
538,1774281055.744488,17,-0.090942663304946,-0.7964372634887695,0.0,0.06209381454688485,0.7964372634887695,6.043910980224609,0.13177514792899409,0.0,0.0,0.0,17,0.02405095227899398,0.012659364310826433,0.0688133557974282,0.04121424098186379,1
539,1774281055.8450975,19,-0.08383550141987048,-0.7964372634887695,0.0,0.05974132603572938,0.7964372634887695,6.043910980224609,0.13177514792899409,0.0,0.0,0.0,19,-0.0018493125313206737,-0.0009731851968160835,0.035802363245575515,0.04096895557906061,1
540,1774281055.944574,17,-0.04684925079345703,-0.7964372634887695,0.0,0.03511763679853175,0.7964372634887695,6.043910980224609,0.13177514792899409,0.0,0.0,0.0,17,-0.04684925079345703,-0.024655689259517503,0.033461439494903274,0.0421054327722488,1
541,1774281056.0445726,16,-0.09662657976150513,-0.7964372634887695,0.0,0.06542546054921772,0.7964372634887695,6.043910980224609,0.13177514792899409,0.0,0.0,0.0,16,-0.049777328968048096,-0.026200279469647675,0.046666528644232916,0.036643807522499475,1
542,1774281056.144544,17,-0.090942663304946,-0.7964372634887695,0.0,0.06209381454688485,0.7964372634887695,6.043910980224609,0.13177514792899409,0.0,0.0,0.0,17,0.00015310212677599466,8.05879301672935e-05,0.03222212692101797,0.03495348959006914,1
543,1774281056.2445667,16,-0.09662657976150513,-0.7964372634887695,0.0,0.06542546054921772,0.7964372634887695,6.043910980224609,0.13177514792899409,0.0,0.0,0.0,16,0.08465965156969818,0.04456442522579964,0.016111063460508983,0.03492402861001337,1
544,1774281056.3443956,16,-0.09662657976150513,-0.7964372634887695,0.0,0.06542546054921772,0.7964372634887695,6.043910980224609,0.13177514792899409,0.0,0.0,0.0,16,-0.015256828383395551,-0.00803179698979636,0.0,0.02920063818470396,1
545,1774281056.4443498,16,-0.1493319869041443,-0.8432865142822266,0.0,0.09690787322602645,0.8432865142822266,6.043910980224609,0.1395266272189349,0.0,0.0,0.0,16,-0.055633485317230225,-0.029282838002775386,0.0,0.0314596694987761,1
546,1774281056.5448568,16,-0.049777328968048096,-0.7964372634887695,0.0,0.0371667371878992,0.7964372634887695,5.992770195007324,0.13289968371426866,0.0,0.0,0.0,16,0.027523934841156006,0.014485468262308452,0.0,0.03309599227536464,1
547,1774281056.644902,15,0.0,0.0,0.0,0.0,0.0,5.992770195007324,0.0,0.0,0.0,0.0,15,0.07362025124686104,0.038738005219800586,0.0,0.038905046349090956,1
548,1774281056.7442954,15,0.0,0.0,0.0,0.0,0.0,6.043910980224609,0.0,0.0,0.0,0.0,15,0.08136975137810958,0.042836487179748535,0.0,0.04356278420705355,1
549,1774281056.8448303,15,0.0,0.0,0.0,0.0,0.0,5.992770195007324,0.0,0.0,0.0,0.0,15,0.17178058624267578,0.09040211815738777,0.0,0.04753109738112133,1
550,1774281056.9444416,15,0.0,0.0,0.0,0.0,0.0,6.043910980224609,0.0,0.0,0.0,0.0,15,0.09662657976150513,0.05086273617032438,0.0,0.046228688871376815,1
551,1774281057.0444927,17,-0.1405477523803711,-0.8432865142822266,0.0,0.0924420145137821,0.8432865142822266,6.043910980224609,0.1395266272189349,0.0,0.0,0.0,17,-0.04960508907542509,-0.02611537920726733,0.0,0.04822822540922906,1
552,1774281057.1448834,18,-0.2186298370361328,-0.8432865142822266,0.0,0.12461883613923419,0.8432865142822266,6.043910980224609,0.1395266272189349,0.03222212692101797,0.1933327615261078,0.07205086617502215,18,-0.1769860585530599,-0.09312610579409973,0.0,0.05729291558748475,1
553,1774281057.244579,19,-0.25643800434313324,-0.9369850158691406,0.0,0.1437901852986974,0.9369850158691406,6.043910980224609,0.15502958579881657,0.030526225504122283,0.1933327615261078,0.07049729804859288,19,-0.16549534103818725,-0.08711474385414929,0.0,0.06770677270161055,1
554,1774281057.344482,18,-0.22643804550170898,-0.9369850158691406,0.0,0.13467857584714693,0.9369850158691406,6.043910980224609,0.15502958579881657,0.0,0.0,0.0,18,-0.1405477523803711,-0.07397276672829181,0.0,0.07360330265407732,1
555,1774281057.4442236,20,-0.20613670349121094,-0.9369850158691406,0.0,0.12848665363662803,0.9369850158691406,6.043910980224609,0.15502958579881657,0.0,0.0,0.0,20,-0.07860263188680014,-0.04137423276953856,0.0,0.07699088143109421,1
556,1774281057.5449662,21,-0.23201533726283483,-0.9369850158691406,0.0,0.13576231527641,0.9369850158691406,6.043910980224609,0.15502958579881657,0.0,0.0,0.0,21,-0.07741280964442662,-0.040736077997047815,0.0,0.08163885762512442,0
557,1774281057.6451473,19,-0.2120545035914371,-0.9369850158691406,0.0,0.12715551523623495,0.9369850158691406,6.043910980224609,0.15502958579881657,0.0,0.0,0.0,19,-0.1211118402864911,-0.06372096189862254,0.0,0.08406837207869283,0
558,1774281057.7442586,19,-0.1257532521298057,-0.8432865142822266,0.0,0.08457173266405413,0.8432865142822266,6.043910980224609,0.1395266272189349,0.0,0.0,0.0,19,-0.041917750709935225,-0.022071719298263227,0.0,0.08391889749229207,0
559,1774281057.8447099,19,-0.2071230035079153,-0.8432865142822266,0.0,0.12044327994787292,0.8432865142822266,6.043910980224609,0.1395266272189349,0.0,0.0,0.0,19,-0.16027375271445826,-0.08434857996185614,0.0,0.08580503701904664,0
560,1774281057.9445784,18,-0.13273954391479492,-0.8432865142822266,0.0,0.08834280507130643,0.8432865142822266,6.043910980224609,0.1395266272189349,0.0,0.0,0.0,18,-0.036112964153289795,-0.01900676504372709,0.0,0.08403766243787383,0
561,1774281058.0450444,17,-0.04409341251148897,-0.7495880126953125,0.0,0.031107664430533307,0.7495880126953125,6.043910980224609,0.12402366863905326,0.0,0.0,0.0,17,0.04684925079345704,0.024651006356948835,0.0,0.08574614517039238,0
562,1774281058.144465,15,-0.05309581756591797,-0.7964372634887695,0.0,0.039468321801905404,0.7964372634887695,6.043910980224609,0.13177514792899409,0.0,0.0,0.0,15,0.04353076219558716,0.022912153987494403,0.0,0.08687087747662162,0
563,1774281058.2443228,15,0.0,0.0,0.0,0.0,0.0,6.043910980224609,0.0,0.0,0.0,0.0,15,0.09662657976150513,0.05085804490271647,0.0,0.09076786684602335,0
564,1774281058.3445609,16,-0.09662657976150513,-0.7964372634887695,0.0,0.06542546054921772,0.7964372634887695,6.043910980224609,0.13177514792899409,0.0,0.0,0.0,16,0.05270540714263916,0.027736606348030123,0.0,0.09076786684602334,0
565,1774281058.4444008,20,-0.23893117904663086,-0.8432865142822266,0.0,0.13364455654141238,0.8432865142822266,6.043910980224609,0.1395266272189349,0.0,0.0,0.0,20,-0.18915385007858276,-0.09957855675692977,0.0,0.09436625198065976,0
566,1774281058.5447104,18,-0.1769860585530599,-0.8432865142822266,0.0,0.10987809970528259,0.8432865142822266,6.043910980224609,0.1395266272189349,0.0,0.0,0.0,18,-0.1769860585530599,-0.09315995124392171,0.0,0.09356627262515486,0
567,1774281058.6448803,16,-0.09662657976150513,-0.7964372634887695,0.0,0.06542546054921772,0.7964372634887695,6.043910980224609,0.13177514792899409,0.0,0.0,0.0,16,-0.09662657976150513,-0.05084044281527833,0.0,0.08920562782155028,0
568,1774281058.744948,16,-0.09662657976150513,-0.7964372634887695,0.0,0.06542546054921772,0.7964372634887695,6.043910980224609,0.13177514792899409,0.0,0.0,0.0,16,-0.09662657976150513,-0.05085294612537958,0.0,0.08434427791810808,0
569,1774281058.8449652,15,0.0,0.0,0.0,0.0,0.0,6.043910980224609,0.0,0.0,0.0,0.0,15,0.0,0.0,0.011599965691566468,0.08434427791810808,0
570,1774281058.9445024,18,-0.22643804550170898,-1.6865730285644531,0.0,0.21271776873277304,1.6865730285644531,6.043910980224609,0.2790532544378698,0.03222212692101797,0.1933327615261078,0.07205086617502215,18,-0.08589029312133789,-0.0452051882631395,0.02148141794734531,0.08014773844457113,0
571,1774281059.044803,17,-0.1047218547147863,-0.9369850158691406,0.0,0.08250821932942232,0.9369850158691406,6.043910980224609,0.15502958579881657,0.0,0.0,0.0,17,0.11390798232134651,0.059954109491764544,0.021090846711939032,0.08072307359668629,0
572,1774281059.1444829,17,-0.1047218547147863,-0.9369850158691406,0.0,0.08250821932942232,0.9369850158691406,6.043910980224609,0.15502958579881657,0.0,0.0,0.0,17,0.15171614962834695,0.07985464931629058,0.010175408501374094,0.07951818995662117,0
573,1774281059.2444406,17,-0.1047218547147863,-0.9369850158691406,0.0,0.08250821932942232,0.9369850158691406,6.043910980224609,0.15502958579881657,0.0,0.0,0.0,17,0.12171619078692268,0.06406254857976643,0.0,0.0753553721174737,0
574,1774281059.344565,20,-0.16631484031677246,-0.9369850158691406,0.0,0.11160275231958394,0.9369850158691406,6.043910980224609,0.15502958579881657,0.0,0.0,0.0,20,0.03982186317443848,0.02095511146011553,0.0,0.07277449144834723,0
575,1774281059.444543,21,-0.19632066999162948,-0.9369850158691406,0.0,0.12429533183199147,0.9369850158691406,6.043910980224609,0.15502958579881657,0.0,0.0,0.0,21,0.03569466727120535,0.018790853745585534,0.0,0.07229958566459761,0
576,1774281059.5444748,18,-0.08589029312133789,-0.7964372634887695,0.0,0.05907810773919664,0.7964372634887695,6.043910980224609,0.13177514792899409,0.0,0.0,0.0,18,0.1261642104700992,0.06642572666923903,0.0,0.0690101483853978,0
577,1774281059.6496327,18,-0.17178058624267578,-0.7964372634887695,0.0,0.10340193057345459,0.7964372634887695,5.992770195007324,0.13289968371426866,0.02148141794734531,0.1933327615261078,0.06075862520028111,18,-0.04602733411287008,-0.0241565870541162,0.0,0.06695340354043339,0
578,1774281059.7494516,16,-0.05856156349182129,-0.9369850158691406,0.0,0.05144185077909924,0.9369850158691406,6.043910980224609,0.15502958579881657,0.0,0.0,0.0,16,0.148561440016094,0.0779955807231112,0.0,0.06832616866291431,0
579,1774281059.8488832,16,-0.04684925079345703,-0.7495880126953125,0.0,0.032922784498623514,0.7495880126953125,6.043910980224609,0.12402366863905326,0.012083297595381737,0.1933327615261078,0.046798410354181585,16,0.08589029312133789,0.04510322911576512,0.0,0.0667988138537688,0
580,1774281059.9493794,19,-0.12821900217156662,-0.9369850158691406,0.0,0.08891279787772305,0.9369850158691406,5.992770195007324,0.15635256907561018,0.010175408501374094,0.1933327615261078,0.04317060211598919,19,-0.08412558966007766,-0.04417583497095691,0.0,0.06672944598197164,0
581,1774281060.0491474,18,-0.13794501622517905,-0.9369850158691406,0.0,0.09620091824381737,0.9369850158691406,6.043910980224609,0.15502958579881657,0.02148141794734531,0.1933327615261078,0.06075862520028111,18,-0.08484919865926108,-0.04454768876710198,0.0,0.0652213298607325,0
582,1774281060.149535,18,-0.05205472310384115,-0.9369850158691406,0.0,0.04606480135609874,0.9369850158691406,6.043910980224609,0.15502958579881657,0.0,0.0,0.0,18,-0.05205472310384115,-0.027322271025499105,0.0,0.0652707689522394,0
583,1774281060.2493417,17,-0.055116765639361215,-0.9369850158691406,0.0,0.04860572567270831,0.9369850158691406,6.043910980224609,0.15502958579881657,0.0,0.0,0.0,17,0.04150981412214391,0.021792435492752706,0.0,0.061427940046554295,0
584,1774281060.3494444,16,0.0,0.0,0.0,0.0,0.0,6.043910980224609,0.0,0.0,0.0,0.0,16,0.23893117904663086,0.1254203204572726,0.0,0.06645585702895097,0
585,1774281060.449057,20,-0.18739700317382812,-0.9838342666625977,0.0,0.14069003242411782,0.9838342666625977,5.992770195007324,0.16417019752939072,0.0,0.0,0.0,20,-0.01041094462076822,-0.0054669376097638955,0.0,0.062375276248454445,0
586,1774281060.5490973,18,-0.05205472310384115,-0.9369850158691406,0.0,0.04606480135609874,0.9369850158691406,5.992770195007324,0.15635256907561018,0.0,0.0,0.0,18,0.04457185665766398,0.023406920821457063,0.0,0.06159131767230722,0
587,1774281060.6492393,18,-0.09630123774210612,-0.9369850158691406,0.0,0.07474014020027023,0.9369850158691406,6.043910980224609,0.15502958579881657,0.0,0.0,0.0,18,0.00032534201939900254,0.00017084676267138112,0.011836699685271906,0.06159320500351117,0
588,1774281060.7491498,18,-0.08328755696614583,-0.7495880126953125,0.0,0.055494537163111896,0.7495880126953125,6.043910980224609,0.12402366863905326,0.0,0.0,0.0,18,-0.08328755696614583,-0.043739224572829916,0.011599965691566468,0.061737175254293446,0
589,1774281060.8491757,18,-0.1509586970011393,-0.9838342666625977,0.0,0.11499942173840183,0.9838342666625977,6.043910980224609,0.1627810650887574,0.010740708973672655,0.1933327615261078,0.04428507759247181,18,0.07547934850056967,0.03962850059230996,0.011153813164967757,0.05779310455541732,0
590,1774281060.9497564,18,-0.1509586970011393,-0.9838342666625977,0.0,0.11499942173840183,0.9838342666625977,6.043910980224609,0.1627810650887574,0.010740708973672655,0.1933327615261078,0.04428507759247181,18,-0.04623684228635301,-0.024271901008318643,0.0,0.05230137564042633,0
591,1774281061.0491202,17,-0.11298936956069049,-0.9838342666625977,0.0,0.09581403673232625,0.9838342666625977,6.043910980224609,0.1627810650887574,0.0,0.0,0.0,17,-0.008267514845904184,-0.004340729170044631,0.0,0.052316707528618604,0
592,1774281061.1491568,19,-0.18246550309030632,-0.9838342666625977,0.0,0.12681503953320208,0.9838342666625977,6.043910980224609,0.1627810650887574,0.0,0.0,0.0,19,-0.07774364837552002,-0.04081639364478364,0.0,0.0548221706727666,0
593,1774281061.2493258,20,-0.21550655364990234,-0.9369850158691406,0.0,0.14077782651611415,0.9369850158691406,6.043910980224609,0.15502958579881657,0.0,0.0,0.0,20,-0.04919171333312988,-0.025825663969590743,0.0,0.05931942115679999,0
594,1774281061.3492565,23,-0.18943392712136972,-0.9838342666625977,0.0,0.13082813368753582,0.9838342666625977,6.043910980224609,0.1627810650887574,0.0,0.0,0.0,23,0.006886742870259754,0.003615631641074891,0.006783605667582729,0.06049162835964628,0
595,1774281061.449248,20,-0.1686573028564453,-0.9369850158691406,0.0,0.11487856937719698,0.9369850158691406,6.043910980224609,0.15502958579881657,0.0,0.0,0.0,20,-0.08276700973510742,-0.04345242163230902,0.007435875443311838,0.05897548983439233,0
596,1774281061.5490158,17,-0.13503607581643498,-0.7964372634887695,0.0,0.08518153424142132,0.7964372634887695,6.043910980224609,0.13177514792899409,0.0,0.0,0.0,17,0.0367445104262408,0.019345497516355618,0.011599965691566468,0.058679464283340275,0
597,1774281061.6495194,19,-0.17999975304854543,-0.9369850158691406,0.0,0.12297252802754555,0.9369850158691406,6.043910980224609,0.15502958579881657,0.0,0.0,0.0,19,-0.12143818955672414,-0.06391255572967489,0.007581676922592462,0.059076658078083454,0
598,1774281061.7495377,21,-0.20970617021833146,-0.9838342666625977,0.0,0.14269028444074622,0.9838342666625977,6.043910980224609,0.1627810650887574,0.0,0.0,0.0,21,-0.16285691942487443,-0.08568464955963931,0.014591151813291153,0.060488129312153645,0
599,1774281061.8492074,19,-0.1306847522133275,-0.9369850158691406,0.0,0.09208651782385074,0.9369850158691406,6.043910980224609,0.15502958579881657,0.0,0.0,0.0,19,-0.002465750041760889,-0.0012978807015007505,0.010545423355969516,0.057644051796976604,0
600,1774281061.9498594,17,-0.055116765639361215,-0.9369850158691406,0.0,0.04860572567270831,0.9369850158691406,6.043910980224609,0.15502958579881657,0.0,0.0,0.0,17,0.08282825058581783,0.043577485704646576,0.007295575906645577,0.05997128384524206,0
601,1774281062.0492837,19,-0.1306847522133275,-0.9369850158691406,0.0,0.09208651782385074,0.9369850158691406,6.043910980224609,0.15502958579881657,0.0,0.0,0.0,19,-0.07863002910948635,-0.0413896979532491,0.0,0.05992760764802507,0
602,1774281062.149515,18,-0.13794501622517905,-0.9369850158691406,0.0,0.09620091824381738,0.9369850158691406,6.043910980224609,0.15502958579881657,0.0,0.0,0.0,18,-0.08282825058581783,-0.043589842831870756,0.0,0.05743437934994287,0
603,1774281062.2492063,19,-0.1331505022550884,-0.9369850158691406,0.0,0.09524807792344155,0.9369850158691406,6.043910980224609,0.15502958579881657,0.010175408501374094,0.1933327615261078,0.04317060211598919,19,-0.1331505022550884,-0.070087994284582,0.0,0.05471859622835528,0
604,1774281062.3490634,16,-0.05856156349182129,-0.9369850158691406,0.0,0.05144185077909924,0.9369850158691406,6.043910980224609,0.15502958579881657,0.0,0.0,0.0,16,0.12883543968200684,0.06780790151688927,0.0,0.04863907217106788,0
605,1774281062.4497173,15,0.0,0.0,0.0,0.0,0.0,5.992770195007324,0.0,0.0,0.0,0.0,15,0.05205472310384115,0.02738828569151491,0.0,0.055758421062575905,0
606,1774281062.5489736,16,-0.049777328968048096,-0.7964372634887695,0.0,0.0371667371878992,0.7964372634887695,6.043910980224609,0.13177514792899409,0.0,0.0,0.0,16,0.04652390877405803,0.024489692998996955,0.0035802363245575515,0.05591687870317526,0
607,1774281062.6496263,19,-0.17013675288150185,-0.9369850158691406,0.0,0.10979125438155925,0.9369850158691406,6.043910980224609,0.15502958579881657,0.010175408501374094,0.1933327615261078,0.04317060211598919,19,-0.08684919591535602,-0.045698643440385885,0.007160472649115103,0.05610222901968688,0
608,1774281062.7491531,17,-0.09921017815085019,-0.9369850158691406,0.0,0.07485281753597078,0.9369850158691406,6.043910980224609,0.15502958579881657,0.0,0.0,0.0,17,0.051748518850289124,0.02723638586871828,0.007295575906645577,0.05551159505152054,0
609,1774281062.8492277,18,-0.13534228006998697,-0.9369850158691406,0.0,0.09288831708747441,0.9369850158691406,6.043910980224609,0.15502958579881657,0.0,0.0,0.0,18,0.015616416931152344,0.008221454607529094,0.0035802363245575515,0.05536382006212672,0
610,1774281062.9498136,18,-0.08589029312133789,-0.7964372634887695,0.0,0.05907810773919664,0.7964372634887695,6.043910980224609,0.13177514792899409,0.02148141794734531,0.1933327615261078,0.06075862520028111,18,0.027099076439352596,0.014257468460059557,0.0,0.05607714651729863,0
611,1774281063.0491152,19,0.0,0.0,0.0,0.0,0.0,6.043910980224609,0.0,0.0,0.0,0.0,19,0.18246550309030632,0.09603657941572918,0.0,0.06270669360082734,0
612,1774281063.1496344,17,0.0,0.0,0.0,0.0,0.0,6.043910980224609,0.0,0.022745030767777386,0.1933327615261078,0.062289832113303606,17,0.21550655364990234,0.11340608184810134,0.0,0.06659731940663188,0
613,1774281063.2490525,15,0.0,0.0,0.0,0.0,0.0,6.043910980224609,0.0,0.0,0.0,0.0,15,0.18943392712136972,0.09971277243325126,0.0,0.0667752309456383,0
614,1774281063.348875,16,-0.049777328968048096,-0.7964372634887695,0.0,0.0371667371878992,0.7964372634887695,6.043910980224609,0.13177514792899409,0.0,0.0,0.0,16,0.11887997388839722,0.06258069386653192,0.0,0.06468987839281153,0
615,1774281063.4497523,19,-0.04931500083521793,-0.9369850158691406,0.0,0.04377544753279581,0.9369850158691406,6.043910980224609,0.15502958579881657,0.0,0.0,0.0,19,0.08572107498121706,0.045098871836331954,0.0,0.06324530374541702,0
616,1774281063.5490541,16,-0.09662657976150513,-0.7964372634887695,0.0,0.06542546054921772,0.7964372634887695,6.043910980224609,0.13177514792899409,0.0,0.0,0.0,16,0.0833731732870403,0.04389136623092232,0.0,0.062442358311466675,0
617,1774281063.6494074,16,0.0,0.0,0.0,0.0,0.0,5.992770195007324,0.0,0.0,0.0,0.0,16,0.20970617021833146,0.1103792393663891,0.0,0.06158557548026086,0
618,1774281063.749568,17,-0.08818682502297794,-0.7495880126953125,0.0,0.058326870807249964,0.7495880126953125,5.992770195007324,0.12508205526048816,0.011372515383888693,0.1933327615261078,0.04549006153555478,17,0.042497927190349574,0.02236308600713263,0.0,0.05397338438632852,0
619,1774281063.8491476,16,-0.04684925079345703,-0.7495880126953125,0.0,0.032922784498623514,0.7495880126953125,6.043910980224609,0.12402366863905326,0.0,0.0,0.0,16,0.008267514845904184,0.00435295440886126,0.0,0.05260925511451671,0
620,1774281063.9493508,19,-0.08136975137810958,-0.7964372634887695,0.0,0.05633656900540083,0.7964372634887695,6.043910980224609,0.13177514792899409,0.0,0.0,0.0,19,0.049315000835217934,0.025954347122327616,0.003452370741537639,0.052565782955203214,0
621,1774281064.0445607,17,-0.04684925079345703,-0.7964372634887695,0.0,0.03511763679853175,0.7964372634887695,6.043910980224609,0.13177514792899409,0.0,0.0,0.0,17,0.09109576543172201,0.04807048330158271,0.0036477879533227883,0.050927710962772925,0
622,1774281064.1443486,19,-0.12082175204628393,-0.7964372634887695,0.0,0.07793245645491341,0.7964372634887695,6.043910980224609,0.13177514792899409,0.0,0.0,0.0,19,0.012328750208804473,0.006505448218529185,0.0038666552305221557,0.049851130343450505,0
623,1774281064.244462,17,-0.09921017815085019,-0.9369850158691406,0.0,0.07485281753597078,0.9369850158691406,5.992770195007324,0.15635256907561018,0.0,0.0,0.0,17,-0.0406486146590289,-0.021445945089826984,0.0,0.04806829565816006,0
624,1774281064.344906,19,-0.16273950275621915,-0.7964372634887695,0.0,0.09943106513213092,0.7964372634887695,6.043910980224609,0.13177514792899409,0.020350817002748187,0.1933327615261078,0.05933231748191226,19,-0.16273950275621915,-0.08586980992678839,0.0038666552305221557,0.052635589516750556,0
625,1774281064.4442148,19,-0.12082175204628393,-0.7964372634887695,0.0,0.07793245645491341,0.7964372634887695,6.043910980224609,0.13177514792899409,0.010175408501374094,0.1933327615261078,0.04317060211598919,19,-0.07104442307823583,-0.03748568826452323,0.003717937721655919,0.05127343614133203,0
626,1774281064.5443804,19,-0.16273950275621915,-0.7964372634887695,0.0,0.09943106513213092,0.7964372634887695,5.992770195007324,0.13289968371426866,0.0,0.0,0.0,19,0.007397250125282695,0.003904068526171087,0.0035802363245575515,0.054300225342468644,0
627,1774281064.6447175,19,-0.16273950275621915,-0.7964372634887695,0.0,0.09943106513213092,0.7964372634887695,6.043910980224609,0.13177514792899409,0.020350817002748187,0.1933327615261078,0.05933231748191226,19,-0.06352932460536896,-0.033514729103122184,0.007295575906645577,0.053712426858254,0
628,1774281064.744641,18,-0.17178058624267578,-0.7964372634887695,0.0,0.10340193057345459,0.7964372634887695,6.043910980224609,0.13177514792899409,0.02148141794734531,0.1933327615261078,0.06075862520028111,18,-0.03643830617268881,-0.01922446374857337,0.00703028223731301,0.05719712113946987,0
629,1774281064.8446465,19,-0.08136975137810958,-0.7964372634887695,0.0,0.05633656900540083,0.7964372634887695,6.043910980224609,0.13177514792899409,0.030526225504122283,0.1933327615261078,0.07049729804859288,19,0.004520541743228315,0.0023857205897686753,0.014320945298230206,0.05597372939048152,0
630,1774281064.9445784,20,-0.2506434917449951,-0.9369850158691406,0.0,0.14777391822207164,0.9369850158691406,6.043910980224609,0.15502958579881657,0.06766646653413773,0.5799982845783234,0.1531483490484555,20,-0.2506434917449951,-0.13223337072047328,0.007581676922592462,0.06706050577555471,0
631,1774281065.0444875,21,-0.18739700317382812,-0.8432865142822266,0.0,0.11266908472862269,0.8432865142822266,6.043910980224609,0.1395266272189349,0.018412643954867407,0.1933327615261078,0.056751580113533366,21,-0.18739700317382812,-0.09889790489947267,0.008055531730254492,0.0669796382866175,0
632,1774281065.1444104,23,-0.20980316659678583,-0.8901357650756836,0.0,0.12536797182235765,0.8901357650756836,6.043910980224609,0.14727810650887574,0.033623088961062225,0.1933327615261078,0.07327982347547411,23,-0.20980316659678583,-0.1106931690525909,0.0,0.06708834472224737,0
633,1774281065.2443626,21,-0.27886458805629183,-0.9369850158691406,0.0,0.15666567051363126,0.9369850158691406,6.043910980224609,0.15502958579881657,0.09206321977433704,0.5799982845783234,0.1944256631750854,21,-0.22908725908824373,-0.12085927942939878,0.0,0.07171106148086477,0
634,1774281065.3446918,19,-0.12328750208804481,-0.7964372634887695,0.0,0.08114265594065177,0.7964372634887695,5.992770195007324,0.13289968371426866,0.030526225504122283,0.3866655230522156,0.09436285647756704,19,-0.0739725012528269,-0.0390368686039796,0.0,0.06969926632855705,0
635,1774281065.44439,18,-0.13273954391479492,-0.8432865142822266,0.0,0.08834280507130643,0.8432865142822266,6.043910980224609,0.1395266272189349,0.04296283589469062,0.5799982845783234,0.13754818791307175,18,-0.036112964153289795,-0.019053595677274937,0.0039455665617573014,0.06737876187113237,0
636,1774281065.5447211,16,-0.04684925079345703,-0.7495880126953125,0.0,0.032922784498623514,0.7495880126953125,6.043910980224609,0.12402366863905326,0.0,0.0,0.0,16,-0.04684925079345703,-0.02471846734935761,0.0039455665617573014,0.06949747050107595,0
637,1774281065.6465523,18,-0.041643778483072914,-0.7495880126953125,0.0,0.029481472867903202,0.7495880126953125,5.992770195007324,0.12508205526048816,0.02148141794734531,0.1933327615261078,0.06075862520028111,18,0.04654304653990502,0.0245352824421943,0.003717937721655919,0.0661520711720912,0
638,1774281065.744413,18,-0.13794501622517905,-0.9369850158691406,0.0,0.09620091824381738,0.9369850158691406,6.043910980224609,0.15502958579881657,0.03222212692101797,0.1933327615261078,0.07205086617502215,18,-0.09109576543172201,-0.04806491390436506,0.0,0.06543309274288114,0
639,1774281065.8446972,19,-0.22438325380024157,-0.9369850158691406,0.0,0.14175949092703707,0.9369850158691406,5.992770195007324,0.15635256907561018,0.061052451008244565,0.3866655230522156,0.14099459609718576,19,-0.143013502422132,-0.07545507364066283,0.0,0.06514140915903889,0
640,1774281065.944302,17,-0.15157110550824335,-0.9369850158691406,0.0,0.10781357525777611,0.9369850158691406,5.992770195007324,0.15635256907561018,0.04549006153555477,0.3866655230522156,0.12457966422660721,17,-0.10472185471478632,-0.05512426801715883,0.0,0.06364321011347132,0
641,1774281066.0495212,18,0.0,0.0,0.0,0.0,0.0,6.043910980224609,0.0,0.16111063460508981,0.9666638076305389,0.32382836780420154,18,0.12082175204628393,0.06341774645833276,0.00703028223731301,0.06795490239228033,0
642,1774281066.1495092,17,0.0,0.0,0.0,0.0,0.0,6.043910980224609,0.0,0.022745030767777386,0.3866655230522156,0.09098012307110956,17,0.09921017815085019,0.052077543948820186,0.010545423355969516,0.07472396284357509,0
643,1774281066.2490299,20,-0.09135603904724121,-0.9369850158691406,0.0,0.07516820414110725,0.9369850158691406,6.043910980224609,0.15502958579881657,0.019333276152610778,0.1933327615261078,0.05799982845783234,20,0.07138346370897794,0.03748887774109338,0.010175408501374094,0.07494356415937514,0
644,1774281066.3494945,18,-0.091095765431722,-0.8901357650756836,0.0,0.06693622091170758,0.8901357650756836,6.043910980224609,0.14727810650887574,0.02148141794734531,0.1933327615261078,0.06075862520028111,18,0.029725986614561925,0.015601902233623366,0.010175408501374094,0.07533568016880815,0
645,1774281066.4491787,20,-0.04216432571411133,-0.8432865142822266,0.0,0.033778776895587725,0.8432865142822266,6.043910980224609,0.1395266272189349,0.0,0.0,0.0,20,0.12057517704210782,0.06330075944903091,0.013809482966150557,0.07789674431076289,0
646,1774281066.5491226,22,-0.11712312698364258,-0.8901357650756836,0.0,0.08694608088045573,0.8901357650756836,6.043910980224609,0.14727810650887574,0.0,0.0,0.0,22,0.04561637577257657,0.02395308401796335,0.024166595190763474,0.07755479167906003,0
647,1774281066.6496663,20,-0.04450678825378418,-0.8901357650756836,0.0,0.03763622981267645,0.8901357650756836,6.043910980224609,0.14727810650887574,0.0,0.0,0.0,20,0.1272737979888916,0.06680950733111772,0.040701634005496375,0.07910637705205051,0
648,1774281066.7491858,20,-0.04450678825378418,-0.8901357650756836,0.0,0.03763622981267645,0.8901357650756836,6.043910980224609,0.14727810650887574,0.0,0.0,0.0,20,0.036862963124325396,0.019355317173307948,0.038666552305221556,0.07989886421456004,0
649,1774281066.8490505,17,0.0,0.0,0.0,0.0,0.0,6.043910980224609,0.0,0.0,0.0,0.0,17,0.2506434917449951,0.13160785609797776,0.039270717184990644,0.08349166133580226,0
650,1774281066.9491107,21,0.0,0.0,0.0,0.0,0.0,6.043910980224609,0.0,0.05523793186460223,0.3866655230522156,0.12143972742590917,21,0.18739700317382812,0.0983905878512159,0.047589602837195766,0.08030986419341767,0
651,1774281067.0498893,21,0.0,0.0,0.0,0.0,0.0,6.043910980224609,0.0,0.0,0.0,0.0,21,0.20980316659678583,0.11010521324397805,0.052169157872124325,0.08029567868902447,0
652,1774281067.14959,22,-0.04046071659434925,-0.8901357650756836,0.0,0.034378461333893225,0.8901357650756836,6.043910980224609,0.14727810650887574,0.043939263983206314,0.5799982845783234,0.1294531553121419,22,0.23840387146194258,0.12513145077573293,0.05666649906799711,0.07590789047308749,0
653,1774281067.2491922,21,0.0,0.0,0.0,0.0,0.0,6.043910980224609,0.0,0.036825287909734813,0.1933327615261078,0.07591727587280882,21,0.12328750208804481,0.0647348231694346,0.025534515673259518,0.06262656268901311,0
654,1774281067.349793,21,-0.0825439180646624,-0.8901357650756836,0.0,0.06478049327801717,0.8901357650756836,6.043910980224609,0.14727810650887574,0.0,0.0,0.0,21,0.05019562585013253,0.0263438382937537,0.022307626329935513,0.06139617933196021,0
655,1774281067.448993,21,-0.035694667271205356,-0.7495880126953125,0.0,0.02548218543204119,0.7495880126953125,6.043910980224609,0.12402366863905326,0.04603160988716852,0.3866655230522156,0.11789844678263292,21,0.011154583522251675,0.0058576634290332455,0.018589688608279593,0.059615964945919545,0
656,1774281067.5489829,22,-0.14906579797918146,-0.8901357650756836,0.0,0.10049158464042662,0.8901357650756836,6.043910980224609,0.14727810650887574,0.0,0.0,0.0,22,-0.10742201949610855,-0.0564656724941018,0.038666552305221556,0.06261069831089515,0
657,1774281067.6494548,22,-0.07879192178899591,-0.8901357650756836,0.0,0.06213155239884863,0.8901357650756836,5.992770195007324,0.14853494062182968,0.07030282237313011,0.5799982845783234,0.16012229841419537,22,0.059153094436183135,0.03105080964867645,0.04654307221924817,0.06244988295102868,0
658,1774281067.749216,23,-0.06518156632133153,-0.7495880126953125,0.0,0.04461068417507244,0.7495880126953125,5.992770195007324,0.12508205526048816,0.05043463344159334,0.3866655230522156,0.11707885953199446,23,0.15920168747891006,0.0835915528425288,0.08950590811393878,0.06026656549659914,0
659,1774281067.8494632,21,-0.035694667271205356,-0.7495880126953125,0.0,0.02548218543204119,0.7495880126953125,5.992770195007324,0.12508205526048816,0.07365057581946963,0.5799982845783234,0.17370453566149519,21,0.115876438237038,0.06082238171945468,0.0780766921547743,0.047714101401308676,0
660,1774281067.9493198,22,-0.07240338758988814,-0.8432865142822266,0.0,0.052622037372180054,0.8432865142822266,6.043910980224609,0.1395266272189349,0.02636355838992379,0.1933327615261078,0.06634683365617257,22,-0.07240338758988814,-0.03811108523976322,0.0667876812544736,0.04240094760943888,0
661,1774281068.0490637,23,-0.032590783160665764,-0.7495880126953125,0.0,0.023367501234561775,0.7495880126953125,6.043910980224609,0.12402366863905326,0.05043463344159334,0.3866655230522156,0.13022166359424442,23,-0.032590783160665764,-0.017157066730299157,0.021090846711939032,0.041071553215117636,0
662,1774281068.1499798,24,-0.031232833862304688,-0.7495880126953125,0.0,0.022436267954617506,0.7495880126953125,6.043910980224609,0.12402366863905326,0.024166595190763474,0.1933327615261078,0.06393880090992969,24,0.06012320518493652,0.03162797896242419,0.013333293898352262,0.03966641096648469,0
663,1774281068.2493482,22,-0.07240338758988814,-0.8432865142822266,0.0,0.052622037372180054,0.8432865142822266,6.043910980224609,0.1395266272189349,0.017575705593282528,0.1933327615261078,0.05557926115933376,22,0.018692377841833863,0.009838851159570927,0.006444425384203593,0.038952047493651,0
664,1774281068.3495197,19,-0.044383500751696135,-0.8432865142822266,0.0,0.03545811250156461,0.8432865142822266,6.043910980224609,0.1395266272189349,0.030526225504122283,0.1933327615261078,0.07049729804859288,19,-0.002219175037584807,-0.0011677772557428627,0.0,0.03791072749144443,0
665,1774281068.4494977,19,0.0,0.0,0.0,0.0,0.0,6.043910980224609,0.0,0.050877042506870473,0.3866655230522156,0.1057459470728893,19,0.11712312698364258,0.061631582770557004,0.0,0.03939970388078175,0
666,1774281068.54933,21,-0.0825439180646624,-0.8901357650756836,0.0,0.06478049327801717,0.8901357650756836,6.043910980224609,0.14727810650887574,0.08285689779690333,0.5799982845783234,0.17467767792933472,21,-0.038037129810878215,-0.020023086231598607,0.0,0.036983665884607164,0
667,1774281068.6499958,23,0.0,0.0,0.0,0.0,0.0,6.043910980224609,0.0,0.008405772240265556,0.1933327615261078,0.03942656658922785,23,0.04450678825378418,0.023414643324145588,0.019999940847528392,0.03829815510375121,0
668,1774281068.7497964,24,-0.09955465793609619,-0.8432865142822266,0.0,0.06956081377573753,0.8432865142822266,6.043910980224609,0.1395266272189349,0.03222212692101797,0.1933327615261078,0.07205086617502215,24,-0.09955465793609619,-0.052376627289519494,0.0196609587992652,0.040210909664247924,0
669,1774281068.849665,20,-0.11946558952331543,-0.8432865142822266,0.0,0.08109430535085949,0.8432865142822266,6.043910980224609,0.1395266272189349,0.07733310461044311,0.5799982845783234,0.177192402801647,20,-0.11946558952331543,-0.06285829195050067,0.033229068387299776,0.04175854641013259,0
670,1774281068.9491494,20,0.0,0.0,0.0,0.0,0.0,6.043910980224609,0.0,0.13533293306827546,1.5466620922088623,0.36733224689960475,20,0.0,0.0,0.027187419589608908,0.04175854641013259,0
671,1774281069.0493236,20,0.0,0.0,0.0,0.0,0.0,6.043910980224609,0.0,0.0966663807630539,0.5799982845783234,0.20732628917049448,20,0.04046071659434925,0.02129810084945965,0.027187419589608908,0.04175854641013259,0
672,1774281069.1497586,20,-0.04450678825378418,-0.8901357650756836,0.0,0.03763622981267645,0.8901357650756836,6.043910980224609,0.14727810650887574,0.0966663807630539,0.5799982845783234,0.19810712888050344,20,-0.04450678825378418,-0.0234176452191938,0.027618965932301114,0.04171144015719423,0
673,1774281069.2491114,21,-0.04238741738455636,-0.8901357650756836,0.0,0.035933863050651826,0.8901357650756836,6.043910980224609,0.14727810650887574,0.08285689779690333,0.5799982845783234,0.17467767792933472,21,0.04015650068010603,0.02114258435151435,0.015104121994227171,0.04004358637423269,0
674,1774281069.3494196,22,0.0,0.0,0.0,0.0,0.0,6.043910980224609,0.0,0.035151411186565056,0.3866655230522156,0.09464807122150211,22,0.035694667271205356,0.0187824495715872,0.038666552305221556,0.04117040971766477,0
675,1774281069.4492545,19,0.0,0.0,0.0,0.0,0.0,6.043910980224609,0.0,0.08140326801099275,0.3866655230522156,0.15763675066671695,19,0.14906579797918146,0.0784444674819424,0.04039789046814193,0.04251633082129585,0
676,1774281069.5492074,18,0.0,0.0,0.0,0.0,0.0,6.043910980224609,0.0,0.04296283589469062,0.3866655230522156,0.10302126135733425,18,0.07879192178899591,0.04147483261178552,0.06444425384203593,0.03693479484026853,0
677,1774281069.6494565,20,0.0,0.0,0.0,0.0,0.0,6.043910980224609,0.0,0.08699974268674851,0.5799982845783234,0.20710081189968624,20,0.06518156632133153,0.03430174707940644,0.04979783251430049,0.03690184906124703,0
678,1774281069.748908,23,-0.0407384789508322,-0.9369850158691406,0.0,0.03651172067900276,0.9369850158691406,6.043910980224609,0.15502958579881657,0.058840405681858894,0.3866655230522156,0.12005844168097751,23,-0.005043811679626843,-0.00265541364008601,0.04979783251430049,0.03635283486523664,0
679,1774281069.8490183,18,-0.09630123774210612,-0.8901357650756836,0.0,0.07425239524473505,0.8901357650756836,5.860805511474609,0.15187942396875762,0.0966663807630539,0.5799982845783234,0.1851020267024872,18,-0.023897850152217986,-0.012579812114520892,0.033623088961062225,0.03866248496302077,0
680,1774281069.9491212,17,0.0,0.0,0.0,0.0,0.0,5.860805511474609,0.0,0.09098012307110954,0.9666638076305389,0.24017287803981133,17,0.032590783160665764,0.017152524189519094,0.030821164880973705,0.038747956254552525,0
681,1774281070.0490253,20,0.0,0.0,0.0,0.0,0.0,5.811095237731934,0.0,0.1836661234498024,0.9666638076305389,0.369235206863845,20,0.031232833862304688,0.01644659614466677,0.023794801418597883,0.03950574539144198,0
682,1774281070.1489315,19,0.0,0.0,0.0,0.0,0.0,5.811095237731934,0.0,0.2035081700274819,1.3533293306827545,0.4135774726173675,19,0.07240338758988814,0.03811540461376105,0.03222212692101797,0.040182957182450685,0
683,1774281070.2489758,23,0.2627631892328677,0.0,3.092050552368164,0.7253966105900874,3.092050552368164,5.811095237731934,0.5320942827250907,0.1344923558442489,0.7733310461044312,0.29311929390189645,23,0.3071466899845638,0.1617024485306468,0.055706049931251396,0.07483517154740028,0
684,1774281070.3491025,23,0.1222154368524966,0.0,2.810955047607422,0.32860548611102486,2.810955047607422,5.992770195007324,0.4690577072268306,0.1344923558442489,0.7733310461044312,0.29311929390189645,23,0.1222154368524966,0.06433729637982383,0.04603160988716852,0.08021894273846701,0
685,1774281070.4495177,21,-0.0513110842023577,-1.0775327682495117,0.0,0.05265654724042886,1.0775327682495117,6.043910980224609,0.17828402366863905,0.08285689779690333,0.7733310461044312,0.21154517337427114,21,0.031232833862304694,0.016436709571497496,0.03980380384361043,0.08077182085417363,0
686,1774281070.5490746,22,0.0,0.0,0.0,0.0,0.0,6.043910980224609,0.0,0.14060564474626022,0.7733310461044312,0.2982696146195617,22,0.0,0.0,0.037512326863274645,0.07902879602997236,0
687,1774281070.6497073,24,-0.09369850158691406,-1.1243820190429688,0.0,0.09657350119596231,1.1243820190429688,5.992770195007324,0.18762308289073223,0.12888850768407187,0.9666638076305389,0.29355754709269155,24,0.005856156349182129,0.0030823320538439646,0.07854143436998129,0.081310347266122,0
688,1774281070.749027,22,-0.05110827359286221,-1.1243820190429688,0.0,0.05485316822250001,1.1243820190429688,5.992770195007324,0.18762308289073223,0.07030282237313011,0.7733310461044312,0.22231704463733504,22,0.06835731593045322,0.03598961798244244,0.10311080614725748,0.0793077594298836,0
689,1774281070.8443112,22,-0.05110827359286221,-1.1243820190429688,0.0,0.05485316822250001,1.1243820190429688,5.992770195007324,0.18762308289073223,0.0966663807630539,1.1599965691566467,0.2590554072739143,22,-0.05110827359286221,-0.026967761687788458,0.10955523153146109,0.07581463971944184,0
690,1774281070.9444702,26,-0.13334017533522385,-1.1712312698364258,0.0,0.13636656301205005,1.1712312698364258,6.043910980224609,0.1937869822485207,0.014871750886623677,0.3866655230522156,0.07435875443311839,26,-0.13334017533522385,-0.0703587652520079,0.09191229646323157,0.08083893538017017,0
691,1774281071.0493252,26,-0.0828871360191932,-1.1712312698364258,3.5136938095092773,0.7154049641446455,4.684925079345703,6.043910980224609,0.7751479289940828,0.05205112810318287,0.5799982845783234,0.13731225389775223,26,-0.03838034776540902,-0.02020479131780742,0.07058180182699174,0.08228179665332365,0
692,1774281071.1491296,25,-0.1386737823486328,-1.1712312698364258,0.0,0.14108159407442145,1.1712312698364258,6.043910980224609,0.1937869822485207,0.05413317322731018,0.3866655230522156,0.12847540243012934,25,-0.09628636496407644,-0.05067654835876553,0.06548367729110102,0.08641885835063581,0
693,1774281071.249217,25,-0.23237228393554688,-1.2180805206298828,0.0,0.2162333368232794,1.2180805206298828,5.992770195007324,0.20325833979829325,0.023199931383132935,0.3866655230522156,0.08329030267492185,25,-0.23237228393554688,-0.12231424208441219,0.05242922346470719,0.09803711426869101,0
694,1774281071.3492377,23,-0.0998092734295389,-1.1712312698364258,0.0,0.10464757033702358,1.1712312698364258,6.043910980224609,0.1937869822485207,0.06724617792212445,0.9666638076305389,0.20243780287788898,23,-0.0998092734295389,-0.05253166192681422,0.07122785950961866,0.09895324483033024,0
695,1774281071.4490857,23,-0.15480622001316235,-1.2180805206298828,0.0,0.15983005727233457,1.2180805206298828,6.043910980224609,0.20153846153846153,0.033623088961062225,0.1933327615261078,0.07327982347547411,23,-0.15480622001316235,-0.08148217861608308,0.06338779066429763,0.10197455028915123,0
696,1774281071.5491416,22,-0.05323778499256481,-1.1712312698364258,0.0,0.05951949676920573,1.1712312698364258,6.043910980224609,0.1937869822485207,0.06151496957648884,0.3866655230522156,0.1352872741826749,22,-0.05323778499256481,-0.02802453088019207,0.07923473833037205,0.10153582904324993,0
697,1774281071.6493738,24,0.10345876216888428,-1.1712312698364258,3.6542415618896484,0.6028489545339966,4.825472831726074,6.043910980224609,0.7984023668639053,0.03222212692101797,0.3866655230522156,0.09113793780042166,24,0.1441972411197165,0.07587468644253763,0.07999976339011357,0.10621029059644732,0
698,1774281071.7492037,20,0.0,0.0,0.0,0.0,0.0,6.043910980224609,0.0,0.038666552305221556,0.3866655230522156,0.0985807523638404,20,0.09630123774210612,0.05067991810075047,0.1265450802716342,0.10655799889298057,0
699,1774281071.8497026,20,0.0,0.0,0.0,0.0,0.0,6.043910980224609,0.0,0.02899991422891617,0.1933327615261078,0.06903360396656207,20,0.0,0.0,0.16226142485226905,0.10596678650358209,0
700,1774281071.9493823,22,0.0,0.0,0.0,0.0,0.0,6.043910980224609,0.0,0.035151411186565056,0.3866655230522156,0.09464807122150211,22,0.0,0.0,0.17150486909574078,0.1059667865035821,0
701,1774281072.0492032,23,0.0,0.0,0.0,0.0,0.0,6.043910980224609,0.0,0.05043463344159334,0.3866655230522156,0.13022166359424442,23,0.0,0.0,0.15466620922088622,0.10596678650358209,0
702,1774281072.1492574,24,-0.09955465793609619,-1.2180805206298828,0.0,0.10906815517408575,1.2180805206298828,6.043910980224609,0.20153846153846153,0.06444425384203593,0.7733310461044312,0.21373740988845263,24,-0.36231784716896387,-0.19066533836834373,0.1183081077995585,0.10665006747637908,0
703,1774281072.2492275,27,-0.13534228006998697,-1.2649297714233398,0.0,0.1467028438481874,1.2649297714233398,6.043910980224609,0.20928994082840235,0.0,0.0,0.0,27,-0.2575577169224836,-0.13554777359540426,0.1201006548874306,0.08331786232403383,0
704,1774281072.349357,25,0.0,0.0,0.0,0.0,0.0,6.043910980224609,0.0,0.1391995882987976,1.1599965691566467,0.37695426708298213,25,0.0513110842023577,0.027008120058972896,0.1183081077995585,0.07385115075843693,0
705,1774281072.449166,26,0.0,0.0,0.0,0.0,0.0,6.043910980224609,0.0,0.05948700354649471,0.7733310461044312,0.20606902506511762,26,0.0,0.0,0.11372515383888693,0.07511702209963203,0
706,1774281072.5490496,25,0.0,0.0,0.0,0.0,0.0,6.043910980224609,0.0,0.015466620922088623,0.3866655230522156,0.07577065860834357,25,0.09369850158691406,0.04933207756207651,0.09950950960902606,0.07511702209963203,0
707,1774281072.649952,23,0.0,0.0,0.0,0.0,0.0,6.043910980224609,0.0,0.0,0.0,0.0,23,0.05110827359286221,0.026886003243628682,0.05799982845783234,0.07585756845125567,0
708,1774281072.749215,24,-0.09955465793609619,-1.2180805206298828,0.0,0.10906815517408575,1.2180805206298828,6.043910980224609,0.20153846153846153,0.0,0.0,0.0,24,-0.04844638434323398,-0.02543245918816729,0.05225209770975886,0.07642008827950658,0
709,1774281072.8496773,24,-0.09955465793609619,-1.2180805206298828,0.0,0.10906815517408575,1.2180805206298828,6.043910980224609,0.20153846153846153,0.0,0.0,0.0,24,0.03378551739912766,0.017733251354111672,0.04017304135607434,0.07690223555384172,0
710,1774281072.9494364,23,-0.10388312132462212,-1.2180805206298828,0.0,0.1133605945899674,1.2180805206298828,6.043910980224609,0.20153846153846153,0.0,0.0,0.0,23,-0.020995985305428913,-0.011049871882671512,0.0432454861308399,0.07578201180253955,0
711,1774281073.049495,22,-0.17249042337590997,-1.3117790222167969,0.0,0.18863485768446858,1.3117790222167969,6.043910980224609,0.2170414201183432,0.02636355838992379,0.1933327615261078,0.06634683365617257,22,-0.03381664102727716,-0.017794810340267392,0.047671091883149865,0.079567895297366,0
712,1774281073.1492944,22,-0.057496807791969994,-1.2649297714233398,0.0,0.06942354103160155,1.2649297714233398,6.043910980224609,0.20928994082840235,0.017575705593282528,0.3866655230522156,0.0805420012734759,22,0.17487547614357687,0.09203597779270387,0.04084494961819179,0.07771900668847738,0
713,1774281073.2491622,20,-0.2178490161895752,-4.356980323791504,0.0,0.9017056832405501,4.356980323791504,6.043910980224609,0.720887573964497,0.0,0.0,0.0,20,-0.1180397427600363,-0.06212864865096672,0.054019448073471296,0.07615943314328226,0
714,1774281073.34937,23,-0.4236801810886549,-4.356980323791504,0.0,0.9637268673222781,4.356980323791504,6.043910980224609,0.720887573964497,0.016811544480531113,0.3866655230522156,0.0788531331784557,23,-0.26887396107549255,-0.1414914402260852,0.04202886120132778,0.1099452233430327,0
715,1774281073.449319,24,-0.011712312698364258,-1.546025276184082,1.2649297714233398,0.16612288344930448,2.810955047607422,6.043910980224609,0.4650887573964497,0.0,0.0,0.0,24,0.041525472294200554,0.02185347314552485,0.043939263983206314,0.10921807345068046,0
716,1774281073.5494227,23,-0.3055385921312415,-2.904653549194336,0.0,0.521777382857958,2.904653549194336,6.043910980224609,0.4805917159763314,0.008405772240265556,0.1933327615261078,0.03942656658922785,23,-0.4089973543001258,-0.21525621734209974,0.033229068387299776,0.12068982777358538,0
717,1774281073.6492453,24,0.0,0.0,0.0,0.0,0.0,6.043910980224609,0.0,0.008055531730254492,0.1933327615261078,0.03863297300900034,24,0.0,0.0,0.03430097381914816,0.11473630294926981,0
718,1774281073.749168,23,0.0,0.0,0.0,0.0,0.0,6.043910980224609,0.0,0.008405772240265556,0.1933327615261078,0.03942656658922785,23,0.0,0.0,0.038666552305221556,0.11473630294926981,0
719,1774281073.8494453,22,-0.11925263838334517,-1.405477523803711,0.0,0.14301004572294646,1.405477523803711,6.043910980224609,0.23254437869822486,0.02636355838992379,0.1933327615261078,0.06634683365617257,22,-0.11925263838334517,-0.06276246419533742,0.05043463344159334,0.11318296684038066,0
720,1774281073.9493322,23,0.0,0.0,0.0,0.0,0.0,6.043910980224609,0.0,0.033623088961062225,0.3866655230522156,0.09284478902198401,23,0.0,0.0,0.0365764683968312,0.11318296684038066,0
721,1774281074.0492618,21,0.0,0.0,0.0,0.0,0.0,6.043910980224609,0.0,0.009206321977433703,0.1933327615261078,0.04117192352858409,21,0.09955465793609619,0.052397067408054714,0.06614015525893162,0.11318296684038066,0
722,1774281074.149166,21,0.0,0.0,0.0,0.0,0.0,6.043910980224609,0.0,0.009206321977433703,0.1933327615261078,0.04117192352858409,21,0.13534228006998697,0.0712350816254482,0.06444425384203593,0.11492995271120379,0
723,1774281074.249215,23,0.0,0.0,0.0,0.0,0.0,6.043910980224609,0.0,0.016811544480531113,0.1933327615261078,0.054475630259036005,23,0.0,0.0,0.07122785950961866,0.11588356952815501,0
724,1774281074.3497717,23,0.0,0.0,0.0,0.0,0.0,6.043910980224609,0.0,0.0,0.0,0.0,23,0.0,0.0,0.02612604885487943,0.11588356952815501,0
725,1774281074.4496777,22,-0.12777068398215555,-1.405477523803711,0.0,0.16325347685267858,1.405477523803711,6.043910980224609,0.23254437869822486,0.0,0.0,0.0,22,-0.12777068398215555,-0.06722550543202611,0.005370354486836327,0.11478351325308303,0
726,1774281074.549283,20,-0.1311779022216797,-1.405477523803711,0.0,0.1557467192014883,1.405477523803711,6.043910980224609,0.23254437869822486,0.0,0.0,0.0,20,-0.1311779022216797,-0.06906531605604158,0.0,0.11336740412711858,0
727,1774281074.6494894,21,0.0,0.0,0.0,0.0,0.0,6.043910980224609,0.0,0.0,0.0,0.0,21,0.09955465793609619,0.05238961904834794,0.0,0.11336740412711863,0
728,1774281074.7495642,21,0.0,0.0,0.0,0.0,0.0,6.043910980224609,0.0,0.027618965932301114,0.1933327615261078,0.06765237375744962,21,0.09955465793609619,0.05240030905907774,0.008405772240265556,0.11516358206471305,0
729,1774281074.849424,21,0.0,0.0,0.0,0.0,0.0,6.043910980224609,0.0,0.027618965932301114,0.1933327615261078,0.06765237375744962,21,0.10388312132462212,0.05467568789601717,0.014427818024336403,0.11672008096230271,0
730,1774281074.9488523,21,0.0,0.0,0.0,0.0,0.0,6.043910980224609,0.0,0.0,0.0,0.0,21,0.17249042337590997,0.09081515187347096,0.015104121994227171,0.11800372594253648,0
731,1774281075.0493584,19,-0.0665752511275442,-1.2649297714233398,0.0,0.07978075312852036,1.2649297714233398,6.043910980224609,0.20928994082840235,0.020350817002748187,0.3866655230522156,0.08634120423197839,19,-0.009078443335574206,-0.00477796715056131,0.011897400709298941,0.11601995042200333,0
732,1774281075.149042,20,0.0,0.0,0.0,0.0,0.0,6.043910980224609,0.0,0.02899991422891617,0.1933327615261078,0.06903360396656207,20,0.2178490161895752,0.11466463738692753,0.0057711272097345605,0.1170773230466837,0
733,1774281075.2493052,22,-0.059626319191672585,-1.3117790222167969,0.0,0.07466125674729168,1.3117790222167969,6.043910980224609,0.2170414201183432,0.008787852796641264,0.1933327615261078,0.04027100063673795,22,0.3640538618969823,0.19161382618517026,0.008285689779690334,0.11207025143678648,0
734,1774281075.349744,25,0.0,0.0,0.0,0.0,0.0,6.043910980224609,0.0,0.023199931383132935,0.1933327615261078,0.06282571118049703,25,0.011712312698364258,0.00616299590475979,0.005445993282425571,0.07598585819636851,0
735,1774281075.4490654,25,-0.15179157257080078,-1.3117790222167969,0.0,0.1691405858764483,1.3117790222167969,6.043910980224609,0.2170414201183432,0.015466620922088623,0.1933327615261078,0.05244986340875713,25,0.15374701956044073,0.0809347037111353,0.008285689779690334,0.0793378037212329,0
736,1774281075.5495603,23,0.0,0.0,0.0,0.0,0.0,6.043910980224609,0.0,0.0,0.0,0.0,23,0.0,0.0,0.014009620400442593,0.0535036786534612,0
737,1774281075.6495738,25,0.0,0.0,0.0,0.0,0.0,6.043910980224609,0.0,0.0,0.0,0.0,25,0.0,0.0,0.022745030767777386,0.053503678653461194,0
738,1774281075.7488081,23,0.0,0.0,0.0,0.0,0.0,6.043910980224609,0.0,0.0,0.0,0.0,23,0.11925263838334517,0.06278560274321277,0.0234342741243767,0.053503678653461194,0
739,1774281075.8492806,24,0.0,0.0,0.0,0.0,0.0,5.992770195007324,0.0,0.0,0.0,0.0,24,0.0,0.0,0.017846101063948412,0.0500729029520923,0
740,1774281075.949102,24,0.0,0.0,0.0,0.0,0.0,6.043910980224609,0.0,0.024166595190763474,0.1933327615261078,0.06393880090992969,24,0.0,0.0,0.011897400709298941,0.0500729029520923,0
741,1774281076.0492575,23,0.0,0.0,0.0,0.0,0.0,5.992770195007324,0.0,0.0,0.0,0.0,23,0.0,0.0,0.00865669081460184,0.050072902952092296,0
742,1774281076.1490362,25,0.0,0.0,0.0,0.0,0.0,5.992770195007324,0.0,0.0,0.0,0.0,25,0.0,0.0,0.0056862576919443466,0.050072902952092296,0
743,1774281076.248917,26,-0.09910418437077449,-1.3117790222167969,0.0,0.1179018810156327,1.3117790222167969,5.992770195007324,0.21889359670585426,0.0,0.0,0.0,26,-0.09910418437077449,-0.05218356962539725,0.0,0.05203611840882818,0
744,1774281076.3494406,24,0.0,0.0,0.0,0.0,0.0,5.992770195007324,0.0,0.0,0.0,0.0,24,0.12777068398215555,0.06725612236931443,0.0,0.05203611840882818,0
745,1774281076.4490352,26,-0.04865114505474384,-1.2649297714233398,0.0,0.05917334787844316,1.2649297714233398,6.043910980224609,0.20928994082840235,0.0,0.0,0.0,26,0.08252675716693585,0.043440802316966357,0.00935481104158586,0.047389930090693255,0
746,1774281076.5495996,25,0.0,0.0,0.0,0.0,0.0,6.043910980224609,0.0,0.015466620922088623,0.1933327615261078,0.05244986340875713,25,0.0,0.0,0.018412643954867407,0.04132416284544857,0
747,1774281076.6492252,26,-0.05045303931603065,-1.3117790222167969,0.0,0.06363772940562337,1.3117790222167969,6.043910980224609,0.2170414201183432,0.014871750886623677,0.1933327615261078,0.051517256266279406,26,-0.05045303931603065,-0.026558969001483558,0.018412643954867407,0.04148730647662557,0
748,1774281076.7489007,24,0.0,0.0,0.0,0.0,0.0,5.992770195007324,0.0,0.024166595190763474,0.1933327615261078,0.06393880090992969,24,0.0,0.0,0.015846947666074408,0.04148730647662557,0
749,1774281076.849948,25,0.0,0.0,0.0,0.0,0.0,5.992770195007324,0.0,0.0,0.0,0.0,25,0.0,0.0,0.016111063460508983,0.04148730647662557,0
750,1774281076.949086,25,0.0,0.0,0.0,0.0,0.0,6.043910980224609,0.0,0.0,0.0,0.0,25,0.0665752511275442,0.03504463046475864,0.01901633719928929,0.04148730647662557,0
751,1774281077.0494218,25,0.0,0.0,0.0,0.0,0.0,5.992770195007324,0.0,0.0,0.0,0.0,25,0.0,0.0,0.020198945234070963,0.04058348077130494,0
752,1774281077.1492293,25,0.0,0.0,0.0,0.0,0.0,6.043910980224609,0.0,0.023199931383132935,0.1933327615261078,0.06282571118049703,25,0.059626319191672585,0.03138352794181815,0.016111063460508983,0.04058348077130494,0
753,1774281077.2490978,24,0.0,0.0,0.0,0.0,0.0,5.992770195007324,0.0,0.0,0.0,0.0,24,0.0,0.0,0.01324196996754163,0.03978050151062917,0
754,1774281077.3495505,25,0.0,0.0,0.0,0.0,0.0,5.992770195007324,0.0,0.007733310461044311,0.1933327615261078,0.03788532930417179,25,0.15179157257080078,0.0798699118778926,0.005296787987016651,0.03978050151062917,0
755,1774281077.449123,25,0.0,0.0,0.0,0.0,0.0,5.992770195007324,0.0,0.023199931383132935,0.1933327615261078,0.06282571118049703,25,0.0,0.0,0.0,0.025268314723384137,0
756,1774281077.5494933,24,-0.048801302909851074,-1.1712312698364258,0.0,0.054776044811077895,1.1712312698364258,5.992770195007324,0.19544071134451274,0.03222212692101797,0.3866655230522156,0.09113793780042166,24,-0.048801302909851074,-0.025685984409274124,0.0,0.026518824184333226,0
757,1774281077.6491954,24,0.0,0.0,0.0,0.0,0.0,6.043910980224609,0.0,0.0,0.0,0.0,24,0.0,0.0,0.008168989923638357,0.026518824184333226,0
758,1774281077.749148,24,0.0,0.0,0.0,0.0,0.0,6.043910980224609,0.0,0.008055531730254492,0.1933327615261078,0.03863297300900034,24,0.0,0.0,0.008168989923638357,0.02651882418433323,0
759,1774281077.8491623,21,0.0,0.0,0.0,0.0,0.0,6.043910980224609,0.0,0.0,0.0,0.0,21,0.0,0.0,0.008055531730254492,0.02651882418433323,0
760,1774281077.9490836,20,0.0,0.0,0.0,0.0,0.0,6.043910980224609,0.0,0.0,0.0,0.0,20,0.0,0.0,0.0,0.02651882418433323,0
761,1774281078.0498095,26,-0.10270797289334811,-1.358628273010254,0.0,0.1266293410484039,1.358628273010254,6.043910980224609,0.22479289940828404,0.022307626329935513,0.1933327615261078,0.06176702039910063,26,-0.10270797289334811,-0.05403483603518449,0.0,0.032824880629960064,0
762,1774281078.1490448,23,0.0,0.0,0.0,0.0,0.0,6.043910980224609,0.0,0.016811544480531113,0.1933327615261078,0.054475630259036005,23,0.09910418437077449,0.052156592956744734,0.0,0.032824880629960064,0
763,1774281078.248985,22,-0.3066496415571733,-1.499176025390625,0.0,0.3223893382336284,1.499176025390625,6.043910980224609,0.24804733727810652,0.02636355838992379,0.1933327615261078,0.06634683365617257,22,-0.3066496415571733,-0.16143325160080843,0.005155540307362874,0.06940815240031763,0
764,1774281078.3495908,23,-0.13240005659020465,-1.546025276184082,0.0,0.1841103515238713,1.546025276184082,6.043910980224609,0.2557988165680473,0.0,0.0,0.0,23,-0.08374891153546081,-0.04406548856864089,0.010043260339018586,0.07267219275894514,0
765,1774281078.4488611,24,-0.1268833875656128,-1.546025276184082,0.0,0.17713906053096196,1.546025276184082,6.043910980224609,0.2557988165680473,0.008055531730254492,0.1933327615261078,0.03863297300900034,24,-0.1268833875656128,-0.06680669789909215,0.01804439107577006,0.07538435129361354,0
766,1774281078.5494823,23,-0.06721849026887314,-1.546025276184082,0.0,0.09940315954858499,1.546025276184082,6.043910980224609,0.2557988165680473,0.02521731672079667,0.1933327615261078,0.06511083179712221,23,-0.016765450952842487,-0.008822727650568697,0.012888850768407185,0.07509551937654756,0
767,1774281078.6494038,22,0.0,0.0,0.0,0.0,0.0,6.043910980224609,0.0,0.0,0.0,0.0,22,0.0,0.0,0.00783781465646383,0.07560666616500859,0
768,1774281078.749168,24,0.0,0.0,0.0,0.0,0.0,6.043910980224609,0.0,0.008055531730254492,0.1933327615261078,0.03863297300900034,24,0.0,0.0,0.0,0.07560666616500859,0
769,1774281078.8491266,25,0.0,0.0,0.0,0.0,0.0,6.043910980224609,0.0,0.007733310461044311,0.1933327615261078,0.03788532930417179,25,0.0,0.0,0.007733310461044311,0.07560666616500859,0
770,1774281078.9491415,25,0.050597190856933594,0.0,1.2649297714233398,0.06144181734271115,1.2649297714233398,6.043910980224609,0.20928994082840235,0.023199931383132935,0.1933327615261078,0.06282571118049703,25,0.050597190856933594,0.026634029459329956,0.00783781465646383,0.07769478579537906,0
771,1774281079.0496774,26,0.0,0.0,0.0,0.0,0.0,6.043910980224609,0.0,0.0,0.0,0.0,26,0.0,0.0,0.010450419541951772,0.07769478579537906,0
772,1774281079.149135,25,-0.052471160888671875,-1.3117790222167969,0.0,0.06607734540011734,1.3117790222167969,6.043910980224609,0.2170414201183432,0.030933241844177246,0.3866655230522156,0.10489972681751426,25,-0.052471160888671875,-0.027615858489555088,0.010450419541951772,0.07729600220549657,0
773,1774281079.2491026,24,0.0,0.0,0.0,0.0,0.0,6.043910980224609,0.0,0.024166595190763474,0.1933327615261078,0.06393880090992969,24,0.0,0.0,0.020900839083903545,0.07729600220549655,0
774,1774281079.349199,26,0.0,0.0,0.0,0.0,0.0,6.043910980224609,0.0,0.022307626329935513,0.1933327615261078,0.06176702039910063,26,0.0,0.0,0.018538757954558283,0.07729600220549657,0
775,1774281079.448967,22,0.0,0.0,0.0,0.0,0.0,6.043910980224609,0.0,0.02636355838992379,0.1933327615261078,0.06634683365617257,22,0.048801302909851074,0.025692013400326598,0.013425886217090819,0.07729600220549655,0
776,1774281079.5490716,24,-0.15226006507873535,-1.2649297714233398,0.0,0.16246479628279076,1.2649297714233398,6.043910980224609,0.20928994082840235,0.0,0.0,0.0,24,-0.15226006507873535,-0.08014210171900965,0.0028019240800885186,0.08112410915099758,0
777,1774281079.6489859,25,-0.052471160888671875,-1.3117790222167969,0.0,0.06607734540011734,1.3117790222167969,6.043910980224609,0.2170414201183432,0.030933241844177246,0.3866655230522156,0.10489972681751426,25,-0.052471160888671875,-0.027618755755476124,0.0029743501773247354,0.08048853447730744,0
778,1774281079.7494988,25,-0.050597190856933594,-1.2649297714233398,0.0,0.06144181734271115,1.2649297714233398,6.043910980224609,0.20928994082840235,0.038666552305221556,0.3866655230522156,0.10936552536050598,25,-0.050597190856933594,-0.026625384899409566,0.00865669081460184,0.07975949746749367,0
779,1774281079.849199,23,-0.054996946583623474,-1.2649297714233398,0.0,0.06654261093748251,1.2649297714233398,6.043910980224609,0.20928994082840235,0.07565195016239,0.5799982845783234,0.19533249539136668,23,-0.054996946583623474,-0.028944002022103104,0.014009620400442593,0.07894410751564174,0
780,1774281079.9493153,26,-0.09550039584820087,-1.2649297714233398,0.0,0.10948611598403193,1.2649297714233398,6.043910980224609,0.20928994082840235,0.05948700354649471,0.3866655230522156,0.1395093894695755,26,0.00720757704514724,0.0037944484515729676,0.021783973129702285,0.07851711524957448,0
781,1774281080.0495212,22,0.0,0.0,0.0,0.0,0.0,6.043910980224609,0.0,0.035151411186565056,0.1933327615261078,0.07456740365489042,22,0.0,0.0,0.014215644229860866,0.07872980350413586,0
782,1774281080.1489975,21,0.0,0.0,0.0,0.0,0.0,6.043910980224609,0.0,0.027618965932301114,0.1933327615261078,0.06765237375744962,21,0.3066496415571733,0.1613934869719933,0.011207696320354074,0.07872980350413586,0
783,1774281080.2491884,21,-0.2297844205583845,-1.3117790222167969,0.0,0.2253182614998765,1.3117790222167969,6.043910980224609,0.2170414201183432,0.04603160988716852,0.3866655230522156,0.11789844678263292,21,-0.09738436396817984,-0.05126578474892251,0.011047586372920444,0.06724568012552581,0
784,1774281080.3496544,19,0.0,0.0,0.0,0.0,0.0,6.043910980224609,0.0,0.030526225504122283,0.1933327615261078,0.07049729804859288,19,0.1268833875656128,0.06675285873135231,0.011207696320354074,0.06511395679403595,0
785,1774281080.4491127,19,0.0,0.0,0.0,0.0,0.0,6.043910980224609,0.0,0.040701634005496375,0.3866655230522156,0.10073140493730813,19,0.06721849026887314,0.035385037804693376,0.011207696320354074,0.06262732186107618,0
786,1774281080.5497258,21,0.0,0.0,0.0,0.0,0.0,6.043910980224609,0.0,0.027618965932301114,0.1933327615261078,0.06765237375744962,21,0.0,0.0,0.005445993282425571,0.06262439297901087,0
787,1774281080.6489205,22,-0.10860508138483221,-1.2180805206298828,0.0,0.11800052003287641,1.2180805206298828,6.043910980224609,0.20153846153846153,0.0,0.0,0.0,22,-0.10860508138483221,-0.05716801251894762,0.013063024427439715,0.06431104129140958,0
788,1774281080.7490716,24,-0.048801302909851074,-1.1712312698364258,0.0,0.054776044811077895,1.1712312698364258,6.043910980224609,0.1937869822485207,0.0,0.0,0.0,24,-0.048801302909851074,-0.025685639520503775,0.010175408501374094,0.06377290835065196,0
789,1774281080.8490524,21,0.0,0.0,0.0,0.0,0.0,6.043910980224609,0.0,0.018412643954867407,0.1933327615261078,0.056751580113533366,21,-0.050597190856933594,-0.026631348945211852,0.017806964877404664,0.06377290835065196,0
790,1774281080.9489932,21,0.0,0.0,0.0,0.0,0.0,5.992770195007324,0.0,0.018412643954867407,0.1933327615261078,0.056751580113533366,21,0.0,0.0,0.01804439107577006,0.061085871719506225,0
791,1774281081.0490468,26,0.28650118754460263,0.0,3.7947893142700195,0.9853750438562874,3.7947893142700195,5.992770195007324,0.6332279047562213,0.014871750886623677,0.3866655230522156,0.07435875443311839,26,0.3389723484332745,0.17841479620764777,0.02577770153681437,0.09402972459347948,0
792,1774281081.1442375,22,0.0,0.0,0.0,0.0,0.0,5.992770195007324,0.0,0.017575705593282528,0.1933327615261078,0.05557926115933376,22,0.0,0.0,0.024166595190763474,0.09404093936562637,0
793,1774281081.2447577,23,0.0,0.0,0.0,0.0,0.0,5.992770195007324,0.0,0.02521731672079667,0.1933327615261078,0.06511083179712221,23,0.0,0.0,0.016111063460508983,0.09404093936562635,0
794,1774281081.3445132,28,0.0853325639452253,-1.2649297714233398,3.6542415618896484,0.5267729506474911,4.919171333312988,5.992770195007324,0.8208509876469535,0.04142844889845167,0.1933327615261078,0.07932944001535168,28,0.0853325639452253,0.04501740133801878,0.0190609764884895,0.09698292510988082,0
795,1774281081.444071,23,-0.05296002263608186,-1.2180805206298828,0.0,0.06170480794751469,1.2180805206298828,5.992770195007324,0.20325833979829325,0.05043463344159334,0.3866655230522156,0.13022166359424442,23,0.09930004244265349,0.05240109151921507,0.02351344396939149,0.09709472074373647,0
796,1774281081.5444076,25,-0.1986408233642578,-1.3117790222167969,0.0,0.20759439817084058,1.3117790222167969,5.992770195007324,0.21889359670585426,0.09279972553253174,0.5799982845783234,0.21263088336197644,25,-0.14616966247558594,-0.07711722363906805,0.047671091883149865,0.10062705303612351,0
797,1774281081.6442215,26,-0.09910418437077449,-1.3117790222167969,0.0,0.1179018810156327,1.3117790222167969,6.043910980224609,0.2170414201183432,0.06692287898980655,0.5799982845783234,0.1853010611973019,26,-0.0485069935138409,-0.025601104325606007,0.05747730748073475,0.10174684315728795,0
798,1774281081.74508,25,-0.14616966247558594,-1.2649297714233398,0.0,0.1568564365243219,1.2649297714233398,6.043910980224609,0.20928994082840235,0.038666552305221556,0.3866655230522156,0.09471332326042946,25,-0.09117271589196246,-0.048089895354145096,0.0571829294654685,0.10487533921760318,0
799,1774281081.8443947,25,0.0,0.0,0.0,0.0,0.0,6.043910980224609,0.0,0.030933241844177246,0.3866655230522156,0.10489972681751426,25,0.09550039584820087,0.050393876447947517,0.04202886120132778,0.10498705772824883,0
800,1774281081.9447854,26,0.0,0.0,0.0,0.0,0.0,6.043910980224609,0.0,0.04461525265987103,0.3866655230522156,0.12353404079820127,26,0.0,0.0,0.03624989278614521,0.10408486199606422,0
801,1774281082.0441794,22,0.0,0.0,0.0,0.0,0.0,6.043910980224609,0.0,0.07030282237313011,0.3866655230522156,0.14913480730978085,22,0.0,0.0,0.0348632848653637,0.1040848619960642,0
802,1774281082.144194,22,0.0,0.0,0.0,0.0,0.0,6.043910980224609,0.0,0.008787852796641264,0.1933327615261078,0.04027100063673795,22,0.2297844205583845,0.12125791975617642,0.0393219175985304,0.10408486199606422,0
803,1774281082.244986,23,-0.11203081711478856,-1.3117790222167969,0.0,0.13183220600620843,1.3117790222167969,6.043910980224609,0.2170414201183432,0.02521731672079667,0.1933327615261078,0.06511083179712221,23,-0.11203081711478856,-0.05910882078020133,0.032768264665442,0.0953314249925213,0
804,1774281082.3442419,22,-0.17249042337590997,-1.3117790222167969,0.0,0.18863485768446864,1.3117790222167969,6.043910980224609,0.2170414201183432,0.017575705593282528,0.1933327615261078,0.05557926115933376,22,-0.17249042337590997,-0.09101776439852825,0.021827892430367007,0.10080241576590415,0
805,1774281082.4445877,20,0.0,0.0,0.0,0.0,0.0,6.043910980224609,0.0,0.019333276152610778,0.3866655230522156,0.08427179699679521,20,0.0,0.0,0.00865669081460184,0.10080241576590417,0
806,1774281082.5442367,23,0.0,0.0,0.0,0.0,0.0,6.043910980224609,0.0,0.008405772240265556,0.1933327615261078,0.03942656658922785,23,0.10860508138483221,0.05730182950049478,0.0057711272097345605,0.10080241576590415,0
807,1774281082.6441891,21,-0.06023475102015904,-1.2649297714233398,0.0,0.07256450460921099,1.2649297714233398,6.043910980224609,0.20928994082840235,0.018412643954867407,0.1933327615261078,0.056751580113533366,21,-0.011433448110307963,-0.006033107700122641,0.01171713706218835,0.09941860068789637,0
808,1774281082.7449448,22,0.0,0.0,0.0,0.0,0.0,6.043910980224609,0.0,0.0,0.0,0.0,22,0.0,0.0,0.01705877307583304,0.09942618988226226,0
809,1774281082.8442469,21,0.0,0.0,0.0,0.0,0.0,6.043910980224609,0.0,0.009206321977433703,0.1933327615261078,0.04117192352858409,21,0.0,0.0,0.016811544480531113,0.09942618988226226,0
810,1774281082.9446485,22,-0.057496807791969994,-1.2649297714233398,0.0,0.06942354103160155,1.2649297714233398,6.043910980224609,0.20928994082840235,0.0,0.0,0.0,22,-0.3439979953365726,-0.18147165956235062,0.0190609764884895,0.09953661413168309,0
811,1774281083.0447001,23,0.0,0.0,0.0,0.0,0.0,6.043910980224609,0.0,0.016811544480531113,0.1933327615261078,0.054475630259036005,23,0.0,0.0,0.029132333928591585,0.0695904611925789,0
812,1774281083.1443684,22,0.0,0.0,0.0,0.0,0.0,6.043910980224609,0.0,0.0,0.0,0.0,22,0.0,0.0,0.039189073282319145,0.0695904611925789,0
813,1774281083.2447014,23,0.0,0.0,0.0,0.0,0.0,5.992770195007324,0.0,0.0,0.0,0.0,23,-0.0853325639452253,-0.04490742738153298,0.061052451008244565,0.0695904611925789,0
814,1774281083.344331,22,0.0,0.0,0.0,0.0,0.0,6.043910980224609,0.0,0.0,0.0,0.0,22,0.05296002263608186,0.027869882767130125,0.07054033190817446,0.06413524624262698,0
815,1774281083.4445353,22,0.0,0.0,0.0,0.0,0.0,5.992770195007324,0.0,0.0,0.0,0.0,22,0.1986408233642578,0.1045407783191189,0.06614015525893162,0.06483956170743645,0
816,1774281083.544178,22,0.0,0.0,0.0,0.0,0.0,5.992770195007324,0.0,0.0,0.0,0.0,22,0.09910418437077449,0.052161292223558545,0.04578933825618342,0.05452551237306145,0
817,1774281083.644053,22,0.0,0.0,0.0,0.0,0.0,5.992770195007324,0.0,0.0,0.0,0.0,22,0.14616966247558594,0.07697300772015112,0.038157781880152855,0.05270918737545055,0
818,1774281083.74482,20,0.0,0.0,0.0,0.0,0.0,5.992770195007324,0.0,0.0,0.0,0.0,20,0.0,0.0,0.047671091883149865,0.04535834683340383,0
819,1774281083.844231,21,0.0,0.0,0.0,0.0,0.0,5.992770195007324,0.0,0.018412643954867407,0.1933327615261078,0.056751580113533366,21,0.0,0.0,0.04142844889845167,0.04535834683340384,0
820,1774281083.9447215,20,-0.0679314136505127,-1.358628273010254,0.0,0.08767886225058419,1.358628273010254,5.992770195007324,0.22671122515963477,0.0,0.0,0.0,20,-0.0679314136505127,-0.03574317900216661,0.03462676325840736,0.0462595803761581,0
821,1774281084.0443194,21,-0.0646965844290597,-1.358628273010254,0.0,0.08371296073572905,1.358628273010254,5.992770195007324,0.22671122515963477,0.009206321977433703,0.1933327615261078,0.04117192352858409,21,-0.0646965844290597,-0.03404858484796209,0.01731338162920368,0.046761848714233424,0
822,1774281084.1441498,21,-0.06023475102015904,-1.2649297714233398,0.0,0.07256450460921099,1.2649297714233398,5.992770195007324,0.21107596825207375,0.018412643954867407,0.1933327615261078,0.056751580113533366,21,0.05179606609462952,0.027273091554755467,0.020820451241273148,0.04688197025873342,0
823,1774281084.2447205,22,0.0,0.0,0.0,0.0,0.0,5.992770195007324,0.0,0.02636355838992379,0.1933327615261078,0.06634683365617257,22,0.17249042337590997,0.09076157092418162,0.014871750886623677,0.043270695418934024,0
824,1774281084.3440201,21,-0.06023475102015904,-1.2649297714233398,0.0,0.07256450460921099,1.2649297714233398,6.043910980224609,0.20928994082840235,0.027618965932301114,0.1933327615261078,0.06765237375744962,21,-0.06023475102015904,-0.031711973725809396,0.015104121994227171,0.02838588914194123,0
825,1774281084.4445906,20,0.0,0.0,0.0,0.0,0.0,5.992770195007324,0.0,0.038666552305221556,0.3866655230522156,0.11599965691566468,20,0.0,0.0,0.008787852796641264,0.028385889141941234,0
826,1774281084.5443408,21,0.0,0.0,0.0,0.0,0.0,5.992770195007324,0.0,0.036825287909734813,0.3866655230522156,0.11350316022706673,21,0.06023475102015904,0.03169996905107913,0.009062473196536303,0.02838588914194123,0
827,1774281084.6444006,23,0.0,0.0,0.0,0.0,0.0,5.992770195007324,0.0,0.06724617792212445,0.3866655230522156,0.14655964695094822,23,0.0,0.0,0.0029743501773247354,0.026962211666672464,0
828,1774281084.744298,22,0.0,0.0,0.0,0.0,0.0,5.992770195007324,0.0,0.07030282237313011,0.3866655230522156,0.14913480730978085,22,0.0,0.0,0.008787852796641264,0.026962211666672464,0
829,1774281084.8443015,22,0.0,0.0,0.0,0.0,0.0,5.992770195007324,0.0,0.07030282237313011,0.3866655230522156,0.14913480730978085,22,0.057496807791969994,0.03026700616676773,0.0057711272097345605,0.026962211666672464,0
830,1774281084.9442222,20,0.0,0.0,0.0,0.0,0.0,5.992770195007324,0.0,0.05799982845783234,0.3866655230522156,0.13806720793312413,20,0.0,0.0,0.0056862576919443466,0.025351388748861187,0
831,1774281085.0442858,20,0.0,0.0,0.0,0.0,0.0,5.992770195007324,0.0,0.05799982845783234,0.3866655230522156,0.13806720793312413,20,0.0,0.0,0.0,0.025351388748861187,0
832,1774281085.1441226,17,-0.2645604750689338,-1.546025276184082,0.0,0.32688869443823604,1.546025276184082,6.043910980224609,0.2557988165680473,0.06823509230333216,0.3866655230522156,0.1474046465832739,17,-0.2645604750689338,-0.13928478473951478,0.0,0.06027044527093478,0
833,1774281085.2441835,18,-0.23945172627766928,-1.546025276184082,0.0,0.2892056616903776,1.546025276184082,6.043910980224609,0.2557988165680473,0.053703544868363276,0.3866655230522156,0.10794278926806719,18,-0.23945172627766928,-0.12603700786219107,0.0,0.07573816562393965,0
834,1774281085.3441322,19,-0.23671200400904605,-1.546025276184082,0.0,0.2990714255747536,1.546025276184082,6.043910980224609,0.2557988165680473,0.12210490201648913,0.9666638076305389,0.2956126922433165,19,-0.23671200400904605,-0.124611700685945,0.0,0.08661254048132509,0
835,1774281085.4442124,17,0.0,0.0,0.0,0.0,0.0,6.043910980224609,0.0,0.13647018460666432,0.5799982845783234,0.2460251240856823,17,0.0,0.0,0.0,0.08661254048132509,0
836,1774281085.5439296,17,0.0,0.0,0.0,0.0,0.0,6.043910980224609,0.0,0.2047052769099965,0.9666638076305389,0.3660466281478758,17,0.0,0.0,0.006137547984955803,0.08661254048132509,0
837,1774281085.6442132,18,-0.1509586970011393,-1.546025276184082,0.0,0.18621018524653563,1.546025276184082,6.043910980224609,0.2557988165680473,0.0966663807630539,1.1599965691566467,0.26765708839610275,18,-0.1509586970011393,-0.07947733329048795,0.006338779066429764,0.08851020906987156,0
838,1774281085.7447324,20,-0.1499176025390625,-1.546025276184082,0.0,0.2024970731895337,1.546025276184082,6.043910980224609,0.2557988165680473,0.22233267575502397,1.3533293306827545,0.42915953972538495,20,-0.1499176025390625,-0.07888318075852552,0.00935481104158586,0.08968567110415523,0
839,1774281085.8440652,19,-0.05917800100226151,-1.1243820190429688,0.0,0.06303664444722595,1.1243820190429688,6.043910980224609,0.18603550295857987,0.24420980403297826,1.3533293306827545,0.4811580465374696,19,0.008753412648251184,0.004608651143293326,0.00935481104158586,0.08846907992533376,0
840,1774281085.944593,18,0.0,0.0,0.0,0.0,0.0,6.043910980224609,0.0,0.08592567178938124,1.1599965691566467,0.26744149666688233,18,0.0646965844290597,0.03404593198610381,0.018124946393072605,0.0896903624554356,0
841,1774281086.0444078,18,0.0,0.0,0.0,0.0,0.0,6.043910980224609,0.0,0.16111063460508981,1.5466620922088623,0.4568274927433246,18,0.06023475102015904,0.03169819518345162,0.024166595190763474,0.09077772694836604,0
842,1774281086.1441436,18,0.0,0.0,0.0,0.0,0.0,6.043910980224609,0.0,0.311480560236507,2.1266603767871857,0.7004556465834105,18,0.0,0.0,0.030687739924779012,0.09174923287839037,0
843,1774281086.2443244,18,-0.09890397389729817,-0.9369850158691406,0.0,0.0784998408991871,0.9369850158691406,6.043910980224609,0.15502958579881657,0.26851772434181637,2.1266603767871857,0.6701548286015822,18,-0.038669222877139135,-0.020348963332637787,0.03430097381914816,0.09115054811679399,0
844,1774281086.3443184,17,-0.04684925079345703,-0.7964372634887695,0.0,0.03511763679853175,0.7964372634887695,6.043910980224609,0.13177514792899409,0.10235263845499824,1.73999485373497,0.409410553819993,17,-0.04684925079345703,-0.02466103315798272,0.04833319038152695,0.09121748164862425,0
845,1774281086.444714,15,-0.09369850158691406,-1.405477523803711,0.0,0.12291172879486112,1.405477523803711,6.043910980224609,0.23254437869822486,0.0,0.0,0.0,15,-0.09369850158691406,-0.049305315702689194,0.05858568531094176,0.09029761967303494,0
846,1774281086.5443447,18,-0.10150671005249023,-0.9369850158691406,0.0,0.08248986560488447,0.9369850158691406,6.043910980224609,0.15502958579881657,0.18259205255243513,0.9666638076305389,0.3438704697826794,18,-0.10150671005249023,-0.05342615701982057,0.06925352651681473,0.08923491407252343,0
847,1774281086.644185,17,-0.1405477523803711,-0.8432865142822266,0.0,0.0924420145137821,0.8432865142822266,6.043910980224609,0.1395266272189349,0.04549006153555477,0.3866655230522156,0.1054643690043396,17,-0.1405477523803711,-0.07397689762350314,0.06645813677459955,0.08881444034599185,0
848,1774281086.7443268,19,-0.08136975137810958,-0.7964372634887695,0.0,0.05633656900540083,0.7964372634887695,6.043910980224609,0.13177514792899409,0.0,0.0,0.0,19,-0.08136975137810958,-0.04282561315222428,0.062365406943905737,0.08694109203243143,1
849,1774281086.8443367,19,-0.08136975137810958,-0.7964372634887695,0.0,0.05633656900540083,0.7964372634887695,6.043910980224609,0.13177514792899409,0.010175408501374094,0.1933327615261078,0.04317060211598919,19,-0.08136975137810958,-0.04282360343244472,0.061052451008244565,0.0848315800360632,1
850,1774281086.9446485,17,-0.090942663304946,-0.7964372634887695,0.0,0.06209381454688485,0.7964372634887695,6.043910980224609,0.13177514792899409,0.0,0.0,0.0,17,-0.090942663304946,-0.047855423529428,0.05975739901716059,0.0824364192068206,1
851,1774281087.0445008,16,-0.049777328968048096,-0.7964372634887695,0.0,0.0371667371878992,0.7964372634887695,6.043910980224609,0.13177514792899409,0.0,0.0,0.0,16,0.21478314610088572,0.1130212623060386,0.08234543546482369,0.08035241282882775,1
852,1774281087.144324,17,-0.08543098674100988,-0.7495880126953125,0.0,0.0548029556959786,0.7495880126953125,6.043910980224609,0.12402366863905326,0.011372515383888693,0.1933327615261078,0.04549006153555478,17,0.1540207395366594,0.08105755211182067,0.103826853412169,0.07021797632245506,1
853,1774281087.2440963,17,-0.04684925079345703,-0.7964372634887695,0.0,0.03511763679853175,0.7964372634887695,6.043910980224609,0.13177514792899409,0.0,0.0,0.0,17,0.18986275321558901,0.09992965330185954,0.15320709403955712,0.061026241485872906,1
854,1774281087.3441489,17,-0.090942663304946,-0.7964372634887695,0.0,0.06209381454688485,0.7964372634887695,6.043910980224609,0.13177514792899409,0.0,0.0,0.0,17,-0.090942663304946,-0.04786616094352017,0.14499957114458084,0.04885143781305237,1
855,1774281087.4442751,18,-0.041643778483072914,-0.7495880126953125,0.0,0.029481472867903202,0.7495880126953125,6.043910980224609,0.12402366863905326,0.0,0.0,0.0,18,-0.041643778483072914,-0.021913792561948597,0.17575705593282526,0.046732683016372935,1
856,1774281087.5445783,18,-0.041643778483072914,-0.7495880126953125,0.0,0.029481472867903202,0.7495880126953125,6.043910980224609,0.12402366863905326,0.0,0.0,0.0,18,0.1093149185180664,0.05752311369038814,0.18994095869231642,0.04441568783643142,1
857,1774281087.644698,16,-0.04684925079345703,-0.7495880126953125,0.0,0.032922784498623514,0.7495880126953125,6.043910980224609,0.12402366863905326,0.0,0.0,0.0,16,0.10306835174560547,0.054247485234406735,0.18654915585852505,0.040884749496446916,1
858,1774281087.7441914,18,-0.041643778483072914,-0.7495880126953125,0.0,0.029481472867903202,0.7495880126953125,6.043910980224609,0.12402366863905326,0.0,0.0,0.0,18,0.017534222519188597,0.009227925148204672,0.16521163257685575,0.036532898117978906,1
859,1774281087.8440747,16,0.0,0.0,0.0,0.0,0.0,6.043910980224609,0.0,0.0,0.0,0.0,16,0.0,0.0,0.1861722888769927,0.03895442244651643,1
860,1774281087.9446387,18,-0.041643778483072914,-0.7495880126953125,0.0,0.029481472867903202,0.7495880126953125,6.043910980224609,0.12402366863905326,0.0,0.0,0.0,18,-0.041643778483072914,-0.021915115063973315,0.24703630639447105,0.03679850347378761,1
861,1774281088.0439835,17,0.0,0.0,0.0,0.0,0.0,6.043910980224609,0.0,0.0,0.0,0.0,17,0.0,0.0,0.22981064105933569,0.03679850347378762,1
862,1774281088.1443708,16,0.0,0.0,0.0,0.0,0.0,6.043910980224609,0.0,0.0,0.0,0.0,16,0.09890397389729817,0.05205345331267424,0.1314662778377533,0.03679850347378762,1
863,1774281088.244234,16,0.0,0.0,0.0,0.0,0.0,6.043910980224609,0.0,0.0,0.0,0.0,16,0.04684925079345703,0.02465859454293381,0.10053303599357605,0.038009037627886114,1
864,1774281088.3441596,16,0.0,0.0,0.0,0.0,0.0,6.043910980224609,0.0,0.0,0.0,0.0,16,0.09369850158691406,0.04932939635379194,0.08119975984096527,0.0399054829245,1
865,1774281088.44425,14,0.0,0.0,0.0,0.0,0.0,6.043910980224609,0.0,0.0,0.0,0.0,14,0.10150671005249023,0.05342724313794042,0.07518496281570858,0.04044206726945485,1
866,1774281088.544263,16,0.0,0.0,0.0,0.0,0.0,6.043910980224609,0.0,0.0,0.0,0.0,16,0.1405477523803711,0.0739694716258377,0.017575705593282528,0.039913668557676064,1
867,1774281088.6446004,14,0.0,0.0,0.0,0.0,0.0,6.043910980224609,0.0,0.0,0.0,0.0,14,0.08136975137810958,0.04282001972117956,0.003515141118656505,0.034276862285462076,1
868,1774281088.7445319,15,0.0,0.0,0.0,0.0,0.0,6.043910980224609,0.0,0.0,0.0,0.0,15,0.08136975137810958,0.042821787323884544,0.003717937721655919,0.03359182029282631,1
869,1774281088.8442256,16,0.0,0.0,0.0,0.0,0.0,6.043910980224609,0.0,0.0,0.0,0.0,16,0.090942663304946,0.04787521462079596,0.0038666552305221557,0.03238537186505453,1
870,1774281088.9447188,18,-0.041643778483072914,-0.7495880126953125,0.0,0.029481472867903202,0.7495880126953125,6.043910980224609,0.12402366863905326,0.0,0.0,0.0,18,0.008133550484975181,0.0042803249113477415,0.0038666552305221557,0.029295664940637695,1
871,1774281089.0442133,18,0.0,0.0,0.0,0.0,0.0,6.043910980224609,0.0,0.0,0.0,0.0,18,0.08543098674100988,0.04496629875009486,0.003790838461296231,0.029318621552909485,1
872,1774281089.1445346,18,0.0,0.0,0.0,0.0,0.0,6.043910980224609,0.0,0.0,0.0,0.0,18,0.04684925079345703,0.024651813520384352,0.0,0.026090556537929275,1
873,1774281089.2443228,18,0.0,0.0,0.0,0.0,0.0,6.043910980224609,0.0,0.0,0.0,0.0,18,0.090942663304946,0.04786017910504956,0.0,0.025642023934769505,0
874,1774281089.3441544,16,0.0,0.0,0.0,0.0,0.0,6.043910980224609,0.0,0.0,0.0,0.0,16,0.041643778483072914,0.021919171549015723,0.0,0.019510107441586107,0
875,1774281089.4442036,17,0.0,0.0,0.0,0.0,0.0,6.043910980224609,0.0,0.0,0.0,0.0,17,0.041643778483072914,0.021922101402437152,0.0,0.01851238973278133,0
876,1774281089.544086,17,0.0,0.0,0.0,0.0,0.0,6.043910980224609,0.0,0.0,0.0,0.0,17,0.04684925079345703,0.024665444315029313,0.0,0.017207609753327312,0
877,1774281089.6444871,17,0.0,0.0,0.0,0.0,0.0,6.043910980224609,0.0,0.0,0.0,0.0,17,0.041643778483072914,0.02191436718459015,0.0,0.014869803176547897,0
878,1774281089.7445872,17,0.0,0.0,0.0,0.0,0.0,6.043910980224609,0.0,0.0,0.0,0.0,17,0.0,0.0,0.0,0.012493133544921873,0
879,1774281089.844209,17,0.0,0.0,0.0,0.0,0.0,6.043910980224609,0.0,0.0,0.0,0.0,17,0.041643778483072914,0.021922736995141644,0.0,0.012493133544921873,0
880,1774281089.9442253,17,0.0,0.0,0.0,0.0,0.0,6.043910980224609,0.0,0.0,0.0,0.0,17,0.0,0.0,0.0,0.009076051101745416,0
881,1774281090.0440779,18,0.0,0.0,0.0,0.0,0.0,6.043910980224609,0.0,0.0,0.0,0.0,18,0.0,0.0,0.0,0.009076051101745416,0
882,1774281090.144793,18,0.0,0.0,0.0,0.0,0.0,6.043910980224609,0.0,0.0,0.0,0.0,18,0.0,0.0,0.0,0.009076051101745416,0
883,1774281090.2440624,18,0.0,0.0,0.0,0.0,0.0,6.043910980224609,0.0,0.0,0.0,0.0,18,0.0,0.0,0.0,0.009076051101745416,0
884,1774281090.3443947,17,0.0,0.0,0.0,0.0,0.0,6.043910980224609,0.0,0.0,0.0,0.0,17,0.0,0.0,0.0,0.009076051101745416,0
885,1774281090.4445548,17,0.0,0.0,0.0,0.0,0.0,6.043910980224609,0.0,0.0,0.0,0.0,17,0.0,0.0,0.0,0.009076051101745416,0
886,1774281090.5442488,17,0.0,0.0,0.0,0.0,0.0,6.043910980224609,0.0,0.0,0.0,0.0,17,0.0,0.0,0.0,0.009076051101745418,0
887,1774281090.6444113,17,0.0,0.0,0.0,0.0,0.0,6.043910980224609,0.0,0.0,0.0,0.0,17,0.0,0.0,0.0,0.009076051101745418,0
888,1774281090.7443771,17,0.0,0.0,0.0,0.0,0.0,6.043910980224609,0.0,0.0,0.0,0.0,17,0.0,0.0,0.0,0.009076051101745418,0
889,1774281090.8442252,17,0.0,0.0,0.0,0.0,0.0,6.043910980224609,0.0,0.0,0.0,0.0,17,0.041643778483072914,0.02192347443892327,0.0,0.009076051101745418,0
890,1774281090.943939,17,0.0,0.0,0.0,0.0,0.0,6.043910980224609,0.0,0.0,0.0,0.0,17,0.0,0.0,0.0,0.0,0
891,1774281091.0434816,15,0.0,0.0,0.0,0.0,0.0,6.043910980224609,0.0,0.0,0.0,0.0,15,0.0,0.0,0.0,0.0,0
892,1774281091.1439447,17,0.0,0.0,0.0,0.0,0.0,6.043910980224609,0.0,0.0,0.0,0.0,17,0.0,0.0,0.0,0.0,0
893,1774281091.243755,16,0.0,0.0,0.0,0.0,0.0,6.043910980224609,0.0,0.0,0.0,0.0,16,0.0,0.0,0.0,0.0,0
894,1774281091.343544,17,0.0,0.0,0.0,0.0,0.0,6.043910980224609,0.0,0.0,0.0,0.0,17,0.0,0.0,0.0,0.0,0
895,1774281091.4437208,16,0.0,0.0,0.0,0.0,0.0,6.043910980224609,0.0,0.0,0.0,0.0,16,0.0,0.0,0.0,0.0,0
896,1774281091.5436182,17,0.0,0.0,0.0,0.0,0.0,6.043910980224609,0.0,0.0,0.0,0.0,17,0.0,0.0,0.0,0.0,0
897,1774281091.6438177,17,0.0,0.0,0.0,0.0,0.0,6.043910980224609,0.0,0.0,0.0,0.0,17,0.0,0.0,0.0,0.0,0
898,1774281091.743872,17,0.0,0.0,0.0,0.0,0.0,6.043910980224609,0.0,0.0,0.0,0.0,17,0.0,0.0,0.0,0.0,0
899,1774281091.843883,15,0.0,0.0,0.0,0.0,0.0,6.043910980224609,0.0,0.0,0.0,0.0,15,0.0,0.0,0.0,0.0,0
900,1774281091.9441948,17,0.0,0.0,0.0,0.0,0.0,6.043910980224609,0.0,0.0,0.0,0.0,17,0.0,0.0,0.0,0.0,0
901,1774281092.0437996,17,0.0,0.0,0.0,0.0,0.0,6.043910980224609,0.0,0.0,0.0,0.0,17,0.0,0.0,0.0,0.0,0
902,1774281092.1439917,17,0.0,0.0,0.0,0.0,0.0,6.043910980224609,0.0,0.0,0.0,0.0,17,0.0,0.0,0.0,0.0,0
903,1774281092.2434385,18,0.0,0.0,0.0,0.0,0.0,6.043910980224609,0.0,0.0,0.0,0.0,18,0.0,0.0,0.0,0.0,0
904,1774281092.3433464,17,0.0,0.0,0.0,0.0,0.0,6.043910980224609,0.0,0.0,0.0,0.0,17,0.0,0.0,0.0,0.0,0
905,1774281092.443742,17,0.0,0.0,0.0,0.0,0.0,6.043910980224609,0.0,0.0,0.0,0.0,17,0.0,0.0,0.0,0.0,0
906,1774281092.5437036,18,0.0,0.0,0.0,0.0,0.0,6.043910980224609,0.0,0.0,0.0,0.0,18,0.0,0.0,0.0,0.0,0
907,1774281092.6438625,17,0.0,0.0,0.0,0.0,0.0,5.992770195007324,0.0,0.0,0.0,0.0,17,0.0,0.0,0.0,0.0,0
908,1774281092.7435994,16,0.0,0.0,0.0,0.0,0.0,6.043910980224609,0.0,0.0,0.0,0.0,16,0.0,0.0,0.0,0.0,0
909,1774281092.843389,15,0.0,0.0,0.0,0.0,0.0,6.043910980224609,0.0,0.0,0.0,0.0,15,0.0,0.0,0.0,0.0,0
910,1774281092.943707,16,0.0,0.0,0.0,0.0,0.0,6.043910980224609,0.0,0.0,0.0,0.0,16,0.0,0.0,0.0,0.0,0
911,1774281093.043761,16,0.0,0.0,0.0,0.0,0.0,6.043910980224609,0.0,0.0,0.0,0.0,16,0.0,0.0,0.0,0.0,0
912,1774281093.14379,15,0.0,0.0,0.0,0.0,0.0,6.043910980224609,0.0,0.0,0.0,0.0,15,0.0,0.0,0.0,0.0,0
913,1774281093.2433107,16,0.0,0.0,0.0,0.0,0.0,6.043910980224609,0.0,0.0,0.0,0.0,16,0.0,0.0,0.0,0.0,0
914,1774281093.3433917,16,0.0,0.0,0.0,0.0,0.0,6.043910980224609,0.0,0.0,0.0,0.0,16,0.0,0.0,0.0,0.0,0
915,1774281093.44378,16,0.0,0.0,0.0,0.0,0.0,6.043910980224609,0.0,0.0,0.0,0.0,16,0.0,0.0,0.0,0.0,0
916,1774281093.5435333,16,0.0,0.0,0.0,0.0,0.0,6.043910980224609,0.0,0.0,0.0,0.0,16,0.0,0.0,0.0,0.0,0
917,1774281093.643856,16,0.0,0.0,0.0,0.0,0.0,6.043910980224609,0.0,0.0,0.0,0.0,16,0.0,0.0,0.0,0.0,0
918,1774281093.7437208,17,0.0,0.0,0.0,0.0,0.0,6.043910980224609,0.0,0.0,0.0,0.0,17,0.0,0.0,0.0,0.0,0
919,1774281093.843595,17,0.0,0.0,0.0,0.0,0.0,6.043910980224609,0.0,0.0,0.0,0.0,17,0.0,0.0,0.0,0.0,0
920,1774281093.9440455,17,0.0,0.0,0.0,0.0,0.0,6.043910980224609,0.0,0.0,0.0,0.0,17,0.0,0.0,0.0,0.0,0
921,1774281094.0435877,17,0.0,0.0,0.0,0.0,0.0,6.043910980224609,0.0,0.0,0.0,0.0,17,0.0,0.0,0.0,0.0,0
922,1774281094.1436667,16,0.0,0.0,0.0,0.0,0.0,6.043910980224609,0.0,0.0,0.0,0.0,16,0.0,0.0,0.0,0.0,0
923,1774281094.2435558,17,0.0,0.0,0.0,0.0,0.0,6.043910980224609,0.0,0.0,0.0,0.0,17,0.0,0.0,0.0,0.0,0
924,1774281094.3435185,17,0.0,0.0,0.0,0.0,0.0,6.043910980224609,0.0,0.0,0.0,0.0,17,0.0,0.0,0.0,0.0,0
925,1774281094.4440706,17,0.0,0.0,0.0,0.0,0.0,6.043910980224609,0.0,0.0,0.0,0.0,17,0.0,0.0,0.0,0.0,0
926,1774281094.5436416,17,0.0,0.0,0.0,0.0,0.0,6.043910980224609,0.0,0.0,0.0,0.0,17,0.0,0.0,0.0,0.0,0
927,1774281094.643488,15,0.0,0.0,0.0,0.0,0.0,6.043910980224609,0.0,0.0,0.0,0.0,15,0.0,0.0,0.0,0.0,0
928,1774281094.7435684,17,0.0,0.0,0.0,0.0,0.0,6.043910980224609,0.0,0.0,0.0,0.0,17,0.0,0.0,0.0,0.0,0
929,1774281094.8434434,16,0.0,0.0,0.0,0.0,0.0,6.043910980224609,0.0,0.0,0.0,0.0,16,0.0,0.0,0.0,0.0,0
930,1774281094.9437435,15,0.0,0.0,0.0,0.0,0.0,5.992770195007324,0.0,0.0,0.0,0.0,15,0.0,0.0,0.0,0.0,0
931,1774281095.0439885,15,0.0,0.0,0.0,0.0,0.0,6.043910980224609,0.0,0.0,0.0,0.0,15,0.0,0.0,0.0,0.0,0
932,1774281095.1436455,16,0.0,0.0,0.0,0.0,0.0,6.043910980224609,0.0,0.0,0.0,0.0,16,0.0,0.0,0.0,0.0,0
933,1774281095.2437818,16,0.0,0.0,0.0,0.0,0.0,6.043910980224609,0.0,0.0,0.0,0.0,16,0.0,0.0,0.0,0.0,0
934,1774281095.3439846,15,0.0,0.0,0.0,0.0,0.0,6.043910980224609,0.0,0.0,0.0,0.0,15,0.0,0.0,0.0,0.0,0
935,1774281095.44372,16,0.0,0.0,0.0,0.0,0.0,6.043910980224609,0.0,0.0,0.0,0.0,16,0.0,0.0,0.0,0.0,0
936,1774281095.5436356,16,0.0,0.0,0.0,0.0,0.0,6.043910980224609,0.0,0.0,0.0,0.0,16,0.0,0.0,0.0,0.0,0
937,1774281095.6440785,16,0.0,0.0,0.0,0.0,0.0,6.043910980224609,0.0,0.0,0.0,0.0,16,0.0,0.0,0.0,0.0,0
938,1774281095.7439814,16,0.0,0.0,0.0,0.0,0.0,6.043910980224609,0.0,0.0,0.0,0.0,16,0.0,0.0,0.0,0.0,0
939,1774281095.843741,15,0.0,0.0,0.0,0.0,0.0,6.043910980224609,0.0,0.0,0.0,0.0,15,0.0,0.0,0.0,0.0,0
940,1774281095.9435837,15,0.0,0.0,0.0,0.0,0.0,6.043910980224609,0.0,0.0,0.0,0.0,15,0.0,0.0,0.0,0.0,0
941,1774281096.0437186,17,0.0,0.0,0.0,0.0,0.0,5.992770195007324,0.0,0.0,0.0,0.0,17,0.0,0.0,0.0,0.0,0
942,1774281096.1440203,17,0.0,0.0,0.0,0.0,0.0,6.043910980224609,0.0,0.0,0.0,0.0,17,0.0,0.0,0.0,0.0,0
943,1774281096.2435224,18,0.0,0.0,0.0,0.0,0.0,6.043910980224609,0.0,0.0,0.0,0.0,18,0.0,0.0,0.0,0.0,0
944,1774281096.3436031,17,0.0,0.0,0.0,0.0,0.0,6.043910980224609,0.0,0.0,0.0,0.0,17,0.0,0.0,0.0,0.0,0
945,1774281096.4440138,17,0.0,0.0,0.0,0.0,0.0,5.992770195007324,0.0,0.0,0.0,0.0,17,0.0,0.0,0.0,0.0,0
946,1774281096.5435221,17,0.0,0.0,0.0,0.0,0.0,6.043910980224609,0.0,0.0,0.0,0.0,17,0.0,0.0,0.0,0.0,0
947,1774281096.6438627,16,0.0,0.0,0.0,0.0,0.0,5.992770195007324,0.0,0.0,0.0,0.0,16,0.0,0.0,0.0,0.0,0
948,1774281096.7434242,16,0.0,0.0,0.0,0.0,0.0,6.043910980224609,0.0,0.0,0.0,0.0,16,0.0,0.0,0.0,0.0,0
949,1774281096.8434029,17,0.0,0.0,0.0,0.0,0.0,6.043910980224609,0.0,0.0,0.0,0.0,17,0.0,0.0,0.0,0.0,0
950,1774281096.9437785,17,0.0,0.0,0.0,0.0,0.0,5.992770195007324,0.0,0.011372515383888693,0.1933327615261078,0.04549006153555478,17,0.0,0.0,0.0,0.0,0
951,1774281097.0434718,19,-0.08876700150339227,-0.8432865142822266,0.0,0.0669764347251776,0.8432865142822266,5.992770195007324,0.14071731216804917,0.061052451008244565,0.5799982845783234,0.17799695244573677,19,-0.08876700150339227,-0.04672374629914607,0.0,0.019346319453720496,0
952,1774281097.1438575,17,-0.049605089075425095,-0.8432865142822266,0.0,0.039370637794893734,0.8432865142822266,6.043910980224609,0.1395266272189349,0.0,0.0,0.0,17,-0.049605089075425095,-0.026106901821183373,0.0,0.021659759515662316,0
953,1774281097.2436082,20,-0.07964372634887695,-0.7964372634887695,0.0,0.05708810832061317,0.7964372634887695,6.043910980224609,0.13177514792899409,0.05799982845783234,0.3866655230522156,0.13806720793312413,20,-0.07964372634887695,-0.04192605576661175,0.0,0.026745862991579092,0
954,1774281097.3437462,17,-0.1901528414557962,-0.8432865142822266,0.0,0.1178688847563176,0.8432865142822266,6.043910980224609,0.1395266272189349,0.10235263845499824,0.5799982845783234,0.22110696987491085,17,-0.1901528414557962,-0.10007906899693934,0.0,0.04717594142897582,0
955,1774281097.4438446,20,-0.0773012638092041,-0.7964372634887695,0.0,0.053834239785999216,0.7964372634887695,6.043910980224609,0.13177514792899409,0.05799982845783234,0.5799982845783234,0.17399948537349702,20,-0.0773012638092041,-0.04068040191446633,0.0,0.04849376495867442,0
956,1774281097.5437598,22,-0.18526749177412552,-0.8901357650756836,0.0,0.1172205311990247,0.8901357650756836,6.043910980224609,0.14727810650887574,0.07909067516977136,0.5799982845783234,0.19904050096851772,22,-0.18526749177412552,-0.09752556330104752,0.0,0.05943339408470756,0
957,1774281097.6439314,23,-0.14462160027545432,-0.9369850158691406,0.0,0.10018318267218188,0.9369850158691406,6.043910980224609,0.15502958579881657,0.15130390032478,0.5799982845783234,0.25468241475392656,23,-0.14462160027545432,-0.07611863374551625,0.0,0.06356724460531325,0
958,1774281097.743988,19,-0.17999975304854543,-0.9369850158691406,0.0,0.12251045385914382,0.9369850158691406,6.043910980224609,0.15502958579881657,0.07122785950961866,0.5799982845783234,0.1684329809109104,19,-0.17999975304854543,-0.09472439312301104,0.0,0.0696129891456844,0
959,1774281097.8437707,22,-0.15758384357799182,-0.9838342666625977,0.0,0.11344302713740574,0.9838342666625977,6.043910980224609,0.1627810650887574,0.07030282237313011,0.3866655230522156,0.14913480730978085,22,-0.15758384357799182,-0.08293070223603895,0.0,0.0723965308202133,0
960,1774281097.9436142,22,-0.1128641041842374,-0.9369850158691406,0.0,0.08154057686911148,0.9369850158691406,6.043910980224609,0.15502958579881657,0.0966663807630539,0.9666638076305389,0.23133928599651404,22,-0.1128641041842374,-0.059405422141563614,0.0,0.07208119058170874,0
961,1774281098.0436497,24,-0.17178058624267578,-0.9369850158691406,0.0,0.11333973404248354,0.9369850158691406,6.043910980224609,0.15502958579881657,0.024166595190763474,0.3866655230522156,0.08487029310508004,24,-0.17178058624267578,-0.09042847534327364,0.0,0.07423038463956085,0
962,1774281098.1442,22,-0.08305094458840111,-0.9369850158691406,0.0,0.0690244769770728,0.9369850158691406,6.043910980224609,0.15502958579881657,0.02636355838992379,0.3866655230522156,0.08831682758296405,22,-0.08305094458840111,-0.04369543843228054,0.0,0.07239346937805488,0
963,1774281098.24367,22,-0.2555413679643111,-0.9838342666625977,0.0,0.17453610603071926,0.9838342666625977,6.043910980224609,0.1627810650887574,0.035151411186565056,0.3866655230522156,0.11115852231866752,22,-0.2555413679643111,-0.13449072469146356,0.0,0.07999812861018601,0
964,1774281098.343666,23,-0.07944003395412279,-0.9369850158691406,0.0,0.06631026362407068,0.9369850158691406,6.043910980224609,0.15502958579881657,0.02521731672079667,0.1933327615261078,0.06511083179712221,23,-0.07944003395412279,-0.04181819817866481,0.0,0.07742067481760405,0
965,1774281098.443647,22,-0.04046071659434925,-0.8901357650756836,0.0,0.034378461333893225,0.8901357650756836,6.043910980224609,0.14727810650887574,0.017575705593282528,0.1933327615261078,0.05557926115933376,22,-0.04046071659434925,-0.021293715467436664,0.0,0.0754739901636852,0
966,1774281098.543662,20,0.0,0.0,0.0,0.0,0.0,6.043910980224609,0.0,0.02899991422891617,0.1933327615261078,0.06903360396656207,20,0.0,0.0,0.0,0.0754739901636852,0
967,1774281098.6438332,21,0.0,0.0,0.0,0.0,0.0,6.043910980224609,0.0,0.018412643954867407,0.3866655230522156,0.08234384705716818,21,0.0,0.0,0.0038666552305221557,0.0754739901636852,0
968,1774281098.7438655,20,0.0,0.0,0.0,0.0,0.0,6.043910980224609,0.0,0.0,0.0,0.0,20,0.0,0.0,0.025534515673259518,0.07547399016368522,0
969,1774281098.843688,24,-0.037088990211486816,-0.8901357650756836,0.0,0.03163864348287859,0.8901357650756836,6.043910980224609,0.14727810650887574,0.016111063460508983,0.1933327615261078,0.05343435247211316,24,-0.037088990211486816,-0.019521451039416483,0.025534515673259518,0.07355301039121122,0
970,1774281098.9441593,19,0.0,0.0,0.0,0.0,0.0,6.043910980224609,0.0,0.0,0.0,0.0,19,0.08876700150339227,0.046702576595147004,0.04142844889845167,0.07355301039121122,0
971,1774281099.0433295,21,0.0,0.0,0.0,0.0,0.0,6.043910980224609,0.0,0.018412643954867407,0.1933327615261078,0.056751580113533366,21,0.049605089075425095,0.02611519891951447,0.053703544868363276,0.07651389150643745,0
972,1774281099.1442485,23,-0.13036313264266305,-1.0306835174560547,0.0,0.11336059458996746,1.0306835174560547,6.043910980224609,0.17053254437869822,0.008405772240265556,0.1933327615261078,0.03942656658922785,23,-0.0507194062937861,-0.026685432087286524,0.07122785950961866,0.07628901222345454,0
973,1774281099.243533,25,0.0,0.0,0.0,0.0,0.0,6.043910980224609,0.0,0.023199931383132935,0.3866655230522156,0.08329030267492185,25,0.1901528414557962,0.10009167891368967,0.0786438351970608,0.07907992260920667,0
974,1774281099.343763,24,-0.03904104232788086,-0.9369850158691406,0.0,0.03505666867908985,0.9369850158691406,6.043910980224609,0.15502958579881657,0.008055531730254492,0.1933327615261078,0.03863297300900034,24,0.03826022148132324,0.020137821885153617,0.09815355585171626,0.07654573100945117,0
975,1774281099.443866,21,0.0,0.0,0.0,0.0,0.0,6.043910980224609,0.0,0.036825287909734813,0.1933327615261078,0.07591727587280882,21,0.18526749177412552,0.0975037566793538,0.10270802956074476,0.07874283550088475,0
976,1774281099.543563,24,0.0,0.0,0.0,0.0,0.0,6.043910980224609,0.0,0.04833319038152695,0.3866655230522156,0.11505600661093679,24,0.14462160027545432,0.07613139719828164,0.09968720516189933,0.07678805574392168,0
977,1774281099.6438298,23,0.0,0.0,0.0,0.0,0.0,6.043910980224609,0.0,0.033623088961062225,0.3866655230522156,0.09284478902198401,23,0.17999975304854543,0.09474460159203163,0.07978812380442543,0.07637878485099414,0
978,1774281099.7436001,24,0.0,0.0,0.0,0.0,0.0,6.043910980224609,0.0,0.024166595190763474,0.1933327615261078,0.06393880090992969,24,0.15758384357799182,0.08294631328536742,0.06254883461138781,0.07274073767222364,0
979,1774281099.8436513,23,-0.0407384789508322,-0.9369850158691406,0.0,0.03651172067900276,0.9369850158691406,6.043910980224609,0.15502958579881657,0.016811544480531113,0.3866655230522156,0.0788531331784557,23,0.0721256252334052,0.03796011515881848,0.04833319038152695,0.06888610293545054,0
980,1774281099.9437492,22,0.0,0.0,0.0,0.0,0.0,6.043910980224609,0.0,0.02636355838992379,0.1933327615261078,0.06634683365617257,22,0.17178058624267578,0.09040609968260621,0.028431288459721732,0.06808391797133247,0
981,1774281100.0437248,24,-0.08003413677215576,-0.9838342666625977,0.0,0.07050581962708691,0.9838342666625977,6.043910980224609,0.1627810650887574,0.024166595190763474,0.3866655230522156,0.08487029310508004,24,0.0030168078162453454,0.0015881908954166388,0.028855636048672806,0.062143068769901666,0
982,1774281100.1436598,23,-0.04481232684591542,-1.0306835174560547,0.0,0.04417918202159336,1.0306835174560547,6.043910980224609,0.17053254437869822,0.02521731672079667,0.1933327615261078,0.06511083179712221,23,0.2107290411183957,0.11091061452454394,0.025970072443805524,0.06135039884799622,0
983,1774281100.2436063,23,0.0,0.0,0.0,0.0,0.0,6.043910980224609,0.0,0.016811544480531113,0.1933327615261078,0.054475630259036005,23,0.07944003395412279,0.04181185900861095,0.023794801418597883,0.035925758598867104,0
984,1774281100.3439064,23,0.0,0.0,0.0,0.0,0.0,6.043910980224609,0.0,0.0,0.0,0.0,23,0.04046071659434925,0.021292205988425662,0.02148141794734531,0.033981781438381965,0
985,1774281100.4442372,23,-0.0407384789508322,-0.9369850158691406,0.0,0.03651172067900276,0.9369850158691406,6.043910980224609,0.15502958579881657,0.02521731672079667,0.1933327615261078,0.06511083179712221,23,-0.0407384789508322,-0.021434816042645355,0.015846947666074408,0.03398994030681942,0
986,1774281100.5437002,24,0.0,0.0,0.0,0.0,0.0,6.043910980224609,0.0,0.040277658651272454,0.1933327615261078,0.07851561111287364,24,0.0,0.0,0.011897400709298941,0.03398994030681942,0
987,1774281100.643675,24,-0.08784234523773193,-1.0775327682495117,0.0,0.08492477987509517,1.0775327682495117,6.043910980224609,0.17828402366863905,0.0,0.0,0.0,24,-0.08784234523773193,-0.046237446788110856,0.006137547984955803,0.03661318537381904,0
988,1774281100.7436554,21,0.0,0.0,0.0,0.0,0.0,6.043910980224609,0.0,0.018412643954867407,0.1933327615261078,0.056751580113533366,21,0.037088990211486816,0.01952085577172962,0.012083297595381737,0.03661318537381904,0
989,1774281100.8439426,24,0.0,0.0,0.0,0.0,0.0,6.043910980224609,0.0,0.08055531730254491,0.5799982845783234,0.18439954968366856,24,0.0,0.0,0.009206321977433703,0.03689378499984741,0
990,1774281100.9440484,24,0.0,0.0,0.0,0.0,0.0,6.043910980224609,0.0,0.0966663807630539,0.5799982845783234,0.2161525985250665,24,0.0,0.0,0.016811544480531113,0.03689378499984741,0
991,1774281101.043645,24,0.0,0.0,0.0,0.0,0.0,6.043910980224609,0.0,0.14499957114458084,0.9666638076305389,0.3313556589911747,24,0.13036313264266305,0.06863397830098793,0.013425886217090819,0.03689378499984741,0
992,1774281101.1436949,22,0.0,0.0,0.0,0.0,0.0,6.043910980224609,0.0,0.07030282237313011,0.3866655230522156,0.14913480730978085,22,0.0,0.0,0.02209517274584089,0.027768684468780985,0
993,1774281101.243321,20,0.0,0.0,0.0,0.0,0.0,6.043910980224609,0.0,0.07733310461044311,0.3866655230522156,0.15466620922088622,20,0.03904104232788086,0.020552700072533774,0.030821164880973705,0.027768684468780985,0
994,1774281101.3438349,22,0.0,0.0,0.0,0.0,0.0,6.043910980224609,0.0,0.06151496957648884,0.5799982845783234,0.15842526929759843,22,0.0,0.0,0.03980380384361043,0.02749768874008189,0
995,1774281101.443442,22,0.0,0.0,0.0,0.0,0.0,6.043910980224609,0.0,0.10545423355969516,0.5799982845783234,0.22370221096467136,22,0.0,0.0,0.035398956335766216,0.02749768874008189,0
996,1774281101.5437174,23,0.0,0.0,0.0,0.0,0.0,6.043910980224609,0.0,0.1344923558442489,0.7733310461044312,0.29311929390189645,23,0.0,0.0,0.024857069339071003,0.02749768874008189,0
997,1774281101.6441433,19,0.0,0.0,0.0,0.0,0.0,6.043910980224609,0.0,0.12210490201648913,0.7733310461044312,0.2819891921943715,19,0.0,0.0,0.02241539264070815,0.02749768874008189,0
998,1774281101.7437043,21,-0.04238741738455636,-0.8901357650756836,0.0,0.035933863050651826,0.8901357650756836,6.043910980224609,0.14727810650887574,0.16571379559380667,0.9666638076305389,0.3442228890767522,21,-0.0016489384337241633,-0.0008678381143276775,0.02241539264070815,0.027912742163978453,0
999,1774281101.8440185,21,-0.035694667271205356,-0.7495880126953125,0.0,0.02548218543204119,0.7495880126953125,6.043910980224609,0.12402366863905326,0.08285689779690333,0.5799982845783234,0.20295712127234886,21,-0.035694667271205356,-0.018784004896459535,0.02521731672079667,0.027717673236507073,0
1000,1774281101.9435825,21,0.0044618334089006695,-0.7495880126953125,0.8432865142822266,0.06059982223057295,1.592874526977539,6.043910980224609,0.26355029585798817,0.08285689779690333,0.5799982845783234,0.20295712127234886,21,0.08449597018105644,0.04447489279638191,0.02209517274584089,0.02786773646329891,0
1001,1774281102.0435128,20,-0.04216432571411133,-0.8432865142822266,0.0,0.033778776895587725,0.8432865142822266,6.043910980224609,0.1395266272189349,0.12566629499197007,0.7733310461044312,0.25410574405847164,20,0.0026480011318040925,0.0013937926482749435,0.014009620400442593,0.02456766039678581,0
1002,1774281102.1440394,17,-0.049605089075425095,-0.8432865142822266,0.0,0.039370637794893734,0.8432865142822266,6.043910980224609,0.1395266272189349,0.1819602461422191,0.7733310461044312,0.32803349878090976,17,-0.049605089075425095,-0.02610199223953898,0.014009620400442593,0.02488390487297666,0
1003,1774281102.2434251,18,-0.12493133544921875,-0.7964372634887695,0.0,0.07828306536339369,0.7964372634887695,6.043910980224609,0.13177514792899409,0.17185134357876247,0.7733310461044312,0.3215044245642516,18,-0.12493133544921875,-0.06576999404681141,0.02209517274584089,0.03430671107099119,0
1004,1774281102.3438575,18,-0.03904104232788086,-0.7027387619018555,0.0,0.025911450762805543,0.7027387619018555,6.043910980224609,0.11627218934911243,0.053703544868363276,0.5799982845783234,0.1412719698364962,18,0.00169743662295134,0.0008935662710082536,0.021783973129702285,0.03416984411449457,0
1005,1774281102.4439645,18,0.0,0.0,0.0,0.0,0.0,6.043910980224609,0.0,0.0,0.0,0.0,18,0.0,0.0,0.01961346856061963,0.03425970641618736,0
1006,1774281102.5436332,18,0.0,0.0,0.0,0.0,0.0,6.043910980224609,0.0,0.15036992563141716,0.7733310461044312,0.28498321318460346,18,0.08784234523773193,0.0462338320406997,0.033623088961062225,0.03425970641618736,0
1007,1774281102.6436017,20,-0.037479400634765625,-0.7495880126953125,0.0,0.02668940396688413,0.7495880126953125,6.043910980224609,0.12402366863905326,0.11599965691566468,0.7733310461044312,0.27613441586624826,20,-0.037479400634765625,-0.01972655877460424,0.06724617792212445,0.03093325102012351,0
1008,1774281102.7435102,22,0.0,0.0,0.0,0.0,0.0,6.043910980224609,0.0,0.10545423355969516,0.5799982845783234,0.22370221096467136,22,0.0,0.0,0.10740708973672655,0.03093325102012351,0
1009,1774281102.8436756,22,0.0,0.0,0.0,0.0,0.0,6.043910980224609,0.0,0.10545423355969516,0.5799982845783234,0.22370221096467136,22,0.0,0.0,0.10495207054274423,0.03093325102012351,0
1010,1774281102.9435334,22,0.029813159595836292,0.0,0.6558895111083984,0.01866531418682292,0.6558895111083984,6.043910980224609,0.1085207100591716,0.12302993915297768,0.7733310461044312,0.26422079124284265,22,0.029813159595836292,0.015692057377599957,0.09959566502860098,0.03246180362155053,0
1011,1774281103.0436497,26,0.05225493357731746,-1.499176025390625,4.356980323791504,0.9355687801276005,5.856156349182129,6.043910980224609,0.9689349112426036,0.08923050531974205,0.5799982845783234,0.20926408420436327,26,0.05225493357731746,0.027503250967761142,0.06947896117344499,0.035658492768313746,0
1012,1774281103.1438541,20,-0.22487640380859375,-4.497528076171875,0.0,0.9608185428078286,4.497528076171875,6.043910980224609,0.7441420118343195,0.0966663807630539,0.7733310461044312,0.20732628917049448,20,-0.22487640380859375,-0.11832279693414494,0.08156225876882672,0.057908379599597805,0
1013,1774281103.2434235,19,-0.03945200066817434,-0.7495880126953125,0.0,0.028016286420989325,0.7495880126953125,6.043910980224609,0.12402366863905326,0.10175408501374095,0.7733310461044312,0.2114918941457786,19,-0.03945200066817434,-0.020768708014874307,0.10099472617035482,0.05767823491062212,0
1014,1774281103.3436503,20,-0.10775327682495117,-1.405477523803711,0.0,0.11525169426818138,1.405477523803711,6.043910980224609,0.23254437869822486,0.14499957114458084,0.7733310461044312,0.2924058154413547,20,-0.10775327682495117,-0.05670603613452411,0.12083297595381737,0.05985359409927991,0
1015,1774281103.443521,18,0.02863009770711263,0.0,0.5153417587280273,0.01393460241021987,0.5153417587280273,6.043910980224609,0.08526627218934911,0.04296283589469062,0.3866655230522156,0.10302126135733425,18,0.02863009770711263,0.015070029937592298,0.14116360365398348,0.06095421858994597,0
1016,1774281103.5438576,21,0.0,0.0,0.0,0.0,0.0,5.992770195007324,0.0,0.06444425384203593,0.5799982845783234,0.17223451315942054,21,0.0,0.0,0.12360619179538039,0.060954218589945965,0
1017,1774281103.643872,22,0.021295113997025925,0.0,0.4684925079345703,0.009523119483072915,0.4684925079345703,6.043910980224609,0.07751479289940828,0.02636355838992379,0.1933327615261078,0.06634683365617257,22,0.06368253138158228,0.03351416364985827,0.11047586372920445,0.06167534159805675,0
1018,1774281103.7442107,22,0.0,0.0,0.0,0.0,0.0,5.992770195007324,0.0,0.0,0.0,0.0,22,0.035694667271205356,0.018784766156906427,0.0966663807630539,0.06195282325230508,0
1019,1774281103.8442967,24,0.0,0.0,0.0,0.0,0.0,6.043910980224609,0.0,0.03222212692101797,0.1933327615261078,0.07205086617502215,24,-0.0044618334089006695,-0.002347451029259615,0.12666629203434648,0.06222553606387992,0
1020,1774281103.9436002,22,0.0,0.0,0.0,0.0,0.0,6.043910980224609,0.0,0.10545423355969516,0.5799982845783234,0.22370221096467136,22,0.04216432571411133,0.02219073010952697,0.15818135033954273,0.062122250588553134,0
1021,1774281104.0434701,23,0.0,0.0,0.0,0.0,0.0,5.992770195007324,0.0,0.033623088961062225,0.3866655230522156,0.10895126051807201,23,0.049605089075425095,0.0261157660148456,0.13496815427294317,0.0622757666844349,0
1022,1774281104.1438224,23,0.0,0.0,0.0,0.0,0.0,6.043910980224609,0.0,0.02521731672079667,0.1933327615261078,0.06511083179712221,23,0.12493133544921875,0.06573958792820433,0.07518496281570858,0.062216579211137414,0
1023,1774281104.243578,23,-0.00611077184262483,-0.6090402603149414,0.4684925079345703,0.025632887540327175,1.0775327682495117,5.992770195007324,0.17980545443695173,0.016811544480531113,0.3866655230522156,0.0788531331784557,23,0.03293027048525603,0.017334271905877482,0.06802449016659348,0.057614254407469256,0
1024,1774281104.344111,23,0.02444308737049932,0.0,0.5621910095214844,0.013144219444441002,0.5621910095214844,6.043910980224609,0.09301775147928994,0.02521731672079667,0.5799982845783234,0.11827969976768359,23,0.02444308737049932,0.012863791066370965,0.08976163927997861,0.05801230613203189,0
1025,1774281104.443699,22,0.023424625396728516,0.0,0.5153417587280273,0.01152297457451823,0.5153417587280273,6.043910980224609,0.08526627218934911,0.02636355838992379,0.1933327615261078,0.06634683365617257,22,0.023424625396728516,0.012328324164782703,0.12244408229986826,0.058496615301208574,0
1026,1774281104.543583,22,0.023424625396728516,0.0,0.5153417587280273,0.01152297457451823,0.5153417587280273,5.992770195007324,0.08599391299158561,0.02636355838992379,0.5799982845783234,0.12081300191021387,22,0.06090402603149414,0.03205506670201989,0.10874967835843563,0.05895368330531784,0
1027,1774281104.643434,26,0.059462510622464694,0.0,0.6090402603149414,0.027614229009940143,0.6090402603149414,6.043910980224609,0.10076923076923076,0.029743501773247354,0.1933327615261078,0.06975469473478775,26,0.059462510622464694,0.03129731338591379,0.11131280209078934,0.06051067922867432,0
1028,1774281104.7440083,21,-0.006692750113351005,-0.6090402603149414,0.4684925079345703,0.028070219889982866,1.0775327682495117,6.043910980224609,0.17828402366863905,0.027618965932301114,0.1933327615261078,0.06765237375744962,21,-0.006692750113351005,-0.0035218833792035496,0.10495207054274423,0.06049633678510735,0
1029,1774281104.8434763,22,0.04259022799405185,0.0,0.4684925079345703,0.018139275205853175,0.4684925079345703,6.043910980224609,0.07751479289940828,0.05272711677984758,0.3866655230522156,0.13269366731234514,22,0.012777068398215557,0.006724975033173693,0.10235263845499824,0.06141642732680385,0
1030,1774281104.9440374,22,0.0,0.0,0.0,0.0,0.0,6.043910980224609,0.0,0.05272711677984758,0.3866655230522156,0.13269366731234514,22,-0.05225493357731746,-0.027496984861637163,0.09517920567439153,0.06093813707099208,0
1031,1774281105.0436409,21,0.0,0.0,0.0,0.0,0.0,5.992770195007324,0.0,0.09206321977433704,0.5799982845783234,0.20337429976244112,21,0.22487640380859375,0.11836928984575472,0.114688926329047,0.05951074027055616,0
1032,1774281105.1435637,18,0.0,0.0,0.0,0.0,0.0,5.992770195007324,0.0,0.06444425384203593,0.3866655230522156,0.12888850768407184,18,0.03945200066817434,0.020762677876681238,0.09836228217994958,0.03268565082357413,0
1033,1774281105.243605,20,-0.0726163387298584,-0.7027387619018555,0.5153417587280273,0.0727538666112082,1.2180805206298828,5.992770195007324,0.20325833979829325,0.04833319038152695,0.1933327615261078,0.08371554143270404,20,0.03513693809509277,0.01849356762660047,0.0851974881301492,0.03552359537260592,0
1034,1774281105.3437068,19,0.08876700150339227,0.0,1.6865730285644531,0.14183245000625844,1.6865730285644531,5.992770195007324,0.28143462433609834,0.08140326801099275,0.3866655230522156,0.15763675066671695,19,0.060136903796279645,0.03164790677545072,0.04437145346500834,0.03080977719408413,0
1035,1774281105.4434197,18,-0.036438306172688804,-0.6558895111083984,0.0,0.02257175266448838,0.6558895111083984,6.043910980224609,0.1085207100591716,0.06444425384203593,0.3866655230522156,0.1441017323500443,18,-0.036438306172688804,-0.019182476730107742,0.029743501773247354,0.03221473549435745,0
1036,1774281105.543446,18,0.0,0.0,0.0,0.0,0.0,5.992770195007324,0.0,0.10740708973672655,0.5799982845783234,0.2060425227146685,18,-0.021295113997025925,-0.011210467996133467,0.019901901921805215,0.03221473549435745,0
1037,1774281105.6439,17,-0.08543098674100988,-1.452326774597168,0.0,0.11677525592868171,1.452326774597168,5.992770195007324,0.2423464820671958,0.056862576919443464,0.3866655230522156,0.1102606275092691,17,-0.08543098674100988,-0.04497103360466854,0.04549006153555477,0.03791792584123187,0
1038,1774281105.7435253,19,-0.07150675121106599,-0.7027387619018555,0.0,0.04352009075552117,0.7027387619018555,6.043910980224609,0.11627218934911243,0.030526225504122283,0.1933327615261078,0.07049729804859288,19,-0.07150675121106599,-0.03765041882448792,0.05603848160177037,0.04123406214584792,0
1039,1774281105.844219,20,0.0,0.0,0.0,0.0,0.0,5.992770195007324,0.0,0.05799982845783234,0.5799982845783234,0.13806720793312416,20,0.0,0.0,0.054019448073471296,0.041234062145847926,0
1040,1774281105.9436293,22,-0.23424625396728516,-4.497528076171875,0.0,0.8841264128084897,4.497528076171875,6.043910980224609,0.7441420118343195,0.043939263983206314,0.3866655230522156,0.09981082117702071,22,-0.23424625396728516,-0.1232771779124939,0.02521731672079667,0.06547590677386637,0
1041,1774281106.0432918,18,0.03383557001749674,0.0,0.6090402603149414,0.01946237857295172,0.6090402603149414,5.992770195007324,0.10162916989914662,0.03222212692101797,0.1933327615261078,0.07205086617502215,18,0.03383557001749674,0.017813169536689395,0.02241539264070815,0.06621122529318364,0
1042,1774281106.1438782,18,-0.08068482081095378,-0.7495880126953125,0.0,0.05214129059380765,0.7495880126953125,5.992770195007324,0.12508205526048816,0.04296283589469062,0.1933327615261078,0.0803761061410629,18,-0.07457404896832895,-0.039243297686696224,0.022745030767777386,0.06786436554725954,0
1043,1774281106.243398,17,-0.12125688440659467,-1.405477523803711,0.0,0.1268001868486778,1.405477523803711,5.860805511474609,0.2398096167927752,0.04549006153555477,0.3866655230522156,0.12457966422660721,17,-0.14569997177709398,-0.07671298381830008,0.025970072443805524,0.07165388618359374,0
1044,1774281106.3439562,14,-0.1438941274370466,-1.405477523803711,0.0,0.14688713070355258,1.405477523803711,5.811095237731934,0.24186103760231398,0.11047586372920445,0.3866655230522156,0.17467767792933464,14,-0.16731875283377512,-0.08805057531842628,0.027618965932301114,0.07563917658407084,0
1045,1774281106.4435015,12,-0.11712312698364258,-1.405477523803711,0.0,0.1508960956186911,1.405477523803711,5.860805511474609,0.2398096167927752,0.11277744422356288,0.5799982845783234,0.20058112250016175,12,-0.1405477523803711,-0.07397567223117654,0.028019240800885185,0.07695375719518173,0
1046,1774281106.5433733,14,-0.1472405024937221,-0.7495880126953125,0.0,0.08022409120684995,0.7495880126953125,5.811095237731934,0.1289925533879008,0.04142844889845167,0.1933327615261078,0.07932944001535167,14,-0.20670301311618677,-0.10879453531239726,0.03642501304115074,0.07930748751648992,0
1047,1774281106.6438286,15,-0.1405477523803711,-0.7495880126953125,0.0,0.07930732977001753,0.7495880126953125,5.860805511474609,0.1278984622894801,0.0,0.0,0.0,15,-0.1338550022670201,-0.07045666388090939,0.04461525265987103,0.07815395065554694,0
1048,1774281106.7435644,20,-0.07027387619018555,-1.405477523803711,0.0,0.09382993582107702,1.405477523803711,5.860805511474609,0.2398096167927752,0.07733310461044311,0.3866655230522156,0.15466620922088622,20,-0.1128641041842374,-0.05939940672115537,0.06543570390114417,0.07742937075214547,0
1049,1774281106.8440318,16,-0.21960586309432983,-0.7964372634887695,0.0,0.10747059991933483,0.7964372634887695,5.860805511474609,0.1358921161825726,0.10874967835843563,0.7733310461044312,0.25546960309989025,16,-0.21960586309432983,-0.11558237549431219,0.0697265697307274,0.08141559869617089,0
1050,1774281106.9435616,18,-0.11972586313883464,-0.7964372634887695,0.0,0.07272819225868767,0.7964372634887695,5.860805511474609,0.1358921161825726,0.08592567178938124,0.5799982845783234,0.1957050313951277,18,-0.11972586313883464,-0.06301624221159612,0.0688133557974282,0.08037639143377323,0
1051,1774281107.0434475,19,-0.12082175204628393,-1.499176025390625,0.0,0.1370779500103353,1.499176025390625,5.860805511474609,0.2557969245789602,0.061052451008244565,0.3866655230522156,0.14099459609718576,19,-0.12082175204628393,-0.06359428687710739,0.06444425384203593,0.07889646248074288,0
1052,1774281107.1434896,20,-0.4544377326965332,-1.546025276184082,0.0,0.36985456105753656,1.546025276184082,5.659818649291992,0.2731580942752433,0.0966663807630539,0.7733310461044312,0.23280347330957232,20,-0.3818213939666748,-0.2009708240773206,0.06444425384203593,0.11074709741824096,0
1053,1774281107.2434301,16,-0.37479400634765625,-1.546025276184082,0.0,0.4216859981198695,1.546025276184082,5.860805511474609,0.26379057847205273,0.20541605912148952,1.5466620922088623,0.41278214141187997,16,-0.46356100785104853,-0.24401501521315583,0.08436338684775613,0.1249144893259903,0
1054,1774281107.3437805,19,-0.07890400133634869,-1.499176025390625,0.0,0.11206514568395727,1.499176025390625,5.860805511474609,0.2557969245789602,0.2035081700274819,1.5466620922088623,0.4229837882915572,19,-0.04246569516365988,-0.0223461221979022,0.07660354701977856,0.11586921181490856,0
1055,1774281107.4439282,19,-0.07643825129458778,-1.452326774597168,0.0,0.10517051269754192,1.452326774597168,5.860805511474609,0.24780327068586772,0.1933327615261078,0.9666638076305389,0.331911780768182,19,-0.07643825129458778,-0.040220451520209595,0.06444425384203593,0.11458973934906058,0
1056,1774281107.543361,21,-0.033463750566755025,-0.7027387619018555,0.0,0.022396452039879947,0.7027387619018555,6.043910980224609,0.11627218934911243,0.2209517274584089,1.5466620922088623,0.541218990059597,21,0.051967236174254854,0.02735893778667731,0.04833319038152695,0.11289422758492373,0
1057,1774281107.643761,19,0.0,0.0,0.0,0.0,0.0,6.043910980224609,0.0,0.030526225504122283,0.1933327615261078,0.07049729804859288,19,0.07150675121106599,0.037630464990513236,0.04437145346500834,0.11617530218304713,0
1058,1774281107.7435572,19,0.0,0.0,0.0,0.0,0.0,6.043910980224609,0.0,0.12210490201648913,2.1266603767871857,0.47444035618950436,19,0.0,0.0,0.04511097768942515,0.11894335921245397,0
1059,1774281107.8439653,17,0.0,0.0,0.0,0.0,0.0,6.043910980224609,0.0,0.0,0.0,0.0,17,0.23424625396728516,0.12326570176073606,0.039999881695056784,0.11894335921245397,0
1060,1774281107.943574,16,0.0,0.0,0.0,0.0,0.0,6.043910980224609,0.0,0.0,0.0,0.0,16,-0.03383557001749674,-0.017805550672882527,0.04012566748655067,0.11914031925365505,0
1061,1774281108.0433798,17,0.0,0.0,0.0,0.0,0.0,6.043910980224609,0.0,0.0,0.0,0.0,17,0.08068482081095378,0.042476838355934445,0.06312906498811682,0.11726491248762734,0
1062,1774281108.1438437,15,-0.0499725341796875,-0.7495880126953125,0.0,0.034961558412760496,0.7495880126953125,6.043910980224609,0.12402366863905326,0.0,0.0,0.0,15,0.07128435022690717,0.03750928018541575,0.08542610393014065,0.11790306450703489,0
1063,1774281108.2433143,16,0.0,0.0,0.0,0.0,0.0,6.043910980224609,0.0,0.0,0.0,0.0,16,0.1438941274370466,0.07575934860678384,0.08699974268674851,0.1204349167210333,0
1064,1774281108.3436465,18,0.0,0.0,0.0,0.0,0.0,6.043910980224609,0.0,0.0,0.0,0.0,18,0.11712312698364258,0.061639045264201574,0.04715433207953849,0.12232092118907065,0
1065,1774281108.4436965,15,0.0,0.0,0.0,0.0,0.0,6.043910980224609,0.0,0.0,0.0,0.0,15,0.1472405024937221,0.07748182318189116,0.04340123217933032,0.12415882712759164,1
1066,1774281108.5436363,16,0.0,0.0,0.0,0.0,0.0,5.992770195007324,0.0,0.0,0.0,0.0,16,0.1405477523803711,0.07397998913454205,0.06444425384203593,0.12516337682092246,1
1067,1774281108.643575,16,0.0,0.0,0.0,0.0,0.0,5.992770195007324,0.0,0.0,0.0,0.0,16,0.07027387619018555,0.0369860445599332,0.08950590811393878,0.12590018117824645,1
1068,1774281108.7434332,16,0.0,0.0,0.0,0.0,0.0,5.992770195007324,0.0,0.0,0.0,0.0,16,0.21960586309432983,0.11561845750550387,0.08389912292642414,0.12709536078725897,1
1069,1774281108.8437088,15,0.0,0.0,0.0,0.0,0.0,5.992770195007324,0.0,0.0,0.0,0.0,15,0.11972586313883464,0.0630087306720771,0.08140326801099275,0.12369032194198816,1
1070,1774281108.9434023,15,0.0,0.0,0.0,0.0,0.0,6.043910980224609,0.0,0.0,0.0,0.0,15,0.12082175204628393,0.06359190877119364,0.11599965691566468,0.12381472867285866,1
1071,1774281109.0433831,15,0.0,0.0,0.0,0.0,0.0,6.043910980224609,0.0,0.0,0.0,0.0,15,0.4544377326965332,0.23919115854205644,0.16521163257685575,0.12361990677629232,1
1072,1774281109.1337323,16,-0.055633485317230225,-0.8901357650756836,0.0,0.046426270328137065,0.8901357650756836,6.043910980224609,0.14727810650887574,0.0,0.0,0.0,16,0.319160521030426,0.168841005526643,0.20049323417522288,0.08272228263277637,1
1073,1774281109.2391634,15,0.0,0.0,0.0,0.0,0.0,6.043910980224609,0.0,0.0,0.0,0.0,15,0.07890400133634869,0.04162958424942032,0.2064400673922846,0.026876464792994086,1
1074,1774281109.3287475,17,0.0,0.0,0.0,0.0,0.0,5.992770195007324,0.0,0.0,0.0,0.0,17,0.07643825129458778,0.040554684761807715,0.15073401746103318,0.022619441151765254,1
1075,1774281109.4343905,16,0.0,0.0,0.0,0.0,0.0,6.043910980224609,0.0,0.0,0.0,0.0,16,0.033463750566755025,0.0176960480320995,0.1277962321952238,0.016948659852033088,1
1076,1774281109.5395067,15,0.0,0.0,0.0,0.0,0.0,5.992770195007324,0.0,0.0,0.0,0.0,15,0.0,0.0,0.05272711677984758,0.01586617044718627,1
1077,1774281109.62953,15,0.0,0.0,0.0,0.0,0.0,6.043910980224609,0.0,0.0,0.0,0.0,15,0.0,0.0,0.04461525265987103,0.01586617044718627,1
1078,1774281109.7336679,15,0.0,0.0,0.0,0.0,0.0,6.043910980224609,0.0,0.0,0.0,0.0,15,0.0,0.0,0.0,0.01586617044718627,1
1079,1774281109.8390496,15,0.0,0.0,0.0,0.0,0.0,6.043910980224609,0.0,0.0,0.0,0.0,15,0.0,0.0,0.0,0.01586617044718627,1
1080,1774281109.9286377,14,0.0,0.0,0.0,0.0,0.0,6.043910980224609,0.0,0.0,0.0,0.0,14,0.0,0.0,0.0,0.01586617044718627,1
1081,1774281110.0337856,14,0.0,0.0,0.0,0.0,0.0,6.043910980224609,0.0,0.0,0.0,0.0,14,0.0499725341796875,0.026441306669832222,0.0,0.01586617044718627,1
1082,1774281110.1393144,16,0.0,0.0,0.0,0.0,0.0,5.992770195007324,0.0,0.0,0.0,0.0,16,0.0,0.0,0.0,0.01212503701873802,1
1083,1774281110.228881,15,0.0,0.0,0.0,0.0,0.0,6.043910980224609,0.0,0.0,0.0,0.0,15,0.0,0.0,0.0,0.01212503701873802,1
1084,1774281110.3336654,15,0.0,0.0,0.0,0.0,0.0,6.043910980224609,0.0,0.0,0.0,0.0,15,0.0,0.0,0.0,0.01212503701873802,1
1085,1774281110.4389586,15,0.0,0.0,0.0,0.0,0.0,6.043910980224609,0.0,0.0,0.0,0.0,15,0.0,0.0,0.0,0.01212503701873802,1
1086,1774281110.5288785,15,0.0,0.0,0.0,0.0,0.0,6.043910980224609,0.0,0.0,0.0,0.0,15,0.0,0.0,0.0,0.01212503701873802,1
1087,1774281110.6342387,15,0.0,0.0,0.0,0.0,0.0,6.043910980224609,0.0,0.0,0.0,0.0,15,0.0,0.0,0.0,0.01212503701873802,1
1088,1774281110.739428,15,0.0,0.0,0.0,0.0,0.0,6.043910980224609,0.0,0.0,0.0,0.0,15,0.0,0.0,0.0,0.01212503701873802,1
1089,1774281110.8294873,15,0.0,0.0,0.0,0.0,0.0,6.043910980224609,0.0,0.0,0.0,0.0,15,0.0,0.0,0.0,0.01212503701873802,1
1090,1774281110.934189,16,0.0,0.0,0.0,0.0,0.0,6.043910980224609,0.0,0.0,0.0,0.0,16,0.0,0.0,0.0,0.01212503701873802,0
1091,1774281111.0394435,15,0.0,0.0,0.0,0.0,0.0,6.043910980224609,0.0,0.0,0.0,0.0,15,0.055633485317230225,0.029193030967085244,0.0,0.01212503701873802,0
1092,1774281111.1297045,15,0.0,0.0,0.0,0.0,0.0,6.043910980224609,0.0,0.0,0.0,0.0,15,0.0,0.0,0.0,0.0,0
1093,1774281111.2338343,16,0.0,0.0,0.0,0.0,0.0,6.043910980224609,0.0,0.0,0.0,0.0,16,0.0,0.0,0.0,0.0,0
1094,1774281111.3391552,15,0.0,0.0,0.0,0.0,0.0,6.043910980224609,0.0,0.0,0.0,0.0,15,0.0,0.0,0.0,0.0,0
1095,1774281111.4288442,16,0.0,0.0,0.0,0.0,0.0,6.043910980224609,0.0,0.0,0.0,0.0,16,0.0,0.0,0.0,0.0,0
1096,1774281111.5340486,16,0.0,0.0,0.0,0.0,0.0,5.992770195007324,0.0,0.0,0.0,0.0,16,0.0,0.0,0.0,0.0,0
1097,1774281111.6392095,17,0.0,0.0,0.0,0.0,0.0,6.043910980224609,0.0,0.0,0.0,0.0,17,0.0,0.0,0.0,0.0,0
1098,1774281111.7290447,15,0.0,0.0,0.0,0.0,0.0,6.043910980224609,0.0,0.0,0.0,0.0,15,0.0,0.0,0.0,0.0,0
1099,1774281111.833918,17,0.0,0.0,0.0,0.0,0.0,6.043910980224609,0.0,0.0,0.0,0.0,17,0.0,0.0,0.0,0.0,0
1100,1774281111.9392402,16,0.0,0.0,0.0,0.0,0.0,6.043910980224609,0.0,0.0,0.0,0.0,16,0.0,0.0,0.0,0.0,0
1101,1774281112.0291674,17,0.0,0.0,0.0,0.0,0.0,6.043910980224609,0.0,0.0,0.0,0.0,17,0.0,0.0,0.0,0.0,0
1102,1774281112.1344552,16,0.0,0.0,0.0,0.0,0.0,6.043910980224609,0.0,0.0,0.0,0.0,16,0.0,0.0,0.0,0.0,0
1103,1774281112.2387614,17,0.0,0.0,0.0,0.0,0.0,6.043910980224609,0.0,0.0,0.0,0.0,17,0.0,0.0,0.0,0.0,0
1104,1774281112.3290074,16,0.0,0.0,0.0,0.0,0.0,6.043910980224609,0.0,0.0,0.0,0.0,16,0.0,0.0,0.0,0.0,0
1105,1774281112.43405,17,0.0,0.0,0.0,0.0,0.0,6.043910980224609,0.0,0.0,0.0,0.0,17,0.0,0.0,0.0,0.0,0
1106,1774281112.5392702,18,0.0,0.0,0.0,0.0,0.0,6.043910980224609,0.0,0.0,0.0,0.0,18,0.0,0.0,0.0,0.0,0
1107,1774281112.6291795,18,0.0,0.0,0.0,0.0,0.0,6.043910980224609,0.0,0.0,0.0,0.0,18,0.0,0.0,0.0,0.0,0
1108,1774281112.7337873,18,0.0,0.0,0.0,0.0,0.0,6.043910980224609,0.0,0.0,0.0,0.0,18,0.0,0.0,0.0,0.0,0
1109,1774281112.8390324,18,0.0,0.0,0.0,0.0,0.0,6.043910980224609,0.0,0.0,0.0,0.0,18,0.0,0.0,0.0,0.0,0
1110,1774281112.9288602,16,0.0,0.0,0.0,0.0,0.0,6.043910980224609,0.0,0.0,0.0,0.0,16,0.0,0.0,0.0,0.0,0
1111,1774281113.0337949,16,0.0,0.0,0.0,0.0,0.0,6.043910980224609,0.0,0.0,0.0,0.0,16,0.0,0.0,0.0,0.0,0
1112,1774281113.138822,15,0.0,0.0,0.0,0.0,0.0,6.043910980224609,0.0,0.0,0.0,0.0,15,0.0,0.0,0.0,0.0,0
1113,1774281113.2287831,15,0.0,0.0,0.0,0.0,0.0,6.043910980224609,0.0,0.0,0.0,0.0,15,0.0,0.0,0.0,0.0,0
1114,1774281113.3436003,18,0.0,0.0,0.0,0.0,0.0,6.043910980224609,0.0,0.06444425384203593,0.5799982845783234,0.18227587560084332,18,0.0,0.0,0.0,0.0,0
1115,1774281113.444018,19,-0.12082175204628393,-1.1712312698364258,0.0,0.12413987329508674,1.1712312698364258,6.043910980224609,0.1937869822485207,0.020350817002748187,0.1933327615261078,0.05933231748191226,19,-0.12082175204628393,-0.06325847758863533,0.0,0.026332490367564014,0
1116,1774281113.5444794,17,0.0,0.0,0.0,0.0,0.0,5.992770195007324,0.0,0.04549006153555477,0.7733310461044312,0.18196024614221912,17,0.0,0.0,0.0,0.026332490367564014,0
1117,1774281113.6443129,16,0.0,0.0,0.0,0.0,0.0,6.043910980224609,0.0,0.0,0.0,0.0,16,0.0,0.0,0.0,0.026332490367564014,0
1118,1774281113.7437186,17,0.0,0.0,0.0,0.0,0.0,5.992770195007324,0.0,0.0,0.0,0.0,17,0.0,0.0,0.0,0.026332490367564014,0
1119,1774281113.843919,20,0.0,0.0,0.0,0.0,0.0,5.992770195007324,0.0,0.08699974268674851,0.5799982845783234,0.20710081189968624,20,0.0,0.0,0.0,0.026332490367564014,0
1120,1774281113.9441462,22,-0.09156899018721147,-1.0306835174560547,0.0,0.08389868264587241,1.0306835174560547,5.992770195007324,0.17198782598317122,0.07030282237313011,0.5799982845783234,0.17040278796887037,22,-0.09156899018721147,-0.047817235852399685,0.0,0.032192611234656464,0
1121,1774281114.044615,24,-0.08393824100494385,-1.0306835174560547,0.0,0.07754763742262583,1.0306835174560547,5.992770195007324,0.17198782598317122,0.13694403941432634,0.9666638076305389,0.3229253589788499,24,-0.08393824100494385,-0.04394304594316052,0.0,0.03580353384729433,0
1122,1774281114.1441958,23,-0.0998092734295389,-1.1712312698364258,0.0,0.10464757033702357,1.1712312698364258,5.992770195007324,0.19544071134451274,0.06724617792212445,0.7733310461044312,0.18568957804396802,23,-0.0998092734295389,-0.05238137560591858,0.0,0.0400899109360314,0
1123,1774281114.2443755,19,0.0,0.0,0.0,0.0,0.0,5.992770195007324,0.0,0.050877042506870473,0.5799982845783234,0.15161017206541133,19,0.0,0.0,0.0,0.0400899109360314,0
1124,1774281114.3446271,22,0.0,0.0,0.0,0.0,0.0,6.043910980224609,0.0,0.07030282237313011,0.7733310461044312,0.18009738989136675,22,0.0,0.0,0.0,0.0400899109360314,0
1125,1774281114.4440918,22,-0.04471973939375444,-0.9838342666625977,0.0,0.04199695692035157,0.9838342666625977,5.992770195007324,0.16417019752939072,0.05272711677984758,0.5799982845783234,0.13269366731234516,22,-0.04471973939375444,-0.023477126985888157,0.0,0.04016986529342788,0
1126,1774281114.544631,24,-0.12883543968200684,-1.0775327682495117,0.0,0.11637289798471784,1.0775327682495117,5.992770195007324,0.17980545443695173,0.06444425384203593,0.3866655230522156,0.1441017323500443,24,-0.12883543968200684,-0.06726113289219075,0.0,0.04602238051752749,0
1127,1774281114.6439433,22,-0.23637576536698776,-1.0775327682495117,0.0,0.1902492531777896,1.0775327682495117,5.992770195007324,0.17980545443695173,0.017575705593282528,0.3866655230522156,0.0805420012734759,22,-0.23637576536698776,-0.1237468373964344,0.0,0.06402142036472719,0
1128,1774281114.7440605,22,-0.14693628657947888,-1.1243820190429688,0.0,0.1369379233477871,1.1243820190429688,5.992770195007324,0.18762308289073223,0.06151496957648884,0.3866655230522156,0.12208475276486855,22,-0.14693628657947888,-0.0771307710425014,0.0,0.06732069610999682,0
1129,1774281114.844016,19,0.0,0.0,0.0,0.0,0.0,5.992770195007324,0.0,0.030526225504122283,0.1933327615261078,0.07049729804859288,19,0.0,0.0,0.0,0.06732069610999682,0
1130,1774281114.9441109,20,-0.11009573936462402,-1.1243820190429688,0.0,0.10914451774368672,1.1243820190429688,5.992770195007324,0.18762308289073223,0.0,0.0,0.0,20,-0.11009573936462402,-0.0576322136835618,0.0,0.06769946689267284,0
1131,1774281115.0441883,19,0.0,0.0,0.0,0.0,0.0,5.992770195007324,0.0,0.040701634005496375,0.1933327615261078,0.07881837533335848,19,0.0,0.0,0.024166595190763474,0.06769946689267285,0
1132,1774281115.1439323,19,-0.05917800100226151,-1.1243820190429688,0.0,0.06303664444722595,1.1243820190429688,5.992770195007324,0.18762308289073223,0.020350817002748187,0.1933327615261078,0.05933231748191226,19,-0.05917800100226151,-0.030899942748617525,0.029743501773247354,0.06659582187176571,0
1133,1774281115.2440486,19,-0.05917800100226151,-1.1243820190429688,0.0,0.06303664444722595,1.1243820190429688,5.992770195007324,0.18762308289073223,0.010175408501374094,0.1933327615261078,0.04317060211598919,19,-0.05917800100226151,-0.031138968793827552,0.04296283589469062,0.06533971981105118,0
1134,1774281115.3438947,17,-0.06614011876723346,-1.1243820190429688,0.0,0.06999224496869993,1.1243820190429688,5.992770195007324,0.18762308289073223,0.0,0.0,0.0,17,0.05468163327905047,0.028781672753911167,0.022307626329935513,0.06392464200130919,0
1135,1774281115.443917,21,-0.1539332526070731,-1.1243820190429688,0.0,0.1423817111015301,1.1243820190429688,5.992770195007324,0.18762308289073223,0.009206321977433703,0.1933327615261078,0.04117192352858409,21,-0.1539332526070731,-0.0810414868397107,0.015466620922088623,0.06581753071518288,0
1136,1774281115.5444262,20,-0.053876638412475586,-1.0775327682495117,0.0,0.05515115116594416,1.0775327682495117,5.992770195007324,0.17980545443695173,0.019333276152610778,0.1933327615261078,0.05799982845783234,20,-0.053876638412475586,-0.028354434001078843,0.032830091579905095,0.06422479108317736,0
1137,1774281115.64382,21,-0.10039125170026507,-1.0775327682495117,0.0,0.09579709085857982,1.0775327682495117,5.992770195007324,0.17980545443695173,0.018412643954867407,0.3866655230522156,0.08234384705716818,21,-0.10039125170026507,-0.05283468054449244,0.055706049931251396,0.06271877242441842,0
1138,1774281115.743863,18,0.0,0.0,0.0,0.0,0.0,5.992770195007324,0.0,0.0,0.0,0.0,18,0.0,0.0,0.09959566502860098,0.06271877242441842,0
1139,1774281115.8439229,18,-0.11191765467325847,-1.0306835174560547,0.0,0.10026545953994376,1.0306835174560547,5.992770195007324,0.17198782598317122,0.04296283589469062,0.3866655230522156,0.12151725040056222,18,-0.020348664486046997,-0.010711082263762462,0.09246349464292111,0.06103779506844219,0
1140,1774281115.9440567,19,0.0,0.0,0.0,0.0,0.0,5.992770195007324,0.0,0.010175408501374094,0.1933327615261078,0.04317060211598919,19,0.08393824100494385,0.04419100631668582,0.08787852796641263,0.06319528476285098,0
1141,1774281116.0441816,18,0.0,0.0,0.0,0.0,0.0,5.992770195007324,0.0,0.12888850768407187,0.7733310461044312,0.2882034647000886,18,0.0998092734295389,0.0525315894158687,0.06343731237575412,0.06507331098409286,0
1142,1774281116.143885,20,0.0,0.0,0.0,0.0,0.0,5.992770195007324,0.0,0.0,0.0,0.0,20,0.0,0.0,0.05830670585708013,0.06630175188325887,0
1143,1774281116.2437596,19,-0.056712250960500615,-1.0775327682495117,0.0,0.057893029362122435,1.0775327682495117,5.992770195007324,0.17980545443695173,0.0,0.0,0.0,19,-0.056712250960500615,-0.029862187738033997,0.06254883461138781,0.06471572724663004,0
1144,1774281116.343942,21,-0.0513110842023577,-1.0775327682495117,0.0,0.05265654724042886,1.0775327682495117,6.043910980224609,0.17828402366863905,0.018412643954867407,0.1933327615261078,0.056751580113533366,21,-0.00659134480860326,-0.003469402509302997,0.04549006153555477,0.0630270149760234,0
1145,1774281116.4438841,21,0.0,0.0,0.0,0.0,0.0,5.992770195007324,0.0,0.036825287909734813,0.3866655230522156,0.09655671949035795,21,0.12883543968200684,0.06783479129229122,0.04833319038152695,0.0646211208541456,0
1146,1774281116.5439162,22,-0.04897876219315962,-1.0775327682495117,0.0,0.050377302065455744,1.0775327682495117,5.992770195007324,0.17980545443695173,0.02636355838992379,0.1933327615261078,0.06634683365617257,22,0.18739700317382812,0.09863140765339568,0.036825287909734813,0.06311069616467001,0
1147,1774281116.6438966,21,-0.0513110842023577,-1.0775327682495117,0.0,0.05265654724042886,1.0775327682495117,5.992770195007324,0.17980545443695173,0.018412643954867407,0.1933327615261078,0.056751580113533366,21,0.09562520237712119,0.05033339677042563,0.031693895332148815,0.0489551601362181,0
1148,1774281116.7438202,18,-0.17178058624267578,-1.0775327682495117,0.0,0.14778672152715444,1.0775327682495117,5.992770195007324,0.17980545443695173,0.02148141794734531,0.1933327615261078,0.06075862520028111,18,-0.17178058624267578,-0.09042015693073954,0.023333264322116458,0.051556448973481,0
1149,1774281116.844139,21,-0.10708400181361608,-2.2487640380859375,0.0,0.22933966888837065,2.2487640380859375,5.992770195007324,0.37524616578146447,0.0,0.0,0.0,21,0.003011737551007948,0.0015851014766100845,0.019999940847528392,0.05115240902466664,0
1150,1774281116.9439168,24,-0.181540846824646,-2.2487640380859375,0.0,0.27038979921734096,2.2487640380859375,5.992770195007324,0.37524616578146447,0.016111063460508983,0.1933327615261078,0.05343435247211316,24,-0.181540846824646,-0.0955614675078774,0.023742619836539552,0.05671210685024704,0
1151,1774281117.0440485,23,-0.04888617474099864,-1.1243820190429688,0.0,0.052576877777763986,1.1243820190429688,5.992770195007324,0.18762308289073223,0.0,0.0,0.0,23,0.01029182626126287,0.0054164193921475865,0.010545423355969516,0.054941234913778864,0
1152,1774281117.1440425,22,-0.09795752438631924,-1.1243820190429688,0.0,0.09615629786622765,1.1243820190429688,5.992770195007324,0.18762308289073223,0.017575705593282528,0.1933327615261078,0.05557926115933376,22,-0.03877952338405773,-0.020410341030996385,0.006783605667582729,0.05534515745431456,0
1153,1774281117.2444055,22,-0.05110827359286221,-1.1243820190429688,0.0,0.05485316822249999,1.1243820190429688,6.719112396240234,0.16734085586544603,0.02636355838992379,0.1933327615261078,0.06634683365617257,22,0.015031845174371242,0.007909371138311597,0.009999970423764196,0.05543770474871147,0
1154,1774281117.344425,21,0.0,0.0,0.0,0.0,0.0,5.992770195007324,0.0,0.027618965932301114,0.1933327615261078,0.06765237375744962,21,0.1539332526070731,0.08099584875441486,0.015591351735976434,0.05736803678730421,0
1155,1774281117.4441404,21,-0.1405477523803711,-1.0306835174560547,0.0,0.11873105774741687,1.0306835174560547,5.992770195007324,0.17198782598317122,0.05523793186460223,0.3866655230522156,0.13530474751489924,21,-0.08667111396789551,-0.04562323771184638,0.013107305866176798,0.056388620624775294,0
1156,1774281117.5443795,19,0.0,0.0,0.0,0.0,0.0,5.992770195007324,0.0,0.020350817002748187,0.3866655230522156,0.08634120423197839,19,0.10039125170026507,0.05282194829638957,0.020350817002748187,0.058054446865851095,0
1157,1774281117.6442897,16,0.0,0.0,0.0,0.0,0.0,5.992770195007324,0.0,0.07249978557229042,0.5799982845783234,0.19181640272978906,16,0.0,0.0,0.017575705593282528,0.05876522743902884,0
1158,1774281117.7442737,17,0.0,0.0,0.0,0.0,0.0,5.992770195007324,0.0,0.03411754615166608,0.3866655230522156,0.09914329058446496,17,0.11191765467325847,0.05889315495722703,0.05975739901716059,0.05876522743902884,0
1159,1774281117.8440967,15,-0.06558895111083984,-0.9838342666625977,0.0,0.06022674710948195,0.9838342666625977,5.860805511474609,0.16786673175494263,0.02577770153681437,0.3866655230522156,0.09645132736927545,15,-0.06558895111083984,-0.034519775464608445,0.04409343683928774,0.05741118477363248,0
1160,1774281117.9438567,18,0.0,0.0,0.0,0.0,0.0,6.043910980224609,0.0,0.06444425384203593,0.3866655230522156,0.1441017323500443,18,0.0,0.0,0.040701634005496375,0.05741118477363249,0
1161,1774281118.0438569,14,0.0,0.0,0.0,0.0,0.0,5.860805511474609,0.0,0.027618965932301114,0.3866655230522156,0.09958159784420474,14,0.0,0.0,0.006444425384203593,0.05741118477363249,0
