frame_idx,t,numPts,centroid_z,centroid_z_min,centroid_z_max,z_variance,bbox_height,bbox_width,aspect_ratio,doppler_mean,doppler_max,doppler_std,point_count,delta_z,delta_z_rate,doppler_post,window_z_std,label
0,1774286059.714579,20,-0.2506434917449951,-3.279447555541992,0.0,0.550090344795251,3.279447555541992,6.043910980224609,0.5426035502958579,0.07733310461044311,0.3866655230522156,0.15466620922088622,20,nan,nan,nan,nan,0
1,1774286059.8930867,20,-0.1639723777770996,-3.279447555541992,0.0,0.5108518728036415,3.279447555541992,6.043910980224609,0.5426035502958579,0.04833319038152695,0.3866655230522156,0.12034867350009704,20,0.08667111396789551,0.4855318779508892,0.06283314749598504,0.043335556983947754,0
2,1774286059.9138362,21,-0.24093900408063615,-3.279447555541992,0.0,0.5295417120309214,3.279447555541992,6.043910980224609,0.5426035502958579,0.04603160988716852,0.5799982845783234,0.13213557831465694,21,0.009704487664358968,0.04870333825338049,0.05704901159786787,0.03877272902127053,0
3,1774286060.0141087,21,0.0,0.0,0.0,0.0,0.0,5.992770195007324,0.0,0.09206321977433704,0.7733310461044312,0.22812366758457525,21,0.2506434917449951,0.8367905259655597,0.05704901159786787,0.10040251022670574,0
4,1774286060.1140919,19,0.0,0.0,0.0,0.0,0.0,5.992770195007324,0.0,0.040701634005496375,0.1933327615261078,0.07881837533335848,19,0.2506434917449951,0.627372920095627,0.05704901159786787,0.11118477040899948,0
5,1774286060.2141647,20,0.04216432571411133,0.0,0.8432865142822266,0.033778776895587725,0.8432865142822266,5.992770195007324,0.14071731216804917,0.0,0.0,0.0,20,0.29280781745910645,0.5861013623083553,0.05704901159786787,0.12029861500895984,0
6,1774286060.313682,19,-0.09123275154515316,-0.8901357650756836,0.0,0.07080678638429722,0.8901357650756836,6.043910980224609,0.14727810650887574,0.0,0.0,0.0,19,0.15941074019984197,0.26608237170316934,0.05704901159786787,0.1114413594607567,0
7,1774286060.414552,22,0.0,0.0,0.0,0.0,0.0,6.043910980224609,0.0,0.008787852796641264,0.1933327615261078,0.04027100063673795,22,0.2506434917449951,0.3580760101079771,0.05704901159786787,0.10943045758018903,0
8,1774286060.5135586,20,0.0,0.0,0.0,0.0,0.0,6.043910980224609,0.0,0.019333276152610778,0.1933327615261078,0.05799982845783234,20,0.2506434917449951,0.3137045258616188,0.05704901159786787,0.10682069623012644,0
9,1774286060.6141043,21,-0.07585116795131139,-1.592874526977539,0.0,0.11506799359156095,1.592874526977539,5.860805511474609,0.2717842323651452,0.027618965932301114,0.1933327615261078,0.06765237375744962,21,0.17479232379368373,0.1943162131381641,0.05704901159786787,0.10134165475675262,0
10,1774286060.7135825,18,0.0,0.0,0.0,0.0,0.0,6.043910980224609,0.0,0.02148141794734531,0.1933327615261078,0.06075862520028111,18,0.2506434917449951,0.2508935296425595,0.05704901159786787,0.09919629292743713,0
11,1774286060.8136048,18,0.0,0.0,0.0,0.0,0.0,6.043910980224609,0.0,0.04296283589469062,0.1933327615261078,0.0803761061410629,18,0.2506434917449951,0.2280597130193021,0.05704901159786787,0.09697665088066686,0
12,1774286060.913479,16,0.0,0.0,0.0,0.0,0.0,6.043910980224609,0.0,0.012083297595381737,0.1933327615261078,0.046798410354181585,16,0.2506434917449951,0.2090612186293825,0.05704901159786787,0.09477032800378794,0
13,1774286061.0134008,14,-0.10708400181361608,-1.499176025390625,0.0,0.1490707847774408,1.499176025390625,6.043910980224609,0.24804733727810652,0.0,0.0,0.0,14,0.14355948993137904,0.11053056111634549,0.05704901159786787,0.09212327096233389,0
14,1774286061.113804,15,0.0,0.0,0.0,0.0,0.0,5.992770195007324,0.0,0.0,0.0,0.0,15,0.2506434917449951,0.17913022734727435,0.05704901159786787,0.09039358273942312,0
15,1774286061.2143273,14,0.0,0.0,0.0,0.0,0.0,5.992770195007324,0.0,0.0,0.0,0.0,14,0.2506434917449951,0.16712371232354065,0.05704901159786787,0.08868741824922016,0
16,1774286061.3137631,12,-0.12493133544921875,-1.499176025390625,0.0,0.17168622434837744,1.499176025390625,5.811095237731934,0.2579851067758016,0.0,0.0,0.0,12,0.12571215629577637,0.07861018709902878,0.05704901159786787,0.08757789035737483,0
17,1774286061.4135046,13,-0.18739700317382812,-1.546025276184082,0.0,0.20969281203738668,1.546025276184082,5.677700042724609,0.27229780801209374,0.0,0.0,0.0,13,0.06324648857116699,0.03722734678583908,0.05704901159786787,0.0900070675345605,0
18,1774286061.5137107,14,-0.11043037687029157,-1.546025276184082,0.0,0.1585332857642901,1.546025276184082,5.811095237731934,0.26604714136254537,0.0,0.0,0.0,14,0.14021311487470356,0.07793377226680899,0.05704901159786787,0.08814995603840568,0
19,1774286061.6140742,17,0.0,0.0,0.0,0.0,0.0,5.811095237731934,0.0,0.011372515383888693,0.1933327615261078,0.04549006153555478,17,0.2506434917449951,0.13195269020190634,0.05704901159786787,0.08722273787356084,0
20,1774286061.7142441,16,0.0,0.0,0.0,0.0,0.0,5.860805511474609,0.0,0.012083297595381737,0.1933327615261078,0.046798410354181585,16,0.1639723777770996,0.09003745243823123,0.062365406943905737,0.07714761808955507,0
21,1774286061.814001,18,0.0,0.0,0.0,0.0,0.0,5.860805511474609,0.0,0.0,0.0,0.0,18,0.24093900408063615,0.1267990011594204,0.060218401131082754,0.07354574540389945,0
22,1774286061.9138734,17,-0.049605089075425095,-0.8432865142822266,0.0,0.039370637794893734,0.8432865142822266,5.811095237731934,0.14511662256138838,0.0,0.0,0.0,17,-0.049605089075425095,-0.02611117423382695,0.04511097768942515,0.058264897277105494,0
23,1774286062.0138834,20,-0.11478066444396973,-1.405477523803711,0.0,0.125210836579015,1.405477523803711,5.811095237731934,0.24186103760231398,0.0,0.0,0.0,20,-0.11478066444396973,-0.06041750671378837,0.013333293898352262,0.0601361206587041,1
24,1774286062.1139781,20,-0.1405477523803711,-1.405477523803711,0.0,0.17778303629256698,1.405477523803711,5.811095237731934,0.24186103760231398,0.019333276152610778,0.1933327615261078,0.05799982845783234,20,-0.18271207809448242,-0.09617369620858404,0.003169389533214882,0.06307935691929308,1
25,1774286062.2134843,19,-0.0739725012528269,-1.405477523803711,0.0,0.09849475694879054,1.405477523803711,5.811095237731934,0.24186103760231398,0.010175408501374094,0.1933327615261078,0.04317060211598919,19,0.017260250292326265,0.009085288047422781,0.009508168599644646,0.059772157035258594,1
26,1774286062.314005,19,-0.11589025196276213,-1.405477523803711,0.0,0.1239209960574228,1.405477523803711,5.811095237731934,0.24186103760231398,0.030526225504122283,0.1933327615261078,0.07049729804859288,19,-0.11589025196276213,-0.06101243703069583,0.018412643954867407,0.060777552054743306,1
27,1774286062.4137325,18,0.0,0.0,0.0,0.0,0.0,5.811095237731934,0.0,0.02148141794734531,0.1933327615261078,0.06075862520028111,18,0.0,0.0,0.022937785265809398,0.0607775520547433,1
28,1774286062.5139685,18,0.0,0.0,0.0,0.0,0.0,5.811095237731934,0.0,0.02148141794734531,0.1933327615261078,0.06075862520028111,18,0.07585116795131139,0.03992452096311641,0.030526225504122283,0.0607775520547433,1
29,1774286062.6139677,17,-0.019290867973776424,-0.9369850158691406,1.499176025390625,0.23008735390318297,2.4361610412597656,5.811095237731934,0.4192257985106776,0.022745030767777386,0.1933327615261078,0.062289832113303606,17,-0.019290867973776424,-0.010151030732561033,0.026025564051591434,0.06105792596996564,1
30,1774286062.7139378,15,-0.10306835174560547,-1.546025276184082,0.0,0.14872319184178195,1.546025276184082,5.811095237731934,0.26604714136254537,0.038666552305221556,0.1933327615261078,0.07733310461044311,15,-0.10306835174560547,-0.05423699723507993,0.020138829325636227,0.06078393065196553,1
31,1774286062.8139224,18,-0.3045201301574707,-1.546025276184082,0.0,0.2685645661415492,1.546025276184082,5.992770195007324,0.2579817389747568,0.06444425384203593,0.3866655230522156,0.1441017323500443,18,-0.3045201301574707,-0.16023636573258912,0.004296283589469062,0.07970608656171767,1
32,1774286062.913763,19,0.0,0.0,0.0,0.0,0.0,5.836844444274902,0.0,0.020350817002748187,0.1933327615261078,0.05933231748191226,19,0.10708400181361608,0.05634925742916299,0.0,0.07970608656171768,1
33,1774286063.013453,19,0.07890400133634869,0.0,1.499176025390625,0.1120651456839573,1.499176025390625,5.992770195007324,0.2501641105209763,0.020350817002748187,0.1933327615261078,0.05933231748191226,19,0.07890400133634869,0.04153609708454977,0.0,0.08575750268074481,1
34,1774286063.1135535,19,-0.08136975137810958,-1.546025276184082,0.0,0.11917865590803663,1.546025276184082,5.992770195007324,0.2579817389747568,0.030526225504122283,0.1933327615261078,0.07049729804859288,19,-0.08136975137810958,-0.042843633825170806,0.0,0.0845811389029838,1
35,1774286063.2134593,18,-0.04684925079345703,-1.499176025390625,1.499176025390625,0.2870379063324435,2.99835205078125,5.836844444274902,0.5136940138471907,0.02148141794734531,0.1933327615261078,0.06075862520028111,18,0.07808208465576172,0.04110240799869175,0.0,0.08332297549562906,1
36,1774286063.313397,15,-0.1093149185180664,-0.8432865142822266,0.0,0.07774654591230501,0.8432865142822266,5.836844444274902,0.1444764413945224,0.0,0.0,0.0,15,0.07808208465576172,0.04109816299368305,0.004393926398320632,0.08287358480682311,1
37,1774286063.4139688,19,-0.0024657500417608965,-1.546025276184082,1.499176025390625,0.24408459953494732,3.045201301574707,5.836844444274902,0.5217204828135531,0.0,0.0,0.0,19,0.10796462682853067,0.056815770898993694,0.008226926022387565,0.07938043538973065,1
38,1774286063.5135334,18,-0.13273954391479492,-1.546025276184082,0.0,0.15467611902408862,1.546025276184082,6.043910980224609,0.2557988165680473,0.0,0.0,0.0,18,-0.13273954391479492,-0.0698828115144782,0.007581676922592462,0.08023813631467719,1
39,1774286063.6139183,15,-0.0062465667724609375,-1.546025276184082,1.452326774597168,0.29992412805768254,2.99835205078125,5.992770195007324,0.5003282210419526,0.012888850768407185,0.1933327615261078,0.04822566368463772,15,-0.0062465667724609375,-0.0032882306068755898,0.003790838461296231,0.0800127996167673,1
40,1774286063.7134588,16,0.0409930944442749,-0.8432865142822266,1.499176025390625,0.1832358724751515,2.3424625396728516,6.043910980224609,0.3875739644970414,0.012083297595381737,0.1933327615261078,0.046798410354181585,16,0.0409930944442749,0.021581472750452718,0.0,0.08205051363538278,1
41,1774286063.8140268,21,-0.32571383884974886,-4.497528076171875,0.0,1.0011612220973707,4.497528076171875,5.992770195007324,0.7504923315629289,0.05523793186460223,0.5799982845783234,0.17025474034060006,21,-0.27610874977432376,-0.1453086629691489,0.006783605667582729,0.09924002171902674,1
42,1774286063.9139593,19,0.03452050058465255,-0.8432865142822266,1.499176025390625,0.1545273297907692,2.3424625396728516,6.043910980224609,0.3875739644970414,0.020350817002748187,0.3866655230522156,0.08634120423197839,19,0.14930116502862228,0.07857642110419662,0.0098304793996326,0.1019858124205056,1
43,1774286064.0138314,20,-0.04216432571411133,-0.8432865142822266,0.0,0.033778776895587725,0.8432865142822266,6.043910980224609,0.1395266272189349,0.0,0.0,0.0,20,0.09838342666625977,0.05178475112573636,0.019999940847528392,0.10165881538586342,1
44,1774286064.1135204,19,0.0,0.0,0.0,0.0,0.0,6.043910980224609,0.0,0.020350817002748187,0.1933327615261078,0.05933231748191226,19,0.0739725012528269,0.03893215575548918,0.020714224449225833,0.10122232453174303,1
45,1774286064.2137215,18,0.0,0.0,0.0,0.0,0.0,6.043910980224609,0.0,0.02148141794734531,0.3866655230522156,0.08857015518494361,18,0.11589025196276213,0.0610039681742057,0.024605987830595536,0.10200939212072772,1
46,1774286064.3140106,17,0.0,0.0,0.0,0.0,0.0,6.043910980224609,0.0,0.022745030767777386,0.1933327615261078,0.062289832113303606,17,0.0,0.0,0.02188672771993673,0.1017772788633258,1
47,1774286064.4140217,18,0.0,0.0,0.0,0.0,0.0,6.043910980224609,0.0,0.03222212692101797,0.1933327615261078,0.07205086617502215,18,0.0,0.0,0.02706658661365509,0.1017772788633258,1
48,1774286064.5135572,18,-0.07808208465576172,-1.405477523803711,0.0,0.10364580305122217,1.405477523803711,6.043910980224609,0.23254437869822486,0.0,0.0,0.0,18,-0.058791216681985295,-0.03094943169991998,0.04253320753574372,0.10124355625112016,0
49,1774286064.613926,19,-0.0739725012528269,-1.405477523803711,0.0,0.09849475694879054,1.405477523803711,6.043910980224609,0.23254437869822486,0.010175408501374094,0.1933327615261078,0.04317060211598919,19,0.029095850492778574,0.01531370083467892,0.04089731493821511,0.10098381997873311,0
50,1774286064.7137618,16,-0.08784234523773193,-1.405477523803711,0.0,0.11574416425297329,1.405477523803711,6.043910980224609,0.23254437869822486,0.0,0.0,0.0,16,0.21667778491973877,0.11405057963201123,0.034523707415376394,0.10069518632196034,0
51,1774286064.8140182,18,0.0,0.0,0.0,0.0,0.0,6.043910980224609,0.0,0.0,0.0,0.0,18,0.0,0.0,0.023742619836539552,0.08367826934159811,0
52,1774286064.914235,20,-0.04216432571411133,-0.8432865142822266,0.0,0.033778776895587725,0.8432865142822266,6.043910980224609,0.1395266272189349,0.0,0.0,0.0,20,-0.12106832705046001,-0.06369395341073639,0.024166595190763474,0.08313256724210841,0
53,1774286065.0138319,16,0.0,0.0,0.0,0.0,0.0,6.043910980224609,0.0,0.0,0.0,0.0,16,0.08136975137810958,0.04281991227283267,0.018589688608279593,0.07898833024315256,0
54,1774286065.1136925,21,-0.20301342010498047,-0.9369850158691406,0.0,0.13301501715951808,0.9369850158691406,5.992770195007324,0.15635256907561018,0.018412643954867407,0.1933327615261078,0.056751580113533366,21,-0.15616416931152344,-0.08218157837813965,0.007435875443311838,0.08574352188655938,0
55,1774286065.2141912,18,-0.10150671005249023,-0.9369850158691406,0.0,0.08248986560488447,0.9369850158691406,6.043910980224609,0.15502958579881657,0.0,0.0,0.0,18,0.007808208465576172,0.00410786616860514,0.0,0.08634883899204522,0
56,1774286065.3140893,22,-0.1959150487726385,-0.9369850158691406,0.0,0.1310199848118775,0.9369850158691406,6.043910980224609,0.15502958579881657,0.0,0.0,0.0,22,-0.1934492987308776,-0.10180896372717897,0.003717937721655919,0.09093874001089942,0
57,1774286065.4141166,20,-0.20379424095153809,-1.405477523803711,0.0,0.1763069981208787,1.405477523803711,5.992770195007324,0.2345288536134153,0.0,0.0,0.0,20,-0.07105469703674316,-0.037385732192085325,0.007891133123514603,0.09497594431614098,0
58,1774286065.5144663,20,-0.09135603904724121,-0.9369850158691406,0.0,0.07516820414110725,0.9369850158691406,5.992770195007324,0.15635256907561018,0.0,0.0,0.0,20,-0.08510947227478027,-0.044781543593683276,0.029743501773247354,0.09405206175369815,0
59,1774286065.6136167,22,-0.11712312698364258,-0.9369850158691406,0.0,0.08774420898951328,0.9369850158691406,5.992770195007324,0.15635256907561018,0.0,0.0,0.0,22,-0.15811622142791748,-0.0832121472953033,0.03107133667383875,0.09346669445310136,0
60,1774286065.7137816,17,0.0,0.0,0.0,0.0,0.0,5.992770195007324,0.0,0.0,0.0,0.0,17,0.32571383884974886,0.17145046574089629,0.02577770153681437,0.0913399638210346,0
61,1774286065.8140028,17,0.0,0.0,0.0,0.0,0.0,5.992770195007324,0.0,0.0,0.0,0.0,17,-0.03452050058465255,-0.018168268679569066,0.013333293898352262,0.07253930913822536,0
62,1774286065.9139526,18,-0.08589029312133789,-0.7964372634887695,0.0,0.05907810773919664,0.7964372634887695,5.992770195007324,0.13289968371426866,0.0,0.0,0.0,18,-0.04372596740722656,-0.02301219897496589,0.013567211335165459,0.06936180812353557,0
63,1774286066.0139897,19,-0.09123275154515316,-0.9369850158691406,0.0,0.07126886055269895,0.9369850158691406,5.992770195007324,0.15635256907561018,0.0,0.0,0.0,19,-0.09123275154515316,-0.048005380247312254,0.02148141794734531,0.06933812666781114,0
64,1774286066.1139553,17,0.0,0.0,0.0,0.0,0.0,5.992770195007324,0.0,0.0,0.0,0.0,17,0.0,0.0,0.025534515673259518,0.06933812666781114,0
65,1774286066.2138126,19,-0.12328750208804481,-0.7964372634887695,0.0,0.08114265594065177,0.7964372634887695,5.992770195007324,0.13289968371426866,0.0,0.0,0.0,19,-0.12328750208804481,-0.0648949227685359,0.01823893976661394,0.06844034235599135,0
66,1774286066.3138807,19,-0.16767100283974096,-0.8432865142822266,0.0,0.10565690655901742,0.8432865142822266,5.992770195007324,0.14071731216804917,0.0,0.0,0.0,19,-0.16767100283974096,-0.08825444789009454,0.01406056447462602,0.06903609803424846,0
67,1774286066.4136627,19,-0.2120545035914371,-0.8432865142822266,0.0,0.12623136689943146,0.8432865142822266,5.992770195007324,0.14071731216804917,0.0,0.0,0.0,19,-0.13397241893567538,-0.07050788527327263,0.0036477879533227883,0.07168573806872293,0
68,1774286066.5140193,19,-0.12328750208804481,-0.7964372634887695,0.0,0.08114265594065177,0.7964372634887695,5.992770195007324,0.13289968371426866,0.0,0.0,0.0,19,-0.04931500083521792,-0.025953988887373693,0.0036477879533227883,0.07186867545061051,0
69,1774286066.61402,20,-0.20379424095153809,-0.8901357650756836,0.0,0.12516693953301683,0.8901357650756836,5.992770195007324,0.14853494062182968,0.0,0.0,0.0,20,-0.11595189571380615,-0.061019018072306544,0.0,0.07536324986591231,0
70,1774286066.7135785,19,-0.12821900217156662,-0.8901357650756836,0.0,0.08821968662512046,0.8901357650756836,5.992770195007324,0.14853494062182968,0.0,0.0,0.0,19,-0.12821900217156662,-0.06749930920224002,0.0,0.07548435779172906,0
71,1774286066.8134453,17,-0.04684925079345703,-0.7964372634887695,0.0,0.03511763679853175,0.7964372634887695,5.992770195007324,0.13289968371426866,0.0,0.0,0.0,17,-0.004684925079345703,-0.0024667754223803694,0.006783605667582729,0.07288687492457718,0
72,1774286066.9141293,18,-0.1405477523803711,-0.8901357650756836,0.0,0.09901222597363812,0.8901357650756836,5.992770195007324,0.14853494062182968,0.0,0.0,0.0,18,-0.1405477523803711,-0.07396092429199196,0.00703028223731301,0.07166439281120376,0
73,1774286067.0141525,18,-0.13273954391479492,-0.8432865142822266,0.0,0.08834280507130643,0.8432865142822266,5.992770195007324,0.14071731216804917,0.0,0.0,0.0,18,0.07027387619018555,0.03697729813437456,0.006338779066429764,0.0670000050153249,0
74,1774286067.1143253,17,-0.09645433986888212,-0.8432865142822266,0.0,0.06984035207597274,0.8432865142822266,5.992770195007324,0.14071731216804917,0.0,0.0,0.0,17,0.005052370183608115,0.0026589545544256467,0.0,0.06424074133048586,0
75,1774286067.214305,18,-0.08589029312133789,-0.7964372634887695,0.0,0.05907810773919664,0.7964372634887695,5.992770195007324,0.13289968371426866,0.0,0.0,0.0,18,0.1100247556513006,0.057901195085229076,0.0,0.06447123167714205,0
76,1774286067.3142195,20,-0.0773012638092041,-0.7964372634887695,0.0,0.053834239785999216,0.7964372634887695,5.992770195007324,0.13289968371426866,0.0,0.0,0.0,20,0.12649297714233398,0.0665716473668909,0.0,0.06191204664303434,0
77,1774286067.4139857,18,-0.041643778483072914,-0.7495880126953125,0.0,0.029481472867903202,0.7495880126953125,5.992770195007324,0.12508205526048816,0.0,0.0,0.0,18,0.0497122605641683,0.02617096694322688,0.0,0.059180611312184765,0
78,1774286067.5138924,17,0.0,0.0,0.0,0.0,0.0,5.992770195007324,0.0,0.0,0.0,0.0,17,0.11712312698364258,0.06163480727407408,0.0,0.06294372911481948,0
79,1774286067.6134412,16,0.0,0.0,0.0,0.0,0.0,6.043910980224609,0.0,0.0,0.0,0.0,16,0.0,0.0,0.0,0.06587232128683404,0
80,1774286067.7136476,16,0.0,0.0,0.0,0.0,0.0,6.043910980224609,0.0,0.0,0.0,0.0,16,0.0,0.0,0.0,0.06587232128683404,0
81,1774286067.8135114,16,0.0,0.0,0.0,0.0,0.0,5.992770195007324,0.0,0.0,0.0,0.0,16,0.08589029312133789,0.045215917458891794,0.0,0.06587232128683404,0
82,1774286067.9134376,16,0.0,0.0,0.0,0.0,0.0,6.043910980224609,0.0,0.0,0.0,0.0,16,0.09123275154515316,0.04803119405568241,0.0,0.06860284346949662,0
83,1774286068.0133193,16,0.0,0.0,0.0,0.0,0.0,6.043910980224609,0.0,0.0,0.0,0.0,16,0.0,0.0,0.0,0.07093382863972303,0
84,1774286068.1139174,16,0.0,0.0,0.0,0.0,0.0,6.043910980224609,0.0,0.0,0.0,0.0,16,0.12328750208804481,0.06488458142441408,0.0,0.07093382863972303,0
85,1774286068.2139251,16,0.0,0.0,0.0,0.0,0.0,6.043910980224609,0.0,0.0,0.0,0.0,16,0.16767100283974096,0.08824583215106462,0.0,0.07216251862648114,0
86,1774286068.313671,16,0.0,0.0,0.0,0.0,0.0,6.043910980224609,0.0,0.0,0.0,0.0,16,0.2120545035914371,0.11160713769748393,0.0,0.07037393804812324,0
87,1774286068.4134424,16,0.0,0.0,0.0,0.0,0.0,5.992770195007324,0.0,0.0,0.0,0.0,16,0.12328750208804481,0.0649078663062057,0.0,0.06291404712808524,0
88,1774286068.513768,17,-0.04684925079345703,-0.7964372634887695,0.0,0.03511763679853175,0.7964372634887695,6.043910980224609,0.13177514792899409,0.0,0.0,0.0,17,0.15694499015808105,0.08261359015677475,0.0,0.06086738165422421,0
89,1774286068.6135964,17,-0.04684925079345703,-0.7964372634887695,0.0,0.03511763679853175,0.7964372634887695,6.043910980224609,0.13177514792899409,0.0,0.0,0.0,17,0.08136975137810959,0.04282577974174123,0.0,0.04961197759625664,0
90,1774286068.7142107,18,-0.13273954391479492,-0.8432865142822266,0.0,0.08834280507130643,0.8432865142822266,6.043910980224609,0.1395266272189349,0.0,0.0,0.0,18,-0.08589029312133789,-0.04518721366797501,0.0,0.05001218931640391,0
91,1774286068.8136158,17,-0.1405477523803711,-0.8432865142822266,0.0,0.0924420145137821,0.8432865142822266,5.992770195007324,0.14071731216804917,0.0,0.0,0.0,17,0.0,0.0,0.0,0.0544058215629558,0
92,1774286068.9136214,19,-0.08136975137810958,-0.7964372634887695,0.0,0.05633656900540082,0.7964372634887695,5.992770195007324,0.13289968371426866,0.0,0.0,0.0,19,0.051369792536685346,0.027044292522959163,0.0,0.05072677429144884,0
93,1774286069.0139196,18,-0.041643778483072914,-0.7495880126953125,0.0,0.029481472867903202,0.7495880126953125,6.043910980224609,0.12402366863905326,0.0,0.0,0.0,18,0.054810561385809205,0.02885382483270048,0.0,0.04647674689173314,0
94,1774286069.1136758,18,-0.041643778483072914,-0.7495880126953125,0.0,0.029481472867903202,0.7495880126953125,5.992770195007324,0.12508205526048816,0.0,0.0,0.0,18,0.044246514638264976,0.02329535238995671,0.0,0.04462029482479047,0
95,1774286069.213916,17,-0.04409341251148897,-0.7495880126953125,0.0,0.031107664430533314,0.7495880126953125,6.043910980224609,0.12402366863905326,0.0,0.0,0.0,17,0.033207851297715134,0.017480607955216807,0.0,0.04323043023595938,0
96,1774286069.3134646,18,0.0,0.0,0.0,0.0,0.0,6.043910980224609,0.0,0.0,0.0,0.0,18,0.041643778483072914,0.021923790894564303,0.0,0.04270428466392781,0
97,1774286069.413835,17,-0.04409341251148897,-0.7495880126953125,0.0,0.031107664430533314,0.7495880126953125,6.043910980224609,0.12402366863905326,0.0,0.0,0.0,17,-0.04409341251148897,-0.02320775988950449,0.0,0.042738511731176626,0
98,1774286069.513515,18,-0.041643778483072914,-0.7495880126953125,0.0,0.029481472867903202,0.7495880126953125,6.043910980224609,0.12402366863905326,0.0,0.0,0.0,18,-0.041643778483072914,-0.02191692723341749,0.0,0.04218879930534636,0
99,1774286069.6140165,16,-0.09662657976150513,-0.7964372634887695,0.0,0.06542546054921772,0.7964372634887695,6.043910980224609,0.13177514792899409,0.0,0.0,0.0,16,-0.09662657976150513,-0.05084622164232237,0.0,0.04363264983917578,0
100,1774286069.71366,17,-0.090942663304946,-0.7964372634887695,0.0,0.06209381454688485,0.7964372634887695,6.043910980224609,0.13177514792899409,0.0,0.0,0.0,17,-0.090942663304946,-0.04786081565532041,0.0,0.04418078559194424,0
101,1774286069.8142233,18,-0.08589029312133789,-0.7964372634887695,0.0,0.05907810773919664,0.7964372634887695,6.043910980224609,0.13177514792899409,0.0,0.0,0.0,18,-0.08589029312133789,-0.04518673189611304,0.0,0.044019692656482166,0
102,1774286069.9140573,17,-0.090942663304946,-0.7964372634887695,0.0,0.06209381454688485,0.7964372634887695,6.043910980224609,0.13177514792899409,0.0,0.0,0.0,17,-0.090942663304946,-0.04784597522821763,0.0,0.043651560396129045,0
103,1774286070.0137444,18,-0.08589029312133789,-0.7964372634887695,0.0,0.05907810773919664,0.7964372634887695,6.043910980224609,0.13177514792899409,0.0,0.0,0.0,18,-0.08589029312133789,-0.045209533796526605,0.0,0.042606444099007754,0
104,1774286070.1145933,15,0.0,0.0,0.0,0.0,0.0,6.043910980224609,0.0,0.0,0.0,0.0,15,0.0,0.0,0.0,0.042606444099007754,0
105,1774286070.2042458,16,0.0,0.0,0.0,0.0,0.0,6.043910980224609,0.0,0.0,0.0,0.0,16,0.0,0.0,0.0,0.042606444099007754,0
106,1774286070.308909,15,0.0,0.0,0.0,0.0,0.0,6.043910980224609,0.0,0.0,0.0,0.0,15,0.0,0.0,0.0,0.042606444099007754,0
107,1774286070.3995092,16,0.0,0.0,0.0,0.0,0.0,6.043910980224609,0.0,0.0,0.0,0.0,16,0.04684925079345703,0.024843944626703612,0.0,0.04260644409900775,0
108,1774286070.5044658,16,0.0,0.0,0.0,0.0,0.0,6.043910980224609,0.0,0.0,0.0,0.0,16,0.04684925079345703,0.024776566436944394,0.0,0.04427760609161005,0
109,1774286070.6088235,16,0.0,0.0,0.0,0.0,0.0,6.043910980224609,0.0,0.0,0.0,0.0,16,0.13273954391479492,0.0700615686089944,0.0,0.045768214539636046,0
110,1774286070.6989622,16,0.0,0.0,0.0,0.0,0.0,6.043910980224609,0.0,0.0,0.0,0.0,16,0.1405477523803711,0.07454744201739162,0.0,0.0429578849721448,0
111,1774286070.803893,16,0.0,0.0,0.0,0.0,0.0,6.043910980224609,0.0,0.0,0.0,0.0,16,0.08136975137810958,0.0430465911023131,0.0,0.03782150952026261,0
112,1774286070.908913,15,0.0,0.0,0.0,0.0,0.0,6.043910980224609,0.0,0.0,0.0,0.0,15,0.041643778483072914,0.021975686335493072,0.0,0.0372273441308802,0
113,1774286070.9992957,15,0.0,0.0,0.0,0.0,0.0,6.043910980224609,0.0,0.0,0.0,0.0,15,0.041643778483072914,0.022084927589043665,0.0,0.0378545117179964,0
114,1774286071.1038234,15,0.0,0.0,0.0,0.0,0.0,6.043910980224609,0.0,0.0,0.0,0.0,15,0.04409341251148897,0.023330991477642966,0.0,0.03835859672022866,0
115,1774286071.2086127,14,0.0,0.0,0.0,0.0,0.0,6.043910980224609,0.0,0.0,0.0,0.0,14,0.0,0.0,0.0,0.03869377150596441,0
116,1774286071.2986581,14,0.0,0.0,0.0,0.0,0.0,6.043910980224609,0.0,0.0,0.0,0.0,14,0.04409341251148897,0.023393926405430865,0.0,0.03869377150596441,0
117,1774286071.4038742,16,0.0,0.0,0.0,0.0,0.0,6.043910980224609,0.0,0.0,0.0,0.0,16,0.041643778483072914,0.02202955887532039,0.0,0.03890132156150852,0
118,1774286071.5092983,14,0.0,0.0,0.0,0.0,0.0,6.043910980224609,0.0,0.0,0.0,0.0,14,0.09662657976150513,0.050982698290736345,0.0,0.03904737532415527,0
119,1774286071.5989897,15,0.0,0.0,0.0,0.0,0.0,6.043910980224609,0.0,0.0,0.0,0.0,15,0.090942663304946,0.048237007128365164,0.0,0.03538463086372403,0
120,1774286071.7045863,16,0.0,0.0,0.0,0.0,0.0,6.043910980224609,0.0,0.0,0.0,0.0,16,0.08589029312133789,0.04543587349189791,0.0,0.031283923683972543,0
121,1774286071.8095238,17,-0.049605089075425095,-0.8432865142822266,0.0,0.039370637794893734,0.8432865142822266,6.043910980224609,0.1395266272189349,0.0,0.0,0.0,17,0.04133757422952091,0.021808653852905466,0.0,0.02787890412221692,0
122,1774286071.8992293,17,-0.09645433986888212,-0.8432865142822266,0.0,0.06984035207597274,0.8432865142822266,6.043910980224609,0.1395266272189349,0.0,0.0,0.0,17,-0.010564046747544228,-0.005602827451904215,0.0,0.028680318439546243,0
123,1774286072.004255,17,-0.09645433986888212,-0.8432865142822266,0.0,0.06984035207597274,0.8432865142822266,6.043910980224609,0.1395266272189349,0.0,0.0,0.0,17,-0.09645433986888212,-0.05104317631514683,0.0,0.030105562457846267,0
124,1774286072.109368,18,-0.18739700317382812,-0.8901357650756836,0.0,0.1231556012726287,0.8901357650756836,6.043910980224609,0.14727810650887574,0.0,0.0,0.0,18,-0.18739700317382812,-0.09836481633186336,0.0,0.048447919163918995,0
125,1774286072.1988149,21,-0.29671192169189453,-1.405477523803711,0.0,0.19154441182373766,1.405477523803711,6.043910980224609,0.23254437869822486,0.0,0.0,0.0,21,-0.29671192169189453,-0.156998248986986,0.0,0.07675419159415116,0
126,1774286072.3041558,19,-0.1257532521298057,-0.8432865142822266,0.0,0.08457173266405413,0.8432865142822266,5.992770195007324,0.14071731216804917,0.0,0.0,0.0,19,-0.1257532521298057,-0.06602445294328235,0.0,0.0786478824462078,0
127,1774286072.4087183,18,-0.13013680775960287,-0.7964372634887695,0.0,0.08475923449522169,0.7964372634887695,5.992770195007324,0.13289968371426866,0.010740708973672655,0.1933327615261078,0.04428507759247181,18,-0.13013680775960287,-0.06834009973355917,0.0,0.0802203369173788,0
128,1774286072.4988043,19,-0.24164350409256785,-1.405477523803711,0.0,0.179345576572557,1.405477523803711,6.043910980224609,0.23254437869822486,0.010175408501374094,0.1933327615261078,0.04317060211598919,19,-0.24164350409256785,-0.12785500518716728,0.0,0.08956457741780365,0
129,1774286072.604258,22,-0.10647556998512962,-0.7964372634887695,0.0,0.07186780836559027,0.7964372634887695,6.043910980224609,0.13177514792899409,0.05272711677984758,0.3866655230522156,0.11920423501990257,22,-0.10647556998512962,-0.055884008800835536,0.0,0.08893036368011195,0
130,1774286072.7087169,19,-0.04191775070993524,-0.7964372634887695,0.0,0.03162776084244498,0.7964372634887695,6.043910980224609,0.13177514792899409,0.061052451008244565,0.3866655230522156,0.1262734987166934,19,-0.04191775070993524,-0.022006104264730965,0.0,0.0878247474505602,0
131,1774286072.8138652,21,-0.037925583975655694,-0.7964372634887695,0.0,0.02876699839789024,0.7964372634887695,6.043910980224609,0.13177514792899409,0.13809482966150557,0.9666638076305389,0.33826186878724807,21,-0.037925583975655694,-0.019908941668016728,0.0,0.08672504923305736,0
132,1774286072.913394,22,-0.03620169379494407,-0.7964372634887695,0.0,0.027521815306080735,0.7964372634887695,6.043910980224609,0.13177514792899409,0.12302993915297768,1.1599965691566467,0.3325479557934823,22,-0.03620169379494407,-0.01891318460434501,0.0,0.08560477755308284,0
133,1774286073.0135567,22,-0.06388534199107777,-1.405477523803711,0.0,0.08570807534765627,1.405477523803711,5.992770195007324,0.2345288536134153,0.02636355838992379,0.5799982845783234,0.12081300191021387,22,-0.06388534199107777,-0.033452494200943456,0.0,0.08402341468396914,0
134,1774286073.1135354,20,-0.07027387619018555,-1.405477523803711,0.0,0.09382993582107702,1.405477523803711,6.043910980224609,0.23254437869822486,0.04833319038152695,0.5799982845783234,0.13498725451376528,20,-0.07027387619018555,-0.03689067032131492,0.0,0.08224198289357128,0
135,1774286073.2140195,22,-0.10434605858542702,-1.405477523803711,0.0,0.11491684324788137,1.405477523803711,5.992770195007324,0.2345288536134153,0.05272711677984758,0.3866655230522156,0.11920423501990257,22,-0.10434605858542702,-0.054478522092326495,0.0,0.08035022358032338,0
136,1774286073.3139632,19,-0.15534225263093648,-1.499176025390625,0.0,0.2051730906169066,1.499176025390625,5.992770195007324,0.2501641105209763,0.010175408501374094,0.1933327615261078,0.04317060211598919,19,-0.15534225263093648,-0.08132723204672529,0.0,0.07933152727834182,0
137,1774286073.4133363,19,-0.0739725012528269,-1.405477523803711,0.0,0.09849475694879054,1.405477523803711,6.043910980224609,0.23254437869822486,0.010175408501374094,0.1933327615261078,0.04317060211598919,19,-0.0739725012528269,-0.03885032919574362,0.0,0.07663332811492685,0
138,1774286073.51369,20,-0.1452326774597168,-1.499176025390625,0.0,0.190052260649054,1.499176025390625,6.043910980224609,0.24804733727810652,0.019333276152610778,0.1933327615261078,0.05799982845783234,20,-0.1452326774597168,-0.07585139029752198,0.0,0.07405622618859312,0
139,1774286073.613771,23,-0.25665241739024286,-1.405477523803711,0.0,0.19617581558461467,1.405477523803711,6.043910980224609,0.23254437869822486,0.016811544480531113,0.1933327615261078,0.054475630259036005,23,-0.25665241739024286,-0.1344303765674524,0.0,0.07726576724119592,0
140,1774286073.713828,23,-0.0611077184262483,-1.405477523803711,0.0,0.0821513715277562,1.405477523803711,6.043910980224609,0.23254437869822486,0.0,0.0,0.0,23,-0.011502629350823204,-0.00604033166145754,0.0,0.07375382686546587,0
141,1774286073.8136053,23,-0.0407384789508322,-0.9369850158691406,0.0,0.03651172067900277,0.9369850158691406,6.043910980224609,0.15502958579881657,0.0,0.0,0.0,23,0.05571586091804992,0.02910392750609728,0.0,0.0741942029193907,0
142,1774286073.913362,17,0.0,0.0,0.0,0.0,0.0,6.043910980224609,0.0,0.0,0.0,0.0,17,0.09645433986888212,0.050523276795380725,0.0,0.07847718806350074,0
143,1774286074.0134206,18,0.0,0.0,0.0,0.0,0.0,6.043910980224609,0.0,0.0,0.0,0.0,18,0.18739700317382812,0.09842008220455975,0.0,0.08225594900958041,0
144,1774286074.1140363,21,-0.11154583522251674,-1.405477523803711,0.0,0.12342933568644945,1.405477523803711,6.043910980224609,0.23254437869822486,0.027618965932301114,0.1933327615261078,0.06765237375744962,21,0.1851660864693778,0.09668129302075236,0.0033333234745880655,0.08026862320871699,0
145,1774286074.2134275,19,0.0,0.0,0.0,0.0,0.0,6.043910980224609,0.0,0.030526225504122283,0.1933327615261078,0.07049729804859288,19,0.1257532521298057,0.06586451315724079,0.006904741483075278,0.07025902807759463,0
146,1774286074.3133707,22,-0.03833120519464666,-0.8432865142822266,0.0,0.03085490712515626,0.8432865142822266,6.043910980224609,0.1395266272189349,0.043939263983206314,0.3866655230522156,0.1155861571389514,22,0.0918056025649562,0.04820071349118474,0.026214611732353597,0.07062698090025886,0
147,1774286074.4139097,19,-0.08136975137810958,-1.546025276184082,0.0,0.11917865590803663,1.546025276184082,5.992770195007324,0.2579817389747568,0.040701634005496375,0.1933327615261078,0.07881837533335848,19,0.16027375271445826,0.08368926195709388,0.04188876499732335,0.06989172041806678,0
148,1774286074.5134022,19,-0.15534225263093648,-1.499176025390625,0.0,0.2051730906169066,1.499176025390625,5.992770195007324,0.2501641105209763,0.030526225504122283,0.3866655230522156,0.09436285647756702,19,-0.04886668264580686,-0.025596119763762176,0.08419329937427275,0.06222956744615056,0
149,1774286074.6136901,20,0.0,0.0,0.0,0.0,0.0,5.992770195007324,0.0,0.12566629499197007,0.7733310461044312,0.27528711587595733,20,0.04191775070993524,0.02200437738569724,0.10913946215183504,0.0641781347754875,0
150,1774286074.7139468,20,0.0,0.0,0.0,0.0,0.0,6.043910980224609,0.0,0.21266603767871856,1.3533293306827545,0.4446653515100478,20,0.037925583975655694,0.019959976080294494,0.09517920567439153,0.06584495445418524,0
151,1774286074.813572,18,-0.0546574592590332,-0.9838342666625977,0.0,0.050786443495098865,0.9838342666625977,5.992770195007324,0.16417019752939072,0.20407347049978045,1.1599965691566467,0.4297625968376829,18,-0.018455765464089134,-0.009712651075354158,0.06645813677459955,0.06551709636832512,0
152,1774286074.9134593,19,0.0,0.0,0.0,0.0,0.0,5.992770195007324,0.0,0.07122785950961866,0.5799982845783234,0.16843298091091044,19,0.06388534199107777,0.03362558827524621,0.04229154158383608,0.06697735858479525,0
153,1774286075.01339,18,-0.08589029312133789,-1.546025276184082,0.0,0.12541142169197883,1.546025276184082,5.860805511474609,0.26379057847205273,0.12888850768407187,0.7733310461044312,0.2882034647000886,18,-0.015616416931152344,-0.00821979557682133,0.03803267439857858,0.06703807544385502,0
154,1774286075.1139507,20,-0.299835205078125,-1.546025276184082,0.0,0.3602630565069376,1.546025276184082,5.836844444274902,0.26487347588995774,0.12566629499197007,0.9666638076305389,0.26841244475502934,20,-0.195489146492698,-0.10289275068217278,0.02577770153681437,0.08344829545706633,0
155,1774286075.2134383,18,-0.14315048853556314,-1.546025276184082,0.0,0.1713136413962325,1.546025276184082,5.992770195007324,0.2579817389747568,0.17185134357876247,1.1599965691566467,0.36958028876070304,18,0.012191764095373342,0.006418491145483656,0.013333293898352262,0.0843630735250121,0
156,1774286075.313573,15,0.0,0.0,0.0,0.0,0.0,5.811095237731934,0.0,0.07733310461044311,0.7733310461044312,0.19716150472768074,15,0.0739725012528269,0.03892804769468366,0.015591351735976434,0.0846942120142052,0
157,1774286075.4133172,16,0.0,0.0,0.0,0.0,0.0,5.992770195007324,0.0,0.14499957114458084,0.7733310461044312,0.3018406771888445,16,0.1452326774597168,0.07645325187691071,0.01171713706218835,0.08636154284690596,0
158,1774286075.5132685,15,-0.09369850158691406,-1.405477523803711,0.0,0.12291172879486112,1.405477523803711,5.860805511474609,0.2398096167927752,0.20622161229451497,0.7733310461044312,0.34197985582152407,15,0.1629539158033288,0.08578790708121871,0.005603848160177037,0.08494580498644534,0
159,1774286075.613634,17,-0.34723562352797566,-4.497528076171875,0.0,1.1854936491573553,4.497528076171875,5.860805511474609,0.7673907737368807,0.2615678538294399,1.5466620922088623,0.4870305439000142,17,-0.28612790510172736,-0.1506090104417664,0.0,0.0963648840904667,0
160,1774286075.7139537,16,-0.2781674265861511,-1.546025276184082,0.0,0.3359410065129076,1.546025276184082,5.677700042724609,0.27229780801209374,0.2899991422891617,1.1599965691566467,0.5022932485962243,16,-0.2374289476353189,-0.12493969238634552,0.0,0.10587067854884469,0
161,1774286075.8135335,17,-0.34723562352797566,-1.546025276184082,0.0,0.39250642409639225,1.546025276184082,5.629420280456543,0.2746331236897275,0.1819602461422191,0.7733310461044312,0.32803349878090976,17,-0.34723562352797566,-0.1827390949601836,0.010357112224612917,0.11944979778810529,0
162,1774286075.913836,16,-0.1903250813484192,-1.546025276184082,0.0,0.2536340452663488,1.546025276184082,5.629420280456543,0.2746331236897275,0.0,0.0,0.0,16,-0.1903250813484192,-0.10014919858686325,0.019999940847528392,0.1185366195402091,0
163,1774286076.0134363,20,-0.7144510746002197,-4.497528076171875,0.0,1.8247727664899571,4.497528076171875,5.629420280456543,0.7989327234610254,0.038666552305221556,0.7733310461044312,0.16854359399359042,20,-0.602905239377703,-0.3174187852530511,0.03430097381914816,0.17419013304408992,0
164,1774286076.1139789,20,-0.4310131072998047,-1.546025276184082,0.0,0.4384436954296689,1.546025276184082,5.629420280456543,0.2746331236897275,0.038666552305221556,0.1933327615261078,0.07733310461044311,20,-0.4310131072998047,-0.22678319862409663,0.038666552305221556,0.18454105897665224,0
165,1774286076.213892,19,-0.21698600367495888,-1.546025276184082,0.0,0.2548825432597036,1.546025276184082,5.677700042724609,0.27229780801209374,0.030526225504122283,0.1933327615261078,0.07049729804859288,19,-0.1786547984803122,-0.09400305090636527,0.038666552305221556,0.18098123315955397,0
166,1774286076.313438,18,-0.24465719858805338,-1.546025276184082,0.0,0.2998547598862286,1.546025276184082,5.677700042724609,0.27229780801209374,0.06444425384203593,0.3866655230522156,0.1441017323500443,18,-0.16328744720994381,-0.08596210449650576,0.0666664694917613,0.178828089529921,0
167,1774286076.4134715,21,-0.07138933454241071,-1.499176025390625,0.0,0.10192874172816475,1.499176025390625,5.860805511474609,0.2557969245789602,0.09206321977433704,0.7733310461044312,0.22812366758457525,21,0.08395291808852577,0.044184136274890116,0.12451940572867959,0.17912801748092808,0
168,1774286076.5134735,21,0.0,0.0,0.0,0.0,0.0,5.860805511474609,0.0,0.0,0.0,0.0,21,0.0,0.0,0.17999946762775554,0.18350373823941285,0
169,1774286076.6133819,21,-0.05354200090680804,-1.1243820190429688,0.0,0.05733491722209268,1.1243820190429688,6.043910980224609,0.18603550295857987,0.07365057581946963,0.5799982845783234,0.18366554661167991,21,-0.05354200090680804,-0.028188382169047954,0.1628065360219855,0.18129479642887567,0
170,1774286076.7139282,23,0.0,0.0,0.0,0.0,0.0,6.043910980224609,0.0,0.033623088961062225,0.3866655230522156,0.10895126051807201,23,0.0546574592590332,0.028761690356848207,0.1335753625089472,0.18129479642887567,0
171,1774286076.8139968,24,0.0,0.0,0.0,0.0,0.0,6.043910980224609,0.0,0.04833319038152695,0.3866655230522156,0.12787760181985938,24,0.0,0.0,0.10853769068132367,0.18354075572442846,0
172,1774286076.9146876,24,-0.10345876216888428,-1.2649297714233398,0.0,0.11778659625427679,1.2649297714233398,6.043910980224609,0.20928994082840235,0.04833319038152695,0.3866655230522156,0.12787760181985938,24,-0.017568469047546387,-0.009240252200104833,0.1415472004030432,0.17993336184434094,0
173,1774286077.014163,26,-0.15316101220937875,-1.358628273010254,0.0,0.17990321166511145,1.358628273010254,6.043910980224609,0.22479289940828404,0.014871750886623677,0.1933327615261078,0.051517256266279406,26,0.14667419286874625,0.0771883193275332,0.12767257836629758,0.1787478967864068,0
174,1774286077.114024,25,0.0,0.0,0.0,0.0,0.0,6.043910980224609,0.0,0.030933241844177246,0.1933327615261078,0.0708769611206588,25,0.14315048853556314,0.07531914619595764,0.13414926309974826,0.18099840003506149,0
175,1774286077.2142148,22,-0.10860508138483221,-1.2180805206298828,0.0,0.11800052003287638,1.2180805206298828,6.043910980224609,0.20153846153846153,0.0,0.0,0.0,22,-0.10860508138483221,-0.05714126387820264,0.14289812808451446,0.18140525905266017,0
176,1774286077.314095,22,0.0,0.0,0.0,0.0,0.0,5.992770195007324,0.0,0.0,0.0,0.0,22,0.0,0.0,0.20541605912148952,0.18140525905266017,0
177,1774286077.4142196,24,0.0,0.0,0.0,0.0,0.0,6.043910980224609,0.0,0.016111063460508983,0.1933327615261078,0.05343435247211316,24,0.09369850158691406,0.049290325914407664,0.25374924950301647,0.18140525905266017,0
178,1774286077.514536,22,0.0,0.0,0.0,0.0,0.0,6.043910980224609,0.0,0.02636355838992379,0.1933327615261078,0.06634683365617257,22,0.34723562352797566,0.1826688914413069,0.2435992795228958,0.18444033765264073,0
179,1774286077.6146004,23,0.0,0.0,0.0,0.0,0.0,6.043910980224609,0.0,0.10086926688318668,0.7733310461044312,0.2341577190639889,23,0.2781674265861511,0.14635409545289763,0.15782266247029209,0.18261575272952923,0
180,1774286077.714029,22,0.0,0.0,0.0,0.0,0.0,6.043910980224609,0.0,0.13181779194961896,0.9666638076305389,0.33173416828086283,22,0.34723562352797566,0.18270794021743655,0.07295575906645577,0.18258617561318835,0
181,1774286077.814517,23,0.0,0.0,0.0,0.0,0.0,6.043910980224609,0.0,0.02521731672079667,0.1933327615261078,0.06511083179712221,23,0.1903250813484192,0.10013520388899495,0.027618965932301114,0.17771374574379192,0
182,1774286077.9149947,24,-0.05270540714263916,-1.2649297714233398,0.0,0.06389077866764126,1.2649297714233398,6.043910980224609,0.20928994082840235,0.06444425384203593,0.3866655230522156,0.1441017323500443,24,0.6617456674575806,0.3480017588393967,0.0360450911319862,0.1773037638780777,0
183,1774286078.0145295,21,0.0,0.0,0.0,0.0,0.0,6.043910980224609,0.0,0.09206321977433704,0.7733310461044312,0.23579689356526584,21,0.4310131072998047,0.22678328397198666,0.04409343683928774,0.1109898427337149,0
184,1774286078.1138344,24,0.0,0.0,0.0,0.0,0.0,6.043910980224609,0.0,0.10472191249330838,0.7733310461044312,0.23664624110158428,24,0.21698600367495888,0.1142066222087735,0.06333314601717324,0.07522854963750997,0
185,1774286078.213826,20,0.0,0.0,0.0,0.0,0.0,6.043910980224609,0.0,0.07733310461044311,0.3866655230522156,0.15466620922088622,20,0.24465719858805338,0.1287406562657933,0.05155540307362874,0.0654010587707629,0
186,1774286078.3143425,21,-0.058003834315708706,-1.2180805206298828,0.0,0.06728889590648375,1.2180805206298828,6.043910980224609,0.20153846153846153,0.07365057581946963,0.3866655230522156,0.15183455174561764,21,0.013385500226702006,0.007041771880384412,0.05523793186460223,0.045831538872870385,0
187,1774286078.4143097,23,0.0,0.0,0.0,0.0,0.0,6.043910980224609,0.0,0.04202886120132778,0.5799982845783234,0.1269243774291997,23,0.0,0.0,0.035692202127896824,0.04524868976399735,0
188,1774286078.514295,20,0.0,0.0,0.0,0.0,0.0,6.043910980224609,0.0,0.05799982845783234,0.3866655230522156,0.13806720793312413,20,0.05354200090680804,0.028166462214941786,0.05117631922749912,0.045248689763997346,0
189,1774286078.614343,20,0.0,0.0,0.0,0.0,0.0,6.043910980224609,0.0,0.10633301883935928,0.5799982845783234,0.21593633774203058,20,0.0,0.0,0.04356794625940457,0.04515180856046704,0
190,1774286078.7144766,22,0.0,0.0,0.0,0.0,0.0,6.043910980224609,0.0,0.06151496957648884,0.5799982845783234,0.15842526929759843,22,0.0,0.0,0.0365764683968312,0.04515180856046704,0
191,1774286078.813928,20,-0.11478066444396973,-1.1712312698364258,0.0,0.11862627967929029,1.1712312698364258,6.043910980224609,0.1937869822485207,0.07733310461044311,0.5799982845783234,0.16631112994231634,20,-0.01132190227508545,-0.005961279644930555,0.030933241844177246,0.04890132105487985,0
192,1774286078.9142437,20,0.0,0.0,0.0,0.0,0.0,6.043910980224609,0.0,0.05799982845783234,0.3866655230522156,0.13806720793312413,20,0.15316101220937875,0.08060763616684452,0.015890363961049956,0.04620570558866846,0
193,1774286079.014307,21,0.0,0.0,0.0,0.0,0.0,6.043910980224609,0.0,0.08285689779690333,0.5799982845783234,0.1746776779293347,21,0.0,0.0,0.011207696320354074,0.03572883733322476,0
194,1774286079.1140714,18,0.0,0.0,0.0,0.0,0.0,6.043910980224609,0.0,0.03222212692101797,0.3866655230522156,0.09666638076305391,18,0.10860508138483221,0.057164884575704275,0.0056862576919443466,0.03572883733322476,0
195,1774286079.2139893,22,0.0,0.0,0.0,0.0,0.0,6.043910980224609,0.0,0.05272711677984758,0.3866655230522156,0.11920423501990257,22,0.0,0.0,0.014215644229860866,0.028960853565116924,0
196,1774286079.3143477,20,0.0,0.0,0.0,0.0,0.0,6.043910980224609,0.0,0.05799982845783234,0.5799982845783234,0.15099771380514218,20,0.0,0.0,0.047632709361504814,0.028960853565116927,0
197,1774286079.413899,17,0.0,0.0,0.0,0.0,0.0,6.043910980224609,0.0,0.06823509230333216,0.3866655230522156,0.1474046465832739,17,0.0,0.0,0.08656690814601842,0.028960853565116924,0
198,1774286079.5142972,21,-0.20970617021833146,-1.546025276184082,0.0,0.26434781192137413,1.546025276184082,5.992770195007324,0.2579817389747568,0.07365057581946963,0.3866655230522156,0.15183455174561764,21,-0.20970617021833146,-0.11038928277660762,0.0852938653791652,0.05187668178560288,0
199,1774286079.6138077,21,-0.06692750113351005,-1.405477523803711,0.0,0.08958580815951979,1.405477523803711,6.043910980224609,0.23254437869822486,0.06444425384203593,0.5799982845783234,0.1615702949816924,21,-0.06692750113351005,-0.03522910563089654,0.07285002608230148,0.05251974369772041,0
200,1774286079.7137797,16,0.06441771984100342,0.0,1.0306835174560547,0.06224463944271008,1.0306835174560547,6.043910980224609,0.17053254437869822,0.024166595190763474,0.1933327615261078,0.06393880090992969,16,0.06441771984100342,0.03391722533716374,0.05970570576541564,0.055831530362347774,0
201,1774286079.813942,20,0.0,0.0,0.0,0.0,0.0,5.992770195007324,0.0,0.02899991422891617,0.1933327615261078,0.06903360396656207,20,0.05270540714263916,0.027755066629737337,0.08685964648274408,0.055831530362347774,0
202,1774286079.9140563,23,-0.10795696921970534,-1.405477523803711,0.0,0.12471242047380289,1.405477523803711,6.043910980224609,0.23254437869822486,0.02521731672079667,0.3866655230522156,0.08654272203514987,23,-0.10795696921970534,-0.05683361101282308,0.09220485549706679,0.05858712013840356,0
203,1774286080.014246,21,0.0,0.0,0.0,0.0,0.0,5.992770195007324,0.0,0.036825287909734813,0.1933327615261078,0.07591727587280882,21,0.0,0.0,0.08625615514241732,0.05858712013840356,0
204,1774286080.1138175,18,0.0,0.0,0.0,0.0,0.0,5.860805511474609,0.0,0.0,0.0,0.0,18,0.0,0.0,0.06343731237575412,0.058587120138403566,0
205,1774286080.2143285,17,-0.060628442203297335,-1.0306835174560547,0.0,0.058812928063977046,1.0306835174560547,5.992770195007324,0.17198782598317122,0.022745030767777386,0.1933327615261078,0.062289832113303606,17,-0.0026246078875886286,-0.0013813827301794007,0.05739566357806325,0.0588014908333149,0
206,1774286080.3141215,22,-0.2470233223655007,-1.405477523803711,0.0,0.213735079750568,1.405477523803711,5.860805511474609,0.2398096167927752,0.02636355838992379,0.1933327615261078,0.06634683365617257,22,-0.2470233223655007,-0.13002515804839185,0.06751302783451384,0.07568292856435749,0
207,1774286080.4141483,20,0.0,0.0,0.0,0.0,0.0,5.992770195007324,0.0,0.0,0.0,0.0,20,0.0,0.0,0.07483848833268689,0.07568292856435749,0
208,1774286080.5142813,18,0.0,0.0,0.0,0.0,0.0,5.992770195007324,0.0,0.03222212692101797,0.1933327615261078,0.07205086617502215,18,0.0,0.0,0.08107502902707746,0.07568292856435749,0
209,1774286080.6142924,18,0.05986293156941732,0.0,1.0775327682495117,0.060920699793440586,1.0775327682495117,5.992770195007324,0.17980545443695173,0.02148141794734531,0.1933327615261078,0.06075862520028111,18,0.05986293156941732,0.03150986092365202,0.06548367729110102,0.07823297223431754,0
210,1774286080.7143881,22,0.0,0.0,0.0,0.0,0.0,6.043910980224609,0.0,0.008787852796641264,0.1933327615261078,0.04027100063673795,22,0.11478066444396973,0.060396246042582785,0.07289595926394228,0.07823297223431754,0
211,1774286080.8140597,20,0.0,0.0,0.0,0.0,0.0,5.992770195007324,0.0,0.019333276152610778,0.1933327615261078,0.05799982845783234,20,0.0,0.0,0.0589828763977956,0.07629259163110434,0
212,1774286080.914448,20,0.0,0.0,0.0,0.0,0.0,5.992770195007324,0.0,0.02899991422891617,0.1933327615261078,0.06903360396656207,20,0.0,0.0,0.05704901159786787,0.07629259163110434,0
213,1774286081.0138142,18,-0.07808208465576172,-1.405477523803711,0.0,0.10364580305122217,1.405477523803711,5.992770195007324,0.2345288536134153,0.0,0.0,0.0,18,-0.07808208465576172,-0.04110139695804482,0.04833319038152695,0.07673604053154932,0
214,1774286081.1143162,17,0.0,0.0,0.0,0.0,0.0,5.992770195007324,0.0,0.06823509230333216,0.3866655230522156,0.1474046465832739,17,0.0,0.0,0.0589828763977956,0.07673604053154932,0
215,1774286081.214331,18,0.0,0.0,0.0,0.0,0.0,5.992770195007324,0.0,0.08592567178938124,0.3866655230522156,0.1607522122821258,18,0.0,0.0,0.0666664694917613,0.07673604053154932,0
216,1774286081.3140428,20,0.0,0.0,0.0,0.0,0.0,5.992770195007324,0.0,0.02899991422891617,0.1933327615261078,0.06903360396656207,20,0.0,0.0,0.0688133557974282,0.07673604053154932,0
217,1774286081.4143393,20,-0.04919171333312988,-0.9838342666625977,0.0,0.04597666855232774,0.9838342666625977,5.992770195007324,0.16417019752939072,0.04833319038152695,0.7733310461044312,0.1715658062813138,20,0.16051445688520158,0.08447942312155145,0.05666649906799711,0.07644907828972095,0
218,1774286081.5142856,18,0.0,0.0,0.0,0.0,0.0,5.992770195007324,0.0,0.06444425384203593,0.5799982845783234,0.18227587560084332,18,0.06692750113351005,0.03521614306564393,0.040701634005496375,0.06530437895080009,0
219,1774286081.6141994,21,-0.1650878361293248,-0.9369850158691406,0.0,0.11635205684184736,0.9369850158691406,5.992770195007324,0.15635256907561018,0.11047586372920445,0.7733310461044312,0.2501003736340831,21,-0.2295055559703282,-0.12076572060008138,0.026214611732353597,0.07170083548701384,0
220,1774286081.7143645,19,-0.08383550141987048,-0.7964372634887695,0.0,0.059741326035729396,0.7964372634887695,5.992770195007324,0.13289968371426866,0.050877042506870473,0.9666638076305389,0.21585301057994602,19,-0.08383550141987048,-0.04411413682777692,0.030208243988454342,0.06926276269037715,0
221,1774286081.8144104,19,-0.04191775070993524,-0.7964372634887695,0.0,0.031627760842444966,0.7964372634887695,5.992770195007324,0.13289968371426866,0.08140326801099275,0.7733310461044312,0.23732926992764905,19,0.0660392185097701,0.03475100607721124,0.021827892430367007,0.06875598471534715,0
222,1774286081.9138975,18,-0.13013680775960287,-0.7964372634887695,0.0,0.08475923449522167,0.7964372634887695,5.992770195007324,0.13289968371426866,0.04296283589469062,0.3866655230522156,0.12151725040056222,18,-0.13013680775960287,-0.06850562110061821,0.020714224449225833,0.07003127245743725,0
223,1774286082.0139716,19,-0.12328750208804481,-0.7964372634887695,0.0,0.08114265594065177,0.7964372634887695,5.992770195007324,0.13289968371426866,0.030526225504122283,0.3866655230522156,0.09436285647756702,19,-0.12328750208804481,-0.0648828961791245,0.016959014168956822,0.07166352467928015,0
224,1774286082.11404,18,-0.09630123774210612,-0.9369850158691406,0.0,0.07474014020027021,0.9369850158691406,6.043910980224609,0.15502958579881657,0.0,0.0,0.0,18,-0.03567279553880879,-0.01877800811921132,0.016384132332721,0.0716485187045057,0
225,1774286082.2144036,18,-0.13794501622517905,-0.9369850158691406,0.0,0.09620091824381738,0.9369850158691406,5.992770195007324,0.15635256907561018,0.0,0.0,0.0,18,0.10907830614032166,0.05740111091048143,0.019333276152610778,0.07411876752166752,1
226,1774286082.3144171,20,-0.1686573028564453,-0.9369850158691406,0.0,0.11487856937719698,0.9369850158691406,5.992770195007324,0.15635256907561018,0.0,0.0,0.0,20,-0.1686573028564453,-0.08875444540704527,0.017261853707688197,0.06540432625253695,1
227,1774286082.4142737,19,-0.12821900217156662,-0.8901357650756836,0.0,0.08821968662512043,0.8901357650756836,5.992770195007324,0.14853494062182968,0.0,0.0,0.0,19,-0.12821900217156662,-0.067483952946051,0.019999940847528392,0.06639419534539685,1
228,1774286082.5139837,18,-0.13534228006998697,-0.8901357650756836,0.0,0.09215669965417167,0.8901357650756836,6.043910980224609,0.14727810650887574,0.0,0.0,0.0,18,-0.1952052116394043,-0.10275627792225363,0.016111063460508983,0.06711875289492479,1
229,1774286082.6137886,19,-0.20958875354967618,-0.8901357650756836,0.0,0.12368995897322191,0.8901357650756836,6.043910980224609,0.14727810650887574,0.0,0.0,0.0,19,-0.20958875354967618,-0.1103446885312484,0.01870962208317172,0.06796045794904342,1
230,1774286082.7137947,16,-0.10541081428527832,-0.8901357650756836,0.0,0.07805443491548658,0.8901357650756836,6.043910980224609,0.14727810650887574,0.0,0.0,0.0,16,-0.10541081428527832,-0.05548711569407181,0.016666617372940326,0.06580845047132773,1
231,1774286082.8134513,17,-0.090942663304946,-0.7964372634887695,0.0,0.06209381454688485,0.7964372634887695,6.043910980224609,0.13177514792899409,0.0,0.0,0.0,17,-0.090942663304946,-0.04788968237785755,0.03163627006790855,0.06302349865977724,1
232,1774286082.91369,19,-0.1997257533826326,-1.405477523803711,0.0,0.16446192441140647,1.405477523803711,6.043910980224609,0.23254437869822486,0.0,0.0,0.0,19,-0.12164366872687088,-0.06402716622334095,0.051069031346519037,0.06422771489507054,1
233,1774286083.0137267,18,-0.21082162857055664,-1.405477523803711,0.0,0.17125944751228417,1.405477523803711,6.043910980224609,0.23254437869822486,0.0,0.0,0.0,18,-0.21082162857055664,-0.1109931897817228,0.05975739901716059,0.0686191413800088,1
234,1774286083.1137967,18,-0.13273954391479492,-0.8432865142822266,0.0,0.08834280507130643,0.8432865142822266,6.043910980224609,0.1395266272189349,0.0,0.0,0.0,18,-0.13273954391479492,-0.06988256590958357,0.05333317559340905,0.0645555327118524,1
235,1774286083.2137878,19,-0.15534225263093648,-1.405477523803711,0.0,0.14279307788267256,1.405477523803711,6.043910980224609,0.23254437869822486,0.0,0.0,0.0,19,-0.15534225263093648,-0.0817700552727131,0.046666528644232916,0.05998147206001655,1
236,1774286083.313581,17,-0.090942663304946,-0.7964372634887695,0.0,0.06209381454688485,0.7964372634887695,6.043910980224609,0.13177514792899409,0.0,0.0,0.0,17,-0.04175094997181612,-0.021982957873394663,0.07536700873051659,0.05399502155960405,1
237,1774286083.4136674,17,-0.04684925079345703,-0.7964372634887695,0.0,0.03511763679853175,0.7964372634887695,6.043910980224609,0.13177514792899409,0.0,0.0,0.0,17,-0.04684925079345703,-0.0246655248139573,0.0766664399155255,0.05415679875948785,1
238,1774286083.5133243,17,-0.090942663304946,-0.7964372634887695,0.0,0.06209381454688485,0.7964372634887695,6.043910980224609,0.13177514792899409,0.0,0.0,0.0,17,0.07414517282437878,0.03904175778867349,0.081920661663605,0.04701442888599721,1
239,1774286083.6137626,16,-0.049777328968048096,-0.7964372634887695,0.0,0.0371667371878992,0.7964372634887695,6.043910980224609,0.13177514792899409,0.0,0.0,0.0,16,0.03405817245182238,0.01793103439391278,0.05869030260613987,0.04904156623867705,1
240,1774286083.7138438,18,-0.1639723777770996,-1.405477523803711,0.0,0.14931092451320183,1.405477523803711,6.043910980224609,0.23254437869822486,0.0,0.0,0.0,18,-0.12205462706716437,-0.06425844081285773,0.05178556112306459,0.04907948072335399,1
241,1774286083.8136406,15,-0.10306835174560547,-0.7964372634887695,0.0,0.06912321509844332,0.7964372634887695,6.043910980224609,0.13177514792899409,0.0,0.0,0.0,15,0.027068456013997405,0.01424848249059793,0.024605987830595536,0.04555934619691748,1
242,1774286083.9134233,16,-0.18446892499923706,-1.405477523803711,0.0,0.16419381404508826,1.405477523803711,6.043910980224609,0.23254437869822486,0.0,0.0,0.0,16,-0.061181422911192246,-0.03221004348781358,0.010545423355969516,0.04716738879105719,1
243,1774286084.0137067,16,-0.09662657976150513,-0.7964372634887695,0.0,0.06542546054921772,0.7964372634887695,6.043910980224609,0.13177514792899409,0.0,0.0,0.0,16,-0.00032534201939900254,-0.00017126267709867917,0.0,0.04774586132061776,1
244,1774286084.1134958,16,-0.09662657976150513,-0.7964372634887695,0.0,0.06542546054921772,0.7964372634887695,6.043910980224609,0.13177514792899409,0.0,0.0,0.0,16,0.04131843646367392,0.02175694077404231,0.0,0.047734470830746153,1
245,1774286084.2133775,17,-0.090942663304946,-0.7964372634887695,0.0,0.06209381454688485,0.7964372634887695,6.043910980224609,0.13177514792899409,0.0,0.0,0.0,17,0.0777146395514993,0.040924835251005987,0.0,0.04843249456041965,1
246,1774286084.313956,17,-0.090942663304946,-0.7964372634887695,0.0,0.06209381454688485,0.7964372634887695,6.043910980224609,0.13177514792899409,0.0,0.0,0.0,17,0.037276338866620615,0.019622406963692482,0.0,0.04809495629484728,1
247,1774286084.4139187,14,-0.05354200090680804,-0.7495880126953125,0.0,0.03726769619436022,0.7495880126953125,6.043910980224609,0.12402366863905326,0.0,0.0,0.0,14,0.08180027916317893,0.04305425125475056,0.0,0.050438133161600944,1
248,1774286084.5134757,13,-0.057660616361177884,-0.7495880126953125,0.0,0.039896960149811214,0.7495880126953125,5.992770195007324,0.12508205526048816,0.0,0.0,0.0,13,0.1519281371884983,0.07997535017501767,0.0,0.05206651683526692,1
249,1774286084.6139612,14,-0.05354200090680804,-0.7495880126953125,0.0,0.03726769619436021,0.7495880126953125,5.992770195007324,0.12508205526048816,0.0,0.0,0.0,14,0.05186881337847028,0.027296983218882128,0.0,0.0490701726289834,1
250,1774286084.7140262,15,-0.09369850158691406,-1.405477523803711,0.0,0.12291172879486112,1.405477523803711,5.992770195007324,0.2345288536134153,0.0,0.0,0.0,15,-0.0027558382819680566,-0.0014500024436046248,0.0,0.04917028120777956,0
251,1774286084.8141105,15,0.0,0.0,0.0,0.0,0.0,5.992770195007324,0.0,0.0,0.0,0.0,15,0.1997257533826326,0.10509556228251965,0.0,0.05442967097819661,0
252,1774286084.9141786,14,-0.05688837596348354,-0.7964372634887695,0.0,0.04207173515691448,0.7964372634887695,5.992770195007324,0.13289968371426866,0.0,0.0,0.0,14,0.1539332526070731,0.08099823664177422,0.0,0.050514330924486164,0
253,1774286085.0134666,15,-0.09369850158691406,-1.405477523803711,0.0,0.12291172879486112,1.405477523803711,5.992770195007324,0.2345288536134153,0.0,0.0,0.0,15,0.03904104232788086,0.02055148772062728,0.0,0.043105838011267925,0
254,1774286085.1134784,16,-0.049777328968048096,-0.7964372634887695,0.0,0.0371667371878992,0.7964372634887695,5.992770195007324,0.13289968371426866,0.0,0.0,0.0,16,0.10556492366288839,0.05556953437789568,0.0,0.04279495957686187,0
255,1774286085.213829,16,-0.09662657976150513,-0.7964372634887695,0.0,0.06542546054921772,0.7964372634887695,5.992770195007324,0.13289968371426866,0.0,0.0,0.0,16,-0.005683916456559121,-0.00299114447426805,0.0,0.03984740732557905,0
256,1774286085.3136747,16,-0.13761967420578003,-1.405477523803711,0.0,0.14416578680842562,1.405477523803711,5.992770195007324,0.2345288536134153,0.0,0.0,0.0,16,-0.090770423412323,-0.04777372481681994,0.0,0.04157212452994657,0
257,1774286085.4042885,16,-0.049777328968048096,-0.7964372634887695,0.0,0.0371667371878992,0.7964372634887695,5.992770195007324,0.13289968371426866,0.0,0.0,0.0,16,0.04116533433689791,0.021769493478994782,0.0,0.04144118119159487,0
258,1774286085.50913,15,-0.05309581756591797,-0.7964372634887695,0.0,0.039468321801905404,0.7964372634887695,5.992770195007324,0.13289968371426866,0.0,0.0,0.0,15,-0.003318488597869873,-0.0017508418821378844,0.0,0.04201010149450481,0
259,1774286085.5987396,16,-0.049777328968048096,-0.7964372634887695,0.0,0.0371667371878992,0.7964372634887695,5.992770195007324,0.13289968371426866,0.0,0.0,0.0,16,0.11419504880905151,0.06058427670935333,0.0,0.04201010149450481,0
260,1774286085.7045157,14,0.0,0.0,0.0,0.0,0.0,5.992770195007324,0.0,0.0,0.0,0.0,14,0.10306835174560547,0.05450828121128673,0.0,0.041525679679277394,0
261,1774286085.8089747,14,0.0,0.0,0.0,0.0,0.0,5.992770195007324,0.0,0.0,0.0,0.0,14,0.18446892499923706,0.09731676007566299,0.0,0.04409082911423272,0
262,1774286085.898786,14,0.0,0.0,0.0,0.0,0.0,5.992770195007324,0.0,0.0,0.0,0.0,14,0.09662657976150513,0.05125862634185432,0.0,0.03812704439973771,0
263,1774286086.0037541,12,0.0,0.0,0.0,0.0,0.0,5.992770195007324,0.0,0.0,0.0,0.0,12,0.09662657976150513,0.051118187993973,0.0,0.03941223382777737,0
264,1774286086.1090205,13,-0.10811365567720853,-1.405477523803711,0.0,0.1402627505266801,1.405477523803711,5.992770195007324,0.2345288536134153,0.0,0.0,0.0,13,-0.017170992372262522,-0.009058136162766692,0.0,0.04007515257455924,0
265,1774286086.198766,14,0.0,0.0,0.0,0.0,0.0,5.992770195007324,0.0,0.0,0.0,0.0,14,0.090942663304946,0.04825030889647596,0.0,0.041088104463636234,0
266,1774286086.3041084,13,0.0,0.0,0.0,0.0,0.0,5.992770195007324,0.0,0.0,0.0,0.0,13,0.05354200090680804,0.028326258676042923,0.0,0.041582375628506155,0
267,1774286086.4092882,12,0.0,0.0,0.0,0.0,0.0,5.860805511474609,0.0,0.0,0.0,0.0,12,0.057660616361177884,0.030414725091805744,0.0,0.042824483056458126,0
268,1774286086.4986002,14,0.0,0.0,0.0,0.0,0.0,5.992770195007324,0.0,0.0,0.0,0.0,14,0.05354200090680804,0.028409684933883236,0.0,0.04380570065887893,0
269,1774286086.6040437,12,0.0,0.0,0.0,0.0,0.0,5.992770195007324,0.0,0.0,0.0,0.0,12,0.09369850158691406,0.049575467485305225,0.0,0.044654358613521496,0
270,1774286086.7090623,13,0.0,0.0,0.0,0.0,0.0,5.992770195007324,0.0,0.0,0.0,0.0,13,0.0,0.0,0.0,0.043620724347556504,0
271,1774286086.7984693,11,0.0,0.0,0.0,0.0,0.0,5.860805511474609,0.0,0.0,0.0,0.0,11,0.05688837596348354,0.030190870288055158,0.0,0.043620724347556504,0
272,1774286086.9039826,11,0.0,0.0,0.0,0.0,0.0,5.860805511474609,0.0,0.0,0.0,0.0,11,0.09369850158691406,0.049562394325219354,0.0,0.04393923263267599,0
273,1774286087.0087717,13,0.0,0.0,0.0,0.0,0.0,5.992770195007324,0.0,0.0,0.0,0.0,13,0.049777328968048096,0.026263655685761857,0.0,0.042057855269180384,0
274,1774286087.0988648,12,0.0,0.0,0.0,0.0,0.0,5.992770195007324,0.0,0.0,0.0,0.0,12,0.09662657976150513,0.051259812762121076,0.0,0.04212327143043181,0
275,1774286087.2038565,12,0.0,0.0,0.0,0.0,0.0,5.992770195007324,0.0,0.0,0.0,0.0,12,0.13761967420578003,0.07280763981116542,0.0,0.03903010713162536,0
276,1774286087.3090482,14,0.0,0.0,0.0,0.0,0.0,5.992770195007324,0.0,0.0,0.0,0.0,14,0.049777328968048096,0.02613312870557673,0.0,0.02834025118077384,0
277,1774286087.3988574,14,0.0,0.0,0.0,0.0,0.0,5.992770195007324,0.0,0.0,0.0,0.0,14,0.05309581756591797,0.028097078370662158,0.0,0.02716591552912552,0
278,1774286087.5040455,13,0.0,0.0,0.0,0.0,0.0,5.992770195007324,0.0,0.0,0.0,0.0,13,0.049777328968048096,0.02612563680702032,0.0,0.02541639910714227,0
279,1774286087.6093774,12,0.0,0.0,0.0,0.0,0.0,5.860805511474609,0.0,0.0,0.0,0.0,12,0.0,0.0,0.0,0.023562824975685216,0
280,1774286087.6987581,12,0.0,0.0,0.0,0.0,0.0,5.860805511474609,0.0,0.0,0.0,0.0,12,0.0,0.0,0.0,0.02356282497568522,0
281,1774286087.8041337,11,0.0,0.0,0.0,0.0,0.0,5.860805511474609,0.0,0.0,0.0,0.0,11,0.0,0.0,0.0,0.02356282497568522,0
282,1774286087.9088771,12,0.0,0.0,0.0,0.0,0.0,5.992770195007324,0.0,0.0,0.0,0.0,12,0.0,0.0,0.0,0.02356282497568522,0
283,1774286087.9993017,14,0.0,0.0,0.0,0.0,0.0,5.992770195007324,0.0,0.0,0.0,0.0,14,0.10811365567720853,0.05719448283875419,0.0,0.02356282497568522,0
284,1774286088.104162,14,0.0,0.0,0.0,0.0,0.0,5.992770195007324,0.0,0.0,0.0,0.0,14,0.0,0.0,0.0,0.0,0
285,1774286088.208743,14,0.0,0.0,0.0,0.0,0.0,5.992770195007324,0.0,0.0,0.0,0.0,14,0.0,0.0,0.0,0.0,0
286,1774286088.298572,15,-0.0499725341796875,-0.7495880126953125,0.0,0.034961558412760496,0.7495880126953125,5.992770195007324,0.12508205526048816,0.0,0.0,0.0,15,-0.0499725341796875,-0.026450516144721173,0.0,0.010891261322094501,0
287,1774286088.4035866,12,0.0,0.0,0.0,0.0,0.0,5.992770195007324,0.0,0.0,0.0,0.0,12,0.0,0.0,0.0,0.010891261322094501,0
288,1774286088.5088515,14,0.0,0.0,0.0,0.0,0.0,5.992770195007324,0.0,0.0,0.0,0.0,14,0.0,0.0,0.0,0.010891261322094501,0
289,1774286088.5985067,14,0.0,0.0,0.0,0.0,0.0,5.992770195007324,0.0,0.0,0.0,0.0,14,0.0,0.0,0.0,0.010891261322094501,0
290,1774286088.704013,13,0.0,0.0,0.0,0.0,0.0,5.992770195007324,0.0,0.0,0.0,0.0,13,0.0,0.0,0.0,0.010891261322094501,0
291,1774286088.8085568,13,0.0,0.0,0.0,0.0,0.0,5.992770195007324,0.0,0.0,0.0,0.0,13,0.0,0.0,0.0,0.010891261322094501,0
292,1774286088.8992426,14,0.0,0.0,0.0,0.0,0.0,5.992770195007324,0.0,0.0,0.0,0.0,14,0.0,0.0,0.0,0.010891261322094501,0
293,1774286089.004111,13,0.0,0.0,0.0,0.0,0.0,5.992770195007324,0.0,0.0,0.0,0.0,13,0.0,0.0,0.0,0.010891261322094501,0
294,1774286089.108758,14,0.0,0.0,0.0,0.0,0.0,5.992770195007324,0.0,0.0,0.0,0.0,14,0.0,0.0,0.0,0.010891261322094501,0
295,1774286089.1989388,14,0.0,0.0,0.0,0.0,0.0,5.992770195007324,0.0,0.0,0.0,0.0,14,0.0,0.0,0.0,0.010891261322094501,0
296,1774286089.3039534,14,0.0,0.0,0.0,0.0,0.0,5.992770195007324,0.0,0.0,0.0,0.0,14,0.0,0.0,0.0,0.010891261322094501,0
297,1774286089.408547,14,0.0,0.0,0.0,0.0,0.0,5.992770195007324,0.0,0.0,0.0,0.0,14,0.0,0.0,0.0,0.010891261322094501,0
298,1774286089.4988687,13,0.0,0.0,0.0,0.0,0.0,5.992770195007324,0.0,0.0,0.0,0.0,13,0.0,0.0,0.0,0.010891261322094501,0
299,1774286089.6040342,15,0.0,0.0,0.0,0.0,0.0,5.992770195007324,0.0,0.0,0.0,0.0,15,0.0,0.0,0.0,0.010891261322094501,0
300,1774286089.708847,14,0.0,0.0,0.0,0.0,0.0,5.992770195007324,0.0,0.0,0.0,0.0,14,0.0,0.0,0.0,0.010891261322094501,0
301,1774286089.7992017,15,0.0,0.0,0.0,0.0,0.0,5.992770195007324,0.0,0.0,0.0,0.0,15,0.0,0.0,0.0,0.010891261322094501,0
302,1774286089.903832,15,0.0,0.0,0.0,0.0,0.0,5.992770195007324,0.0,0.0,0.0,0.0,15,0.0,0.0,0.0,0.010891261322094501,0
303,1774286090.009208,15,0.0,0.0,0.0,0.0,0.0,5.992770195007324,0.0,0.0,0.0,0.0,15,0.0,0.0,0.0,0.010891261322094501,0
304,1774286090.0987723,14,0.0,0.0,0.0,0.0,0.0,5.992770195007324,0.0,0.0,0.0,0.0,14,0.0,0.0,0.0,0.010891261322094501,0
305,1774286090.2041826,13,0.0,0.0,0.0,0.0,0.0,5.992770195007324,0.0,0.0,0.0,0.0,13,0.0499725341796875,0.026223896525709053,0.0,0.010891261322094501,0
306,1774286090.3091106,14,0.0,0.0,0.0,0.0,0.0,5.992770195007324,0.0,0.0,0.0,0.0,14,0.0,0.0,0.0,0.0,0
307,1774286090.3989139,15,0.0,0.0,0.0,0.0,0.0,5.992770195007324,0.0,0.0,0.0,0.0,15,0.0,0.0,0.0,0.0,0
308,1774286090.504098,15,0.0,0.0,0.0,0.0,0.0,5.992770195007324,0.0,0.0,0.0,0.0,15,0.0,0.0,0.0,0.0,0
309,1774286090.6092412,15,0.0,0.0,0.0,0.0,0.0,5.992770195007324,0.0,0.0,0.0,0.0,15,0.0,0.0,0.0,0.0,0
310,1774286090.6993084,13,0.0,0.0,0.0,0.0,0.0,5.992770195007324,0.0,0.0,0.0,0.0,13,0.0,0.0,0.0,0.0,0
311,1774286090.803797,13,0.0,0.0,0.0,0.0,0.0,5.992770195007324,0.0,0.0,0.0,0.0,13,0.0,0.0,0.0,0.0,0
312,1774286090.9088192,14,0.0,0.0,0.0,0.0,0.0,5.992770195007324,0.0,0.0,0.0,0.0,14,0.0,0.0,0.0,0.0,0
313,1774286090.9988616,16,0.0,0.0,0.0,0.0,0.0,5.992770195007324,0.0,0.0,0.0,0.0,16,0.0,0.0,0.0,0.0,0
314,1774286091.1040647,18,-0.049451986948649086,-0.8901357650756836,0.0,0.04157348322387912,0.8901357650756836,5.992770195007324,0.14853494062182968,0.0,0.0,0.0,18,-0.049451986948649086,-0.025957333360698557,0.0,0.010777810683322685,0
315,1774286091.2093408,19,-0.04684925079345703,-0.8901357650756836,0.0,0.03950734139834822,0.8901357650756836,5.992770195007324,0.14853494062182968,0.0,0.0,0.0,19,-0.04684925079345703,-0.02458778238723968,0.0,0.014451046490729504,0
316,1774286091.299236,16,-0.055633485317230225,-0.8901357650756836,0.0,0.046426270328137065,0.8901357650756836,5.992770195007324,0.14853494062182968,0.0,0.0,0.0,16,-0.055633485317230225,-0.029424977538185085,0.0,0.018140049611376757,0
317,1774286091.4043329,15,-0.059342384338378906,-0.8901357650756836,0.0,0.04930126010549429,0.8901357650756836,5.992770195007324,0.14853494062182968,0.0,0.0,0.0,15,-0.059342384338378906,-0.03114326955031571,0.0,0.021242709072840336,0
318,1774286091.513865,20,-0.08432865142822266,-0.8901357650756836,0.0,0.06422137829531493,0.8901357650756836,5.992770195007324,0.14853494062182968,0.019333276152610778,0.1933327615261078,0.05799982845783234,20,-0.08432865142822266,-0.04415503773776402,0.0,0.0264566983954288,0
319,1774286091.613674,15,0.0,0.0,0.0,0.0,0.0,6.043910980224609,0.0,0.0,0.0,0.0,15,0.0,0.0,0.0,0.0264566983954288,0
320,1774286091.71353,19,-0.1972600033408717,-1.405477523803711,0.0,0.16139764308411078,1.405477523803711,6.043910980224609,0.23254437869822486,0.020350817002748187,0.1933327615261078,0.05933231748191226,19,-0.1972600033408717,-0.10304397608160533,0.0,0.04750471133188467,0
321,1774286091.8132534,19,-0.03945200066817434,-0.7495880126953125,0.0,0.028016286420989318,0.7495880126953125,6.043910980224609,0.12402366863905326,0.07122785950961866,0.3866655230522156,0.14318068919245908,19,-0.03945200066817434,-0.020661756362588747,0.0,0.047258933163777,0
322,1774286091.913249,19,-0.17506825296502365,-0.8901357650756836,0.0,0.11525102547662185,0.8901357650756836,6.043910980224609,0.14727810650887574,0.1729819445233596,1.3533293306827545,0.42493753443087884,19,-0.17506825296502365,-0.09194562942515322,0.0,0.05677384509428794,0
323,1774286092.0133586,18,-0.08589029312133789,-0.7964372634887695,0.0,0.05907810773919664,0.7964372634887695,6.043910980224609,0.13177514792899409,0.15036992563141716,1.3533293306827545,0.4253103764019676,18,-0.08589029312133789,-0.04486101925481022,0.0,0.057183002649804124,0
324,1774286092.113518,20,-0.30217766761779785,-0.9369850158691406,0.0,0.1710832496470971,0.9369850158691406,5.992770195007324,0.15635256907561018,0.06766646653413773,0.9666638076305389,0.2141983912727966,20,-0.30217766761779785,-0.15826327401720183,0.0,0.08005393588915695,0
325,1774286092.2133636,19,-0.1331505022550884,-0.9369850158691406,0.0,0.09547911500764242,0.9369850158691406,5.992770195007324,0.15635256907561018,0.030526225504122283,0.1933327615261078,0.07049729804859288,19,-0.1331505022550884,-0.06992269506039882,0.0,0.0807555669126891,0
326,1774286092.3135653,18,-0.041643778483072914,-0.7495880126953125,0.0,0.029481472867903202,0.7495880126953125,6.043910980224609,0.12402366863905326,0.04296283589469062,0.3866655230522156,0.12151725040056222,18,-0.041643778483072914,-0.02175005779953337,0.0,0.07967444776840446,0
327,1774286092.4132347,18,-0.2316435178120931,-1.405477523803711,0.0,0.19765186899513132,1.405477523803711,6.043910980224609,0.23254437869822486,0.04296283589469062,0.3866655230522156,0.12151725040056222,18,-0.2316435178120931,-0.12133416588614841,0.0,0.08617182208822907,0
328,1774286092.5133252,19,-0.09863000167043585,-1.0775327682495117,0.0,0.08476629020864432,1.0775327682495117,6.043910980224609,0.17828402366863905,0.061052451008244565,0.3866655230522156,0.14099459609718576,19,-0.09863000167043585,-0.0517991870994085,0.0,0.08453992636013903,0
329,1774286092.6133387,18,-0.1041094462076823,-1.0775327682495117,0.0,0.08890506661727057,1.0775327682495117,6.043910980224609,0.17828402366863905,0.053703544868363276,0.5799982845783234,0.1412719698364962,18,-0.1041094462076823,-0.05439278859578373,0.0,0.08263591148754916,0
330,1774286092.7137818,21,-0.04461833408900669,-0.9369850158691406,0.0,0.03981591473756434,0.9369850158691406,5.992770195007324,0.15635256907561018,0.036825287909734813,0.3866655230522156,0.11350316022706673,21,-0.04461833408900669,-0.023360569915163148,0.0,0.08088861253511023,0
331,1774286092.8133473,20,-0.07027387619018555,-1.405477523803711,0.0,0.09382993582107702,1.405477523803711,6.043910980224609,0.23254437869822486,0.038666552305221556,0.3866655230522156,0.11599965691566468,20,-0.07027387619018555,-0.036898313380912026,0.0,0.07850420207489692,0
332,1774286092.913887,19,-0.05424650091873972,-1.0306835174560547,0.0,0.052968291514682915,1.0306835174560547,6.043910980224609,0.17053254437869822,0.08140326801099275,0.7733310461044312,0.23732926992764905,19,-0.05424650091873972,-0.028326777734151466,0.0,0.0762179328071245,0
333,1774286093.0134468,20,-0.14289021492004395,-1.452326774597168,0.0,0.18381339298656485,1.452326774597168,6.043910980224609,0.2402958579881657,0.019333276152610778,0.3866655230522156,0.08427179699679521,20,-0.09343822797139487,-0.048936369379861566,0.0,0.07375834176937773,0
334,1774286093.113765,18,0.0,0.0,0.0,0.0,0.0,6.043910980224609,0.0,0.04296283589469062,0.3866655230522156,0.10302126135733425,18,0.04684925079345703,0.024600218284684994,0.0,0.07622692135485418,0
335,1774286093.2132285,16,0.0,0.0,0.0,0.0,0.0,6.043910980224609,0.0,0.060416487976908684,0.5799982845783234,0.1484820467179863,16,0.055633485317230225,0.029066722090279034,0.007581676922592462,0.07846097715583439,0
336,1774286093.313647,17,0.0,0.0,0.0,0.0,0.0,6.043910980224609,0.0,0.056862576919443464,0.3866655230522156,0.12866532395353644,17,0.059342384338378906,0.03108047157404295,0.007733310461044311,0.08079489022574421,0
337,1774286093.4136684,19,-0.09616425162867497,-1.546025276184082,1.1243820190429688,0.28705749719630846,2.670407295227051,6.043910980224609,0.4418343195266272,0.040701634005496375,0.1933327615261078,0.07881837533335848,19,-0.01183560020045231,-0.006229907894788035,0.014320945298230206,0.0804202308911152,0
338,1774286093.5136924,17,-0.08267514845904182,-1.405477523803711,0.0,0.10936288276359368,1.405477523803711,6.043910980224609,0.23254437869822486,0.10235263845499824,0.5799982845783234,0.22110696987491085,17,-0.08267514845904182,-0.04351281341635485,0.032830091579905095,0.08043208755172829,0
339,1774286093.613438,20,-0.07027387619018555,-1.405477523803711,0.0,0.09382993582107702,1.405477523803711,6.043910980224609,0.23254437869822486,0.20299939960241317,0.9666638076305389,0.36413854824758013,20,0.12698612715068616,0.06683804620457878,0.08818687367857549,0.07769382885721843,0
340,1774286093.7134333,18,-0.07808208465576172,-1.405477523803711,0.0,0.10364580305122217,1.405477523803711,6.043910980224609,0.23254437869822486,0.10740708973672655,0.7733310461044312,0.24303450080112443,18,-0.038630083987587376,-0.02032969864604537,0.13119008817843028,0.07439146565863634,0
341,1774286093.8134978,18,0.0,0.0,0.0,0.0,0.0,6.043910980224609,0.0,0.06444425384203593,0.3866655230522156,0.1441017323500443,18,0.17506825296502365,0.09212912335607891,0.12888850768407187,0.0762725523236076,0
342,1774286093.9137797,20,-0.30217766761779785,-4.497528076171875,0.0,1.0395863047207854,4.497528076171875,5.677700042724609,0.7921390778533636,0.13533293306827546,1.73999485373497,0.39194611613328634,20,-0.21628737449645996,-0.11381023376904918,0.08140326801099275,0.08751522837157796,0
343,1774286094.0134885,19,0.1479450025056538,-1.546025276184082,4.356980323791504,1.1030318392076222,5.903005599975586,5.677700042724609,1.0396825396825398,0.09157867651236684,0.5799982845783234,0.21149189414577863,19,0.45012267012345164,0.23691034290763668,0.047485239673079105,0.10253959020761844,0
344,1774286094.1131778,17,0.0,0.0,0.0,0.0,0.0,5.811095237731934,0.0,0.1705877307583304,0.7733310461044312,0.31020086231448174,17,0.1331505022550884,0.07008606801649796,0.038666552305221556,0.09108404047842145,0
345,1774286094.2131412,15,0.0,0.0,0.0,0.0,0.0,5.811095237731934,0.0,0.0,0.0,0.0,15,0.041643778483072914,0.02192267095782032,0.04921197566119107,0.09110068175827332,0
346,1774286094.313309,17,-0.42991077198701744,-4.497528076171875,0.0,1.2397649797287886,4.497528076171875,5.629420280456543,0.7989327234610254,0.12509766922277563,0.7733310461044312,0.2729403692133286,17,-0.19826725417492433,-0.10434710898715109,0.05272711677984758,0.12088182808024403,0
347,1774286094.4136863,16,-0.07027387619018555,-1.1243820190429688,0.0,0.0740762651219029,1.1243820190429688,5.860805511474609,0.19184769343422017,0.18124946393072605,0.7733310461044312,0.316711505150775,16,0.028356125480250308,0.014921441014947735,0.04999985211882098,0.11596919438816884,0
348,1774286094.5135922,16,0.0,0.0,0.0,0.0,0.0,5.860805511474609,0.0,0.0966663807630539,0.7733310461044312,0.25575520363971876,16,0.1041094462076823,0.054787134625749294,0.0425987440650746,0.11694477679194955,0
349,1774286094.6137924,21,-0.05577291761125837,-1.1712312698364258,0.0,0.06221236677744429,1.1712312698364258,5.860805511474609,0.19984134732731268,0.13809482966150557,0.7733310461044312,0.28702471348355674,21,-0.011154583522251675,-0.005870800723798922,0.05155540307362874,0.11671179894744155,0
350,1774286094.7131932,20,-0.18739700317382812,-1.3117790222167969,0.0,0.1995120740616585,1.3117790222167969,6.043910980224609,0.2170414201183432,0.08699974268674851,0.5799982845783234,0.20710081189968624,20,-0.11712312698364258,-0.06164875307631984,0.045875570531618795,0.11943066461835432,0
351,1774286094.8137026,21,-0.06692750113351005,-1.405477523803711,0.0,0.08958580815951978,1.405477523803711,6.043910980224609,0.23254437869822486,0.06444425384203593,0.5799982845783234,0.1615702949816924,21,-0.012681000214770331,-0.006674858594620963,0.047485239673079105,0.11943896551201416,0
352,1774286094.9141514,21,-0.24540083748953684,-1.405477523803711,0.0,0.25730039501282514,1.405477523803711,6.043910980224609,0.23254437869822486,0.06444425384203593,0.3866655230522156,0.13778761052753638,21,-0.10251062256949289,-0.05393295800329903,0.03938259957013307,0.12496104720087467,0
353,1774286095.0137165,20,-0.07027387619018555,-1.405477523803711,0.0,0.09382993582107702,1.405477523803711,6.043910980224609,0.23254437869822486,0.02899991422891617,0.1933327615261078,0.06903360396656207,20,-0.07027387619018555,-0.036987195591301966,0.053071738458147236,0.12425014428968074,0
354,1774286095.1138139,20,-0.11946558952331543,-1.2180805206298828,0.0,0.12850311502887735,1.2180805206298828,5.992770195007324,0.20325833979829325,0.0,0.0,0.0,20,-0.11946558952331543,-0.06285725898319705,0.05205112810318287,0.12310923512406828,0
355,1774286095.2137632,22,0.0,0.0,0.0,0.0,0.0,5.992770195007324,0.0,0.05272711677984758,0.5799982845783234,0.16673778347800128,22,0.0,0.0,0.06566018315981019,0.1231092351240683,0
356,1774286095.3142917,21,0.0,0.0,0.0,0.0,0.0,5.992770195007324,0.0,0.036825287909734813,0.3866655230522156,0.11350316022706673,21,0.09616425162867497,0.050596165236518706,0.11738060521227973,0.1231092351240683,0
357,1774286095.4140062,23,-0.057033870531165085,-1.3117790222167969,0.0,0.0715629725308454,1.3117790222167969,6.043910980224609,0.2170414201183432,0.02521731672079667,0.1933327615261078,0.06511083179712221,23,0.025641277927876738,0.0134931805453972,0.14060564474626022,0.1232484577265285,0
358,1774286095.5141487,22,0.0,0.0,0.0,0.0,0.0,5.992770195007324,0.0,0.05272711677984758,0.3866655230522156,0.13269366731234514,22,0.07027387619018555,0.03697241863841401,0.12773771743689263,0.1246153998839198,0
359,1774286095.6145449,21,0.0,0.0,0.0,0.0,0.0,5.992770195007324,0.0,0.08285689779690333,0.5799982845783234,0.20295712127234886,21,0.07808208465576172,0.04107180480170156,0.10357112224612917,0.12583200937201344,0
360,1774286095.71389,22,-0.057496807791969994,-1.2649297714233398,0.0,0.06942354103160155,1.2649297714233398,5.992770195007324,0.21107596825207375,0.14060564474626022,0.9666638076305389,0.30945222959536134,22,-0.057496807791969994,-0.030255230972898395,0.09836228217994958,0.12590098163148725,0
361,1774286095.814938,25,0.0,0.0,0.0,0.0,0.0,5.992770195007324,0.0,0.11599965691566468,1.1599965691566467,0.28413996978128836,25,0.30217766761779785,0.158943977679559,0.13119008817843028,0.12590098163148725,0
362,1774286095.9141078,23,-0.05296002263608186,-1.2180805206298828,0.0,0.06170480794751469,1.2180805206298828,5.992770195007324,0.20325833979829325,0.09246349464292111,0.7733310461044312,0.24099804919789292,23,-0.20090502514173564,-0.10570503439598865,0.09098012307110954,0.11470511601854448,0
363,1774286096.0141718,20,-0.06090402603149414,-1.2180805206298828,0.0,0.0704767073500534,1.2180805206298828,5.992770195007324,0.20325833979829325,0.15466620922088622,0.7733310461044312,0.30933241844177245,20,-0.06090402603149414,-0.03203798856364837,0.10258473060568984,0.10401134993580188,0
364,1774286096.1141098,20,-0.11478066444396973,-1.1712312698364258,0.0,0.11862627967929029,1.1712312698364258,5.992770195007324,0.19544071134451274,0.12566629499197007,0.9666638076305389,0.30736261078237576,20,-0.11478066444396973,-0.06038009642253338,0.10472191249330838,0.10294817108356855,0
365,1774286096.2136598,19,0.0,0.0,0.0,0.0,0.0,5.992770195007324,0.0,0.2035081700274819,1.1599965691566467,0.4087931582183288,19,0.42991077198701744,0.22622705761955333,0.13414926309974826,0.10294817108356855,0
366,1774286096.3136935,20,0.0,0.0,0.0,0.0,0.0,5.992770195007324,0.0,0.11599965691566468,0.7733310461044312,0.27613441586624826,20,0.07027387619018555,0.03698610953560253,0.13861594222626597,0.06564968098413759,0
367,1774286096.4141226,20,0.0,0.0,0.0,0.0,0.0,5.992770195007324,0.0,0.0,0.0,0.0,20,0.0,0.0,0.10853769068132367,0.06676631498554947,0
368,1774286096.5137334,18,-0.12232859929402669,-1.1243820190429688,0.0,0.11977525776135028,1.1243820190429688,5.992770195007324,0.18762308289073223,0.10740708973672655,0.9666638076305389,0.3037931260014055,18,-0.06655568168276832,-0.03503039453286224,0.0966663807630539,0.06710308600571613,0
369,1774286096.614204,18,0.05986293156941732,0.0,1.0775327682495117,0.060920699793440586,1.0775327682495117,5.992770195007324,0.17980545443695173,0.1933327615261078,1.1599965691566467,0.432305197050133,18,0.24725993474324545,0.1300676150931694,0.0717202179854916,0.07206294728614654,0
370,1774286096.7136269,18,0.0,0.0,0.0,0.0,0.0,5.992770195007324,0.0,0.20407347049978045,1.3533293306827545,0.4578365000305342,18,0.06692750113351005,0.03522640449377775,0.05301059590231988,0.06614748844440645,0
371,1774286096.8136709,18,0.0,0.0,0.0,0.0,0.0,5.992770195007324,0.0,0.22555488844712576,1.3533293306827545,0.5043560632251552,18,0.24540083748953684,0.12919101108847972,0.031693895332148815,0.06666394011035291,0
372,1774286096.9142132,17,0.0,0.0,0.0,0.0,0.0,5.860805511474609,0.0,0.15921521537444172,0.9666638076305389,0.34606846475976816,17,0.07027387619018555,0.036976583755067106,0.028064433124757582,0.04810499645310814,0
373,1774286097.013869,14,0.0,0.0,0.0,0.0,0.0,5.860805511474609,0.0,0.11047586372920445,0.7733310461044312,0.2706094950297984,14,0.11946558952331543,0.06287480037729272,0.030687739924779012,0.04758174274111529,0
374,1774286097.114098,16,0.0,0.0,0.0,0.0,0.0,5.860805511474609,0.0,0.12083297595381737,1.1599965691566467,0.3269196401715634,16,0.0,0.0,0.03808069545211214,0.04275981404673119,0
375,1774286097.2143266,15,0.0,0.0,0.0,0.0,0.0,5.860805511474609,0.0,0.1804439107577006,1.3533293306827545,0.4600435110312551,15,0.0,0.0,0.03808069545211214,0.04275981404673119,0
376,1774286097.3137941,15,0.0,0.0,0.0,0.0,0.0,5.860805511474609,0.0,0.25777701536814374,1.3533293306827545,0.5171626275648071,15,0.057033870531165085,0.0300211778620888,0.05272711677984758,0.04275981404673119,0
377,1774286097.4139018,17,0.0,0.0,0.0,0.0,0.0,5.860805511474609,0.0,0.31843043074888344,1.73999485373497,0.6039223289150134,17,0.0,0.0,0.09220485549706679,0.04211060223036959,0
378,1774286097.5141366,20,0.0,0.0,0.0,0.0,0.0,5.992770195007324,0.0,0.05799982845783234,0.3866655230522156,0.12379336912176456,20,0.0,0.0,0.11372515383888693,0.04211060223036959,0
379,1774286097.6139405,19,0.0,0.0,0.0,0.0,0.0,5.992770195007324,0.0,0.15263112752061142,0.9666638076305389,0.3524864902429644,19,0.057496807791969994,0.030260675054146674,0.11599965691566468,0.04211060223036959,0
380,1774286097.7139258,22,0.0,0.0,0.0,0.0,0.0,5.992770195007324,0.0,0.166969203136184,0.9666638076305389,0.3559893979720321,22,0.0,0.0,0.11941141153083128,0.04123060720172158,0
381,1774286097.813901,22,-0.025554136796431107,-0.5621910095214844,0.0,0.013713292055625005,0.5621910095214844,6.043910980224609,0.09301775147928994,0.1933327615261078,1.1599965691566467,0.3777754721008302,22,0.027405885839650757,0.014425720962260571,0.12275095969911605,0.04115562851361796,0
382,1774286097.9137876,21,0.0,0.0,0.0,0.0,0.0,5.992770195007324,0.0,0.18412643954867408,0.9666638076305389,0.37958637936404405,21,0.06090402603149414,0.03206123425899453,0.1605644968606658,0.0403780689060968,0
383,1774286098.014076,20,0.0,0.0,0.0,0.0,0.0,5.992770195007324,0.0,0.1933327615261078,1.1599965691566467,0.3768749333417935,20,0.11478066444396973,0.06041194945034757,0.14745719099448898,0.03893524759669044,0
384,1774286098.1142428,21,-0.04238741738455636,-1.405477523803711,0.5153417587280273,0.10491493533348198,1.9208192825317383,5.992770195007324,0.3205227666050009,0.08285689779690333,0.5799982845783234,0.17467767792933472,21,-0.04238741738455636,-0.0223023234146565,0.10485844692941439,0.0317389836518199,0
385,1774286098.213771,21,0.0,0.0,0.0,0.0,0.0,5.992770195007324,0.0,0.13809482966150557,0.7733310461044312,0.28702471348355674,21,0.0,0.0,0.07333311644093744,0.0317389836518199,0
386,1774286098.3141875,20,-0.22487640380859375,-4.497528076171875,0.0,0.9608185428078286,4.497528076171875,5.992770195007324,0.7504923315629289,0.15466620922088622,0.7733310461044312,0.30933241844177245,20,-0.22487640380859375,-0.11835195653401427,0.0966663807630539,0.05712076596830668,0
387,1774286098.4141397,19,-0.07890400133634869,-1.499176025390625,0.0,0.1120651456839573,1.499176025390625,6.043910980224609,0.24804733727810652,0.08140326801099275,0.3866655230522156,0.15763675066671695,19,0.043424597957678,0.02285016450027496,0.16827110725420494,0.05846659622547301,0
388,1774286098.5141673,19,-0.07890400133634869,-1.499176025390625,0.0,0.1120651456839573,1.499176025390625,6.043910980224609,0.24804733727810652,0.12210490201648913,0.7733310461044312,0.2819891921943715,19,-0.138766932905766,-0.07303663557223393,0.207653706824338,0.055416410130211154,0
389,1774286098.6141682,20,0.0,0.0,0.0,0.0,0.0,6.043910980224609,0.0,0.0,0.0,0.0,20,0.0,0.0,0.19698054947943058,0.05259163387957347,0
390,1774286098.7140188,18,-0.02863009770711263,-0.5153417587280273,0.0,0.01393460241021987,0.5153417587280273,6.043910980224609,0.08526627218934911,0.07518496281570858,0.3866655230522156,0.14608943634831875,18,-0.02863009770711263,-0.015065713484798434,0.169659362155564,0.05234794691491377,0
391,1774286098.8141565,19,-0.02712325045936986,-0.5153417587280273,0.0,0.013242072878670729,0.5153417587280273,6.043910980224609,0.08526627218934911,0.020350817002748187,0.1933327615261078,0.05933231748191226,19,-0.02712325045936986,-0.014275820610361836,0.13163081635820104,0.05206012864626243,0
392,1774286098.9139645,20,0.08432865142822266,0.0,1.6865730285644531,0.1351151075823509,1.6865730285644531,6.043910980224609,0.2790532544378698,0.02899991422891617,0.1933327615261078,0.06903360396656207,20,0.08432865142822266,0.04438127087783067,0.13748107486300998,0.05711003576206809,0
393,1774286099.0139093,22,-0.0021295113997025924,-0.7495880126953125,1.6865730285644531,0.17688060735107575,2.4361610412597656,6.043910980224609,0.40307692307692305,0.0966663807630539,0.7733310461044312,0.22387475415342784,22,-0.0021295113997025924,-0.0011209068162383426,0.18492698928584222,0.05707256591574304,0
394,1774286099.1141891,20,0.09838342666625977,0.0,1.546025276184082,0.11871956090203639,1.546025276184082,6.043910980224609,0.2557988165680473,0.05799982845783234,0.3866655230522156,0.13806720793312413,20,0.09838342666625977,0.051784497680333094,0.2550347066940145,0.06265545433864725,0
395,1774286099.2137747,22,-0.006388534199107777,-1.2649297714233398,1.6865730285644531,0.21635167019901227,2.951502799987793,6.043910980224609,0.4883431952662722,0.035151411186565056,0.1933327615261078,0.07456740365489042,22,-0.006388534199107777,-0.0033624208499250787,0.20076863696941963,0.06258784047460444,0
396,1774286099.3137112,21,0.040156500680106025,0.0,0.4216432571411133,0.015319173195277884,0.4216432571411133,6.043910980224609,0.06976331360946746,0.08285689779690333,0.5799982845783234,0.20295712127234888,21,0.040156500680106025,0.021137121184332797,0.16916616633534431,0.0637222930584413,0
397,1774286099.413735,22,0.03194267099553889,-0.5621910095214844,1.405477523803711,0.1575078614312246,1.9676685333251953,6.043910980224609,0.3255621301775148,0.08787852796641263,0.7733310461044312,0.22370221096467127,22,0.03194267099553889,0.016815486719256954,0.12677558132859526,0.0644642335258559,0
398,1774286099.51375,26,0.11892502124492939,0.0,1.6865730285644531,0.1712374412679886,1.6865730285644531,6.043910980224609,0.2790532544378698,0.08923050531974205,0.5799982845783234,0.20926408420436327,26,0.11892502124492939,0.06259838949775008,0.17185134357876247,0.07058393063506486,0
399,1774286099.6236966,24,0.1639723777770996,-0.5621910095214844,1.6865730285644531,0.3365440193192626,2.2487640380859375,6.043910980224609,0.37207100591715975,0.12083297595381737,0.5799982845783234,0.23554683333862092,24,0.1639723777770996,0.08585971888947523,0.18143536081680886,0.07984330615892894,0
400,1774286099.7234988,25,-0.007495880126953125,-0.6558895111083984,1.405477523803711,0.1669281747581408,2.0613670349121094,6.043910980224609,0.34106508875739644,0.09279972553253174,0.7733310461044312,0.2262571581806511,25,0.01805825666947798,0.009456575605943963,0.19026398753362989,0.07986537067105891,0
401,1774286099.8188348,21,0.040156500680106025,0.0,0.8432865142822266,0.03225089093742711,0.8432865142822266,6.043910980224609,0.1395266272189349,0.07365057581946963,0.3866655230522156,0.15183455174561764,21,0.040156500680106025,0.021079005884046265,0.15279524701256905,0.0800663931780424,0
402,1774286099.9186447,23,0.01833231552787449,0.0,0.4216432571411133,0.007393623437498059,0.4216432571411133,6.043910980224609,0.06976331360946746,0.09246349464292111,0.7733310461044312,0.21983947042642224,23,0.01833231552787449,0.009625442125375996,0.13720389527659263,0.08011968450986318,0
403,1774286100.0188234,24,-0.029280781745910645,-0.7027387619018555,0.0,0.019719376131988042,0.7027387619018555,6.043910980224609,0.11627218934911243,0.08861084903279941,0.5799982845783234,0.19316486504500172,24,0.013106635638645718,0.006881638763970499,0.12473081388781147,0.08046387448925564,0
404,1774286100.1184697,25,-0.026235580444335938,-0.6558895111083984,0.0,0.016519336350029334,0.6558895111083984,6.043910980224609,0.1085207100591716,0.06186648368835449,0.3866655230522156,0.1417539222413176,25,-0.026235580444335938,-0.013774137442208768,0.12566629499197007,0.08007936132985058,0
405,1774286100.2184823,24,0.13859570026397705,0.0,1.405477523803711,0.15025211985708609,1.405477523803711,6.043910980224609,0.23254437869822486,0.05638872211178144,0.5799982845783234,0.15263053866481685,24,0.3634721040725708,0.19086966869829455,0.11999964508517035,0.08523711316862566,0
406,1774286100.3190203,24,-0.14445185661315918,-0.7495880126953125,0.0,0.07954815384181302,0.7495880126953125,6.043910980224609,0.12402366863905326,0.08055531730254491,0.3866655230522156,0.15703122222574728,24,-0.0655478552768105,-0.03441048110992466,0.0666664694917613,0.07532353545101697,0
407,1774286100.418433,22,-0.09582801298661665,-0.7495880126953125,0.0,0.058358583156031124,0.7495880126953125,6.043910980224609,0.12402366863905326,0.035151411186565056,0.3866655230522156,0.11115852231866752,22,-0.016924011650267967,-0.008887421626226783,0.06444425384203593,0.07646311211666955,0
408,1774286100.5189672,22,0.0,0.0,0.0,0.0,0.0,6.043910980224609,0.0,0.07030282237313011,0.3866655230522156,0.14913480730978085,22,0.0,0.0,0.030526225504122283,0.07352550985227715,0
409,1774286100.6194646,23,0.08555080579674762,0.0,0.7027387619018555,0.048983792538216706,0.7027387619018555,6.043910980224609,0.11627218934911243,0.02521731672079667,0.1933327615261078,0.06511083179712221,23,0.11418090350386025,0.05992345867669422,0.040701634005496375,0.07481020184628098,0
410,1774286100.718475,26,-0.057660616361177884,-0.7495880126953125,0.0,0.03989696014981121,0.7495880126953125,6.043910980224609,0.12402366863905326,0.04461525265987103,0.3866655230522156,0.11128999311839477,26,-0.030537365901808024,-0.01603584944525209,0.05071023253143811,0.07606204599339572,0
411,1774286100.8185306,24,-0.09174644947052002,-0.7495880126953125,0.0,0.05898284505256868,0.7495880126953125,6.043910980224609,0.12402366863905326,0.040277658651272454,0.3866655230522156,0.11132966346986391,24,-0.17607510089874268,-0.09244893393849953,0.062365406943905737,0.07934734932884857,0
412,1774286100.918881,24,-0.12102723121643066,-0.7495880126953125,0.0,0.07332940565873969,0.7495880126953125,6.043910980224609,0.12402366863905326,0.03222212692101797,0.1933327615261078,0.07205086617502215,24,-0.11889771981672807,-0.0624144317127948,0.06343731237575412,0.08328344170765863,0
413,1774286101.0190248,24,-0.09174644947052002,-0.7495880126953125,0.0,0.05898284505256868,0.7495880126953125,6.043910980224609,0.12402366863905326,0.008055531730254492,0.1933327615261078,0.03863297300900034,24,-0.19012987613677979,-0.09981431786378554,0.05830670585708013,0.08605579499802472,0
414,1774286101.118509,24,-0.06051361560821533,-0.7495880126953125,0.0,0.040326600503348686,0.7495880126953125,6.043910980224609,0.12402366863905326,0.008055531730254492,0.1933327615261078,0.03863297300900034,24,-0.05412508140910756,-0.028416078469370266,0.06841005407846891,0.08421744757147176,0
415,1774286101.2189372,23,-0.06518156632133153,-0.7495880126953125,0.0,0.04461068417507244,0.7495880126953125,6.043910980224609,0.12402366863905326,0.05043463344159334,0.3866655230522156,0.11707885953199446,23,-0.10533806700143755,-0.055289014233765095,0.08685964648274408,0.085243632663875,0
416,1774286101.3188334,23,-0.12425236080003821,-0.7495880126953125,0.0,0.07359601152319901,0.7495880126953125,6.043910980224609,0.12402366863905326,0.0,0.0,0.0,23,-0.1561950317955771,-0.08198790606221643,0.09935155800647205,0.08811352302755136,0
417,1774286101.4191647,25,0.0,-0.7495880126953125,0.7495880126953125,0.04495057510212064,1.499176025390625,6.043910980224609,0.24804733727810652,0.0,0.0,0.0,25,-0.11892502124492939,-0.06241424958754331,0.10053303599357605,0.08751939973039162,0
418,1774286101.5192292,23,0.03055385921312415,-0.7495880126953125,0.7495880126953125,0.0693971636451137,1.499176025390625,6.043910980224609,0.24804733727810652,0.0,0.0,0.0,23,-0.13341851856397546,-0.07038576809421322,0.0966663807630539,0.08261380423967153,0
419,1774286101.6136026,21,-0.006692750113351005,-0.7495880126953125,0.6090402603149414,0.044374836975015465,1.358628273010254,6.043910980224609,0.22479289940828404,0.0,0.0,0.0,21,0.0008031300136021203,0.00042491317481320836,0.08685964648274408,0.07096576140119279,0
420,1774286101.7142138,20,-0.037479400634765625,-0.7495880126953125,0.0,0.02668940396688413,0.7495880126953125,6.043910980224609,0.12402366863905326,0.0,0.0,0.0,20,-0.07763590131487165,-0.040960619798114495,0.0852938653791652,0.07078155976996131,0
421,1774286101.8141966,20,-0.037479400634765625,-0.7495880126953125,0.0,0.02668940396688413,0.7495880126953125,6.043910980224609,0.12402366863905326,0.019333276152610778,0.1933327615261078,0.05799982845783234,20,-0.055811716162640114,-0.029443517518892924,0.08055531730254491,0.06882265704298687,0
422,1774286101.9136834,23,-0.032590783160665764,-0.7495880126953125,0.0,0.023367501234561775,0.7495880126953125,6.043910980224609,0.12402366863905326,0.0,0.0,0.0,23,-0.003310001414755119,-0.0017468316201258583,0.06885824383121647,0.06770477410047832,0
423,1774286102.0142162,22,0.03194267099553889,0.0,0.7027387619018555,0.02142701883691407,0.7027387619018555,6.043910980224609,0.11627218934911243,0.0,0.0,0.0,22,0.058178251439874824,0.030688835440790995,0.06620984983770814,0.0694092854207331,0
424,1774286102.114076,24,0.0,0.0,0.0,0.0,0.0,6.043910980224609,0.0,0.0,0.0,0.0,24,-0.13859570026397705,-0.07311466820011732,0.05799982845783234,0.06981515834314024,0
425,1774286102.214151,21,0.09369850158691406,0.0,0.7027387619018555,0.05288548875016984,0.7027387619018555,6.043910980224609,0.11627218934911243,0.0,0.0,0.0,21,0.23815035820007324,0.12566434940620883,0.06254883461138781,0.06476879528161823,0
426,1774286102.3137465,23,0.02648001131804093,0.0,0.6090402603149414,0.015426201986878673,0.6090402603149414,6.043910980224609,0.10076923076923076,0.02521731672079667,0.1933327615261078,0.06511083179712221,23,0.12230802430465759,0.06453181714635668,0.04328345407300921,0.06110025960669664,0
427,1774286102.4138646,24,-0.005856156349182129,-0.7964372634887695,0.6558895111083984,0.044320012326792835,1.452326774597168,6.043910980224609,0.2402958579881657,0.0,0.0,0.0,24,-0.005856156349182129,-0.0030904872004445015,0.04629094290061736,0.059201169857574724,0
428,1774286102.5138104,24,-0.003904104232788086,-0.7964372634887695,0.7027387619018555,0.04699117805984088,1.499176025390625,6.043910980224609,0.24804733727810652,0.0,0.0,0.0,24,-0.0894549100295357,-0.047222060461244636,0.037077515909116565,0.05913074470126021,0
429,1774286102.6140642,25,-0.03185749053955078,-0.7964372634887695,0.0,0.02435759288346162,0.7964372634887695,6.043910980224609,0.13177514792899409,0.0,0.0,0.0,25,0.025803125821627103,0.013612193508320592,0.039189073282319145,0.053591991006583364,0
430,1774286102.713915,25,0.024361610412597656,0.0,0.6090402603149414,0.014243713485484477,0.6090402603149414,6.043910980224609,0.10076923076923076,0.007733310461044311,0.1933327615261078,0.03788532930417179,25,0.11610805988311768,0.06125831292511188,0.026851772434181638,0.0543945123072865,0
431,1774286102.8137274,22,-0.03407218239524148,-0.7495880126953125,0.0,0.024379185876666674,0.7495880126953125,6.043910980224609,0.12402366863905326,0.0,0.0,0.0,22,0.08695504882118918,0.045890288001642396,0.016111063460508983,0.05227577857494467,0
432,1774286102.9138954,21,0.0,0.0,0.0,0.0,0.0,6.043910980224609,0.0,0.027618965932301114,0.1933327615261078,0.06765237375744962,21,0.09174644947052002,0.04841832120964364,0.021783973129702285,0.04725904542501906,0
433,1774286103.0139635,22,0.0,0.0,0.0,0.0,0.0,6.043910980224609,0.0,0.017575705593282528,0.3866655230522156,0.0805420012734759,22,0.06051361560821533,0.0319256508587552,0.019333276152610778,0.044050005871169196,0
434,1774286103.1138537,22,0.0,0.0,0.0,0.0,0.0,6.043910980224609,0.0,0.0,0.0,0.0,22,0.06518156632133153,0.034398119989570285,0.016337979847276713,0.04264509697426469,0
435,1774286103.2137215,21,0.0,0.0,0.0,0.0,0.0,6.043910980224609,0.0,0.027618965932301114,0.1933327615261078,0.06765237375744962,21,0.12425236080003821,0.06557239801883774,0.0,0.04064128962412215,0
436,1774286103.3144681,20,0.0,0.0,0.0,0.0,0.0,6.043910980224609,0.0,0.06766646653413773,0.3866655230522156,0.14041602881557533,20,0.0,0.0,0.0,0.03012892772125701,0
437,1774286103.4138713,21,0.0,0.0,0.0,0.0,0.0,6.043910980224609,0.0,0.05523793186460223,0.3866655230522156,0.13530474751489924,21,-0.03055385921312415,-0.01612645416094387,0.0,0.030128927721257012,0
438,1774286103.5142162,19,0.0,0.0,0.0,0.0,0.0,6.043910980224609,0.0,0.12210490201648913,0.5799982845783234,0.23645512600007546,19,0.006692750113351005,0.00352136294415475,0.006338779066429764,0.029348842381551977,0
439,1774286103.6139371,19,0.0,0.0,0.0,0.0,0.0,6.043910980224609,0.0,0.10175408501374095,0.5799982845783234,0.20197609175076997,19,0.037479400634765625,0.019728873570425364,0.006137547984955803,0.02931642869634235,0
440,1774286103.7140403,19,-0.08630125146163137,-0.8432865142822266,0.0,0.06336496030372192,0.8432865142822266,6.043910980224609,0.1395266272189349,0.1628065360219855,1.1599965691566467,0.33346786890854124,19,-0.04882185082686574,-0.025697825043405325,0.005948700354649471,0.03397064477664195,0
441,1774286103.8135765,19,0.0,0.0,0.0,0.0,0.0,6.043910980224609,0.0,0.18315735302473368,1.3533293306827545,0.3788204961500803,19,0.032590783160665764,0.01715400940023347,0.0,0.03302533766002234,0
442,1774286103.9138534,21,-0.07362025124686104,-0.8432865142822266,0.0,0.05195976873252145,0.8432865142822266,6.043910980224609,0.1395266272189349,0.15650747361637296,1.73999485373497,0.4029803892235634,21,-0.10556292224239994,-0.05557004306071786,0.0,0.03606439378925943,0
443,1774286104.0138202,20,-0.11243820190429688,-0.7964372634887695,0.0,0.07185946429899559,0.7964372634887695,6.043910980224609,0.13177514792899409,0.17399948537349702,1.5466620922088623,0.43187267548406116,20,-0.11243820190429688,-0.059185967052392006,0.00852938653791652,0.042272230062208545,0
444,1774286104.114101,19,-0.08630125146163137,-0.8432865142822266,0.0,0.06336496030372193,0.8432865142822266,6.043910980224609,0.1395266272189349,0.09157867651236684,0.5799982845783234,0.21149189414577863,19,-0.17999975304854543,-0.09473920389823705,0.00852938653791652,0.045308954308742766,0
445,1774286104.2135603,17,-0.04409341251148897,-0.7495880126953125,0.0,0.031107664430533314,0.7495880126953125,6.043910980224609,0.12402366863905326,0.022745030767777386,0.1933327615261078,0.062289832113303606,17,-0.0705734238295299,-0.037147545969646416,0.008168989923638357,0.038262356198781246,0
446,1774286104.3141139,16,0.0,0.0,0.0,0.0,0.0,6.043910980224609,0.0,0.024166595190763474,0.1933327615261078,0.06393880090992969,16,0.005856156349182129,0.0030817832826007504,0.0,0.03702135539569486,1
447,1774286104.413839,18,-0.041643778483072914,-0.7495880126953125,0.0,0.029481472867903202,0.7495880126953125,6.043910980224609,0.12402366863905326,0.0,0.0,0.0,18,-0.03773967425028483,-0.019862686357903375,0.002612604885487943,0.0370286599488651,1
448,1774286104.514331,18,0.0,0.0,0.0,0.0,0.0,6.043910980224609,0.0,0.0,0.0,0.0,18,0.03185749053955078,0.01676474540409222,0.0026851772434181636,0.037146789563427936,1
449,1774286104.6140711,19,0.0,0.0,0.0,0.0,0.0,6.043910980224609,0.0,0.010175408501374094,0.1933327615261078,0.04317060211598919,19,-0.024361610412597656,-0.012820847415604244,0.011372515383888693,0.03747012223171934,1
450,1774286104.7136576,21,0.0,0.0,0.0,0.0,0.0,6.043910980224609,0.0,0.009206321977433703,0.1933327615261078,0.04117192352858409,21,0.03407218239524148,0.017933386026914796,0.014871750886623677,0.03629790404855345,1
451,1774286104.8134246,21,-0.035694667271205356,-0.7495880126953125,0.0,0.02548218543204119,0.7495880126953125,6.043910980224609,0.12402366863905326,0.018412643954867407,0.1933327615261078,0.056751580113533366,21,-0.035694667271205356,-0.018791323092217645,0.014871750886623677,0.036322300116191274,1
452,1774286104.9132166,21,0.0,0.0,0.0,0.0,0.0,6.043910980224609,0.0,0.027618965932301114,0.1933327615261078,0.0676523737574496,21,0.0,0.0,0.014871750886623677,0.036322300116191274,1
453,1774286105.013142,21,-0.07362025124686104,-0.7964372634887695,0.0,0.05154170162777703,0.7964372634887695,6.043910980224609,0.13177514792899409,0.018412643954867407,0.1933327615261078,0.056751580113533366,21,-0.07362025124686104,-0.038762017727377966,0.030687739924779012,0.037417027325288704,1
454,1774286105.1131306,20,0.0,0.0,0.0,0.0,0.0,6.043910980224609,0.0,0.019333276152610778,0.1933327615261078,0.05799982845783234,20,0.0,0.0,0.04989232555512459,0.037417027325288704,1
455,1774286105.2136102,20,0.0,0.0,0.0,0.0,0.0,6.043910980224609,0.0,0.038666552305221556,0.1933327615261078,0.07733310461044311,20,0.0,0.0,0.08055531730254491,0.037417027325288704,1
456,1774286105.3131423,19,0.0,0.0,0.0,0.0,0.0,6.043910980224609,0.0,0.030526225504122283,0.1933327615261078,0.07049729804859288,19,0.0,0.0,0.09175114106323759,0.037417027325288704,1
457,1774286105.413621,17,-0.1322802375344669,-0.7964372634887695,0.0,0.0819158370477862,0.7964372634887695,6.043910980224609,0.13177514792899409,0.022745030767777386,0.1933327615261078,0.062289832113303606,17,-0.1322802375344669,-0.0696429955475517,0.12888850768407187,0.04318524474465498,1
458,1774286105.5137532,21,-0.1851660864693778,-0.8432865142822266,0.0,0.11026022188700009,0.8432865142822266,6.043910980224609,0.1395266272189349,0.0,0.0,0.0,21,-0.1851660864693778,-0.09746527186778098,0.14923932468682005,0.05346456459387824,1
459,1774286105.6131287,19,-0.03698625062641345,-0.7027387619018555,0.0,0.024623689237197634,0.7027387619018555,6.043910980224609,0.11627218934911243,0.0,0.0,0.0,19,0.04931500083521792,0.02596772287373014,0.1671181497937542,0.052557913291431786,1
460,1774286105.7132504,20,-0.07964372634887695,-0.8432865142822266,0.0,0.057307593550604,0.8432865142822266,6.043910980224609,0.1395266272189349,0.0,0.0,0.0,20,-0.07964372634887695,-0.04192494549945343,0.17077727268139523,0.052318393630936086,1
461,1774286105.813742,19,-0.16273950275621915,-0.8432865142822266,0.0,0.09989313930053266,0.8432865142822266,6.043910980224609,0.1395266272189349,0.010175408501374094,0.1933327615261078,0.04317060211598919,19,-0.08911925150935811,-0.04690762157020481,0.14177735845247905,0.05711105495113457,1
462,1774286105.9138515,23,-0.28924320055090863,-0.8432865142822266,0.0,0.131624753047805,0.8432865142822266,5.992770195007324,0.14071731216804917,0.0,0.0,0.0,23,-0.17680499864661176,-0.09305372812667677,0.10011875150459153,0.07687759330298641,1
463,1774286106.0135453,22,-0.24276429956609552,-0.8432865142822266,0.0,0.12702934426658977,0.8432865142822266,5.992770195007324,0.14071731216804917,0.017575705593282528,0.1933327615261078,0.05557926115933376,22,-0.15646304810446415,-0.08237306283360862,0.04833319038152695,0.08572234403878094,1
464,1774286106.114,19,-0.16273950275621915,-0.8432865142822266,0.0,0.09989313930053265,0.8432865142822266,5.992770195007324,0.14071731216804917,0.0,0.0,0.0,19,-0.11864609024473019,-0.06243086155048033,0.015163353845184925,0.08801458997317813,1
465,1774286106.2135425,18,-0.13273954391479492,-0.8432865142822266,0.0,0.08834280507130643,0.8432865142822266,5.992770195007324,0.14071731216804917,0.0,0.0,0.0,18,-0.13273954391479492,-0.06988393430169601,0.007435875443311838,0.08861031133678368,1
466,1774286106.3135786,17,-0.090942663304946,-0.7964372634887695,0.0,0.06209381454688485,0.7964372634887695,5.992770195007324,0.13289968371426866,0.0,0.0,0.0,17,-0.04929888482187309,-0.0259503393605768,0.003515141118656505,0.08676604796991154,1
467,1774286106.413811,19,-0.11835600200452302,-0.7964372634887695,0.0,0.07494113420683904,0.7964372634887695,5.992770195007324,0.13289968371426866,0.0,0.0,0.0,19,-0.11835600200452302,-0.06230969020589177,0.006666646949176131,0.08653462402959437,1
468,1774286106.5135057,20,-0.1499176025390625,-0.7964372634887695,0.0,0.0901206354342321,0.7964372634887695,5.992770195007324,0.13289968371426866,0.0,0.0,0.0,20,-0.1499176025390625,-0.07892748988741535,0.012677558132859527,0.08514310555232014,1
469,1774286106.6140265,17,-0.090942663304946,-0.7964372634887695,0.0,0.06209381454688485,0.7964372634887695,5.992770195007324,0.13289968371426866,0.0,0.0,0.0,17,-0.090942663304946,-0.047855267428068116,0.018412643954867407,0.08234988638931083,1
470,1774286106.713916,19,-0.08136975137810958,-0.7964372634887695,0.0,0.05633656900540083,0.7964372634887695,5.992770195007324,0.13289968371426866,0.0,0.0,0.0,19,-0.04567508410690422,-0.02403330121828298,0.02148141794734531,0.07930262377880366,1
471,1774286106.813848,17,-0.04684925079345703,-0.7964372634887695,0.0,0.03511763679853175,0.7964372634887695,5.992770195007324,0.13289968371426866,0.0,0.0,0.0,17,-0.04684925079345703,-0.024649308702924526,0.021827892430367007,0.0788635087526011,0
472,1774286106.9132621,16,-0.049777328968048096,-0.7964372634887695,0.0,0.0371667371878992,0.7964372634887695,5.992770195007324,0.13289968371426866,0.0,0.0,0.0,16,0.023842922278812947,0.012548113818572446,0.025355116265719055,0.07629144255205436,0
473,1774286107.0134504,18,-0.044246514638264976,-0.7964372634887695,0.0,0.033281818979781344,0.7964372634887695,5.992770195007324,0.13289968371426866,0.0,0.0,0.0,18,-0.044246514638264976,-0.02328372008564729,0.0294914381988978,0.07718401424393855,0
474,1774286107.113612,19,-0.03698625062641345,-0.7027387619018555,0.0,0.024623689237197634,0.7027387619018555,5.992770195007324,0.11726442680670765,0.0,0.0,0.0,19,-0.03698625062641345,-0.019466429622021376,0.03107133667383875,0.0750640067742365,0
475,1774286107.2137275,21,-0.10708400181361608,-0.7964372634887695,0.0,0.06901093421888341,0.7964372634887695,5.992770195007324,0.13289968371426866,0.0,0.0,0.0,21,-0.10708400181361608,-0.056342648173279594,0.016959014168956822,0.07097088350184054,0
476,1774286107.3139591,20,-0.03513693809509277,-0.7027387619018555,0.0,0.023457483955269254,0.7027387619018555,5.992770195007324,0.11726442680670765,0.0,0.0,0.0,20,0.09714329943937414,0.05111895389149879,0.006783605667582729,0.06856996617734935,0
477,1774286107.4136348,18,0.0,0.0,0.0,0.0,0.0,5.992770195007324,0.0,0.0,0.0,0.0,18,0.1851660864693778,0.09746190833123539,0.0,0.07272195332294124,0
478,1774286107.5137587,17,0.0,0.0,0.0,0.0,0.0,5.992770195007324,0.0,0.0,0.0,0.0,17,0.03698625062641345,0.019459995201518403,0.0033333234745880655,0.07398027579868208,0
479,1774286107.6138716,19,0.0,0.0,0.0,0.0,0.0,5.992770195007324,0.0,0.0,0.0,0.0,19,0.07964372634887695,0.04190405082526707,0.003118270347195287,0.07591734649731699,0
480,1774286107.7132752,19,0.0,0.0,0.0,0.0,0.0,5.992770195007324,0.0,0.0,0.0,0.0,19,0.16273950275621915,0.08567341523999852,0.009062473196536303,0.0787121221292927,0
481,1774286107.8136706,18,0.0,0.0,0.0,0.0,0.0,5.992770195007324,0.0,0.0,0.0,0.0,18,0.28924320055090863,0.15224775617892058,0.006041648797690868,0.07939695895922491,0
482,1774286107.9131057,19,0.0,0.0,0.0,0.0,0.0,5.992770195007324,0.0,0.0,0.0,0.0,19,0.24276429956609552,0.12780024945951465,0.006553652933088399,0.06587849701482328,0
483,1774286108.0136805,17,0.0,0.0,0.0,0.0,0.0,5.992770195007324,0.0,0.0,0.0,0.0,17,0.16273950275621915,0.08566678100573857,0.0,0.05415669364044055,0
484,1774286108.1135514,18,0.0,0.0,0.0,0.0,0.0,5.992770195007324,0.0,0.0,0.0,0.0,18,0.13273954391479492,0.06986258997906318,0.0,0.04975854176918652,0
485,1774286108.213326,16,0.0,0.0,0.0,0.0,0.0,5.860805511474609,0.0,0.0,0.0,0.0,16,0.090942663304946,0.0478709246613301,0.0,0.04694873319945396,0
486,1774286108.3130584,16,0.0,0.0,0.0,0.0,0.0,5.992770195007324,0.0,0.0,0.0,0.0,16,0.11835600200452302,0.06231731659150521,0.0,0.046445846601607596,0
487,1774286108.4135969,18,0.0,0.0,0.0,0.0,0.0,5.992770195007324,0.0,0.0,0.0,0.0,18,0.1499176025390625,0.0789002153192899,0.0,0.04326587871625483,0
488,1774286108.5135465,16,-0.049777328968048096,-0.7964372634887695,0.0,0.0371667371878992,0.7964372634887695,5.992770195007324,0.13289968371426866,0.0,0.0,0.0,16,0.04116533433689791,0.02167144123939061,0.0,0.03418474028563836,0
489,1774286108.6131153,17,0.0,0.0,0.0,0.0,0.0,5.992770195007324,0.0,0.0,0.0,0.0,17,0.08136975137810958,0.04284424158824228,0.0,0.031319699547455136,0
490,1774286108.7135508,19,0.0,0.0,0.0,0.0,0.0,5.992770195007324,0.0,0.0,0.0,0.0,19,0.04684925079345703,0.024661358136760972,0.0,0.028581470559041346,0
491,1774286108.8130598,19,0.0,0.0,0.0,0.0,0.0,5.992770195007324,0.0,0.0,0.0,0.0,19,0.049777328968048096,0.026201384255092882,0.0,0.028076831625562865,0
492,1774286108.9135904,19,0.0,0.0,0.0,0.0,0.0,5.992770195007324,0.0,0.0,0.0,0.0,19,0.044246514638264976,0.023285922901532648,0.0,0.027177515738606748,0
493,1774286109.0139668,18,0.0,0.0,0.0,0.0,0.0,5.992770195007324,0.0,0.0,0.0,0.0,18,0.03698625062641345,0.019462812636656515,0.0,0.02638717261199575,0
494,1774286109.1132357,19,0.0,0.0,0.0,0.0,0.0,5.992770195007324,0.0,0.0,0.0,0.0,19,0.10708400181361608,0.05637459194989117,0.0,0.025822667929289007,0
495,1774286109.2132938,20,0.0,0.0,0.0,0.0,0.0,5.992770195007324,0.0,0.0,0.0,0.0,20,0.03513693809509277,0.01849960339611922,0.0,0.012945781668845148,0
496,1774286109.3134627,20,0.0,0.0,0.0,0.0,0.0,5.992770195007324,0.0,0.0,0.0,0.0,20,0.0,0.0,0.0,0.010848717332555071,0
497,1774286109.4133275,20,0.0,0.0,0.0,0.0,0.0,5.992770195007324,0.0,0.0,0.0,0.0,20,0.0,0.0,0.0,0.010848717332555071,0
498,1774286109.513445,20,0.0,0.0,0.0,0.0,0.0,5.992770195007324,0.0,0.0,0.0,0.0,20,0.0,0.0,0.0,0.010848717332555071,0
499,1774286109.6140733,20,-0.03513693809509277,-0.7027387619018555,0.0,0.023457483955269254,0.7027387619018555,5.992770195007324,0.11726442680670765,0.0,0.0,0.0,20,-0.03513693809509277,-0.01848536066051847,0.0,0.012945781668845148,0
500,1774286109.7130916,20,-0.0726163387298584,-0.7495880126953125,0.0,0.0475130651622635,0.7495880126953125,5.992770195007324,0.12508205526048816,0.0,0.0,0.0,20,-0.0726163387298584,-0.038230776443440105,0.0,0.019678319237609862,0
501,1774286109.8133788,19,-0.03698625062641345,-0.7027387619018555,0.0,0.024623689237197634,0.7027387619018555,5.992770195007324,0.11726442680670765,0.0,0.0,0.0,19,-0.03698625062641345,-0.019463650211838143,0.0,0.020568983825479257,0
502,1774286109.9130707,20,-0.0726163387298584,-0.7495880126953125,0.0,0.0475130651622635,0.7495880126953125,5.992770195007324,0.12508205526048816,0.0,0.0,0.0,20,-0.0726163387298584,-0.03823139549771421,0.0,0.024554661203952367,0
503,1774286110.0132637,20,-0.0726163387298584,-0.7495880126953125,0.0,0.0475130651622635,0.7495880126953125,5.992770195007324,0.12508205526048816,0.0,0.0,0.0,20,-0.0726163387298584,-0.03822491321818315,0.0,0.027502981925898364,0
504,1774286110.1134021,19,-0.07643825129458778,-0.7495880126953125,0.0,0.049721612489333905,0.7495880126953125,5.992770195007324,0.12508205526048816,0.0,0.0,0.0,19,-0.07643825129458778,-0.040229046219340404,0.0,0.030068222610809967,0
505,1774286110.2139509,19,-0.03698625062641345,-0.7027387619018555,0.0,0.024623689237197634,0.7027387619018555,5.992770195007324,0.11726442680670765,0.0,0.0,0.0,19,-0.03698625062641345,-0.019457307923578877,0.0,0.02986822830792416,0
506,1774286110.3134034,20,-0.03513693809509277,-0.7027387619018555,0.0,0.023457483955269254,0.7027387619018555,5.992770195007324,0.11726442680670765,0.0,0.0,0.0,20,-0.03513693809509277,-0.018495008888898927,0.0,0.02951506449139816,0
507,1774286110.4136422,19,0.0,0.0,0.0,0.0,0.0,5.992770195007324,0.0,0.0,0.0,0.0,19,0.049777328968048096,0.026197274661559914,0.0,0.02951506449139816,0
508,1774286110.513391,19,0.0,0.0,0.0,0.0,0.0,5.992770195007324,0.0,0.0,0.0,0.0,19,0.0,0.0,0.0,0.029369874560596917,0
509,1774286110.6133535,20,-0.11243820190429688,-2.2487640380859375,0.0,0.24020463570195716,2.2487640380859375,5.992770195007324,0.37524616578146447,0.0,0.0,0.0,20,-0.11243820190429688,-0.05918414728268713,0.0,0.034879240937975495,0
510,1774286110.7131448,19,0.0,0.0,0.0,0.0,0.0,5.992770195007324,0.0,0.0,0.0,0.0,19,0.0,0.0,0.0,0.034879240937975495,0
511,1774286110.813043,17,0.0,0.0,0.0,0.0,0.0,5.992770195007324,0.0,0.0,0.0,0.0,17,0.0,0.0,0.0,0.034879240937975495,0
512,1774286110.913543,19,0.0,0.0,0.0,0.0,0.0,5.992770195007324,0.0,0.0,0.0,0.0,19,0.0,0.0,0.0,0.034879240937975495,0
513,1774286111.0130794,19,0.0,0.0,0.0,0.0,0.0,5.992770195007324,0.0,0.0,0.0,0.0,19,0.0,0.0,0.0,0.034879240937975495,0
514,1774286111.1136444,19,0.0,0.0,0.0,0.0,0.0,5.992770195007324,0.0,0.0,0.0,0.0,19,0.0,0.0,0.0,0.034879240937975495,0
515,1774286111.2130811,21,-0.10485308510916573,-0.7495880126953125,0.0,0.06603469459225048,0.7495880126953125,5.992770195007324,0.12508205526048816,0.0,0.0,0.0,21,-0.10485308510916573,-0.0551969205049056,0.0,0.03807793334557031,0
516,1774286111.3131487,19,-0.23671200400904605,-0.7964372634887695,0.0,0.12186598199268882,0.7964372634887695,5.992770195007324,0.13289968371426866,0.0,0.0,0.0,19,-0.23671200400904605,-0.12459698515982799,0.0,0.05775177961128001,0
517,1774286111.4132898,22,0.012777068398215553,-0.7964372634887695,2.3893117904663086,0.6724592104313889,3.185749053955078,5.992770195007324,0.5315987348570747,0.0,0.0,0.0,22,0.012777068398215553,0.006725321893357341,0.0,0.058309884374891145,0
518,1774286111.5136702,25,0.06746292114257812,-0.8432865142822266,2.3893117904663086,0.8180793962765165,3.232598304748535,5.992770195007324,0.5394163633108552,0.0,0.0,0.0,25,0.1025998592376709,0.054011384016064284,0.0,0.06255383793813202,0
519,1774286111.6132276,23,0.07332926211149796,-0.8432865142822266,2.3893117904663086,0.8887865606286249,3.232598304748535,5.992770195007324,0.5394163633108552,0.0,0.0,0.0,23,0.14594560084135635,0.07680797653718842,0.0,0.06731443365697885,0
520,1774286111.7133071,21,0.04461833408900669,-0.8432865142822266,2.3893117904663086,0.682803121834491,3.232598304748535,5.992770195007324,0.5394163633108552,0.0,0.0,0.0,21,0.08160458471542015,0.04295140157016172,0.0,0.06888630522719517,0
521,1774286111.8136704,22,0.04259022799405185,-0.8432865142822266,2.3893117904663086,0.6518529937975397,3.232598304748535,5.992770195007324,0.5394163633108552,0.0,0.0,0.0,22,0.11520656672391025,0.06061590224766102,0.0,0.07060584605187954,0
522,1774286111.9131286,23,0.06721849026887314,-0.8432865142822266,2.3893117904663086,0.5679564113985603,3.232598304748535,5.992770195007324,0.5394163633108552,0.0,0.0,0.0,23,0.13983482899873154,0.07360251148019344,0.0,0.07247796685225957,0
523,1774286112.0135648,22,0.03620169379494407,-0.8432865142822266,2.3893117904663086,0.6227258526357411,3.232598304748535,5.992770195007324,0.5394163633108552,0.0,0.0,0.0,22,0.11263994508953185,0.059279105561302683,0.0,0.0722848904447064,0
524,1774286112.113145,22,0.03620169379494407,-0.8432865142822266,2.3893117904663086,0.6227258526357411,3.232598304748535,5.992770195007324,0.5394163633108552,0.0,0.0,0.0,22,0.07318794442135751,0.038536313378556356,0.0,0.07150025094631801,0
525,1774286112.213231,21,-0.06915841783796038,-0.8432865142822266,2.3893117904663086,0.4081628959534565,3.232598304748535,5.992770195007324,0.5394163633108552,0.0,0.0,0.0,21,-0.03402147974286761,-0.017907665735883378,0.0,0.07250518417791538,0
526,1774286112.313052,20,-0.11243820190429688,-0.8432865142822266,2.3893117904663086,0.45266633833307424,3.232598304748535,5.992770195007324,0.5394163633108552,0.0,0.0,0.0,20,-0.11243820190429688,-0.05919639017500592,0.0,0.07578714396417738,0
527,1774286112.4132655,20,-0.1499176025390625,-0.7964372634887695,0.0,0.0901206354342321,0.7964372634887695,5.992770195007324,0.13289968371426866,0.0,0.0,0.0,20,-0.1499176025390625,-0.07890921562507883,0.0,0.08136321234928458,0
528,1774286112.5131636,20,-0.007027387619018555,-0.7964372634887695,2.1082162857055664,0.3066812247354278,2.904653549194336,5.992770195007324,0.4846929641343916,0.0,0.0,0.0,20,0.10541081428527832,0.055484922219457125,0.0,0.08129011915582157,0
529,1774286112.6141403,20,-0.18973946571350098,-0.7964372634887695,0.0,0.10831047386972159,0.7964372634887695,5.992770195007324,0.13289968371426866,0.0,0.0,0.0,20,-0.18973946571350098,-0.09981058157088994,0.0,0.08718820912956052,0
530,1774286112.7136226,20,-0.0773012638092041,-0.7964372634887695,0.0,0.053834239785999216,0.7964372634887695,5.992770195007324,0.13289968371426866,0.0,0.0,0.0,20,-0.0773012638092041,-0.040672471601714486,0.0,0.08772938625327399,0
531,1774286112.813491,19,-0.1257532521298057,-0.8432865142822266,0.0,0.08457173266405411,0.8432865142822266,5.860805511474609,0.1438857700756651,0.0,0.0,0.0,19,-0.1257532521298057,-0.06618772944286991,0.0,0.08995139063456803,0
532,1774286112.9131784,19,-0.1257532521298057,-0.8432865142822266,0.0,0.08457173266405411,0.8432865142822266,5.860805511474609,0.1438857700756651,0.0,0.0,0.0,19,-0.1257532521298057,-0.06618247235725244,0.0,0.09168964357932173,0
533,1774286113.013444,19,-0.12328750208804481,-0.7964372634887695,0.0,0.08114265594065177,0.7964372634887695,5.992770195007324,0.13289968371426866,0.0,0.0,0.0,19,-0.12328750208804481,-0.0648950042095226,0.0,0.0928686115997979,0
534,1774286113.1131642,19,-0.12082175204628393,-0.7964372634887695,0.0,0.07793245645491342,0.7964372634887695,5.992770195007324,0.13289968371426866,0.0,0.0,0.0,19,-0.015968666937118195,-0.008404194127608417,0.0,0.09353708063748845,0
535,1774286113.2130735,19,-0.16273950275621915,-0.7964372634887695,0.0,0.09943106513213092,0.7964372634887695,5.992770195007324,0.13289968371426866,0.0,0.0,0.0,19,0.0739725012528269,0.03893443730042469,0.0,0.0959574129023604,0
536,1774286113.313209,20,-0.22487640380859375,-0.7964372634887695,0.0,0.11843423010304832,0.7964372634887695,5.992770195007324,0.13289968371426866,0.0,0.0,0.0,20,-0.2376534722068093,-0.12508608959108208,0.0,0.09487154602515324,0
537,1774286113.4131927,20,-0.22487640380859375,-0.7964372634887695,0.0,0.11843423010304832,0.7964372634887695,5.992770195007324,0.13289968371426866,0.0,0.0,0.0,20,-0.2923393249511719,-0.15390147699780662,0.0,0.10031264595421631,0
538,1774286113.5131724,20,-0.18505454063415527,-0.7964372634887695,0.0,0.10304282834994183,0.7964372634887695,5.992770195007324,0.13289968371426866,0.0,0.0,0.0,20,-0.2583838027456532,-0.13599542742431736,0.0,0.0984295841140293,0
539,1774286113.6137276,20,-0.22487640380859375,-0.7964372634887695,0.0,0.11843423010304832,0.7964372634887695,5.992770195007324,0.13289968371426866,0.0,0.0,0.0,20,-0.2694947378976004,-0.1418079568200112,0.0,0.09665475366519674,0
540,1774286113.713699,19,-0.15780800267269737,-0.7964372634887695,0.0,0.09361865848749862,0.7964372634887695,5.992770195007324,0.13289968371426866,0.0,0.0,0.0,19,-0.20039823066674922,-0.10547115950218813,0.0,0.09200829674426858,0
541,1774286113.8134198,20,-0.1499176025390625,-0.7964372634887695,0.0,0.0901206354342321,0.7964372634887695,5.992770195007324,0.13289968371426866,0.0,0.0,0.0,20,-0.21713609280793564,-0.11426464128191019,0.0,0.08593816216742274,0
542,1774286113.9138525,20,-0.15226006507873535,-0.7964372634887695,0.0,0.09303430186236028,0.7964372634887695,5.992770195007324,0.13289968371426866,0.0,0.0,0.0,20,-0.1884617588736794,-0.09917538591502104,0.0,0.07538738738152473,0
543,1774286114.014108,21,0.006692750113351005,-0.7964372634887695,2.3893117904663086,0.35228125961928486,3.185749053955078,5.992770195007324,0.5315987348570747,0.0,0.0,0.0,21,-0.029508943681593063,-0.015523156593209127,0.0,0.07243809710436583,0
544,1774286114.1132586,21,0.006692750113351005,-0.7964372634887695,2.3893117904663086,0.35228125961928486,3.185749053955078,5.992770195007324,0.5315987348570747,0.0,0.0,0.0,21,0.07585116795131139,0.03992108925382178,0.0,0.06933212645812166,0
545,1774286114.2133741,20,0.04684925079345703,-0.7495880126953125,2.3893117904663086,0.33603188711595067,3.138899803161621,5.992770195007324,0.5237811064032941,0.0,0.0,0.0,20,0.1592874526977539,0.08382128714417826,0.0,0.07832448290238794,0
546,1774286114.3132143,22,0.04259022799405185,-0.7495880126953125,2.3893117904663086,0.30566492649383187,3.138899803161621,5.992770195007324,0.5237811064032941,0.0,0.0,0.0,22,0.19250783053311435,0.10132263929903598,0.0,0.08622983012011012,0
547,1774286114.4138272,20,0.08432865142822266,-0.7027387619018555,2.3893117904663086,0.3030213085253308,3.092050552368164,5.992770195007324,0.5159634779495136,0.0,0.0,0.0,20,0.09135603904724121,0.0480653380015281,0.0,0.09603689339398486,0
548,1774286114.513418,20,0.08432865142822266,-0.7027387619018555,2.3893117904663086,0.3030213085253308,3.092050552368164,5.992770195007324,0.5159634779495136,0.0,0.0,0.0,20,0.27406811714172363,0.14430123567877473,0.0,0.1024623846060306,0
549,1774286114.6138275,19,0.08876700150339227,-0.7027387619018555,2.3893117904663086,0.31857581941992147,3.092050552368164,5.992770195007324,0.5159634779495136,0.0,0.0,0.0,19,0.16606826531259639,0.08739492545312955,0.0,0.10792047878815149,0
550,1774286114.7136276,22,0.10860508138483221,0.0,2.3893117904663086,0.2476963377547266,2.3893117904663086,5.992770195007324,0.398699051142806,0.0,0.0,0.0,22,0.23435833351463792,0.12333763238417515,0.0,0.11587507614578127,0
551,1774286114.8134503,21,-0.033463750566755025,-0.7027387619018555,0.0,0.022396452039879947,0.7027387619018555,5.992770195007324,0.11726442680670765,0.0,0.0,0.0,21,0.09228950156305069,0.04856647194803391,0.0,0.11561764520623316,0
552,1774286114.914291,19,-0.0739725012528269,-0.7027387619018555,0.0,0.04651141300359554,0.7027387619018555,5.992770195007324,0.11726442680670765,0.0,0.0,0.0,19,0.04931500083521792,0.02594369874097804,0.0,0.11493683072337298,0
553,1774286115.0131137,20,0.08432865142822266,-0.7027387619018555,2.3893117904663086,0.3030213085253308,3.092050552368164,5.992770195007324,0.5159634779495136,0.0,0.0,0.0,20,0.20515040347450658,0.10797676359702586,0.0,0.11880813809420843,0
554,1774286115.1130836,20,-0.14757513999938965,-0.7964372634887695,0.0,0.0874154799745952,0.7964372634887695,5.992770195007324,0.13289968371426866,0.0,0.0,0.0,20,0.015164362756829503,0.007981201092255077,0.0,0.11965691599765235,0
555,1774286115.213541,21,0.04684925079345703,-0.7027387619018555,2.3893117904663086,0.31668583184390237,3.092050552368164,5.992770195007324,0.5159634779495136,0.0,0.0,0.0,21,0.2717256546020508,0.14298851901432394,0.0,0.11930845887029719,0
556,1774286115.3135843,23,0.14462160027545432,-0.7964372634887695,2.3893117904663086,0.8147507488336108,3.185749053955078,5.992770195007324,0.5315987348570747,0.0,0.0,0.0,23,0.3694980040840481,0.1944325623363392,0.0,0.11921048778784528,0
557,1774286115.413117,22,-0.06601485339078036,-0.8432865142822266,2.3893117904663086,0.38981755899258613,3.232598304748535,5.992770195007324,0.5394163633108552,0.0,0.0,0.0,22,0.11903968724337491,0.06265429568953436,0.0,0.11098716988732618,0
558,1774286115.5134676,21,0.07585116795131139,-0.8432865142822266,2.3893117904663086,0.45725591882487326,3.232598304748535,6.043910980224609,0.5348520710059171,0.009206321977433703,0.1933327615261078,0.04117192352858409,21,0.30072757175990517,0.15829933296948906,0.0,0.10632770086169663,0
559,1774286115.6136222,21,-0.033463750566755025,-0.7027387619018555,0.0,0.022396452039879947,0.7027387619018555,5.992770195007324,0.11726442680670765,0.10126954175177075,0.5799982845783234,0.21194544842165117,21,0.12434425210594235,0.06544699257107357,0.0,0.09444007503687159,0
560,1774286115.7132287,19,0.0,0.0,0.0,0.0,0.0,5.992770195007324,0.0,0.040701634005496375,0.7733310461044312,0.17268240846395677,19,0.1499176025390625,0.07891193889444977,0.0,0.08721664783638908,0
561,1774286115.8131344,19,-0.03945200066817434,-0.7495880126953125,0.0,0.028016286420989325,0.7495880126953125,5.992770195007324,0.12508205526048816,0.030526225504122283,0.5799982845783234,0.1295118063479676,19,0.11280806441056102,0.05939511124792952,0.0,0.08024838757057168,0
562,1774286115.9136043,19,-0.07643825129458778,-0.7495880126953125,0.0,0.049721612489333905,0.7495880126953125,6.043910980224609,0.12402366863905326,0.050877042506870473,0.3866655230522156,0.1057459470728893,19,-0.08313100140793879,-0.043764760514608994,0.0,0.0738540759624483,0
563,1774286116.013377,21,-0.06692750113351005,-0.7027387619018555,0.0,0.04255325887577189,0.7027387619018555,6.043910980224609,0.11627218934911243,0.036825287909734813,0.3866655230522156,0.09655671949035795,21,-0.07362025124686106,-0.038745087225112884,0.0,0.07610178008485431,0
564,1774286116.1136444,22,-0.03407218239524148,-0.7495880126953125,0.0,0.024379185876666674,0.7495880126953125,6.043910980224609,0.12402366863905326,0.035151411186565056,0.3866655230522156,0.11115852231866752,22,-0.08092143318869852,-0.04258417154726973,0.0,0.0768081438521924,0
565,1774286116.213485,19,0.0,0.0,0.0,0.0,0.0,5.992770195007324,0.0,0.030526225504122283,0.1933327615261078,0.07049729804859288,19,-0.04259022799405185,-0.02241271624293345,0.0,0.07641650564737508,0
566,1774286116.3133163,18,-0.17178058624267578,-0.8432865142822266,0.0,0.10388967552898976,0.8432865142822266,6.043910980224609,0.1395266272189349,0.010740708973672655,0.1933327615261078,0.04428507759247181,18,-0.25610923767089844,-0.134830586284609,0.0,0.08550900671047651,0
567,1774286116.4138856,17,-0.08543098674100988,-0.7495880126953125,0.0,0.0548029556959786,0.7495880126953125,6.043910980224609,0.12402366863905326,0.0,0.0,0.0,17,-0.16975963816923254,-0.08932519297577983,0.0,0.08501454713434432,0
568,1774286116.514098,18,-0.03904104232788086,-0.7027387619018555,0.0,0.025911450762805543,0.7027387619018555,5.992770195007324,0.11726442680670765,0.0,0.0,0.0,18,-0.12780804383127314,-0.067257817444748,0.0,0.08239923265066372,0
569,1774286116.6136584,21,-0.14947141919817244,-0.8432865142822266,0.0,0.0952396680522539,0.8432865142822266,6.043910980224609,0.1395266272189349,0.04603160988716852,0.3866655230522156,0.10168714988122056,21,-0.2580765005830047,-0.13582753164124545,0.0,0.08361411626586547,0
570,1774286116.71406,19,-0.044383500751696135,-0.8432865142822266,0.0,0.03545811250156461,0.8432865142822266,6.043910980224609,0.1395266272189349,0.07122785950961866,0.5799982845783234,0.1797335492026708,19,-0.01091975018494111,-0.005745393177231712,0.0,0.07756024207992566,0
571,1774286116.813441,22,-0.03407218239524148,-0.7495880126953125,0.0,0.024379185876666674,0.7495880126953125,6.043910980224609,0.12402366863905326,0.0,0.0,0.0,22,0.039900318857585416,0.02100956536372605,0.0,0.07755955995287522,0
572,1774286116.9132788,22,-0.03407218239524148,-0.7495880126953125,0.0,0.024379185876666674,0.7495880126953125,6.043910980224609,0.12402366863905326,0.017575705593282528,0.1933327615261078,0.05557926115933376,22,-0.11840083382346414,-0.06231081446862884,0.0,0.07705640363183487,0
573,1774286117.0136492,20,0.0,0.0,0.0,0.0,0.0,6.043910980224609,0.0,0.0,0.0,0.0,20,0.14757513999938965,0.07764801073818768,0.0,0.07267471516934776,0
574,1774286117.1137874,24,0.0,0.0,0.0,0.0,0.0,6.043910980224609,0.0,0.03222212692101797,0.3866655230522156,0.09113793780042166,24,-0.04684925079345703,-0.024654303380424934,0.0,0.06852189379780538,0
575,1774286117.213451,21,-0.10039125170026507,-0.7495880126953125,0.0,0.06067945406004805,0.7495880126953125,6.043910980224609,0.12402366863905326,0.07365057581946963,0.3866655230522156,0.15183455174561764,21,-0.24501285197571937,-0.12896318848427263,0.0029292842655470877,0.06773576196240029,0
576,1774286117.3132968,22,0.0,0.0,0.0,0.0,0.0,6.043910980224609,0.0,0.07030282237313011,0.3866655230522156,0.14913480730978085,22,0.06601485339078036,0.034741370897062064,0.03624989278614521,0.05426289187461613,0
577,1774286117.4135227,21,-0.031232833862304688,-0.6558895111083984,0.0,0.019509798221406527,0.6558895111083984,6.043910980224609,0.1085207100591716,0.07365057581946963,0.3866655230522156,0.15183455174561764,21,-0.10708400181361608,-0.05635836448384782,0.05071023253143811,0.054117340187114275,0
578,1774286117.513678,23,-0.09573542553445567,-0.7964372634887695,0.0,0.061547143699128046,0.7964372634887695,6.043910980224609,0.13177514792899409,0.08405772240265556,0.5799982845783234,0.18758248709220987,23,-0.06227167496770065,-0.03277360179191723,0.0589828763977956,0.047792221100536394,0
579,1774286117.6132834,23,-0.08962465369183084,-0.7964372634887695,0.0,0.05437756945670573,0.7964372634887695,6.043910980224609,0.13177514792899409,0.14289812808451446,0.7733310461044312,0.2747029002907941,23,-0.08962465369183084,-0.04716951254695122,0.040701634005496375,0.04827986537021677,0
580,1774286117.7129803,21,0.0,0.0,0.0,0.0,0.0,6.043910980224609,0.0,0.13809482966150557,0.9666638076305389,0.33826186878724807,21,0.03945200066817434,0.020765895773076158,0.0393219175985304,0.04827986537021677,0
581,1774286117.8131924,20,-0.03045201301574707,-0.6090402603149414,0.0,0.01761917683751335,0.6090402603149414,6.043910980224609,0.10076923076923076,0.14499957114458084,0.7733310461044312,0.2924058154413547,20,0.04598623827884071,0.02420853135669439,0.04053751451353873,0.04846062051099638,0
582,1774286117.9130707,20,-0.06324648857116699,-0.6558895111083984,0.0,0.03605593615674252,0.6558895111083984,6.043910980224609,0.1085207100591716,0.05799982845783234,0.5799982845783234,0.17399948537349702,20,0.0036810125623430584,0.0019376873803759337,0.03430097381914816,0.048242139187395325,0
583,1774286118.0130835,21,-0.09369850158691406,-0.7495880126953125,0.0,0.05330355585491426,0.7495880126953125,6.043910980224609,0.12402366863905326,0.05523793186460223,0.3866655230522156,0.13530474751489924,21,-0.059626319191672585,-0.03139154043058673,0.026214611732353597,0.04896225245372398,0
584,1774286118.1136205,24,-0.03318488597869873,-0.7964372634887695,0.0,0.02532844312064242,0.7964372634887695,6.043910980224609,0.13177514792899409,0.008055531730254492,0.1933327615261078,0.03863297300900034,24,-0.03318488597869873,-0.017464483811654725,0.014320945298230206,0.04898144406314054,0
585,1774286118.2136188,23,-0.11814158895741338,-0.7495880126953125,0.0,0.06677495825089438,0.7495880126953125,6.043910980224609,0.12402366863905326,0.02521731672079667,0.1933327615261078,0.06511083179712221,23,0.053638997285262405,0.028226558572702863,0.0036477879533227883,0.049141140152748584,0
586,1774286118.3135,22,0.006388534199107777,-0.7495880126953125,2.2487640380859375,0.29736167326835256,2.99835205078125,6.043910980224609,0.49609467455621303,0.017575705593282528,0.1933327615261078,0.05557926115933376,22,0.09181952094011765,0.04833587496764621,0.017261853707688197,0.04408575467062534,0
587,1774286118.4132411,21,-0.008923666817801339,-0.7964372634887695,0.6090402603149414,0.04778905166376159,1.405477523803711,6.043910980224609,0.23254437869822486,0.05523793186460223,0.3866655230522156,0.12143972742590917,21,0.030117375510079522,0.015858401414312946,0.039999881695056784,0.04431937502618962,0
588,1774286118.513516,20,0.0,0.0,0.0,0.0,0.0,6.043910980224609,0.0,0.009666638076305389,0.1933327615261078,0.042135898498397606,20,0.14947141919817244,0.07867506775718779,0.03741924416634344,0.04551311247329612,0
589,1774286118.613548,20,-0.03513693809509277,-0.7027387619018555,0.0,0.023457483955269254,0.7027387619018555,6.043910980224609,0.11627218934911243,0.019333276152610778,0.1933327615261078,0.05799982845783234,20,0.009246562656603362,0.0048679237729545525,0.027618965932301114,0.038852083964792714,0
590,1774286118.7132864,22,0.0,0.0,0.0,0.0,0.0,6.043910980224609,0.0,0.035151411186565056,0.1933327615261078,0.07456740365489042,22,0.03407218239524148,0.01793418721436427,0.006041648797690868,0.039810927291852136,0
591,1774286118.813579,22,-0.09582801298661665,-0.7495880126953125,0.0,0.058358583156031124,0.7495880126953125,6.043910980224609,0.12402366863905326,0.035151411186565056,0.1933327615261078,0.07456740365489042,22,-0.061755830591375176,-0.03249793295809593,0.017575705593282528,0.041729335465723924,0
592,1774286118.913098,20,-0.037479400634765625,-0.7495880126953125,0.0,0.02668940396688413,0.7495880126953125,6.043910980224609,0.12402366863905326,0.0966663807630539,0.5799982845783234,0.20732628917049448,20,-0.037479400634765625,-0.019731723867327505,0.035692202127896824,0.04170698427000124,0
593,1774286119.0134816,22,0.0,0.0,0.0,0.0,0.0,6.043910980224609,0.0,0.02636355838992379,0.1933327615261078,0.06634683365617257,22,0.0,0.0,0.05771127209734561,0.04170698427000124,0
594,1774286119.1134825,21,0.0,0.0,0.0,0.0,0.0,6.043910980224609,0.0,0.04603160988716852,0.3866655230522156,0.11789844678263292,21,0.10039125170026507,0.05283662306666808,0.07249978557229042,0.04170698427000124,0
595,1774286119.2135062,22,-0.03407218239524148,-0.7495880126953125,0.0,0.024379185876666674,0.7495880126953125,6.043910980224609,0.12402366863905326,0.06151496957648884,0.5799982845783234,0.15842526929759843,22,-0.03407218239524148,-0.017930751165247887,0.07616139090422427,0.039455393847975355,0
596,1774286119.313163,23,-0.008147695790166441,-0.7495880126953125,0.5621910095214844,0.03810495939954106,1.3117790222167969,6.043910980224609,0.2170414201183432,0.10927503912345223,0.7733310461044312,0.24070468566955566,23,0.023085138072138245,0.012152373166671674,0.10099472617035482,0.03910121673993996,0
597,1774286119.4139745,21,0.08700575147356306,0.0,1.8271207809448242,0.15140001578958842,1.8271207809448242,6.043910980224609,0.30230769230769233,0.05523793186460223,0.5799982845783234,0.17025474034060006,21,0.18274117700801873,0.09616456266104902,0.12119367140442577,0.04772861682941403,0
598,1774286119.51327,22,-0.03407218239524148,-0.7495880126953125,0.0,0.024379185876666674,0.7495880126953125,6.043910980224609,0.12402366863905326,0.06151496957648884,0.5799982845783234,0.15842526929759843,22,0.05555247129658936,0.02923835044908591,0.1419787467457354,0.045483931963034505,0
599,1774286119.6136472,21,0.01338550022670201,-0.7495880126953125,1.546025276184082,0.15304242227251294,2.2956132888793945,6.043910980224609,0.3798224852071006,0.10126954175177075,0.9666638076305389,0.23579689356526587,21,0.01338550022670201,0.007042527998752774,0.11409802319573574,0.044189999387066844,0
600,1774286119.7136266,20,-0.03279447555541992,-0.6558895111083984,0.0,0.02043407491214566,0.6558895111083984,6.043910980224609,0.1085207100591716,0.11599965691566468,0.5799982845783234,0.23199931383132935,20,-0.0023424625396728516,-0.001232593304804078,0.0855735173968018,0.04386588227845832,0
601,1774286119.8132553,21,0.10485308510916573,0.0,1.0306835174560547,0.07230570116341686,1.0306835174560547,6.043910980224609,0.17053254437869822,0.11047586372920445,0.7733310461044312,0.2706094950297985,21,0.16809957368033274,0.08846486331231534,0.038666552305221556,0.05227330868082719,0
602,1774286119.9130847,20,-0.025767087936401367,-0.5153417587280273,0.0,0.012614913593722576,0.5153417587280273,6.043910980224609,0.08526627218934911,0.14499957114458084,0.9666638076305389,0.3451680198328103,20,0.0679314136505127,0.0357533513786796,0.028431288459721732,0.051322205427879505,0
603,1774286120.0133126,21,-0.0022309167044503348,-0.4684925079345703,0.4216432571411133,0.018912559500343065,0.8901357650756836,6.043910980224609,0.14727810650887574,0.13809482966150557,0.9666638076305389,0.33826186878724807,21,0.030953969274248396,0.016294203649858587,0.016811544480531113,0.04829486138266138,0
604,1774286120.1135168,22,0.01703609119762074,-0.4684925079345703,0.8432865142822266,0.09049684400200152,1.3117790222167969,6.043910980224609,0.2170414201183432,0.10545423355969516,1.1599965691566467,0.26538733462469033,22,0.13517768015503412,0.07114996512438967,0.03222212692101797,0.048470147515869554,0
605,1774286120.2135892,23,0.05296002263608186,-0.4684925079345703,0.8432865142822266,0.0685756499298361,1.3117790222167969,6.043910980224609,0.2170414201183432,0.10086926688318668,0.7733310461044312,0.26044332718848884,23,0.04657148843697409,0.024510158191721965,0.027618965932301114,0.043508526568891814,0
606,1774286120.3129878,22,-0.0021295113997025924,-0.5153417587280273,0.8432865142822266,0.050776366119984484,1.358628273010254,6.043910980224609,0.22479289940828404,0.14060564474626022,0.7733310461044312,0.2982696146195617,22,0.006794155418098746,0.003576348138393239,0.028524505798933935,0.043469513459470754,0
607,1774286120.4135714,22,-0.021295113997025925,-0.5153417587280273,0.4216432571411133,0.02608427774601688,0.9369850158691406,6.043910980224609,0.15502958579881657,0.13181779194961896,0.9666638076305389,0.33173416828086283,22,-0.021295113997025925,-0.01120762789443407,0.021827892430367007,0.04365032866804714,0
608,1774286120.5133908,20,-0.07495880126953125,-0.4216432571411133,0.0,0.022694772781051142,0.4216432571411133,6.043910980224609,0.06976331360946746,0.0,0.0,0.0,20,-0.03982186317443848,-0.02096061024145268,0.030208243988454342,0.046390881612992214,0
609,1774286120.6136389,24,0.007808208465576172,-0.5153417587280273,1.405477523803711,0.10364580305122217,1.9208192825317383,6.043910980224609,0.317810650887574,0.22555488844712576,1.3533293306827545,0.5043560632251551,24,0.007808208465576172,0.004108821156000209,0.054374839179217815,0.04600489679472639,0
610,1774286120.713079,22,0.14906579797918146,-0.4684925079345703,1.405477523803711,0.18070345960070935,1.8739700317382812,6.043910980224609,0.31005917159763313,0.0,0.0,0.0,22,0.2448938109657981,0.1289254144440737,0.05135401478037238,0.05688430553515136,0
611,1774286120.8134518,19,-0.08630125146163137,-0.6558895111083984,0.0,0.03240599102080579,0.6558895111083984,6.043910980224609,0.1085207100591716,0.020350817002748187,0.3866655230522156,0.08634120423197839,19,-0.04882185082686574,-0.025690928796310155,0.05523793186460223,0.056087655802637706,0
612,1774286120.912974,21,0.058003834315708706,0.0,0.8432865142822266,0.037188064364885094,0.8432865142822266,6.043910980224609,0.1395266272189349,0.05523793186460223,0.7733310461044312,0.1804063300198656,21,0.058003834315708706,0.030536490272083716,0.04461525265987103,0.05644671956615675,0
613,1774286121.013047,19,-0.05178075087697882,-0.37479400634765625,0.0,0.014531016611580835,0.37479400634765625,6.043910980224609,0.06201183431952663,0.0,0.0,0.0,19,-0.05178075087697882,-0.027259274823754568,0.07323210663867719,0.05794115592015076,0
614,1774286121.1132603,23,-0.10795696921970534,-0.4684925079345703,0.0,0.027948062556109377,0.4684925079345703,6.043910980224609,0.07751479289940828,0.0,0.0,0.0,23,-0.07388478682446387,-0.038891764397514315,0.07616139090422427,0.06303727433080585,0
615,1774286121.213542,20,-0.07027387619018555,-0.4216432571411133,0.0,0.020302383774151167,0.4216432571411133,6.043910980224609,0.06976331360946746,0.0,0.0,0.0,20,-0.062126180400019104,-0.03269146958586567,0.07616139090422427,0.06450469346697392,0
616,1774286121.313671,21,0.06023475102015904,-0.37479400634765625,1.405477523803711,0.1398733084730635,1.7802715301513672,6.043910980224609,0.2945562130177515,0.0,0.0,0.0,21,-0.02677100045340402,-0.014092250633725463,0.07249978557229042,0.06585355397502322,0
617,1774286121.4137993,21,-0.017847333635602678,-0.37479400634765625,0.8432865142822266,0.051730827222780454,1.2180805206298828,6.043910980224609,0.20153846153846153,0.009206321977433703,0.1933327615261078,0.04117192352858409,21,0.0162248487596388,0.0085370154710564,0.09206321977433704,0.06299220082221038,0
618,1774286121.513123,21,-0.08923666817801339,-0.7495880126953125,0.0,0.0340525610793019,0.7495880126953125,6.043910980224609,0.12402366863905326,0.036825287909734813,0.3866655230522156,0.11350316022706673,21,-0.1026221684047154,-0.05402657286137837,0.10913946215183504,0.06544351438375114,0
619,1774286121.6133378,18,-0.03383557001749674,-0.3279447555541992,0.0,0.009219734506713295,0.3279447555541992,6.043910980224609,0.0542603550295858,0.0,0.0,0.0,18,-0.0010410944620768206,-0.0005480277735455519,0.12360619179538039,0.06555465612687543,0
620,1774286121.7129178,16,0.0,0.0,0.0,0.0,0.0,6.043910980224609,0.0,0.0,0.0,0.0,16,-0.10485308510916573,-0.055195638911618376,0.13096735458220204,0.06533179163877488,0
621,1774286121.81355,17,0.011023353127872242,0.0,0.18739700317382812,0.0019442290269083321,0.18739700317382812,6.043910980224609,0.031005917159763315,0.0,0.0,0.0,17,0.03679044106427361,0.019358649711684134,0.12888850768407187,0.06033156313379725,0
622,1774286121.9136593,20,0.03513693809509277,0.0,0.23424625396728516,0.005240209866030909,0.23424625396728516,6.043910980224609,0.03875739644970414,0.02899991422891617,0.1933327615261078,0.06903360396656207,20,0.03736785479954311,0.019663703312001214,0.11424208635633643,0.061060872283741276,0
623,1774286122.0136595,20,0.0,0.0,0.0,0.0,0.0,6.043910980224609,0.0,0.02899991422891617,0.1933327615261078,0.06903360396656207,20,-0.01703609119762074,-0.00896569056075672,0.11542254419469122,0.061073946472419455,0
624,1774286122.1134431,19,0.0,0.0,0.0,0.0,0.0,6.043910980224609,0.0,0.07122785950961866,0.7733310461044312,0.2100180650809597,19,-0.05296002263608186,-0.027875838972589006,0.12407923500929306,0.06083412534893723,0
625,1774286122.2136686,20,-0.04684925079345703,-0.6558895111083984,0.0,0.023265434379027283,0.6558895111083984,6.043910980224609,0.1085207100591716,0.02899991422891617,0.5799982845783234,0.12640769549519285,20,-0.04471973939375444,-0.023528274634360122,0.09364555636420846,0.05962274731053981,0
626,1774286122.3137517,20,0.06558895111083984,-0.3279447555541992,1.639723777770996,0.13551018099633438,1.9676685333251953,6.043910980224609,0.3255621301775148,0.07733310461044311,1.1599965691566467,0.2550234275944092,20,0.08688406510786577,0.04572411538391433,0.12595922341852478,0.06207645147652704,0
627,1774286122.4136653,24,-0.0409930944442749,-1.1243820190429688,1.639723777770996,0.19100930770399316,2.764105796813965,6.043910980224609,0.45733727810650887,0.08055531730254491,1.3533293306827545,0.28955126689866323,24,0.03396570682525635,0.017874105322377532,0.08201995943531845,0.062392614855559546,0
628,1774286122.5135143,23,0.028516935265582542,-0.7495880126953125,1.405477523803711,0.1375579076581429,2.1550655364990234,6.043910980224609,0.3565680473372781,0.18492698928584222,2.1266603767871857,0.5992319328493961,23,0.02070872680000637,0.010900044694138963,0.08923050531974205,0.061208072076886895,0
629,1774286122.6140814,27,0.11452039082845052,-0.7495880126953125,1.405477523803711,0.19108763480188723,2.1550655364990234,6.043910980224609,0.3565680473372781,0.10024661708761144,0.9666638076305389,0.2851630700741921,27,-0.03454540715073094,-0.018172205896310925,0.024946162777562297,0.06663225694883025,0
630,1774286122.6927314,32,0.1771487295627594,-0.4684925079345703,1.405477523803711,0.17994145061484002,1.8739700317382812,6.043910980224609,0.31005917159763313,0.07249978557229042,0.5799982845783234,0.19181640272978906,32,0.26344998102439077,0.1401866859687027,0.026214611732353597,0.06999404485851703,0
631,1774286122.792784,32,0.1771487295627594,-0.4684925079345703,1.405477523803711,0.18899521635196148,1.8739700317382812,6.043910980224609,0.31005917159763313,0.06645813677459955,0.7733310461044312,0.20850254327421444,32,0.11914489524705069,0.06338135468354542,0.018412643954867407,0.0769130878987586,0
632,1774286122.913849,28,0.13887456485203334,-0.7495880126953125,1.405477523803711,0.22724280106613687,2.1550655364990234,6.043910980224609,0.3565680473372781,0.08976163927997861,1.5466620922088623,0.3327913488124919,28,0.19065531572901218,0.10030255762634536,0.0,0.0811589125822519,0
633,1774286123.0138478,26,0.21802920561570388,0.0,1.546025276184082,0.19702046214605262,1.546025276184082,6.043910980224609,0.2557988165680473,0.20076863696941963,1.73999485373497,0.5559031835919056,26,0.3259861748354092,0.1715186302968518,0.0,0.090422150113977,0
634,1774286123.1139498,24,0.16592442989349365,0.0,1.6865730285644531,0.15180680690285442,1.6865730285644531,5.992770195007324,0.28143462433609834,0.2013882932563623,1.3533293306827545,0.4516129669858709,24,0.2361983060836792,0.12428822234109926,0.003118270347195287,0.08907564504016435,0
635,1774286123.218274,25,0.10119438171386719,-0.6090402603149414,1.8271207809448242,0.20204581155667256,2.4361610412597656,5.992770195007324,0.4065166795965865,0.18559945106506348,1.1599965691566467,0.3807428473721329,25,0.04095963069370815,0.021505600168585538,0.015343869962389506,0.0857925421923168,0
636,1774286123.3187556,24,0.06441771984100342,0.0,0.8432865142822266,0.03581495966464843,0.8432865142822266,6.043910980224609,0.1395266272189349,0.1933327615261078,1.1599965691566467,0.432305197050133,24,0.08226505347660609,0.04318474482333753,0.016111063460508983,0.08581446212383848,0
637,1774286123.4183304,24,0.06441771984100342,0.0,0.8432865142822266,0.03581495966464843,0.8432865142822266,5.992770195007324,0.14071731216804917,0.24166595190763474,1.5466620922088623,0.5446873930448822,24,0.15365438801901682,0.08064969114523621,0.01406056447462602,0.08425645282455224,0
638,1774286123.5187602,22,-0.025554136796431107,-0.7027387619018555,0.8432865142822266,0.07656588064390625,1.546025276184082,6.043910980224609,0.2557988165680473,0.2548477311025966,1.5466620922088623,0.5417909025661385,22,0.008281433221065636,0.004346245225002659,0.0,0.07973080342614784,0
639,1774286123.6183603,22,-0.11712312698364258,-0.7495880126953125,0.8432865142822266,0.12545576214248202,1.592874526977539,5.992770195007324,0.2657993674285373,0.05272711677984758,1.1599965691566467,0.24162600382042773,22,-0.11712312698364258,-0.06146767926196242,0.010943363859968365,0.08645321952586049,0
640,1774286123.7183568,20,-0.03279447555541992,-0.7495880126953125,0.8432865142822266,0.09066934850920916,1.592874526977539,5.992770195007324,0.2657993674285373,0.15466620922088622,0.7733310461044312,0.30933241844177245,20,-0.04381782868329216,-0.023003817226637528,0.020350817002748187,0.08781096959646983,0
641,1774286123.8185449,21,-0.10039125170026507,-0.7495880126953125,0.0,0.06067945406004805,0.7495880126953125,5.992770195007324,0.12508205526048816,0.16571379559380667,1.1599965691566467,0.4059142425446977,21,-0.13552818979535786,-0.07114768190915402,0.0425987440650746,0.0937528335782953,0
642,1774286123.9185383,19,0.0,0.0,0.0,0.0,0.0,5.992770195007324,0.0,0.24420980403297826,1.1599965691566467,0.47291025200015085,19,0.0,0.0,0.0425987440650746,0.09433035219666436,0
643,1774286124.0188816,20,0.0,0.0,0.0,0.0,0.0,6.043910980224609,0.0,0.1836661234498024,1.1599965691566467,0.41227956412993133,20,0.0,0.0,0.0589828763977956,0.09433035219666436,0
644,1774286124.1186328,19,-0.03452050058465255,-0.6558895111083984,0.0,0.021449969291069952,0.6558895111083984,5.992770195007324,0.10944679835292713,0.15263112752061142,0.9666638076305389,0.3524864902429644,19,0.01232875020880448,0.006471906481563949,0.06343731237575412,0.09549424173506631,0
645,1774286124.2188854,18,0.0,0.0,0.0,0.0,0.0,5.992770195007324,0.0,0.1933327615261078,0.9666638076305389,0.3645517512016866,18,-0.06558895111083984,-0.0344274789098841,0.11542254419469122,0.09374959424689056,0
646,1774286124.3188264,17,0.0,0.0,0.0,0.0,0.0,5.992770195007324,0.0,0.21607779229388518,1.3533293306827545,0.47302008799969375,17,0.0409930944442749,0.021516864654150227,0.12017982473244539,0.09423060934850355,0
647,1774286124.4185631,17,0.0,0.0,0.0,0.0,0.0,5.992770195007324,0.0,0.13647018460666432,0.7733310461044312,0.2948092931665478,17,-0.028516935265582542,-0.014969135992244389,0.11317039699089236,0.0927736960185627,0
648,1774286124.5181582,16,0.0,0.0,0.0,0.0,0.0,5.992770195007324,0.0,0.18124946393072605,0.9666638076305389,0.3773008464860556,16,-0.11452039082845052,-0.06014483761749478,0.07860782611501085,0.09326450161312866,0
649,1774286124.6283581,18,-0.15616416931152344,-0.9838342666625977,0.0,0.12218011136155837,0.9838342666625977,5.992770195007324,0.16417019752939072,0.03222212692101797,0.1933327615261078,0.07205086617502215,18,-0.33331289887428284,-0.1721989529730901,0.07565195016239,0.10154837375251982,0
650,1774286124.728253,21,-0.04461833408900669,-0.9369850158691406,0.0,0.03981591473756434,0.9369850158691406,6.043910980224609,0.15502958579881657,0.13809482966150557,0.9666638076305389,0.33826186878724807,21,-0.2217670636517661,-0.11458053511607398,0.11465082369571508,0.09710769989528477,0
651,1774286124.8279517,19,-0.15287650258917557,-0.9838342666625977,0.0,0.12472354592885739,0.9838342666625977,5.992770195007324,0.16417019752939072,0.12210490201648913,1.3533293306827545,0.3614777171145315,19,-0.29175106744120893,-0.15242185784797685,0.16111063460508981,0.09720201369509528,0
652,1774286124.9283917,20,-0.04684925079345703,-0.9369850158691406,0.0,0.04170219369825645,0.9369850158691406,6.043910980224609,0.15502958579881657,0.21266603767871856,1.1599965691566467,0.4275233937012454,20,-0.2648784564091609,-0.13835068548668333,0.19591053167978922,0.09268176354685793,0
653,1774286125.0278692,20,-0.10072588920593262,-1.0775327682495117,0.0,0.09180518457441167,1.0775327682495117,6.043910980224609,0.17828402366863905,0.0966663807630539,0.7733310461044312,0.24069734700019407,20,-0.26665031909942627,-0.13932159958941448,0.1933327615261078,0.07944743999957656,0
654,1774286125.1278892,18,-0.11191765467325847,-1.0775327682495117,0.0,0.10075320449547892,1.0775327682495117,6.043910980224609,0.17828402366863905,0.10740708973672655,0.7733310461044312,0.24303450080112443,18,-0.21311203638712567,-0.11159947525685938,0.2065747314936494,0.06921844771109144,0
655,1774286125.228099,23,-0.0407384789508322,-0.9369850158691406,0.0,0.03651172067900276,0.9369850158691406,6.043910980224609,0.15502958579881657,0.08405772240265556,0.5799982845783234,0.18758248709220987,23,-0.10515619879183562,-0.05507453207593899,0.22923741723809923,0.06180324524798625,0
656,1774286125.3284533,23,-0.07944003395412279,-0.9369850158691406,0.0,0.06631026362407068,0.9369850158691406,6.043910980224609,0.15502958579881657,0.10086926688318668,0.5799982845783234,0.21983947042642232,23,-0.14385775379512622,-0.0753133507530688,0.18480337498819127,0.05722792936202041,0
657,1774286125.4284213,22,-0.05110827359286221,-1.1243820190429688,0.0,0.05485316822250002,1.1243820190429688,6.043910980224609,0.18603550295857987,0.043939263983206314,0.5799982845783234,0.1294531553121419,22,-0.025554136796431107,-0.013381503871970492,0.15406204434111714,0.05098156672313789,0
658,1774286125.5279045,21,0.0,0.0,0.0,0.0,0.0,6.043910980224609,0.0,0.08285689779690333,0.5799982845783234,0.20295712127234886,21,0.11712312698364258,0.061335645005642876,0.12275095969911605,0.052006952239592535,0
659,1774286125.6278882,22,0.0,0.0,0.0,0.0,0.0,6.043910980224609,0.0,0.02636355838992379,0.5799982845783234,0.12081300191021387,22,0.03279447555541992,0.017174096393439756,0.1868883361419042,0.05109517780658571,0
660,1774286125.7279766,21,0.0,0.0,0.0,0.0,0.0,6.043910980224609,0.0,0.04603160988716852,0.3866655230522156,0.11789844678263292,21,0.10039125170026507,0.05257650845213528,0.19655497421820958,0.05206131067285225,0
661,1774286125.8285906,23,0.0,0.0,0.0,0.0,0.0,6.043910980224609,0.0,0.0,0.0,0.0,23,0.0,0.0,0.1933327615261078,0.05140756312229608,0
662,1774286125.928075,22,0.0,0.0,0.0,0.0,0.0,6.043910980224609,0.0,0.017575705593282528,0.1933327615261078,0.05557926115933376,22,0.0,0.0,0.17637374735715097,0.05140756312229608,0
663,1774286126.028407,21,0.0,0.0,0.0,0.0,0.0,6.043910980224609,0.0,0.036825287909734813,0.3866655230522156,0.09655671949035795,21,0.03452050058465255,0.0180756964435742,0.1861722888769927,0.05140756312229608,0
664,1774286126.1284645,23,0.0,0.0,0.0,0.0,0.0,6.043910980224609,0.0,0.02521731672079667,0.1933327615261078,0.06511083179712221,23,0.0,0.0,0.18217894836114004,0.052168280823476215,0
665,1774286126.2283087,24,0.0,0.0,0.0,0.0,0.0,6.043910980224609,0.0,0.024166595190763474,0.1933327615261078,0.06393880090992969,24,0.0,0.0,0.17786614060401917,0.052168280823476215,0
666,1774286126.3280146,24,-0.1639723777770996,-1.546025276184082,0.0,0.19168376752531913,1.546025276184082,6.043910980224609,0.2557988165680473,0.06444425384203593,0.3866655230522156,0.1441017323500443,24,-0.1639723777770996,-0.08587407383359846,0.11372515383888693,0.057926918650161,0
667,1774286126.4284573,21,-0.07362025124686104,-1.546025276184082,0.0,0.10839882787301888,1.546025276184082,5.992770195007324,0.2579817389747568,0.11047586372920445,0.5799982845783234,0.20295712127234883,21,-0.07362025124686104,-0.03853859988901097,0.11599965691566468,0.057130235890297115,0
668,1774286126.518216,22,-0.07027387619018555,-1.546025276184082,0.0,0.10370677117066407,1.546025276184082,5.992770195007324,0.2579817389747568,0.0966663807630539,0.5799982845783234,0.19981498055176003,22,0.08589029312133789,0.045448019702678484,0.09999970423764196,0.056029708340223784,0
669,1774286126.6185305,21,0.0,0.0,0.0,0.0,0.0,6.043910980224609,0.0,0.10126954175177075,0.5799982845783234,0.20337429976244117,21,0.04461833408900669,0.023604116939984623,0.15788842191298802,0.05207583216173938,0
670,1774286126.7186816,21,0.0,0.0,0.0,0.0,0.0,6.043910980224609,0.0,0.08285689779690333,0.3866655230522156,0.15294690765491586,21,0.15287650258917557,0.08085581248364367,0.1441803645279448,0.05306807666996777,0
671,1774286126.8182702,23,-0.0611077184262483,-1.405477523803711,0.0,0.0821513715277562,1.405477523803711,6.043910980224609,0.23254437869822486,0.033623088961062225,0.1933327615261078,0.07327982347547411,23,-0.014258467632791268,-0.007544647736118882,0.13999958593269873,0.04714215860215189,0
672,1774286126.9186425,22,0.0,0.0,0.0,0.0,0.0,6.043910980224609,0.0,0.05272711677984758,0.9666638076305389,0.2034535013992964,22,0.10072588920593262,0.05327232482077373,0.09508168599644645,0.047900863299091885,0
673,1774286127.01832,20,0.0,0.0,0.0,0.0,0.0,6.043910980224609,0.0,0.009666638076305389,0.1933327615261078,0.042135898498397606,20,0.11191765467325847,0.05920219197560899,0.0966663807630539,0.04627124494266582,0
674,1774286127.118734,20,-0.10541081428527832,-1.0775327682495117,0.0,0.10005782922206663,1.0775327682495117,5.992770195007324,0.17980545443695173,0.019333276152610778,0.1933327615261078,0.05799982845783234,20,-0.06467233533444612,-0.03420667819299654,0.07676447884124868,0.045732201899018575,0
675,1774286127.2186475,21,-0.10039125170026507,-1.0775327682495117,0.0,0.09579709085857982,1.0775327682495117,5.992770195007324,0.17980545443695173,0.05523793186460223,0.3866655230522156,0.13530474751489924,21,-0.02095121774614228,-0.011084161613723068,0.07616139090422427,0.04807178561028867,0
676,1774286127.318187,20,-0.1546025276184082,-1.0775327682495117,0.0,0.13566382065732796,1.0775327682495117,5.992770195007324,0.17980545443695173,0.009666638076305389,0.1933327615261078,0.042135898498397606,20,-0.10349425402554599,-0.05476565262325291,0.0505639530145205,0.053956134223682346,0
677,1774286127.4183717,21,-0.10039125170026507,-1.0775327682495117,0.0,0.09579709085857982,1.0775327682495117,5.992770195007324,0.17980545443695173,0.018412643954867407,0.1933327615261078,0.056751580113533366,21,-0.10039125170026507,-0.05310393825292061,0.05135401478037238,0.05555345298806494,0
678,1774286127.5181751,19,0.0,0.0,0.0,0.0,0.0,5.992770195007324,0.0,0.030526225504122283,0.1933327615261078,0.07049729804859288,19,0.0,0.0,0.0234342741243767,0.05555345298806493,0
679,1774286127.6186845,19,0.0,0.0,0.0,0.0,0.0,5.992770195007324,0.0,0.020350817002748187,0.1933327615261078,0.05933231748191226,19,0.0,0.0,0.020504989858829613,0.05555345298806493,0
680,1774286127.7186432,19,0.0,0.0,0.0,0.0,0.0,5.992770195007324,0.0,0.020350817002748187,0.1933327615261078,0.05933231748191226,19,0.0,0.0,0.017575705593282528,0.05555345298806493,0
681,1774286127.818106,18,0.0,0.0,0.0,0.0,0.0,6.043910980224609,0.0,0.0,0.0,0.0,18,0.0,0.0,0.02636355838992379,0.05555345298806494,0
682,1774286127.9187033,19,0.0,0.0,0.0,0.0,0.0,5.992770195007324,0.0,0.0,0.0,0.0,19,0.0,0.0,0.028431288459721732,0.05555345298806494,0
683,1774286128.0184333,20,0.0,0.0,0.0,0.0,0.0,5.992770195007324,0.0,0.0,0.0,0.0,20,0.0,0.0,0.038121952976979,0.05555345298806493,0
684,1774286128.1187153,18,0.0,0.0,0.0,0.0,0.0,6.043910980224609,0.0,0.02148141794734531,0.1933327615261078,0.06075862520028111,18,0.0,0.0,0.06444425384203593,0.05555345298806493,0
685,1774286128.2181609,16,0.0,0.0,0.0,0.0,0.0,5.992770195007324,0.0,0.0,0.0,0.0,16,0.1639723777770996,0.08675115870031817,0.08945247175088569,0.05555345298806493,0
686,1774286128.313661,21,0.0,0.0,0.0,0.0,0.0,5.992770195007324,0.0,0.0,0.0,0.0,21,0.07362025124686104,0.039051613278784286,0.10270802956074476,0.048527503640556614,0
687,1774286128.4133828,18,0.0,0.0,0.0,0.0,0.0,5.992770195007324,0.0,0.03222212692101797,0.1933327615261078,0.07205086617502215,18,0.07027387619018555,0.03708057435828276,0.09364555636420846,0.04811915058408889,0
688,1774286128.5140057,16,0.0,0.0,0.0,0.0,0.0,5.992770195007324,0.0,0.012083297595381737,0.1933327615261078,0.046798410354181585,16,0.0,0.0,0.07138440425579365,0.04758422790679268,0
689,1774286128.613322,15,0.0,0.0,0.0,0.0,0.0,5.992770195007324,0.0,0.0,0.0,0.0,15,0.0,0.0,0.05565640104539467,0.04758422790679268,0
690,1774286128.713371,14,0.0,0.0,0.0,0.0,0.0,5.992770195007324,0.0,0.0,0.0,0.0,14,0.0611077184262483,0.032245101366045255,0.032717851950572086,0.047584227906792675,0
691,1774286128.8139298,16,0.0,0.0,0.0,0.0,0.0,5.992770195007324,0.0,0.0,0.0,0.0,16,0.0,0.0,0.028064433124757582,0.04719827729785097,0
692,1774286128.913457,14,0.0,0.0,0.0,0.0,0.0,5.992770195007324,0.0,0.0,0.0,0.0,14,0.0,0.0,0.028524505798933935,0.04719827729785097,0
693,1774286129.013315,15,0.0,0.0,0.0,0.0,0.0,5.992770195007324,0.0,0.0,0.0,0.0,15,0.10541081428527832,0.055638059213618564,0.028524505798933935,0.04719827729785097,0
694,1774286129.1133778,16,0.0,0.0,0.0,0.0,0.0,5.992770195007324,0.0,0.0,0.0,0.0,16,0.10039125170026507,0.05298445384892285,0.028064433124757582,0.04344181301941485,0
695,1774286129.2133512,15,-0.062465667724609375,-0.9369850158691406,0.0,0.054627435019938275,0.9369850158691406,5.992770195007324,0.15635256907561018,0.0,0.0,0.0,15,0.09213685989379883,0.048616820325340815,0.019333276152610778,0.04052362248268077,0
696,1774286129.3133957,14,0.0,0.0,0.0,0.0,0.0,5.992770195007324,0.0,0.0,0.0,0.0,14,0.10039125170026507,0.05297624117581626,0.022937785265809398,0.02515377133950223,0
697,1774286129.413441,14,0.0,0.0,0.0,0.0,0.0,5.992770195007324,0.0,0.0,0.0,0.0,14,0.0,0.0,0.023742619836539552,0.013614076652618127,0
698,1774286129.5133543,14,0.0,0.0,0.0,0.0,0.0,5.992770195007324,0.0,0.0,0.0,0.0,14,0.0,0.0,0.013809482966150557,0.013614076652618127,0
699,1774286129.6138813,16,0.0,0.0,0.0,0.0,0.0,5.992770195007324,0.0,0.0,0.0,0.0,16,0.0,0.0,0.006904741483075278,0.013614076652618127,0
700,1774286129.713488,14,0.0,0.0,0.0,0.0,0.0,5.860805511474609,0.0,0.0,0.0,0.0,14,0.0,0.0,0.0,0.013614076652618127,0
701,1774286129.8133292,15,0.0,0.0,0.0,0.0,0.0,5.860805511474609,0.0,0.0,0.0,0.0,15,0.0,0.0,0.006783605667582729,0.013614076652618127,0
702,1774286129.9133544,13,0.0,0.0,0.0,0.0,0.0,5.860805511474609,0.0,0.0,0.0,0.0,13,0.0,0.0,0.007160472649115103,0.013614076652618127,0
703,1774286130.0134065,16,0.0,0.0,0.0,0.0,0.0,5.992770195007324,0.0,0.0,0.0,0.0,16,0.0,0.0,0.00703028223731301,0.013614076652618127,0
704,1774286130.113408,17,0.0,0.0,0.0,0.0,0.0,5.992770195007324,0.0,0.0,0.0,0.0,17,0.0,0.0,0.010545423355969516,0.013614076652618127,0
705,1774286130.213391,17,0.0,0.0,0.0,0.0,0.0,5.992770195007324,0.0,0.0,0.0,0.0,17,0.0,0.0,0.01406056447462602,0.013614076652618127,0
706,1774286130.3139377,16,0.0,0.0,0.0,0.0,0.0,5.992770195007324,0.0,0.0,0.0,0.0,16,0.0,0.0,0.015782266247029206,0.013614076652618127,0
707,1774286130.4134958,17,0.0,0.0,0.0,0.0,0.0,5.992770195007324,0.0,0.0,0.0,0.0,17,0.0,0.0,0.004296283589469062,0.013614076652618127,0
708,1774286130.513511,17,0.0,0.0,0.0,0.0,0.0,5.992770195007324,0.0,0.0,0.0,0.0,17,0.0,0.0,0.0,0.013614076652618127,0
709,1774286130.6138625,16,0.0,0.0,0.0,0.0,0.0,5.992770195007324,0.0,0.0,0.0,0.0,16,0.0,0.0,0.0,0.013614076652618127,0
710,1774286130.7134542,17,0.0,0.0,0.0,0.0,0.0,5.992770195007324,0.0,0.0,0.0,0.0,17,0.0,0.0,0.0,0.013614076652618127,0
711,1774286130.813963,17,0.0,0.0,0.0,0.0,0.0,5.992770195007324,0.0,0.0,0.0,0.0,17,0.0,0.0,0.0,0.013614076652618127,0
712,1774286130.9135103,16,0.0,0.0,0.0,0.0,0.0,5.992770195007324,0.0,0.0,0.0,0.0,16,0.0,0.0,0.0,0.013614076652618127,0
713,1774286131.013744,18,0.0,0.0,0.0,0.0,0.0,5.992770195007324,0.0,0.0,0.0,0.0,18,0.0,0.0,0.0,0.013614076652618127,0
714,1774286131.1142416,18,0.0,0.0,0.0,0.0,0.0,5.992770195007324,0.0,0.0,0.0,0.0,18,0.062465667724609375,0.032861268254309094,0.0,0.013614076652618127,0
715,1774286131.2136753,18,0.0,0.0,0.0,0.0,0.0,5.992770195007324,0.0,0.0,0.0,0.0,18,0.0,0.0,0.0,0.0,0
716,1774286131.3137252,18,0.0,0.0,0.0,0.0,0.0,5.992770195007324,0.0,0.0,0.0,0.0,18,0.0,0.0,0.0,0.0,0
717,1774286131.4137235,18,0.0,0.0,0.0,0.0,0.0,5.992770195007324,0.0,0.0,0.0,0.0,18,0.0,0.0,0.0,0.0,0
718,1774286131.5137355,18,0.0,0.0,0.0,0.0,0.0,5.992770195007324,0.0,0.0,0.0,0.0,18,0.0,0.0,0.0,0.0,0
719,1774286131.6134791,18,0.0,0.0,0.0,0.0,0.0,5.992770195007324,0.0,0.0,0.0,0.0,18,0.0,0.0,0.0,0.0,0
720,1774286131.7134256,17,0.0,0.0,0.0,0.0,0.0,5.992770195007324,0.0,0.0,0.0,0.0,17,0.0,0.0,0.0,0.0,0
721,1774286131.813416,17,0.0,0.0,0.0,0.0,0.0,5.992770195007324,0.0,0.0,0.0,0.0,17,0.0,0.0,0.0,0.0,0
722,1774286131.9135225,16,0.0,0.0,0.0,0.0,0.0,5.992770195007324,0.0,0.0,0.0,0.0,16,0.0,0.0,0.0,0.0,0
723,1774286132.0133917,17,0.0,0.0,0.0,0.0,0.0,5.992770195007324,0.0,0.0,0.0,0.0,17,0.0,0.0,0.0,0.0,0
724,1774286132.1134558,17,0.0,0.0,0.0,0.0,0.0,5.992770195007324,0.0,0.0,0.0,0.0,17,0.0,0.0,0.0,0.0,0
725,1774286132.2135038,16,0.0,0.0,0.0,0.0,0.0,5.992770195007324,0.0,0.0,0.0,0.0,16,0.0,0.0,0.0,0.0,0
726,1774286132.3135126,18,0.0,0.0,0.0,0.0,0.0,5.992770195007324,0.0,0.0,0.0,0.0,18,0.0,0.0,0.0,0.0,0
727,1774286132.4140959,17,0.0,0.0,0.0,0.0,0.0,5.992770195007324,0.0,0.0,0.0,0.0,17,0.0,0.0,0.0,0.0,0
728,1774286132.5139606,17,0.0,0.0,0.0,0.0,0.0,5.992770195007324,0.0,0.0,0.0,0.0,17,0.0,0.0,0.0,0.0,0
729,1774286132.6139686,17,0.0,0.0,0.0,0.0,0.0,5.992770195007324,0.0,0.0,0.0,0.0,17,0.0,0.0,0.0,0.0,0
730,1774286132.714109,17,0.0,0.0,0.0,0.0,0.0,5.992770195007324,0.0,0.0,0.0,0.0,17,0.0,0.0,0.0,0.0,0
731,1774286132.814071,17,0.0,0.0,0.0,0.0,0.0,5.992770195007324,0.0,0.0,0.0,0.0,17,0.0,0.0,0.0,0.0,0
732,1774286132.9135876,17,0.0,0.0,0.0,0.0,0.0,5.992770195007324,0.0,0.0,0.0,0.0,17,0.0,0.0,0.0,0.0,1
733,1774286133.0135703,17,0.0,0.0,0.0,0.0,0.0,5.992770195007324,0.0,0.0,0.0,0.0,17,0.0,0.0,0.0,0.0,1
734,1774286133.113906,17,0.0,0.0,0.0,0.0,0.0,5.992770195007324,0.0,0.0,0.0,0.0,17,0.0,0.0,0.0,0.0,1
735,1774286133.2143395,17,0.0,0.0,0.0,0.0,0.0,5.992770195007324,0.0,0.0,0.0,0.0,17,0.0,0.0,0.0,0.0,1
736,1774286133.314024,16,0.0,0.0,0.0,0.0,0.0,5.992770195007324,0.0,0.0,0.0,0.0,16,0.0,0.0,0.0,0.0,1
737,1774286133.4133847,15,0.0,0.0,0.0,0.0,0.0,5.992770195007324,0.0,0.0,0.0,0.0,15,0.0,0.0,0.0,0.0,1
738,1774286133.514212,15,0.0,0.0,0.0,0.0,0.0,5.992770195007324,0.0,0.0,0.0,0.0,15,0.0,0.0,0.0,0.0,1
739,1774286133.6135411,16,0.0,0.0,0.0,0.0,0.0,5.992770195007324,0.0,0.0,0.0,0.0,16,0.0,0.0,0.0,0.0,1
740,1774286133.7130268,17,0.0,0.0,0.0,0.0,0.0,5.992770195007324,0.0,0.0,0.0,0.0,17,0.0,0.0,0.0,0.0,1
741,1774286133.812824,18,0.0,0.0,0.0,0.0,0.0,5.992770195007324,0.0,0.0,0.0,0.0,18,0.0,0.0,0.0,0.0,1
742,1774286133.913078,18,0.0,0.0,0.0,0.0,0.0,5.992770195007324,0.0,0.0,0.0,0.0,18,0.0,0.0,0.0,0.0,1
743,1774286134.0133398,15,0.0,0.0,0.0,0.0,0.0,5.992770195007324,0.0,0.0,0.0,0.0,15,0.0,0.0,0.0,0.0,1
744,1774286134.1128457,17,0.0,0.0,0.0,0.0,0.0,5.992770195007324,0.0,0.0,0.0,0.0,17,0.0,0.0,0.0,0.0,1
745,1774286134.2132375,16,0.0,0.0,0.0,0.0,0.0,5.992770195007324,0.0,0.0,0.0,0.0,16,0.0,0.0,0.0,0.0,1
746,1774286134.313106,17,0.0,0.0,0.0,0.0,0.0,5.992770195007324,0.0,0.0,0.0,0.0,17,0.0,0.0,0.0,0.0,1
747,1774286134.4131336,16,0.0,0.0,0.0,0.0,0.0,5.992770195007324,0.0,0.0,0.0,0.0,16,0.0,0.0,0.0,0.0,1
748,1774286134.513532,16,0.0,0.0,0.0,0.0,0.0,5.992770195007324,0.0,0.0,0.0,0.0,16,0.0,0.0,0.0,0.0,1
749,1774286134.6131616,16,0.0,0.0,0.0,0.0,0.0,5.992770195007324,0.0,0.0,0.0,0.0,16,0.0,0.0,0.0,0.0,1
750,1774286134.7129,17,0.0,0.0,0.0,0.0,0.0,5.992770195007324,0.0,0.0,0.0,0.0,17,0.0,0.0,0.0,0.0,1
751,1774286134.8135796,17,0.0,0.0,0.0,0.0,0.0,5.992770195007324,0.0,0.0,0.0,0.0,17,0.0,0.0,0.0,0.0,1
752,1774286134.9130678,16,0.0,0.0,0.0,0.0,0.0,5.992770195007324,0.0,0.0,0.0,0.0,16,0.0,0.0,0.0,0.0,1
753,1774286135.0135555,18,0.0,0.0,0.0,0.0,0.0,5.992770195007324,0.0,0.0,0.0,0.0,18,0.0,0.0,0.0,0.0,1
754,1774286135.1129322,17,0.0,0.0,0.0,0.0,0.0,5.992770195007324,0.0,0.0,0.0,0.0,17,0.0,0.0,0.0,0.0,1
755,1774286135.2135386,17,0.0,0.0,0.0,0.0,0.0,5.992770195007324,0.0,0.0,0.0,0.0,17,0.0,0.0,0.0,0.0,1
756,1774286135.3136609,18,0.0,0.0,0.0,0.0,0.0,5.992770195007324,0.0,0.0,0.0,0.0,18,0.0,0.0,0.0,0.0,1
757,1774286135.413579,17,0.0,0.0,0.0,0.0,0.0,5.992770195007324,0.0,0.0,0.0,0.0,17,0.0,0.0,0.0,0.0,0
758,1774286135.5130572,18,0.0,0.0,0.0,0.0,0.0,5.992770195007324,0.0,0.0,0.0,0.0,18,0.0,0.0,0.0,0.0,0
759,1774286135.6130679,18,0.0,0.0,0.0,0.0,0.0,5.992770195007324,0.0,0.0,0.0,0.0,18,0.0,0.0,0.0,0.0,0
760,1774286135.7130537,18,0.0,0.0,0.0,0.0,0.0,5.992770195007324,0.0,0.0,0.0,0.0,18,0.0,0.0,0.0,0.0,0
761,1774286135.813538,17,0.0,0.0,0.0,0.0,0.0,5.992770195007324,0.0,0.0,0.0,0.0,17,0.0,0.0,0.0,0.0,0
762,1774286135.913226,16,0.0,0.0,0.0,0.0,0.0,5.992770195007324,0.0,0.0,0.0,0.0,16,0.0,0.0,0.0,0.0,0
763,1774286136.0135624,17,0.0,0.0,0.0,0.0,0.0,5.992770195007324,0.0,0.0,0.0,0.0,17,0.0,0.0,0.0,0.0,0
764,1774286136.113441,17,0.0,0.0,0.0,0.0,0.0,5.992770195007324,0.0,0.0,0.0,0.0,17,0.0,0.0,0.0,0.0,0
765,1774286136.2130904,17,0.0,0.0,0.0,0.0,0.0,5.992770195007324,0.0,0.0,0.0,0.0,17,0.0,0.0,0.0,0.0,0
766,1774286136.3130152,16,0.0,0.0,0.0,0.0,0.0,5.992770195007324,0.0,0.0,0.0,0.0,16,0.0,0.0,0.0,0.0,0
767,1774286136.4135888,18,0.0,0.0,0.0,0.0,0.0,5.992770195007324,0.0,0.0,0.0,0.0,18,0.0,0.0,0.0,0.0,0
768,1774286136.513311,17,0.0,0.0,0.0,0.0,0.0,5.992770195007324,0.0,0.0,0.0,0.0,17,0.0,0.0,0.0,0.0,0
769,1774286136.6132445,17,0.0,0.0,0.0,0.0,0.0,5.992770195007324,0.0,0.0,0.0,0.0,17,0.0,0.0,0.0,0.0,0
770,1774286136.7135952,15,0.0,0.0,0.0,0.0,0.0,5.992770195007324,0.0,0.0,0.0,0.0,15,0.0,0.0,0.0,0.0,0
771,1774286136.8136215,15,0.0,0.0,0.0,0.0,0.0,5.992770195007324,0.0,0.0,0.0,0.0,15,0.0,0.0,0.0,0.0,0
772,1774286136.9134665,15,0.0,0.0,0.0,0.0,0.0,5.992770195007324,0.0,0.0,0.0,0.0,15,0.0,0.0,0.0,0.0,0
773,1774286137.0136445,15,0.0,0.0,0.0,0.0,0.0,5.992770195007324,0.0,0.0,0.0,0.0,15,0.0,0.0,0.0,0.0,0
774,1774286137.112921,15,0.0,0.0,0.0,0.0,0.0,5.992770195007324,0.0,0.0,0.0,0.0,15,0.0,0.0,0.0,0.0,0
775,1774286137.2137177,14,0.0,0.0,0.0,0.0,0.0,5.992770195007324,0.0,0.0,0.0,0.0,14,0.0,0.0,0.0,0.0,0
776,1774286137.313421,15,-0.1311779022216797,-0.9838342666625977,0.0,0.11184967320332362,0.9838342666625977,5.860805511474609,0.16786673175494263,0.02577770153681437,0.3866655230522156,0.09645132736927545,15,-0.1311779022216797,-0.06904674208431559,0.0,0.028589560970498067,0
777,1774286137.4136815,15,-0.06558895111083984,-0.9838342666625977,0.0,0.06022674710948195,0.9838342666625977,5.860805511474609,0.16786673175494263,0.06444425384203593,0.5799982845783234,0.16805005385939625,15,-0.06558895111083984,-0.03450916205081013,0.0,0.03128393582222483,0
778,1774286137.5132706,13,0.0,0.0,0.0,0.0,0.0,5.860805511474609,0.0,0.0,0.0,0.0,13,0.0,0.0,0.0,0.03128393582222483,0
779,1774286137.6135178,13,0.0,0.0,0.0,0.0,0.0,5.860805511474609,0.0,0.0,0.0,0.0,13,0.0,0.0,0.0,0.03128393582222483,0
780,1774286137.713859,18,-0.05726019541422526,-1.0306835174560547,0.0,0.05573840964087948,1.0306835174560547,5.860805511474609,0.17586038564803516,0.06444425384203593,0.3866655230522156,0.1441017323500443,18,-0.05726019541422526,-0.030131854149948817,0.0,0.032834277396668034,0
781,1774286137.8137581,16,0.0,0.0,0.0,0.0,0.0,5.860805511474609,0.0,0.04833319038152695,0.1933327615261078,0.08371554143270404,16,0.0,0.0,0.0,0.03283427739666804,0
782,1774286137.9136815,17,0.0,0.0,0.0,0.0,0.0,5.860805511474609,0.0,0.03411754615166608,0.1933327615261078,0.07370232329163695,17,0.0,0.0,0.0,0.032834277396668034,0
783,1774286138.0137374,21,-0.10039125170026507,-1.0775327682495117,0.0,0.09579709085857982,1.0775327682495117,5.992770195007324,0.17980545443695173,0.018412643954867407,0.3866655230522156,0.08234384705716818,21,-0.10039125170026507,-0.052829258149780116,0.0,0.03780613002631623,0
784,1774286138.1133683,19,-0.056712250960500615,-1.0775327682495117,0.0,0.057893029362122435,1.0775327682495117,5.860805511474609,0.18385403954112767,0.030526225504122283,0.1933327615261078,0.07049729804859288,19,-0.056712250960500615,-0.02984418876987246,0.0,0.03849126448292948,0
785,1774286138.2138972,20,-0.053876638412475586,-1.0775327682495117,0.0,0.05515115116594416,1.0775327682495117,5.860805511474609,0.18385403954112767,0.02899991422891617,0.1933327615261078,0.06903360396656207,20,-0.053876638412475586,-0.028342968291120006,0.0,0.0388420346933212,0
786,1774286138.3138103,20,-0.053876638412475586,-1.0775327682495117,0.0,0.05515115116594416,1.0775327682495117,5.992770195007324,0.17980545443695173,0.019333276152610778,0.1933327615261078,0.05799982845783234,20,-0.053876638412475586,-0.02835281885174189,0.0,0.03900405640323021,0
787,1774286138.4138641,17,0.0,0.0,0.0,0.0,0.0,5.992770195007324,0.0,0.04549006153555477,0.3866655230522156,0.12457966422660721,17,0.0,0.0,0.0,0.039004056403230215,0
788,1774286138.513499,21,0.0,0.0,0.0,0.0,0.0,5.992770195007324,0.0,0.06444425384203593,0.5799982845783234,0.1615702949816924,21,0.0,0.0,0.0,0.039004056403230215,0
789,1774286138.6133015,20,0.0,0.0,0.0,0.0,0.0,5.992770195007324,0.0,0.08699974268674851,0.5799982845783234,0.20710081189968624,20,0.0,0.0,0.0,0.03900405640323021,0
790,1774286138.7136168,20,-0.05621910095214844,-1.1243820190429688,0.0,0.06005115892548929,1.1243820190429688,5.992770195007324,0.18762308289073223,0.019333276152610778,0.1933327615261078,0.05799982845783234,20,-0.05621910095214844,-0.02958907327474245,0.0,0.039058781363617796,0
791,1774286138.8138585,21,0.0,0.0,0.0,0.0,0.0,5.992770195007324,0.0,0.0,0.0,0.0,21,0.0,0.0,0.0,0.039058781363617796,0
792,1774286138.9138665,20,0.0,0.0,0.0,0.0,0.0,5.992770195007324,0.0,0.0,0.0,0.0,20,0.0,0.0,0.0,0.039058781363617796,0
793,1774286139.0136127,20,-0.11009573936462402,-1.1243820190429688,0.0,0.10914451774368672,1.1243820190429688,5.992770195007324,0.18762308289073223,0.0,0.0,0.0,20,-0.11009573936462402,-0.05792403713008865,0.008787852796641264,0.04224638922275781,0
794,1774286139.1137602,19,0.05917800100226151,0.0,1.1243820190429688,0.06303664444722595,1.1243820190429688,5.992770195007324,0.18762308289073223,0.020350817002748187,0.1933327615261078,0.05933231748191226,19,0.05917800100226151,0.03114561908337254,0.03075748478824442,0.04640956302806724,0
795,1774286139.213551,20,0.0,0.0,0.0,0.0,0.0,6.043910980224609,0.0,0.08699974268674851,0.5799982845783234,0.20710081189968624,20,0.1311779022216797,0.0690362764176371,0.03147277513215708,0.04640956302806723,0
796,1774286139.3132806,19,0.0,0.0,0.0,0.0,0.0,5.992770195007324,0.0,0.12210490201648913,1.1599965691566467,0.35599390489147353,19,0.06558895111083984,0.03452778639612747,0.023577166039769244,0.04075594095828304,0
797,1774286139.413821,17,0.0,0.0,0.0,0.0,0.0,5.992770195007324,0.0,0.03411754615166608,0.1933327615261078,0.07370232329163695,17,0.0,0.0,0.02636355838992379,0.0399684564556459,0
798,1774286139.5137632,16,0.0,0.0,0.0,0.0,0.0,5.992770195007324,0.0,0.08458308316767216,0.5799982845783234,0.1929547890012899,16,0.0,0.0,0.041134630111937825,0.0399684564556459,0
799,1774286139.6136618,21,0.0,0.0,0.0,0.0,0.0,5.992770195007324,0.0,0.11047586372920445,0.5799982845783234,0.22775182761842647,21,0.05726019541422526,0.03014007500507215,0.04928089999685101,0.0399684564556459,0
800,1774286139.7136536,20,0.0,0.0,0.0,0.0,0.0,5.992770195007324,0.0,0.14499957114458084,0.9666638076305389,0.3451680198328103,20,0.0,0.0,0.03222212692101797,0.03934768066833186,0
801,1774286139.8132396,15,0.0,0.0,0.0,0.0,0.0,5.992770195007324,0.0,0.21911046306292217,1.3533293306827545,0.4457381283442145,15,0.0,0.0,0.027134422670330918,0.039347680668331865,0
802,1774286139.9138784,18,0.0,0.0,0.0,0.0,0.0,6.043910980224609,0.0,0.34370268715752494,2.5133258998394012,0.7192266168524223,18,0.10039125170026507,0.052833580066301615,0.02577770153681437,0.039347680668331865,0
803,1774286140.0134585,16,0.0,0.0,0.0,0.0,0.0,5.860805511474609,0.0,0.16916616633534431,0.9666638076305389,0.3269196401715634,16,0.056712250960500615,0.02984713590727408,0.026214611732353597,0.034725326774764614,0
804,1774286140.1133745,16,-0.2781674265861511,-1.546025276184082,0.0,0.3359410065129076,1.546025276184082,5.860805511474609,0.26379057847205273,0.21749935671687126,0.9666638076305389,0.3798078564342967,16,-0.22429078817367554,-0.1180802712694953,0.030526225504122283,0.06701153239018745,0
805,1774286140.213809,15,-0.20301342010498047,-1.546025276184082,0.0,0.26796707857101865,1.546025276184082,5.860805511474609,0.26379057847205273,0.1933327615261078,0.9666638076305389,0.3866655230522156,15,-0.14913678169250488,-0.07849309815373542,0.043333205169644846,0.07734897399057866,0
806,1774286140.3138924,16,-0.08784234523773193,-1.405477523803711,0.0,0.11574416425297329,1.405477523803711,5.860805511474609,0.2398096167927752,0.2899991422891617,1.3533293306827545,0.5069227773243793,16,-0.08784234523773193,-0.046232126401127525,0.0666664694917613,0.07817669701430556,0
807,1774286140.4138718,16,-0.08784234523773193,-1.405477523803711,0.0,0.11574416425297329,1.405477523803711,5.860805511474609,0.2398096167927752,0.3624989278614521,2.1266603767871857,0.6762329813004123,16,-0.08784234523773193,-0.04622374506962402,0.05704901159786787,0.0786202373970305,0
808,1774286140.5138745,17,0.0,0.0,0.0,0.0,0.0,5.992770195007324,0.0,0.22745030767777386,0.9666638076305389,0.4100418734761372,17,0.0,0.0,0.0348632848653637,0.0786202373970305,0
809,1774286140.6134975,16,0.0,0.0,0.0,0.0,0.0,5.860805511474609,0.0,0.14499957114458084,0.7733310461044312,0.3018406771888445,16,0.05621910095214844,0.02959085931077392,0.006338779066429764,0.0786202373970305,0
810,1774286140.7133737,17,0.0,0.0,0.0,0.0,0.0,5.860805511474609,0.0,0.12509766922277563,0.9666638076305389,0.31061751913400115,17,0.0,0.0,0.0,0.07893014967772286,0
811,1774286140.813619,13,0.0,0.0,0.0,0.0,0.0,5.836844444274902,0.0,0.2676915159592262,1.1599965691566467,0.4887356058120745,13,0.0,0.0,0.006553652933088399,0.07893014967772286,0
812,1774286140.9135702,17,0.0,0.0,0.0,0.0,0.0,5.836844444274902,0.0,0.2615678538294399,1.1599965691566467,0.47329343103781996,17,0.11009573936462402,0.057946424638778346,0.0360450911319862,0.07893014967772286,0
813,1774286141.0132995,18,0.0,0.0,0.0,0.0,0.0,5.992770195007324,0.0,0.22555488844712576,1.3533293306827545,0.4522591030293316,18,-0.05917800100226151,-0.031153871421776218,0.0766664399155255,0.07735135339744448,0
814,1774286141.1135545,20,0.0,0.0,0.0,0.0,0.0,5.992770195007324,0.0,0.14499957114458084,0.7733310461044312,0.2924058154413547,20,0.0,0.0,0.08285689779690333,0.07498349968298186,0
815,1774286141.2139397,19,-0.07890400133634869,-1.499176025390625,0.0,0.1120651456839573,1.499176025390625,5.992770195007324,0.2501641105209763,0.15263112752061142,0.9666638076305389,0.3524864902429644,19,-0.07890400133634869,-0.04151402110314559,0.08179462987643021,0.07522703035726507,0
816,1774286141.3137338,19,-0.07643825129458778,-1.452326774597168,0.0,0.10517051269754192,1.452326774597168,6.043910980224609,0.2402958579881657,0.1729819445233596,1.3533293306827545,0.3651823549444155,19,-0.07643825129458778,-0.040232504312800295,0.07876519914026614,0.07520262435164224,0
817,1774286141.413405,20,-0.1405477523803711,-1.405477523803711,0.0,0.17778303629256698,1.405477523803711,6.043910980224609,0.23254437869822486,0.08699974268674851,0.5799982845783234,0.20710081189968624,20,-0.1405477523803711,-0.07398645150561488,0.1153212963489064,0.07760775844576125,0
818,1774286141.5133173,19,0.06164375104402241,0.0,0.6090402603149414,0.03235735163465823,0.6090402603149414,6.043910980224609,0.10076923076923076,0.14245571901923731,0.7733310461044312,0.28636137838491815,19,0.06164375104402241,0.03244996181209227,0.1519043126276561,0.08060470842479792,0
819,1774286141.6139657,22,0.07240338758988814,0.0,0.5621910095214844,0.03326743072753473,0.5621910095214844,6.043910980224609,0.09301775147928994,0.10545423355969516,0.7733310461044312,0.2653873346246903,22,0.07240338758988814,0.03810078583426812,0.23345842901265845,0.08407570090479154,0
820,1774286141.7135963,19,-0.017260250292326276,-0.4684925079345703,0.5621910095214844,0.0372456099424871,1.0306835174560547,6.043910980224609,0.17053254437869822,0.08140326801099275,0.5799982845783234,0.1914491684811454,19,-0.017260250292326276,-0.009082636781043268,0.24857069339071,0.08373899297359189,0
821,1774286141.8135927,22,-0.0809214331886985,-1.358628273010254,0.0,0.08543598621956844,1.358628273010254,6.043910980224609,0.22479289940828404,0.05272711677984758,0.5799982845783234,0.16673778347800128,22,-0.0809214331886985,-0.0425966347186772,0.24746593475341797,0.08357645157565213,0
822,1774286141.9133625,22,0.05110827359286221,-0.5621910095214844,1.6865730285644531,0.14105100400071427,2.2487640380859375,6.043910980224609,0.37207100591715975,0.017575705593282528,0.1933327615261078,0.05557926115933376,22,0.05110827359286221,0.026900450365788513,0.1933327615261078,0.08569363598013947,0
823,1774286142.013397,24,-0.08784234523773193,-0.6090402603149414,0.0,0.03938159465199931,0.6090402603149414,6.227016448974609,0.0978061107282334,0.008055531730254492,0.1933327615261078,0.03863297300900034,24,0.1903250813484192,0.10016990886996956,0.2344673916380456,0.08561343883712094,0
824,1774286142.1134794,25,0.06746292114257812,-0.5621910095214844,1.405477523803711,0.11555107212188886,1.9676685333251953,6.043910980224609,0.3255621301775148,0.030933241844177246,0.1933327615261078,0.0708769611206588,25,0.2704763412475586,0.14238067118945705,0.283828947772371,0.07097692399600092,0
825,1774286142.213444,24,-0.0819861888885498,-0.5621910095214844,0.4216432571411133,0.048881189762539634,0.9838342666625977,6.043910980224609,0.1627810650887574,0.07249978557229042,0.5799982845783234,0.16567782949558735,24,0.005856156349182129,0.0030829150714476944,0.2919719255700403,0.06036876777073023,0
826,1774286142.3137853,23,-0.06925541421641475,-0.6090402603149414,0.0,0.032802461782749516,0.6090402603149414,6.043910980224609,0.10076923076923076,0.033623088961062225,0.3866655230522156,0.09284478902198401,23,0.018586931021317185,0.009783040405685757,0.2446251268289527,0.0595212755857151,0
827,1774286142.4133692,25,-0.054345130920410156,-0.6090402603149414,1.405477523803711,0.13813171258334478,2.0145177841186523,6.043910980224609,0.33331360946745564,0.09279972553253174,0.7733310461044312,0.2513028447219881,25,-0.054345130920410156,-0.02861031010443253,0.16626617491245269,0.058140174906858716,0
828,1774286142.5139797,27,0.11452039082845052,-0.5621910095214844,1.8271207809448242,0.2283188330744047,2.3893117904663086,5.992770195007324,0.398699051142806,0.14320945298230206,0.7733310461044312,0.30039868285889143,27,0.11452039082845052,0.0602585976180918,0.1723183309254439,0.0652093027561102,1
829,1774286142.613435,22,0.01916560259732333,-0.4216432571411133,0.8432865142822266,0.04003791519811942,1.2649297714233398,5.992770195007324,0.21107596825207375,0.10545423355969516,0.7733310461044312,0.23840847003980514,22,0.01916560259732333,0.010086833462643666,0.21390007658207671,0.0655774392557923,1
830,1774286142.7139487,25,-0.054345130920410156,-0.6558895111083984,0.8432865142822266,0.07527114271397295,1.499176025390625,5.992770195007324,0.2501641105209763,0.09279972553253174,0.5799982845783234,0.21263088336197644,25,-0.054345130920410156,-0.02859773609410931,0.24972148363788924,0.06602154132451252,1
831,1774286142.8134968,24,0.08589029312133789,-0.6090402603149414,1.8271207809448242,0.17680754638149665,2.4361610412597656,5.992770195007324,0.4065166795965865,0.040277658651272454,0.3866655230522156,0.11132966346986391,24,0.08589029312133789,0.0452071623705745,0.20739332600073382,0.06972765616658065,1
832,1774286142.9185665,26,0.18919889743511492,-0.5621910095214844,1.8271207809448242,0.4007261327026245,2.3893117904663086,5.992770195007324,0.398699051142806,0.10410225620636573,0.9666638076305389,0.2584434759846052,26,0.18919889743511492,0.09930308844661495,0.1729819445233596,0.08256727705457903,1
833,1774286143.0182557,26,0.054056827838604264,0.0,1.405477523803711,0.07305351589931254,1.405477523803711,5.992770195007324,0.2345288536134153,0.07435875443311837,0.5799982845783234,0.18634250450744017,26,0.054056827838604264,0.028380738619049394,0.15666620330563907,0.08353383699464886,1
834,1774286143.1180127,26,0.0810852417579064,-0.6558895111083984,1.9676685333251953,0.24912547650837122,2.6235580444335938,6.043910980224609,0.4340828402366864,0.05205112810318287,0.3866655230522156,0.12640988253630123,26,0.1599892430942551,0.08402474227516564,0.13666626245811067,0.08544534599787589,1
835,1774286143.2182322,25,-0.07308483123779297,-0.6558895111083984,0.0,0.03934580026907497,0.6558895111083984,6.043910980224609,0.1085207100591716,0.04639986276626587,0.5799982845783234,0.12565142236099403,25,0.0033534200567948147,0.001760789174058824,0.1333329389835226,0.08517633949260897,1
836,1774286143.3185577,24,0.01952052116394043,0.0,0.4684925079345703,0.008764167169772463,0.4684925079345703,6.043910980224609,0.07751479289940828,0.0,0.0,0.0,24,0.16006827354431152,0.08401860141487888,0.11092863366252086,0.08324583496936667,1
837,1774286143.418062,25,0.059967041015625,-0.6558895111083984,1.8271207809448242,0.2724285792282899,2.4830102920532227,5.992770195007324,0.41433430805036703,0.0,0.0,0.0,25,-0.0016767100283974073,-0.0008802807506632629,0.10955523153146109,0.07658068931477242,1
838,1774286143.51816,21,-0.08700575147356306,-0.6558895111083984,0.0,0.04562903828924874,0.6558895111083984,5.992770195007324,0.10944679835292713,0.018412643954867407,0.1933327615261078,0.056751580113533366,21,-0.1594091390634512,-0.08371474195580812,0.07978812380442543,0.07914031226629739,1
839,1774286143.6185865,24,0.003904104232788086,-0.6558895111083984,1.405477523803711,0.1181409734485328,2.0613670349121094,6.043910980224609,0.34106508875739644,0.024166595190763474,0.1933327615261078,0.06393880090992969,24,0.02116435452511436,0.011109954564081646,0.04910038387964642,0.07785538838133021,1
840,1774286143.7180586,23,-0.00611077184262483,-0.6558895111083984,0.5153417587280273,0.0302134488618748,1.1712312698364258,6.043910980224609,0.1937869822485207,0.0,0.0,0.0,23,0.07481066134607367,0.039281701397259554,0.02558815961374956,0.07771953825625054,1
841,1774286143.8183925,20,-0.10541081428527832,-1.452326774597168,0.0,0.11586076578140592,1.452326774597168,6.043910980224609,0.2402958579881657,0.0,0.0,0.0,20,-0.15651908787814053,-0.08216095645814898,0.0190609764884895,0.07928097368650024,1
842,1774286143.9181464,23,-0.16499083975087042,-0.7027387619018555,0.0,0.07765379138957,0.7027387619018555,6.043910980224609,0.11627218934911243,0.016811544480531113,0.1933327615261078,0.054475630259036005,23,-0.07714849451313849,-0.04050322566207534,0.037077515909116565,0.08680954855865795,1
843,1774286144.018017,21,-0.06023475102015904,-0.6558895111083984,0.0,0.03452039807746828,0.6558895111083984,6.043910980224609,0.1085207100591716,0.027618965932301114,0.1933327615261078,0.06765237375744962,21,-0.12769767216273717,-0.06704917085840972,0.04564801313810878,0.08568522975413881,1
844,1774286144.1185634,18,-0.273287296295166,-1.499176025390625,0.0,0.23929986880943943,1.499176025390625,6.043910980224609,0.24804733727810652,0.0,0.0,0.0,18,-0.1913011074066162,-0.10041423413614663,0.06712943108545409,0.10223887743790164,1
845,1774286144.218144,20,-0.14289021492004395,-1.499176025390625,0.0,0.13816046514847358,1.499176025390625,6.043910980224609,0.24804733727810652,0.0,0.0,0.0,20,-0.0736348007036292,-0.03866645689579561,0.09279972553253174,0.10490788270060519,1
846,1774286144.3180385,22,-0.25767087936401367,-1.499176025390625,0.0,0.21564423846598402,1.499176025390625,6.043910980224609,0.24804733727810652,0.017575705593282528,0.1933327615261078,0.05557926115933376,22,-0.20332574844360352,-0.10675120876050632,0.1149546149614695,0.11644747874508378,1
847,1774286144.4183154,20,-0.1405477523803711,-1.452326774597168,0.0,0.13191062322448488,1.452326774597168,6.043910980224609,0.2402958579881657,0.02899991422891617,0.1933327615261078,0.06903360396656207,20,-0.2550681432088216,-0.1339407428125319,0.1149546149614695,0.11874511489963775,1
848,1774286144.518001,18,-0.3227392832438151,-1.546025276184082,0.0,0.31456839937820597,1.546025276184082,5.811095237731934,0.26604714136254537,0.02148141794734531,0.3866655230522156,0.08857015518494361,18,-0.34190488584113843,-0.17951852387439604,0.0789669025951708,0.12868807155962614,1
849,1774286144.6185637,18,-0.03904104232788086,-0.7027387619018555,0.0,0.025911450762805543,0.7027387619018555,5.992770195007324,0.11726442680670765,0.03222212692101797,0.1933327615261078,0.07205086617502215,18,0.015304088592529297,0.008035266545776734,0.07991087476412455,0.1275455825828061,1
850,1774286144.7185547,18,0.0,0.0,0.0,0.0,0.0,6.043910980224609,0.0,0.03222212692101797,0.1933327615261078,0.07205086617502215,18,-0.08589029312133789,-0.045085397562472526,0.07377171163496218,0.12824999154089348,1
851,1774286144.818569,19,0.0,0.0,0.0,0.0,0.0,6.043910980224609,0.0,0.0,0.0,0.0,19,-0.18919889743511492,-0.0995782371187243,0.07683737958088899,0.12471675520353671,1
852,1774286144.9183896,20,0.0,0.0,0.0,0.0,0.0,6.043910980224609,0.0,0.0,0.0,0.0,20,-0.054056827838604264,-0.028448957893196906,0.057748746949356874,0.11170504876092413,1
853,1774286145.018075,20,-0.053876638412475586,-0.5621910095214844,0.0,0.026179100807155464,0.5621910095214844,6.043910980224609,0.09301775147928994,0.0,0.0,0.0,20,-0.134961880170382,-0.0710302386210816,0.033511011997858685,0.10799530455912659,0
854,1774286145.1181002,21,0.0,0.0,0.0,0.0,0.0,6.043910980224609,0.0,0.018412643954867407,0.1933327615261078,0.056751580113533366,21,0.07308483123779297,0.038468372958744196,0.01567562931292766,0.10336519905890411,0
855,1774286145.2184992,23,-0.09369850158691406,-0.6090402603149414,0.0,0.04217933550258433,0.6090402603149414,6.043910980224609,0.10076923076923076,0.0,0.0,0.0,23,-0.11321902275085449,-0.05959079585570563,0.005523793186460222,0.1033721923267989,0
856,1774286145.3182716,19,0.0,0.0,0.0,0.0,0.0,6.043910980224609,0.0,0.020350817002748187,0.1933327615261078,0.05933231748191226,19,-0.059967041015625,-0.03155811809125079,0.013809482966150557,0.10248601480064888,0
857,1774286145.4182794,16,0.0,0.0,0.0,0.0,0.0,6.043910980224609,0.0,0.0,0.0,0.0,16,0.08700575147356306,0.045789625556838236,0.014215644229860866,0.09904432467853334,0
858,1774286145.5180268,20,-0.05621910095214844,-0.6090402603149414,0.0,0.02866477103680154,0.6090402603149414,6.043910980224609,0.10076923076923076,0.02899991422891617,0.1933327615261078,0.06903360396656207,20,-0.06012320518493652,-0.03165311673526359,0.00865669081460184,0.0992740455424699,0
859,1774286145.6180615,19,0.0,0.0,0.0,0.0,0.0,6.043910980224609,0.0,0.0,0.0,0.0,19,0.00611077184262483,0.0032161907022681974,0.005858568531094175,0.09910146766883114,0
860,1774286145.7181222,24,-0.10150671005249023,-1.8271207809448242,0.0,0.1442505705995245,1.8271207809448242,5.992770195007324,0.3048875096974399,0.03222212692101797,0.1933327615261078,0.07205086617502215,24,0.003904104232788086,0.0020550840331704998,0.015104121994227171,0.09743112386266613,0
861,1774286145.817997,19,-0.06164375104402241,-0.6558895111083984,0.0,0.032819425803059965,0.6558895111083984,5.992770195007324,0.10944679835292713,0.0,0.0,0.0,19,0.10334708870684801,0.054397481744358225,0.015591351735976434,0.09756544020866795,0
862,1774286145.9185505,20,-0.07964372634887695,-0.5621910095214844,0.0,0.036017526241494124,0.5621910095214844,5.992770195007324,0.09381154144536612,0.019333276152610778,0.1933327615261078,0.05799982845783234,20,-0.019408975328717916,-0.01021238297807138,0.0098304793996326,0.09597644791209448,0
863,1774286146.0183935,17,-0.0633842804852654,-0.5621910095214844,0.0,0.030196307074170033,0.5621910095214844,5.992770195007324,0.09381154144536612,0.0,0.0,0.0,17,0.20990301580990062,0.11048515100756913,0.006444425384203593,0.09593965582170484,0
864,1774286146.118051,19,-0.11342450192100123,-0.5621910095214844,0.0,0.04835970967720248,0.5621910095214844,6.043910980224609,0.09301775147928994,0.0,0.0,0.0,19,0.029465712999042715,0.015509028210405002,0.015591351735976434,0.08600725805869383,0
865,1774286146.2180429,21,-0.13162408556256974,-0.6090402603149414,0.0,0.05573232665390569,0.6090402603149414,5.992770195007324,0.10162916989914662,0.0,0.0,0.0,21,0.12604679380144393,0.06634026461748105,0.022555488844712576,0.08560532777083261,0
866,1774286146.3184867,22,-0.07240338758988814,-0.5621910095214844,0.0,0.03326743072753473,0.5621910095214844,5.992770195007324,0.09381154144536612,0.0,0.0,0.0,22,0.06814436479048296,0.03586222226967351,0.027618965932301114,0.0747548023141493,0
867,1774286146.4185495,21,-0.1093149185180664,-0.6090402603149414,0.0,0.05107386462961066,0.6090402603149414,6.043910980224609,0.10076923076923076,0.0,0.0,0.0,21,0.21342436472574872,0.11229619735093878,0.028641890596460412,0.0735071800253197,0
868,1774286146.5182989,21,-0.20301342010498047,-1.405477523803711,0.0,0.13092468163579593,1.405477523803711,5.992770195007324,0.2345288536134153,0.027618965932301114,0.1933327615261078,0.06765237375744962,21,-0.1639723777770996,-0.08631328024726699,0.021090846711939032,0.05474935702959875,0
869,1774286146.6285136,23,-0.20980316659678583,-1.405477523803711,1.1243820190429688,0.2692739400076455,2.5298595428466797,5.992770195007324,0.4221519365041475,0.033623088961062225,0.1933327615261078,0.07327982347547411,23,-0.20980316659678583,-0.1098469570479755,0.010175408501374094,0.06358289259578272,0
870,1774286146.7284617,25,-0.06184101104736328,-0.6090402603149414,1.8271207809448242,0.20591577513187076,2.4361610412597656,5.992770195007324,0.4065166795965865,0.023199931383132935,0.1933327615261078,0.06282571118049703,25,-0.06184101104736328,-0.03237931004780998,0.0,0.06170210199480446,0
871,1774286146.8279955,22,-0.10221654718572443,-0.6090402603149414,0.0,0.04721653336083582,0.6090402603149414,5.992770195007324,0.10162916989914662,0.0,0.0,0.0,22,-0.10221654718572443,-0.05352755922456681,0.006338779066429764,0.05985064091250406,0
872,1774286146.9232094,21,-0.10708400181361608,-0.6090402603149414,0.0,0.04894371319115096,0.6090402603149414,6.043910980224609,0.10076923076923076,0.0,0.0,0.0,21,-0.05320736340114049,-0.027928403528303065,0.006041648797690868,0.057587861957918846,0
873,1774286147.0277178,22,-0.12138214978304776,-1.0306835174560547,0.0,0.07435742388759364,1.0306835174560547,6.043910980224609,0.17053254437869822,0.0,0.0,0.0,22,-0.12138214978304776,-0.06356358771242215,0.012275095969911606,0.05787474331688387,0
874,1774286147.127716,20,0.023424625396728516,-0.5621910095214844,1.546025276184082,0.1480427876288104,2.1082162857055664,6.043910980224609,0.3488165680473373,0.02899991422891617,0.1933327615261078,0.06903360396656207,20,0.11712312698364258,0.06134616143487454,0.006666646949176131,0.05977689712523736,0
875,1774286147.2183964,17,0.060628442203297335,-0.5153417587280273,1.546025276184082,0.15254603216594048,2.0613670349121094,5.992770195007324,0.34397565196634244,0.011372515383888693,0.1933327615261078,0.04549006153555478,17,0.060628442203297335,0.03190761079331067,0.017575705593282528,0.06740294022129627,0
876,1774286147.3284662,23,-0.054996946583623474,-1.1243820190429688,1.546025276184082,0.1972794653233208,2.670407295227051,5.992770195007324,0.44560482186548905,0.0,0.0,0.0,23,-0.054996946583623474,-0.028791397530908792,0.010545423355969516,0.0653565355712111,0
877,1774286147.4279516,21,0.09816033499581474,-0.6090402603149414,1.6865730285644531,0.27235081078362444,2.2956132888793945,5.992770195007324,0.38306379423524495,0.0,0.0,0.0,21,0.15437943594796316,0.080830114540834,0.02148141794734531,0.0741450301463167,0
878,1774286147.5285845,28,0.04350287573678153,-1.1243820190429688,1.6865730285644531,0.47141172076141297,2.810955047607422,5.992770195007324,0.4690577072268306,0.027618965932301114,0.1933327615261078,0.0676523737574496,28,0.04350287573678153,0.022770140507945364,0.012473081388781148,0.07836341243094123,0
879,1774286147.6284645,24,0.04684925079345703,-0.5621910095214844,1.6865730285644531,0.2624677541973597,2.2487640380859375,5.992770195007324,0.37524616578146447,0.016111063460508983,0.1933327615261078,0.05343435247211316,24,0.14835596084594727,0.07765936362878462,0.018412643954867407,0.08102732366958762,0
880,1774286147.7289333,20,0.08432865142822266,-0.5621910095214844,1.6865730285644531,0.29468086978567953,2.2487640380859375,5.992770195007324,0.37524616578146447,0.0,0.0,0.0,20,0.14597240247224508,0.07638789332003344,0.006904741483075278,0.08687148764768836,0
881,1774286147.8282242,25,0.018739700317382812,-0.6090402603149414,1.6865730285644531,0.28796462174796034,2.2956132888793945,5.992770195007324,0.38306379423524495,0.0,0.0,0.0,25,0.09838342666625977,0.05151844901065601,0.006904741483075278,0.08839791501814138,0
882,1774286147.9287736,22,0.07666241038929332,-0.5621910095214844,1.6865730285644531,0.2684794123218329,2.2487640380859375,5.992770195007324,0.37524616578146447,0.0,0.0,0.0,22,0.14004669087455873,0.07330828510959458,0.0,0.09248748676319525,0
883,1774286148.0279539,22,0.07666241038929332,-0.5621910095214844,1.6865730285644531,0.2684794123218329,2.2487640380859375,5.992770195007324,0.37524616578146447,0.0,0.0,0.0,22,0.19008691231029456,0.09952700797678281,0.0,0.0960563615875809,0
884,1774286148.128364,22,0.07666241038929332,-0.5621910095214844,1.6865730285644531,0.2684794123218329,2.2487640380859375,5.992770195007324,0.37524616578146447,0.0,0.0,0.0,22,0.20828649595186305,0.10903218373126519,0.0,0.09750723058603637,0
885,1774286148.2282586,22,0.07666241038929332,-0.5621910095214844,1.6865730285644531,0.2684794123218329,2.2487640380859375,5.992770195007324,0.37524616578146447,0.0,0.0,0.0,22,0.14906579797918146,0.07805424117749309,0.009062473196536303,0.09704848126007064,0
886,1774286148.3277237,22,0.09795752438631924,-0.5621910095214844,1.6865730285644531,0.25478425954141376,2.2487640380859375,5.992770195007324,0.37524616578146447,0.0,0.0,0.0,22,0.20727244290438565,0.10856654279318362,0.020820451241273148,0.09934775976072173,0
887,1774286148.4226916,20,0.05856156349182129,-0.5153417587280273,1.6865730285644531,0.15207582872989178,2.2019147872924805,5.992770195007324,0.36742853732768394,0.0,0.0,0.0,20,0.26157498359680176,0.13735348856890967,0.028019240800885185,0.09763449549155208,0
888,1774286148.5226748,19,-0.056712250960500615,-0.5621910095214844,0.0,0.027396134247608048,0.5621910095214844,5.992770195007324,0.09381154144536612,0.0,0.0,0.0,19,0.1530909156362852,0.08082253699792032,0.019333276152610778,0.08714831537531989,0
889,1774286148.6228213,19,-0.056712250960500615,-0.5621910095214844,0.0,0.02739613424760805,0.5621910095214844,5.992770195007324,0.09381154144536612,0.0,0.0,0.0,19,0.005128760086862666,0.002707384657941636,0.00852938653791652,0.07348931364447653,0
890,1774286148.7231832,18,0.0,0.0,0.0,0.0,0.0,5.992770195007324,0.0,0.0,0.0,0.0,18,0.10221654718572443,0.05393479057375855,0.0,0.07151215268864924,0
891,1774286148.8232284,19,-0.029589000501130756,-0.5621910095214844,0.0,0.01575916111180649,0.5621910095214844,5.992770195007324,0.09381154144536612,0.0,0.0,0.0,19,0.07749500131248532,0.04078643642499701,0.009206321977433703,0.06707315463370578,0
892,1774286148.922699,19,-0.029589000501130756,-0.5621910095214844,0.0,0.01575916111180649,0.5621910095214844,5.992770195007324,0.09381154144536612,0.0,0.0,0.0,19,0.09179314928191701,0.0484401385641852,0.013107305866176798,0.0615991447703755,0
893,1774286149.018484,16,0.0,0.0,0.0,0.0,0.0,5.992770195007324,0.0,0.0,0.0,0.0,16,-0.023424625396728516,-0.012388947117290607,0.012888850768407185,0.0521887116127453,0
894,1774286149.118603,17,-0.03307005938361673,-0.5621910095214844,0.0,0.017498061242174984,0.5621910095214844,5.992770195007324,0.09381154144536612,0.0,0.0,0.0,17,-0.09369850158691406,-0.04930963994678072,0.003169389533214882,0.05399608257495101,0
895,1774286149.2227068,19,-0.029589000501130756,-0.5621910095214844,0.0,0.01575916111180649,0.5621910095214844,5.992770195007324,0.09381154144536612,0.0,0.0,0.0,19,0.025407946082492718,0.013413262203533954,0.010740708973672655,0.05482185617177103,0
896,1774286149.3230135,19,-0.029589000501130756,-0.5621910095214844,0.0,0.01575916111180649,0.5621910095214844,5.992770195007324,0.09381154144536612,0.0,0.0,0.0,19,-0.1277493354969455,-0.06741169288164289,0.015890363961049956,0.05326683236323832,0
897,1774286149.4227135,18,0.0,0.0,0.0,0.0,0.0,5.992770195007324,0.0,0.0,0.0,0.0,18,-0.04350287573678153,-0.02296721863574775,0.016111063460508983,0.05071427287195956,0
898,1774286149.523158,18,0.0,0.0,0.0,0.0,0.0,5.992770195007324,0.0,0.0,0.0,0.0,18,-0.04684925079345703,-0.024726557618982244,0.005603848160177037,0.05057459837124994,0
899,1774286149.622693,18,0.0,0.0,0.0,0.0,0.0,5.992770195007324,0.0,0.0,0.0,0.0,18,-0.08432865142822266,-0.044529752219689175,0.0,0.05024075217366181,0
900,1774286149.7229085,18,0.0,0.0,0.0,0.0,0.0,5.992770195007324,0.0,0.0,0.0,0.0,18,-0.018739700317382812,-0.009890671586667576,0.0,0.04772699860471836,0
901,1774286149.818702,17,0.0,0.0,0.0,0.0,0.0,5.992770195007324,0.0,0.0,0.0,0.0,17,-0.07666241038929332,-0.04056365986464054,0.0,0.04774691229115211,0
902,1774286149.9231503,19,-0.029589000501130756,-0.5621910095214844,0.0,0.01575916111180649,0.5621910095214844,5.992770195007324,0.09381154144536612,0.0,0.0,0.0,19,-0.10625141089042407,-0.056063534507147315,0.0,0.04590012354587914,0
903,1774286150.022635,20,-0.053876638412475586,-0.5621910095214844,0.0,0.026179100807155464,0.5621910095214844,5.992770195007324,0.09381154144536612,0.0,0.0,0.0,20,-0.13053904880176892,-0.06891255575672783,0.0,0.044447610921646875,0
904,1774286150.122894,20,-0.053876638412475586,-0.5621910095214844,0.0,0.026179100807155464,0.5621910095214844,5.992770195007324,0.09381154144536612,0.0,0.0,0.0,20,-0.13053904880176892,-0.06889929646636633,0.0,0.04194230174235653,0
905,1774286150.2231977,20,-0.053876638412475586,-0.5621910095214844,0.0,0.026179100807155464,0.5621910095214844,5.992770195007324,0.09381154144536612,0.0,0.0,0.0,20,-0.15183416279879483,-0.08010353412302094,0.0,0.038177493604757654,0
906,1774286150.3231413,19,-0.08383550141987048,-1.0306835174560547,0.0,0.06551725314075106,1.0306835174560547,5.992770195007324,0.17198782598317122,0.0,0.0,0.0,19,-0.14239706491169177,-0.07492808726004062,0.0,0.03121304427835287,0
907,1774286150.4226475,19,-0.08383550141987048,-1.0306835174560547,0.0,0.06551725314075106,1.0306835174560547,5.992770195007324,0.17198782598317122,0.0,0.0,0.0,19,-0.027123250459369863,-0.014275600267526665,0.0,0.027582586951008143,0
908,1774286150.5227394,18,-0.08849302927652995,-1.0306835174560547,0.0,0.06874494178848384,1.0306835174560547,5.992770195007324,0.17198782598317122,0.0,0.0,0.0,18,-0.03178077831602934,-0.01672744665204911,0.0,0.029831126519166223,0
909,1774286150.6228836,20,-0.07964372634887695,-1.0306835174560547,0.0,0.06257523907038376,1.0306835174560547,5.992770195007324,0.17198782598317122,0.0,0.0,0.0,20,-0.07964372634887695,-0.041924361448864765,0.0,0.031141023050882836,0
910,1774286150.7230275,19,-0.08383550141987048,-1.0306835174560547,0.0,0.06551725314075105,1.0306835174560547,5.992770195007324,0.17198782598317122,0.0,0.0,0.0,19,-0.054246500918739726,-0.028553809019007573,0.0,0.03192522164270349,0
911,1774286150.8232136,18,-0.062465667724609375,-1.1243820190429688,0.0,0.06633331395278219,1.1243820190429688,5.992770195007324,0.18762308289073223,0.0,0.0,0.0,18,-0.03287666722347862,-0.017298823790905977,0.0,0.032288274032761057,0
912,1774286150.9189186,16,0.0,0.0,0.0,0.0,0.0,5.992770195007324,0.0,0.0,0.0,0.0,16,0.0,0.0,0.0,0.033379770728013104,0
913,1774286151.0187063,16,0.0,0.0,0.0,0.0,0.0,5.992770195007324,0.0,0.0,0.0,0.0,16,0.03307005938361673,0.017404347885102697,0.0,0.033379770728013104,0
914,1774286151.118446,15,0.0,0.0,0.0,0.0,0.0,5.992770195007324,0.0,0.0,0.0,0.0,15,0.029589000501130756,0.015608158904931571,0.0,0.03440031661772303,0
915,1774286151.2184906,17,0.0,0.0,0.0,0.0,0.0,5.992770195007324,0.0,0.0,0.0,0.0,17,0.029589000501130756,0.015610318468172556,0.0,0.0352957241385977,0
916,1774286151.3191419,16,0.0,0.0,0.0,0.0,0.0,5.992770195007324,0.0,0.0,0.0,0.0,16,0.0,0.0,0.0,0.0361084056250495,0
917,1774286151.4192338,16,0.0,0.0,0.0,0.0,0.0,5.992770195007324,0.0,0.0,0.0,0.0,16,0.0,0.0,0.0,0.0361084056250495,0
918,1774286151.518892,17,0.0,0.0,0.0,0.0,0.0,5.992770195007324,0.0,0.0,0.0,0.0,17,0.0,0.0,0.0,0.0361084056250495,0
919,1774286151.6230924,18,0.0,0.0,0.0,0.0,0.0,5.992770195007324,0.0,0.0,0.0,0.0,18,0.0,0.0,0.0,0.0361084056250495,0
920,1774286151.718399,16,0.0,0.0,0.0,0.0,0.0,5.992770195007324,0.0,0.0,0.0,0.0,16,0.0,0.0,0.0,0.0361084056250495,0
921,1774286151.8228374,18,-0.031232833862304688,-0.5621910095214844,0.0,0.016583328488195548,0.5621910095214844,5.992770195007324,0.09381154144536612,0.0,0.0,0.0,18,-0.0016438333611739318,-0.0008653179794217481,0.0,0.035284600666978756,0
922,1774286151.9234354,19,-0.029589000501130756,-0.5621910095214844,0.0,0.01575916111180649,0.5621910095214844,5.992770195007324,0.09381154144536612,0.0,0.0,0.0,19,0.02428763791134483,0.012777584148844159,0.0,0.035284600666978756,0
923,1774286152.018684,16,0.0,0.0,0.0,0.0,0.0,5.992770195007324,0.0,0.0,0.0,0.0,16,0.053876638412475586,0.028419098288012642,0.0,0.03581073176728935,0
924,1774286152.1191134,16,0.0,0.0,0.0,0.0,0.0,5.860805511474609,0.0,0.0,0.0,0.0,16,0.053876638412475586,0.028417211316784218,0.0,0.03612894289010118,0
925,1774286152.2192671,17,0.0,0.0,0.0,0.0,0.0,5.992770195007324,0.0,0.0,0.0,0.0,17,0.08383550141987048,0.044214103151363676,0.0,0.03624471076130274,0
926,1774286152.3186026,17,0.0,0.0,0.0,0.0,0.0,5.992770195007324,0.0,0.0,0.0,0.0,17,0.08383550141987048,0.0442180840937551,0.0,0.034238470736001884,0
927,1774286152.4189906,15,0.0,0.0,0.0,0.0,0.0,5.992770195007324,0.0,0.0,0.0,0.0,15,0.08849302927652995,0.04666735567549227,0.0,0.0315551064333178,0
928,1774286152.51847,16,0.0,0.0,0.0,0.0,0.0,5.992770195007324,0.0,0.0,0.0,0.0,16,0.07964372634887695,0.04201534814819287,0.0,0.027397732646539868,0
929,1774286152.6132476,16,0.0,0.0,0.0,0.0,0.0,5.992770195007324,0.0,0.0,0.0,0.0,16,0.08383550141987048,0.04435224158592304,0.0,0.023061171777710752,0
930,1774286152.7136257,16,0.0,0.0,0.0,0.0,0.0,5.992770195007324,0.0,0.0,0.0,0.0,16,0.062465667724609375,0.033043413117200826,0.0,0.015800265974742427,0
931,1774286152.8137603,17,-0.03307005938361673,-0.5621910095214844,0.0,0.017498061242174984,0.5621910095214844,5.992770195007324,0.09381154144536612,0.0,0.0,0.0,17,-0.03307005938361673,-0.017452676859454303,0.0,0.011188930475679504,0
932,1774286152.91327,19,0.032054750542891655,-0.5621910095214844,1.6865730285644531,0.1792969371864095,2.2487640380859375,5.992770195007324,0.37524616578146447,0.0,0.0,0.0,19,0.032054750542891655,0.01691933133054019,0.0,0.01374944200276251,0
933,1774286153.0133808,19,0.032054750542891655,-0.5621910095214844,1.6865730285644531,0.1792969371864095,2.2487640380859375,5.992770195007324,0.37524616578146447,0.0,0.0,0.0,19,0.032054750542891655,0.016916018962046055,0.0,0.015740540347244605,0
934,1774286153.1138198,20,-0.03982186317443848,-1.405477523803711,1.6865730285644531,0.26849079471702453,3.092050552368164,5.992770195007324,0.5159634779495136,0.0,0.0,0.0,20,-0.03982186317443848,-0.021010525452454323,0.0,0.01780896532544462,0
935,1774286153.2134085,18,0.06506840387980144,-0.5153417587280273,1.6865730285644531,0.1685497533148666,2.2019147872924805,5.992770195007324,0.36742853732768394,0.0,0.0,0.0,18,0.06506840387980144,0.03435018264857424,0.0,0.023257569764053774,0
936,1774286153.3138132,18,0.09369850158691406,0.0,1.6865730285644531,0.14924995639375993,1.6865730285644531,5.992770195007324,0.28143462433609834,0.0,0.0,0.0,18,0.09369850158691406,0.04945609620003519,0.0,0.030984859221413856,0
937,1774286153.413802,16,0.0,0.0,0.0,0.0,0.0,5.992770195007324,0.0,0.0,0.0,0.0,16,0.0,0.0,0.0,0.030984859221413856,0
938,1774286153.5137708,18,0.0,0.0,0.0,0.0,0.0,5.992770195007324,0.0,0.0,0.0,0.0,18,0.0,0.0,0.0,0.030984859221413856,0
939,1774286153.6139336,17,0.0,0.0,0.0,0.0,0.0,5.992770195007324,0.0,0.0,0.0,0.0,17,0.0,0.0,0.0,0.030984859221413856,0
940,1774286153.7136059,22,-0.12138214978304776,-1.0306835174560547,0.0,0.07435742388759364,1.0306835174560547,5.992770195007324,0.17198782598317122,0.017575705593282528,0.1933327615261078,0.05557926115933376,22,-0.09014931592074307,-0.04767866324538083,0.0,0.04140075506577729,0
941,1774286153.813262,20,-0.051534175872802734,-1.0306835174560547,0.0,0.050459654374890306,1.0306835174560547,5.992770195007324,0.17198782598317122,0.0,0.0,0.0,20,-0.02194517537167198,-0.01161226967213998,0.0,0.04235251742138686,0
942,1774286153.9133003,22,0.0,0.0,0.0,0.0,0.0,5.992770195007324,0.0,0.035151411186565056,0.3866655230522156,0.11115852231866752,22,0.0,0.0,0.0,0.04189918505346827,0
943,1774286154.013366,22,-0.09795752438631924,-0.5621910095214844,0.0,0.04328031064116569,0.5621910095214844,5.992770195007324,0.09381154144536612,0.017575705593282528,0.1933327615261078,0.05557926115933376,22,-0.09795752438631924,-0.05171302262291128,0.0,0.046905272770617186,0
944,1774286154.1137924,22,-0.07027387619018555,-0.5621910095214844,0.0,0.031476177300956726,0.5621910095214844,5.992770195007324,0.09381154144536612,0.0,0.0,0.0,22,-0.07027387619018555,-0.03709313176147386,0.0,0.0489101485535155,0
945,1774286154.2133324,21,-0.11823858533586774,-1.452326774597168,0.0,0.11175331868965875,1.452326774597168,5.992770195007324,0.2423464820671958,0.027618965932301114,0.1933327615261078,0.06765237375744962,21,-0.11823858533586774,-0.06240392801583318,0.0,0.05425177896005445,0
946,1774286154.313507,21,-0.07362025124686104,-0.5621910095214844,0.0,0.0327286819142779,0.5621910095214844,5.992770195007324,0.09381154144536612,0.027618965932301114,0.1933327615261078,0.0676523737574496,21,-0.07362025124686104,-0.03885965231155333,0.0,0.05555908148194973,0
947,1774286154.413566,20,-0.023424625396728516,-0.4684925079345703,0.0,0.010425548424564113,0.4684925079345703,6.043910980224609,0.07751479289940828,0.038666552305221556,0.3866655230522156,0.0985807523638404,20,-0.023424625396728516,-0.012360653291663987,0.0,0.055389662055333855,0
948,1774286154.5137882,25,-0.11993408203125,-1.405477523803711,0.0,0.09887019464258628,1.405477523803711,5.992770195007324,0.2345288536134153,0.05413317322731018,0.3866655230522156,0.12847540243012934,25,-0.11993408203125,-0.06310524628847092,0.0,0.059224398201515226,0
949,1774286154.6134193,22,-0.04897876219315962,-0.6090402603149414,0.0,0.024438138521085694,0.6090402603149414,5.992770195007324,0.10162916989914662,0.017575705593282528,0.3866655230522156,0.0805420012734759,22,-0.04897876219315962,-0.025781096194754695,0.0,0.0590979746269008,0
950,1774286154.71332,24,-0.12493133544921875,-1.405477523803711,0.0,0.10236547254294237,1.405477523803711,5.992770195007324,0.2345288536134153,0.0,0.0,0.0,24,-0.09186127606560202,-0.0483592457307295,0.0,0.06224580912530421,0
951,1774286154.8138564,25,-0.03373146057128906,-0.5153417587280273,0.6090402603149414,0.04188129364592896,1.1243820190429688,6.043910980224609,0.18603550295857987,0.0,0.0,0.0,25,-0.06578621111418072,-0.03461363938436392,0.0,0.06224494296049434,0
952,1774286154.913183,21,-0.04684925079345703,-0.5153417587280273,0.0,0.02090335523722128,0.5153417587280273,5.992770195007324,0.08599391299158561,0.0,0.0,0.0,21,-0.07890400133634869,-0.04153274535964702,0.0,0.060338179320992266,0
953,1774286155.013801,23,-0.0203692394754161,-0.4684925079345703,0.0,0.009127930169750692,0.4684925079345703,5.992770195007324,0.07817628453780509,0.008405772240265556,0.1933327615261078,0.03942656658922785,23,0.019452623699022377,0.010238323980076586,0.0,0.05829905016633576,0
954,1774286155.1135628,22,-0.0851804559881037,-1.405477523803711,0.0,0.09251030354985117,1.405477523803711,6.043910980224609,0.23254437869822486,0.02636355838992379,0.1933327615261078,0.06634683365617257,22,-0.15024885986790515,-0.07907192365445842,0.0,0.05906248301076414,0
955,1774286155.2133887,21,-0.06915841783796038,-0.5153417587280273,0.0,0.02876699839789023,0.5153417587280273,5.992770195007324,0.08599391299158561,0.009206321977433703,0.1933327615261078,0.04117192352858409,21,-0.16285691942487446,-0.08573332401679352,0.0,0.05368212829955562,0
956,1774286155.3135135,22,-0.1128641041842374,-1.405477523803711,0.0,0.10388816392272261,1.405477523803711,6.043910980224609,0.23254437869822486,0.02636355838992379,0.1933327615261078,0.06634683365617257,22,-0.1128641041842374,-0.05941117781049869,0.0,0.04390873939338128,0
957,1774286155.4137766,21,-0.0825439180646624,-0.6558895111083984,0.0,0.041786802517073764,0.6558895111083984,6.043910980224609,0.1085207100591716,0.027618965932301114,0.1933327615261078,0.06765237375744962,21,-0.0825439180646624,-0.04344403438566192,0.006783605667582729,0.04181805043397313,0
958,1774286155.5138423,20,-0.03045201301574707,-0.6090402603149414,0.0,0.01761917683751335,0.6090402603149414,6.043910980224609,0.10076923076923076,0.02899991422891617,0.1933327615261078,0.06903360396656207,20,-0.03045201301574707,-0.01602814478224123,0.006553652933088399,0.03993383490351187,0
959,1774286155.6131258,21,-0.05354200090680804,-0.6090402603149414,0.0,0.02744311923286621,0.6090402603149414,6.043910980224609,0.10076923076923076,0.027618965932301114,0.1933327615261078,0.0676523737574496,21,0.06784014887623972,0.0357143655875802,0.018124946393072605,0.03707352171615177,0
960,1774286155.7136824,21,0.0,0.0,0.0,0.0,0.0,6.043910980224609,0.0,0.07365057581946963,0.3866655230522156,0.15183455174561764,21,0.051534175872802734,0.027117250021045192,0.018124946393072605,0.03796684769008408,0
961,1774286155.8137124,20,-0.11946558952331543,-1.405477523803711,0.0,0.10874944432970324,1.405477523803711,6.043910980224609,0.23254437869822486,0.038666552305221556,0.3866655230522156,0.11599965691566468,20,-0.11946558952331543,-0.06286299198610547,0.017575705593282528,0.03976898738012404,0
962,1774286155.9131842,21,0.0,0.0,0.0,0.0,0.0,6.043910980224609,0.0,0.036825287909734813,0.1933327615261078,0.07591727587280882,21,0.09795752438631924,0.05156152589487826,0.014871750886623677,0.03976898738012404,0
963,1774286156.0134165,20,-0.12883543968200684,-1.452326774597168,0.0,0.1213478965311765,1.452326774597168,6.043910980224609,0.2402958579881657,0.05799982845783234,0.5799982845783234,0.13806720793312416,20,-0.05856156349182129,-0.030827974442997334,0.018124946393072605,0.04151820476418015,0
964,1774286156.1135912,23,-0.16499083975087042,-1.499176025390625,0.0,0.12861253609178722,1.499176025390625,6.043910980224609,0.24804733727810652,0.0,0.0,0.0,23,-0.04675225441500268,-0.024603098756197053,0.031182703471952868,0.046586502459079145,0
965,1774286156.2132783,22,0.0,0.0,0.0,0.0,0.0,6.043910980224609,0.0,0.035151411186565056,0.1933327615261078,0.07456740365489042,22,0.07362025124686104,0.03875216695699268,0.041009979717659226,0.047935023684080945,0
966,1774286156.313224,20,-0.023424625396728516,-0.4684925079345703,0.0,0.010425548424564113,0.4684925079345703,6.043910980224609,0.07751479289940828,0.0,0.0,0.0,20,0.0,0.0,0.037512326863274645,0.04882554263608491,0
967,1774286156.413413,20,0.0,0.0,0.0,0.0,0.0,6.043910980224609,0.0,0.04833319038152695,0.3866655230522156,0.10366314458524724,20,0.11993408203125,0.06313566788710885,0.02450696977091507,0.05006056290964863,0
968,1774286156.5134466,25,-0.052471160888671875,-1.3117790222167969,0.0,0.06607734540011734,1.3117790222167969,6.043910980224609,0.2170414201183432,0.007733310461044311,0.1933327615261078,0.03788532930417179,25,-0.0034923986955122527,-0.0018380781904066036,0.005445993282425571,0.048372736140669524,0
969,1774286156.6136587,25,0.04310131072998047,0.0,0.6090402603149414,0.02175888776037027,0.6090402603149414,6.043910980224609,0.10076923076923076,0.0,0.0,0.0,25,0.16803264617919922,0.0884224747001417,0.0,0.053320983286923765,0
970,1774286156.7137725,24,-0.0546574592590332,-0.6558895111083984,0.0,0.03286181637918162,0.6558895111083984,6.043910980224609,0.1085207100591716,0.0,0.0,0.0,24,-0.02092599868774414,-0.011014169464862202,0.0028019240800885186,0.050875075466934976,0
971,1774286156.8134863,21,-0.037925583975655694,-0.6558895111083984,0.5153417587280273,0.05217875626357804,1.1712312698364258,6.043910980224609,0.1937869822485207,0.0,0.0,0.0,21,0.008923666817801337,0.004695916971886332,0.01171713706218835,0.050808882566604194,0
972,1774286156.913529,24,0.042945146560668945,-0.6558895111083984,0.6090402603149414,0.055770587259473814,1.2649297714233398,6.043910980224609,0.20928994082840235,0.016111063460508983,0.1933327615261078,0.05343435247211316,24,0.06331438603608505,0.03332813539104187,0.01464642132773544,0.054869124571975396,0
973,1774286157.0134814,22,0.10647556998512962,0.0,0.6558895111083984,0.051515541584623015,0.6558895111083984,6.043910980224609,0.1085207100591716,0.035151411186565056,0.1933327615261078,0.07456740365489042,22,0.19165602597323333,0.10087591667887713,0.020820451241273148,0.0641787479071586,0
974,1774286157.1134577,23,-0.04684925079345703,-1.499176025390625,0.5621910095214844,0.13951626358547123,2.0613670349121094,6.043910980224609,0.34106508875739644,0.06724617792212445,0.3866655230522156,0.14655964695094822,23,0.02230916704450335,0.011741240483388485,0.02114577079191804,0.06340289033734635,0
975,1774286157.2132337,21,-0.2253225871494838,-1.499176025390625,0.0,0.2373824836653587,1.499176025390625,6.043910980224609,0.24804733727810652,0.027618965932301114,0.1933327615261078,0.06765237375744962,21,-0.11245848296524641,-0.05919739309054876,0.027618965932301114,0.07513753950171999,0
976,1774286157.3184364,19,-0.1380820023386102,-1.452326774597168,0.0,0.12810398326611216,1.452326774597168,6.043910980224609,0.2402958579881657,0.030526225504122283,0.1933327615261078,0.07049729804859288,19,-0.05553808427394781,-0.02915905810999011,0.028064433124757582,0.0764319881894044,0
977,1774286157.4178724,19,-0.2589037543848941,-1.499176025390625,0.0,0.23042909187402225,1.499176025390625,6.043910980224609,0.24804733727810652,0.040701634005496375,0.1933327615261078,0.07881837533335848,19,-0.22845174136914703,-0.11998326245771598,0.043655784860734015,0.08901191463916264,0
978,1774286157.5182905,17,-0.17361781176398783,-1.499176025390625,0.0,0.2261381386922754,1.499176025390625,6.043910980224609,0.24804733727810652,0.011372515383888693,0.1933327615261078,0.04549006153555478,17,-0.12007581085717979,-0.06302647203316705,0.0467740552079293,0.09227625676966067,0
979,1774286157.6178865,17,-0.3417239469640395,-1.546025276184082,0.0,0.3813271071916693,1.546025276184082,6.043910980224609,0.2557988165680473,0.022745030767777386,0.1933327615261078,0.062289832113303606,17,-0.3417239469640395,-0.1794576230296496,0.04989232555512459,0.11022851858854411,0
980,1774286157.7183113,16,-0.26938319206237793,-1.499176025390625,0.0,0.25748361043298473,1.499176025390625,6.043910980224609,0.24804733727810652,0.0,0.0,0.0,16,-0.1499176025390625,-0.07871347531384933,0.04437145346500834,0.11609292367005081,0
